用户编号,R,F,M,R_s,F_s,M_s,RFM,客户类型
641397,90,15,382.9,2,5,3,253,重要保持客户
643162,8,2,46.599999999999994,5,1,1,511,重要发展客户
643568,153,1,10.5,1,1,1,111,一般客户
647700,43,5,115.0,4,3,2,432,重要发展客户
650671,124,1,20.8,2,1,1,211,一般客户
652439,71,10,538.8,3,4,4,344,重要保持客户
659786,13,18,1295.8,5,5,5,555,重要价值客户
660264,4,9,185.7,5,4,2,542,一般客户
663985,68,5,144.0,3,3,2,332,一般客户
663988,5,12,440.1,5,4,4,544,重要价值客户
664296,17,44,1593.3,5,5,5,555,重要价值客户
664338,3,3,80.9,5,2,1,521,重要发展客户
665385,188,1,30.0,1,1,1,111,一般客户
665815,39,7,1062.2,4,4,5,445,重要价值客户
666624,2,5,848.0,5,3,4,534,重要发展客户
667366,5,8,292.1,5,4,3,543,一般客户
667816,21,26,3244.9,4,5,5,455,重要价值客户
668018,58,4,1633.5,3,3,5,335,重要挽留客户
668056,51,1,20.0,3,1,1,311,一般客户
669869,92,4,104.0,2,3,2,232,一般客户
671825,1,1,52.0,5,1,1,511,重要发展客户
673260,133,5,310.0,1,3,3,133,一般客户
673272,152,2,330.7,1,1,3,113,一般客户
673483,30,5,278.0,4,3,3,433,重要发展客户
673731,47,10,547.2,3,4,4,344,重要保持客户
673979,45,7,426.0,3,4,4,344,重要保持客户
680445,26,1,68.0,4,1,1,411,重要发展客户
681039,54,6,309.3,3,3,3,333,一般客户
681309,47,5,271.0,3,3,3,333,一般客户
682905,130,1,63.0,2,1,1,211,一般客户
683488,139,9,657.0,1,4,4,144,重要保持客户
683784,171,1,39.9,1,1,1,111,一般客户
683918,19,3,123.5,5,2,2,522,重要发展客户
686792,153,3,102.5,1,2,2,122,一般客户
689928,49,9,761.0,3,4,4,344,重要保持客户
691048,150,2,213.0,1,1,3,113,一般客户
691872,203,1,29.9,1,1,1,111,一般客户
692567,177,3,177.0,1,2,2,122,一般客户
693708,12,19,3094.6000000000004,5,5,5,555,重要价值客户
694833,12,9,2964.5,5,4,5,545,重要价值客户
702065,32,21,1079.2,4,5,5,455,重要价值客户
703320,46,27,4715.3,3,5,5,355,重要保持客户
703459,50,5,225.2,3,3,3,333,一般客户
703495,5,13,965.4000000000001,5,4,5,545,重要价值客户
703627,16,3,335.0,5,2,3,523,重要发展客户
704344,180,2,36.5,1,1,1,111,一般客户
705863,189,8,895.3,1,4,4,144,重要保持客户
706639,10,8,1589.8,5,4,5,545,重要价值客户
708710,22,2,76.8,4,1,1,411,重要发展客户
709746,10,7,271.5,5,4,3,543,一般客户
709836,131,4,152.2,2,3,2,232,一般客户
711101,97,3,314.0,2,2,3,223,一般客户
711134,195,4,92.7,1,3,2,132,一般客户
711830,12,33,11681.1,5,5,5,555,重要价值客户
713505,15,3,116.9,5,2,2,522,重要发展客户
714485,94,3,78.5,2,2,1,221,一般客户
715329,62,6,362.3,3,3,3,333,一般客户
716320,22,7,138.1,4,4,2,442,一般客户
717602,70,1,34.0,3,1,1,311,一般客户
718156,48,1,9.9,3,1,1,311,一般客户
718167,148,2,255.8,1,1,3,113,一般客户
718187,142,17,621.9,1,5,4,154,重要保持客户
718975,185,8,317.59999999999997,1,4,3,143,重要保持客户
719007,5,5,361.2,5,3,3,533,重要发展客户
719094,91,2,398.0,2,1,3,213,一般客户
719235,32,1,10.5,4,1,1,411,重要发展客户
719265,26,8,300.9,4,4,3,443,一般客户
719967,2,25,964.3,5,5,5,555,重要价值客户
720650,49,3,30.4,3,2,1,321,一般客户
721146,7,4,747.5,5,3,4,534,重要发展客户
724663,95,1,16.0,2,1,1,211,一般客户
726186,63,1,45.5,3,1,1,311,一般客户
824611,79,5,816.0,2,3,4,234,重要挽留客户
865949,178,1,9.9,1,1,1,111,一般客户
866661,46,10,1445.8,3,4,5,345,重要保持客户
867153,81,3,604.4,2,2,4,224,重要挽留客户
880680,13,15,716.0,5,5,4,554,重要价值客户
880997,27,1,55.0,4,1,1,411,重要发展客户
881357,192,4,290.9,1,3,3,133,一般客户
881519,48,44,3557.5,3,5,5,355,重要保持客户
881851,42,1,81.9,4,1,1,411,重要发展客户
886981,72,1,4.8,3,1,1,311,一般客户
889252,196,2,55.3,1,1,1,111,一般客户
889373,24,5,294.2,4,3,3,433,重要发展客户
889555,34,16,1298.8,4,5,5,455,重要价值客户
894819,13,4,115.7,5,3,2,532,重要发展客户
895910,55,3,130.4,3,2,2,322,一般客户
895993,57,18,6015.1,3,5,5,355,重要保持客户
910699,201,1,49.9,1,1,1,111,一般客户
953190,103,4,746.0,2,3,4,234,重要挽留客户
1044781,139,5,578.0,1,3,4,134,重要挽留客户
1045438,27,6,267.6,4,3,3,433,重要发展客户
1045782,33,31,1509.9,4,5,5,455,重要价值客户
1046881,36,24,1854.2,4,5,5,455,重要价值客户
1061078,41,15,619.4,4,5,4,454,重要价值客户
1062642,179,1,59.0,1,1,1,111,一般客户
1063003,67,7,310.0,3,4,3,343,重要保持客户
1063472,13,2,38.0,5,1,1,511,重要发展客户
1063546,23,5,166.6,4,3,2,432,重要发展客户
1064182,15,2,35.9,5,1,1,511,重要发展客户
1065943,72,18,4161.7,3,5,5,355,重要保持客户
1069770,71,19,447.5,3,5,4,354,重要保持客户
1070011,13,42,872.2,5,5,4,554,重要价值客户
1070707,56,3,67.6,3,2,1,321,一般客户
1071684,15,35,2862.0,5,5,5,555,重要价值客户
1073199,137,4,183.2,1,3,2,132,一般客户
1073279,3,14,850.0,5,5,4,554,重要价值客户
1073688,6,2,51.9,5,1,1,511,重要发展客户
1074074,11,3,61.0,5,2,1,521,重要发展客户
1074268,28,18,613.7,4,5,4,454,重要价值客户
1074308,186,2,128.9,1,1,2,112,一般客户
1076184,59,23,2303.0,3,5,5,355,重要保持客户
1076833,85,1,53.9,2,1,1,211,一般客户
1078291,70,36,2110.2,3,5,5,355,重要保持客户
1080502,13,9,1248.9,5,4,5,545,重要价值客户
1080525,5,1,135.0,5,1,2,512,重要发展客户
1080551,43,17,674.3,4,5,4,454,重要价值客户
1082000,142,2,59.5,1,1,1,111,一般客户
1083532,105,8,441.0,2,4,4,244,重要保持客户
1084047,18,8,681.5,5,4,4,544,重要价值客户
1084097,29,4,177.4,4,3,2,432,重要发展客户
1084486,60,11,473.9,3,4,4,344,重要保持客户
1086422,1,6,1245.9,5,3,5,535,重要发展客户
1088253,107,1,49.0,2,1,1,211,一般客户
1092264,74,4,139.9,3,3,2,332,一般客户
1093884,53,2,38.9,3,1,1,311,一般客户
1094561,43,5,563.9000000000001,4,3,4,434,重要发展客户
1095281,138,1,49.9,1,1,1,111,一般客户
1096781,52,5,172.8,3,3,2,332,一般客户
1097502,68,4,81.4,3,3,1,331,一般客户
1102637,1,12,396.0,5,4,3,543,一般客户
1102926,29,12,513.9,4,4,4,444,重要价值客户
1103312,89,5,566.0,2,3,4,234,重要挽留客户
1105048,77,7,241.2,3,4,3,343,重要保持客户
1105851,41,14,639.5,4,5,4,454,重要价值客户
1108192,105,6,341.8,2,3,3,233,一般客户
1108687,17,7,260.8,5,4,3,543,一般客户
1109103,12,3,200.5,5,2,3,523,重要发展客户
1110962,105,8,588.6,2,4,4,244,重要保持客户
1111050,105,2,104.0,2,1,2,212,一般客户
1115927,189,1,69.9,1,1,1,111,一般客户
1122258,67,13,678.5,3,4,4,344,重要保持客户
1143869,23,4,83.8,4,3,1,431,重要发展客户
1144713,10,6,127.6,5,3,2,532,重要发展客户
1145642,30,17,885.3,4,5,4,454,重要价值客户
1147024,70,4,161.2,3,3,2,332,一般客户
1148653,159,1,246.0,1,1,3,113,一般客户
1149084,97,5,206.3,2,3,3,233,一般客户
1150182,26,7,453.9,4,4,4,444,重要价值客户
1150760,139,1,145.0,1,1,2,112,一般客户
1151814,5,9,548.6,5,4,4,544,重要价值客户
1154435,145,2,241.1,1,1,3,113,一般客户
1155533,95,2,101.0,2,1,2,212,一般客户
1157708,65,27,2071.8,3,5,5,355,重要保持客户
1158279,58,3,122.69999999999999,3,2,2,322,一般客户
1158770,179,3,115.0,1,2,2,122,一般客户
1159010,11,3,129.2,5,2,2,522,重要发展客户
1159266,131,4,92.5,2,3,2,232,一般客户
1159983,63,37,1242.2,3,5,5,355,重要保持客户
1160015,93,3,165.1,2,2,2,222,一般客户
1160410,17,12,436.59999999999997,5,4,4,544,重要价值客户
1160965,19,17,767.6999999999999,5,5,4,554,重要价值客户
1160966,63,2,91.5,3,1,2,312,一般客户
1161644,15,4,97.9,5,3,2,532,重要发展客户
1161854,64,1,19.8,3,1,1,311,一般客户
1162109,88,8,643.5,2,4,4,244,重要保持客户
1162476,71,11,235.4,3,4,3,343,重要保持客户
1163634,51,8,208.0,3,4,3,343,重要保持客户
1164179,1,20,574.3,5,5,4,554,重要价值客户
1167033,1,8,578.7,5,4,4,544,重要价值客户
1167609,132,5,436.7,2,3,4,234,重要挽留客户
1167873,97,3,8372.6,2,2,5,225,重要挽留客户
1168050,100,1,46.0,2,1,1,211,一般客户
1168497,51,10,468.4,3,4,4,344,重要保持客户
1168601,194,1,86.0,1,1,1,111,一般客户
1169459,205,2,37.9,1,1,1,111,一般客户
1173042,8,1,79.0,5,1,1,511,重要发展客户
1173106,59,7,717.4,3,4,4,344,重要保持客户
1173833,36,4,202.9,4,3,3,433,重要发展客户
1173960,87,6,42.8,2,3,1,231,一般客户
1175069,16,14,830.1,5,5,4,554,重要价值客户
1175299,1,5,101.19999999999999,5,3,2,532,重要发展客户
1175351,112,1,109.0,2,1,2,212,一般客户
1179358,14,7,375.4,5,4,3,543,一般客户
1179461,197,1,329.0,1,1,3,113,一般客户
1179660,146,1,79.0,1,1,1,111,一般客户
1180062,185,2,98.0,1,1,2,112,一般客户
1181232,11,11,1241.9,5,4,5,545,重要价值客户
1181406,27,6,1671.3000000000002,4,3,5,435,重要发展客户
1181707,12,8,211.6,5,4,3,543,一般客户
1184409,17,5,85.6,5,3,1,531,重要发展客户
1184726,200,1,58.0,1,1,1,111,一般客户
1185901,39,13,551.1,4,4,4,444,重要价值客户
1186768,110,3,141.8,2,2,2,222,一般客户
1186950,33,7,712.8,4,4,4,444,重要价值客户
1190965,11,1,175.0,5,1,2,512,重要发展客户
1191818,8,7,491.1,5,4,4,544,重要价值客户
1191937,151,2,107.9,1,1,2,112,一般客户
1193298,8,3,88.7,5,2,2,522,重要发展客户
1193609,12,4,226.0,5,3,3,533,重要发展客户
1194291,142,12,363.7,1,4,3,143,重要保持客户
1195265,92,3,128.0,2,2,2,222,一般客户
1196065,49,6,339.70000000000005,3,3,3,333,一般客户
1197034,27,2,516.0,4,1,4,414,重要发展客户
1197125,66,13,425.9,3,4,4,344,重要保持客户
1197330,111,2,55.0,2,1,1,211,一般客户
1198357,7,5,374.2,5,3,3,533,重要发展客户
1199863,146,4,965.0,1,3,5,135,重要挽留客户
1200240,82,1,7.9,2,1,1,211,一般客户
1200359,158,1,49.0,1,1,1,111,一般客户
1201390,181,1,49.0,1,1,1,111,一般客户
1201663,13,20,1328.7,5,5,5,555,重要价值客户
1202850,73,3,128.7,3,2,2,322,一般客户
1203282,74,2,645.0,3,1,4,314,重要挽留客户
1203939,63,26,887.8000000000001,3,5,4,354,重要保持客户
1204450,81,2,28.799999999999997,2,1,1,211,一般客户
1204850,82,10,4689.8,2,4,5,245,重要保持客户
1204942,75,2,78.9,3,1,1,311,一般客户
1224864,14,1,21.9,5,1,1,511,重要发展客户
1225104,19,2,49.4,5,1,1,511,重要发展客户
1226088,134,1,490.0,1,1,4,114,重要挽留客户
1227149,28,15,704.8,4,5,4,454,重要价值客户
1227481,142,1,96.0,1,1,2,112,一般客户
1230046,20,12,868.1,4,4,4,444,重要价值客户
1230570,78,7,463.0,2,4,4,244,重要保持客户
1232312,69,7,316.5,3,4,3,343,重要保持客户
1234036,13,1,26.0,5,1,1,511,重要发展客户
1235646,66,2,247.9,3,1,3,313,一般客户
1236619,144,1,45.0,1,1,1,111,一般客户
1237210,2,14,608.6,5,5,4,554,重要价值客户
1237242,16,8,380.5,5,4,3,543,一般客户
1238191,203,1,39.0,1,1,1,111,一般客户
1240051,150,3,44.4,1,2,1,121,一般客户
1240365,48,12,479.5,3,4,4,344,重要保持客户
1244888,16,25,678.1,5,5,4,554,重要价值客户
1244983,86,3,266.9,2,2,3,223,一般客户
1245023,90,8,215.0,2,4,3,243,重要保持客户
1245188,93,6,266.4,2,3,3,233,一般客户
1245233,94,6,204.0,2,3,3,233,一般客户
1245596,65,5,124.8,3,3,2,332,一般客户
1245954,89,7,227.8,2,4,3,243,重要保持客户
1246176,94,3,427.8,2,2,4,224,重要挽留客户
1246193,142,9,412.9,1,4,4,144,重要保持客户
1246648,15,4,679.0,5,3,4,534,重要发展客户
1249623,5,2,42.0,5,1,1,511,重要发展客户
1250088,103,11,548.0,2,4,4,244,重要保持客户
1250245,14,35,4048.8,5,5,5,555,重要价值客户
1250363,1,1,352.0,5,1,3,513,重要发展客户
1250949,60,27,991.5,3,5,5,355,重要保持客户
1252122,50,12,859.5,3,4,4,344,重要保持客户
1253728,135,24,1426.6,1,5,5,155,重要保持客户
1255654,199,1,75.0,1,1,1,111,一般客户
1256018,6,11,344.6,5,4,3,543,一般客户
1257869,188,3,205.60000000000002,1,2,3,123,一般客户
1258398,19,43,3047.9,5,5,5,555,重要价值客户
1258728,21,8,404.9,4,4,3,443,一般客户
1260803,137,4,212.7,1,3,3,133,一般客户
1260840,17,6,382.1,5,3,3,533,重要发展客户
1262442,70,1,21.9,3,1,1,311,一般客户
1262636,11,6,347.2,5,3,3,533,重要发展客户
1262664,182,1,20.0,1,1,1,111,一般客户
1262750,180,6,149.1,1,3,2,132,一般客户
1263618,68,3,118.8,3,2,2,322,一般客户
1267374,47,4,210.7,3,3,3,333,一般客户
1267682,192,6,174.0,1,3,2,132,一般客户
1267779,12,2,91.30000000000001,5,1,2,512,重要发展客户
1268956,5,11,3552.5,5,4,5,545,重要价值客户
1269322,40,3,479.6,4,2,4,424,重要发展客户
1270507,182,1,176.0,1,1,2,112,一般客户
1271914,160,1,21.9,1,1,1,111,一般客户
1272179,41,3,185.0,4,2,2,422,重要发展客户
1273132,87,1,52.0,2,1,1,211,一般客户
1273460,162,1,68.0,1,1,1,111,一般客户
1274025,27,13,454.59999999999997,4,4,4,444,重要价值客户
1274570,53,1,38.0,3,1,1,311,一般客户
1274651,82,30,1338.6,2,5,5,255,重要保持客户
1275174,36,2,245.5,4,1,3,413,重要发展客户
1275440,61,11,698.4,3,4,4,344,重要保持客户
1275519,6,8,194.0,5,4,2,542,一般客户
1275543,15,9,492.9,5,4,4,544,重要价值客户
1277833,181,1,74.5,1,1,1,111,一般客户
1278592,55,3,173.60000000000002,3,2,2,322,一般客户
1280068,4,4,172.0,5,3,2,532,重要发展客户
1280098,101,1,21.5,2,1,1,211,一般客户
1280366,46,14,562.1,3,5,4,354,重要保持客户
1280557,18,4,178.0,5,3,2,532,重要发展客户
1281812,17,48,2573.44,5,5,5,555,重要价值客户
1282201,137,2,119.4,1,1,2,112,一般客户
1282347,75,7,322.2,3,4,3,343,重要保持客户
1282658,2,4,166.0,5,3,2,532,重要发展客户
1283889,7,11,2978.4,5,4,5,545,重要价值客户
1283959,12,2,338.0,5,1,3,513,重要发展客户
1285604,11,4,158.0,5,3,2,532,重要发展客户
1298086,68,20,936.2,3,5,4,354,重要保持客户
1298321,62,1,36.6,3,1,1,311,一般客户
1299521,13,14,1130.4,5,5,5,555,重要价值客户
1299651,30,7,274.1,4,4,3,443,一般客户
1299978,17,10,268.2,5,4,3,543,一般客户
1300170,45,8,321.8,3,4,3,343,重要保持客户
1300602,31,6,271.9,4,3,3,433,重要发展客户
1301188,57,10,223.2,3,4,3,343,重要保持客户
1301482,46,16,602.9,3,5,4,354,重要保持客户
1302425,179,1,69.9,1,1,1,111,一般客户
1302566,24,39,1932.2,4,5,5,455,重要价值客户
1302763,136,1,126.0,1,1,2,112,一般客户
1303171,118,7,575.2,2,4,4,244,重要保持客户
1303803,32,5,283.5,4,3,3,433,重要发展客户
1304774,48,4,24.4,3,3,1,331,一般客户
1305318,27,2,100.39999999999999,4,1,2,412,重要发展客户
1310969,158,13,409.9,1,4,4,144,重要保持客户
1312542,105,7,623.9,2,4,4,244,重要保持客户
1313171,176,11,393.0,1,4,3,143,重要保持客户
1313196,160,1,49.0,1,1,1,111,一般客户
1313365,3,41,2231.0,5,5,5,555,重要价值客户
1314469,160,1,69.0,1,1,1,111,一般客户
1314659,132,4,193.3,2,3,2,232,一般客户
1315723,65,12,379.6,3,4,3,343,重要保持客户
1316970,52,10,336.6,3,4,3,343,重要保持客户
1320835,55,12,635.7,3,4,4,344,重要保持客户
1321027,138,2,102.4,1,1,2,112,一般客户
1321161,66,1,39.0,3,1,1,311,一般客户
1321360,23,13,4406.4,4,4,5,445,重要价值客户
1322397,118,2,55.0,2,1,1,211,一般客户
1322600,24,15,1735.4,4,5,5,455,重要价值客户
1322692,41,8,307.4,4,4,3,443,一般客户
1323217,6,2,69.2,5,1,1,511,重要发展客户
1324418,103,2,437.0,2,1,4,214,重要挽留客户
1324737,56,12,1938.2,3,4,5,345,重要保持客户
1324752,7,2,85.9,5,1,1,511,重要发展客户
1325130,16,21,960.2,5,5,5,555,重要价值客户
1326534,24,7,406.8,4,4,4,444,重要价值客户
1354103,1,2,27.0,5,1,1,511,重要发展客户
1355906,167,11,1205.8999999999999,1,4,5,145,重要保持客户
1356192,66,17,1122.3,3,5,5,355,重要保持客户
1356636,10,26,1529.0,5,5,5,555,重要价值客户
1358581,199,9,362.2,1,4,3,143,重要保持客户
1359233,13,50,1110.9,5,5,5,555,重要价值客户
1364975,26,6,126.4,4,3,2,432,重要发展客户
1365594,92,1,85.0,2,1,1,211,一般客户
1365896,62,18,1034.7,3,5,5,355,重要保持客户
1367773,10,38,2047.7,5,5,5,555,重要价值客户
1371021,46,6,168.6,3,3,2,332,一般客户
1371339,114,10,96.5,2,4,2,242,重要保持客户
1371449,84,8,95.10000000000001,2,4,2,242,重要保持客户
1373348,68,9,301.0,3,4,3,343,重要保持客户
1373702,25,2,107.0,4,1,2,412,重要发展客户
1374240,28,5,171.6,4,3,2,432,重要发展客户
1374333,118,3,105.0,2,2,2,222,一般客户
1374404,91,2,9.6,2,1,1,211,一般客户
1375700,105,18,482.4,2,5,4,254,重要保持客户
1376297,172,1,26.0,1,1,1,111,一般客户
1377264,100,1,119.0,2,1,2,212,一般客户
1378826,2,8,308.59999999999997,5,4,3,543,一般客户
1379182,2,13,819.0,5,4,4,544,重要价值客户
1380105,41,13,309.8,4,4,3,443,一般客户
1381816,73,3,103.5,3,2,2,322,一般客户
1381819,8,9,1676.8,5,4,5,545,重要价值客户
1382841,5,7,210.0,5,4,3,543,一般客户
1383461,44,25,961.6999999999999,3,5,5,355,重要保持客户
1384468,71,6,233.0,3,3,3,333,一般客户
1385083,124,8,365.5,2,4,3,243,重要保持客户
1385377,33,2,510.0,4,1,4,414,重要发展客户
1385855,40,16,590.1,4,5,4,454,重要价值客户
1386471,183,4,76.4,1,3,1,131,一般客户
1387170,12,28,8370.7,5,5,5,555,重要价值客户
1389741,59,11,734.8,3,4,4,344,重要保持客户
1390880,11,3,522.8,5,2,4,524,重要发展客户
1391268,128,2,66.1,2,1,1,211,一般客户
1392253,124,4,286.6,2,3,3,233,一般客户
1393662,31,7,152.2,4,4,2,442,一般客户
1395095,30,5,60.0,4,3,1,431,重要发展客户
1397980,24,13,376.09999999999997,4,4,3,443,一般客户
1398281,12,32,2720.4,5,5,5,555,重要价值客户
1398521,24,3,157.60000000000002,4,2,2,422,重要发展客户
1399203,40,29,697.3,4,5,4,454,重要价值客户
1400328,13,13,573.3,5,4,4,544,重要价值客户
1402344,37,10,376.4,4,4,3,443,一般客户
1405241,145,1,26.0,1,1,1,111,一般客户
1407155,12,18,3079.2,5,5,5,555,重要价值客户
1408466,9,6,73.5,5,3,1,531,重要发展客户
1409588,55,3,157.9,3,2,2,322,一般客户
1411046,58,21,2261.8,3,5,5,355,重要保持客户
1411346,1,6,224.0,5,3,3,533,重要发展客户
1412375,10,38,1708.7,5,5,5,555,重要价值客户
1413457,52,2,97.9,3,1,2,312,一般客户
1414636,87,6,747.0,2,3,4,234,重要挽留客户
1414772,176,2,133.0,1,1,2,112,一般客户
1415167,11,20,2065.7,5,5,5,555,重要价值客户
1416365,39,6,645.0,4,3,4,434,重要发展客户
1416717,62,1,69.9,3,1,1,311,一般客户
1417030,63,9,511.2,3,4,4,344,重要保持客户
1417114,55,2,67.8,3,1,1,311,一般客户
1421597,24,6,163.7,4,3,2,432,重要发展客户
1422451,204,2,284.0,1,1,3,113,一般客户
1422582,120,3,227.0,2,2,3,223,一般客户
1423955,152,2,674.0,1,1,4,114,重要挽留客户
1425921,88,1,338.0,2,1,3,213,一般客户
1428410,41,5,733.8,4,3,4,434,重要发展客户
1428553,13,1,183.0,5,1,2,512,重要发展客户
1429872,35,5,256.5,4,3,3,433,重要发展客户
1429950,172,1,79.0,1,1,1,111,一般客户
1430867,31,42,2009.8,4,5,5,455,重要价值客户
1431121,19,14,955.3,4,5,5,455,重要价值客户
1431172,36,10,577.3,4,4,4,444,重要价值客户
1431473,17,36,1306.5,5,5,5,555,重要价值客户
1431844,7,41,1406.3,5,5,5,555,重要价值客户
1431893,61,5,105.4,3,3,2,332,一般客户
1432674,20,27,1154.3,4,5,5,455,重要价值客户
1432807,50,9,541.0,3,4,4,344,重要保持客户
1433119,34,14,430.0,4,5,4,454,重要价值客户
1433643,63,7,1010.9,3,4,5,345,重要保持客户
1433753,195,2,282.4,1,1,3,113,一般客户
1435472,45,4,344.7,3,3,3,333,一般客户
1436521,55,2,297.0,3,1,3,313,一般客户
1436985,24,9,202.4,4,4,3,443,一般客户
1437224,2,18,1929.6,5,5,5,555,重要价值客户
1437490,39,5,340.9,4,3,3,433,重要发展客户
1438395,14,4,112.3,5,3,2,532,重要发展客户
1438399,23,11,357.6,4,4,3,443,一般客户
1439173,48,13,330.5,3,4,3,343,重要保持客户
1440367,205,2,23.9,1,1,1,111,一般客户
1442145,5,5,90.8,5,3,2,532,重要发展客户
1442437,14,67,2848.5,5,5,5,555,重要价值客户
1442462,3,13,646.6,5,4,4,544,重要价值客户
1442616,41,7,257.9,4,4,3,443,一般客户
1443068,23,1,89.0,4,1,2,412,重要发展客户
1444904,205,2,65.0,1,1,1,111,一般客户
1445534,1,39,1577.4,5,5,5,555,重要价值客户
1446000,69,5,384.0,3,3,3,333,一般客户
1450444,146,1,96.0,1,1,2,112,一般客户
1450556,55,3,124.5,3,2,2,322,一般客户
1451194,58,2,41.5,3,1,1,311,一般客户
1451521,161,1,64.0,1,1,1,111,一般客户
1451965,139,1,99.0,1,1,2,112,一般客户
1453080,57,4,129.5,3,3,2,332,一般客户
1455923,21,25,1372.9,4,5,5,455,重要价值客户
1457480,69,2,148.0,3,1,2,312,一般客户
1459930,113,5,653.4,2,3,4,234,重要挽留客户
1461723,40,1,856.0,4,1,4,414,重要发展客户
1462224,145,8,510.4,1,4,4,144,重要保持客户
1465478,33,7,944.5,4,4,5,445,重要价值客户
1467311,55,1,39.0,3,1,1,311,一般客户
1467659,145,3,240.0,1,2,3,123,一般客户
1468769,179,1,7.7,1,1,1,111,一般客户
1468912,61,5,415.0,3,3,4,334,重要挽留客户
1469018,61,1,83.3,3,1,1,311,一般客户
1469044,130,1,61.0,2,1,1,211,一般客户
1469347,16,5,141.3,5,3,2,532,重要发展客户
1470040,9,22,629.1,5,5,4,554,重要价值客户
1470793,44,4,354.0,3,3,3,333,一般客户
1471707,144,1,936.0,1,1,4,114,重要挽留客户
1472615,123,7,281.5,2,4,3,243,重要保持客户
1473749,155,2,396.0,1,1,3,113,一般客户
1473774,7,10,504.3,5,4,4,544,重要价值客户
1474020,64,11,715.0,3,4,4,344,重要保持客户
1478688,102,51,4962.5,2,5,5,255,重要保持客户
1479122,132,6,426.8,2,3,4,234,重要挽留客户
1479748,54,2,103.30000000000001,3,1,2,312,一般客户
1481294,137,4,121.3,1,3,2,132,一般客户
1481782,9,75,3299.0,5,5,5,555,重要价值客户
1482141,23,223,12776.300000000001,4,5,5,455,重要价值客户
1482741,42,3,82.6,4,2,1,421,重要发展客户
1484982,194,1,18.0,1,1,1,111,一般客户
1485175,70,11,1001.8000000000001,3,4,5,345,重要保持客户
1487052,7,21,3810.4,5,5,5,555,重要价值客户
1488313,12,2,72.0,5,1,1,511,重要发展客户
1488754,55,2,39.8,3,1,1,311,一般客户
1489246,90,10,746.0,2,4,4,244,重要保持客户
1489765,159,2,33.0,1,1,1,111,一般客户
1491550,41,4,364.0,4,3,3,433,重要发展客户
1493303,131,4,142.0,2,3,2,232,一般客户
1493304,60,8,203.3,3,4,3,343,重要保持客户
1493929,97,11,2651.2,2,4,5,245,重要保持客户
1497624,11,7,179.4,5,4,2,542,一般客户
1498314,26,4,1318.5,4,3,5,435,重要发展客户
1498995,6,22,1207.4,5,5,5,555,重要价值客户
1499652,56,23,1728.5500000000002,3,5,5,355,重要保持客户
1502017,182,34,2181.1,1,5,5,155,重要保持客户
1504754,92,12,624.0,2,4,4,244,重要保持客户
1505612,17,2,128.0,5,1,2,512,重要发展客户
1505637,50,9,745.5,3,4,4,344,重要保持客户
1505736,31,2,556.0,4,1,4,414,重要发展客户
1505774,195,1,148.0,1,1,2,112,一般客户
1506149,47,1,39.9,3,1,1,311,一般客户
1508760,142,4,173.0,1,3,2,132,一般客户
1511162,8,1,34.8,5,1,1,511,重要发展客户
1511271,9,14,1125.7,5,5,5,555,重要价值客户
1511599,169,5,413.90000000000003,1,3,4,134,重要挽留客户
1512445,169,2,37.0,1,1,1,111,一般客户
1516909,5,5,492.0,5,3,4,534,重要发展客户
1518367,89,2,998.6,2,1,5,215,重要挽留客户
1519852,8,4,117.6,5,3,2,532,重要发展客户
1519871,33,1,213.0,4,1,3,413,重要发展客户
1520449,75,3,397.8,3,2,3,323,一般客户
1520579,60,25,1709.8,3,5,5,355,重要保持客户
1523027,45,4,138.0,3,3,2,332,一般客户
1523269,30,20,2112.1,4,5,5,455,重要价值客户
1524470,131,7,223.1,2,4,3,243,重要保持客户
1524597,119,1,188.0,2,1,2,212,一般客户
1526716,43,24,1309.0,4,5,5,455,重要价值客户
1530363,118,6,254.39999999999998,2,3,3,233,一般客户
1531727,4,15,779.3,5,5,4,554,重要价值客户
1531909,19,53,2930.4,4,5,5,455,重要价值客户
1533451,165,1,19.0,1,1,1,111,一般客户
1536364,29,1,21.9,4,1,1,411,重要发展客户
1536941,123,2,114.0,2,1,2,212,一般客户
1539188,100,1,99.8,2,1,2,212,一般客户
1541365,155,2,109.6,1,1,2,112,一般客户
1546382,31,15,529.3,4,5,4,454,重要价值客户
1546470,101,3,68.6,2,2,1,221,一般客户
1547111,12,5,1630.0,5,3,5,535,重要发展客户
1547162,169,1,29.0,1,1,1,111,一般客户
1547726,22,2,38.400000000000006,4,1,1,411,重要发展客户
1547885,77,1,69.0,3,1,1,311,一般客户
1549786,58,3,187.0,3,2,2,322,一般客户
1553491,127,12,357.3,2,4,3,243,重要保持客户
1555690,24,4,104.8,4,3,2,432,重要发展客户
1556335,68,1,14.5,3,1,1,311,一般客户
1557920,110,1,69.0,2,1,1,211,一般客户
1558843,63,5,1147.9,3,3,5,335,重要挽留客户
1559107,47,12,227.7,3,4,3,343,重要保持客户
1559193,60,4,305.0,3,3,3,333,一般客户
1560276,190,1,47.4,1,1,1,111,一般客户
1560816,20,32,1309.0,4,5,5,455,重要价值客户
1561013,56,18,316.6,3,5,3,353,重要保持客户
1561375,62,6,426.4,3,3,4,334,重要挽留客户
1561594,25,27,1350.8,4,5,5,455,重要价值客户
1562386,80,7,220.0,2,4,3,243,重要保持客户
1562423,136,6,304.0,1,3,3,133,一般客户
1566441,20,56,6359.8,4,5,5,455,重要价值客户
1567215,178,1,169.0,1,1,2,112,一般客户
1568285,129,2,33.9,2,1,1,211,一般客户
1571200,13,20,900.5,5,5,4,554,重要价值客户
1572776,63,1,48.0,3,1,1,311,一般客户
1574425,9,3,87.0,5,2,1,521,重要发展客户
1576046,183,6,66.5,1,3,1,131,一般客户
1577922,44,20,758.8,3,5,4,354,重要保持客户
1578653,133,3,472.0,1,2,4,124,重要挽留客户
1582361,5,122,5450.9,5,5,5,555,重要价值客户
1583465,34,1,99.0,4,1,2,412,重要发展客户
1583473,12,14,934.6999999999999,5,5,4,554,重要价值客户
1586275,190,7,350.2,1,4,3,143,重要保持客户
1586530,14,25,1465.5,5,5,5,555,重要价值客户
1586575,188,1,59.0,1,1,1,111,一般客户
1587810,24,28,1257.4,4,5,5,455,重要价值客户
1591662,56,7,125.4,3,4,2,342,重要保持客户
1592257,167,4,185.0,1,3,2,132,一般客户
1592269,72,6,123.0,3,3,2,332,一般客户
1593082,6,4,148.20000000000002,5,3,2,532,重要发展客户
1594547,5,7,231.4,5,4,3,543,一般客户
1595783,21,5,300.7,4,3,3,433,重要发展客户
1596225,179,1,45.0,1,1,1,111,一般客户
1596620,201,3,94.80000000000001,1,2,2,122,一般客户
1597415,14,17,689.9,5,5,4,554,重要价值客户
1599743,127,3,282.0,2,2,3,223,一般客户
1600103,204,2,60.0,1,1,1,111,一般客户
1601393,58,3,120.8,3,2,2,322,一般客户
1608580,35,5,164.0,4,3,2,432,重要发展客户
1608855,205,2,115.0,1,1,2,112,一般客户
1610588,135,1,49.0,1,1,1,111,一般客户
1610933,80,3,137.5,2,2,2,222,一般客户
1611491,28,6,1171.9,4,3,5,435,重要发展客户
1612772,57,5,618.3,3,3,4,334,重要挽留客户
1613933,66,1,32.8,3,1,1,311,一般客户
1615528,42,3,107.0,4,2,2,422,重要发展客户
1615943,20,1,35.4,4,1,1,411,重要发展客户
1616616,187,4,223.0,1,3,3,133,一般客户
1617264,58,1,4.0,3,1,1,311,一般客户
1617534,171,2,198.0,1,1,3,113,一般客户
1618350,37,12,991.1,4,4,5,445,重要价值客户
1620400,15,10,1172.3,5,4,5,545,重要价值客户
1622116,156,2,78.0,1,1,1,111,一般客户
1625809,68,1,11.8,3,1,1,311,一般客户
1625837,17,49,3005.1,5,5,5,555,重要价值客户
1626939,42,2,21.9,4,1,1,411,重要发展客户
1628157,60,12,714.8,3,4,4,344,重要保持客户
1629395,89,3,516.0,2,2,4,224,重要挽留客户
1629522,18,10,369.8,5,4,3,543,一般客户
1630240,180,5,677.4,1,3,4,134,重要挽留客户
1630586,39,11,136.2,4,4,2,442,一般客户
1632267,62,9,708.5,3,4,4,344,重要保持客户
1632569,36,1,197.0,4,1,2,412,重要发展客户
1632971,178,13,1334.0,1,4,5,145,重要保持客户
1633530,5,7,272.7,5,4,3,543,一般客户
1638086,18,8,534.8,5,4,4,544,重要价值客户
1638262,29,3,94.4,4,2,2,422,重要发展客户
1638822,145,1,27.6,1,1,1,111,一般客户
1639278,160,8,191.6,1,4,2,142,重要保持客户
1639453,162,1,20.0,1,1,1,111,一般客户
1640387,178,1,149.0,1,1,2,112,一般客户
1640421,115,3,48.9,2,2,1,221,一般客户
1640520,125,4,205.9,2,3,3,233,一般客户
1641426,12,24,1187.6,5,5,5,555,重要价值客户
1641471,33,2,1630.0,4,1,5,415,重要发展客户
1641712,168,3,114.0,1,2,2,122,一般客户
1642048,90,9,2864.3,2,4,5,245,重要保持客户
1642696,75,5,146.2,3,3,2,332,一般客户
1643195,115,12,330.40000000000003,2,4,3,243,重要保持客户
1643643,28,7,192.0,4,4,2,442,一般客户
1643682,12,4,106.0,5,3,2,532,重要发展客户
1644177,57,8,501.9,3,4,4,344,重要保持客户
1649789,60,5,342.8,3,3,3,333,一般客户
1650009,32,1,33.6,4,1,1,411,重要发展客户
1651758,17,2,60.8,5,1,1,511,重要发展客户
1652969,65,16,944.5,3,5,5,355,重要保持客户
1653685,11,13,421.1,5,4,4,544,重要价值客户
1654040,1,50,3043.9,5,5,5,555,重要价值客户
1654655,26,1,55.0,4,1,1,411,重要发展客户
1657383,32,14,1111.5,4,5,5,455,重要价值客户
1658967,116,1,9.9,2,1,1,211,一般客户
1659270,140,1,35.0,1,1,1,111,一般客户
1659337,2,62,4402.1,5,5,5,555,重要价值客户
1660989,41,2,38.5,4,1,1,411,重要发展客户
1661479,29,4,79.1,4,3,1,431,重要发展客户
1662054,71,4,703.2,3,3,4,334,重要挽留客户
1665010,104,5,928.0,2,3,4,234,重要挽留客户
1665393,33,45,1834.6,4,5,5,455,重要价值客户
1666081,62,4,1385.5,3,3,5,335,重要挽留客户
1667696,60,9,390.8,3,4,3,343,重要保持客户
1668759,43,26,742.0,4,5,4,454,重要价值客户
1668898,145,1,298.0,1,1,3,113,一般客户
1671488,150,3,209.8,1,2,3,123,一般客户
1673926,103,1,39.8,2,1,1,211,一般客户
1674936,113,1,69.0,2,1,1,211,一般客户
1680370,67,17,306.8,3,5,3,353,重要保持客户
1680561,49,3,133.1,3,2,2,322,一般客户
1680783,205,3,116.8,1,2,2,122,一般客户
1682836,16,3,81.7,5,2,1,521,重要发展客户
1684702,79,3,118.80000000000001,2,2,2,222,一般客户
1687220,87,1,14.0,2,1,1,211,一般客户
1687482,55,4,267.8,3,3,3,333,一般客户
1689173,80,2,266.0,2,1,3,213,一般客户
1689822,91,1,34.5,2,1,1,211,一般客户
1690458,83,1,26.8,2,1,1,211,一般客户
1690467,7,1,129.0,5,1,2,512,重要发展客户
1691281,13,1,20.0,5,1,1,511,重要发展客户
1691797,52,35,1592.8,3,5,5,355,重要保持客户
1692547,2,36,3014.3,5,5,5,555,重要价值客户
1692587,204,3,117.0,1,2,2,122,一般客户
1692974,58,14,834.8,3,5,4,354,重要保持客户
1693019,171,2,327.8,1,1,3,113,一般客户
1693879,6,5,4089.1,5,3,5,535,重要发展客户
1693883,107,2,138.0,2,1,2,212,一般客户
1694061,183,1,1680.0,1,1,5,115,重要挽留客户
1694414,84,1,26.5,2,1,1,211,一般客户
1695026,128,5,987.0,2,3,5,235,重要挽留客户
1695502,54,8,101.9,3,4,2,342,重要保持客户
1695768,13,6,197.2,5,3,2,532,重要发展客户
1697164,76,9,377.3,3,4,3,343,重要保持客户
1698230,40,1,39.5,4,1,1,411,重要发展客户
1701601,47,7,385.1,3,4,3,343,重要保持客户
1705223,33,7,209.3,4,4,3,443,一般客户
1705693,48,2,158.0,3,1,2,312,一般客户
1706047,86,11,483.0,2,4,4,244,重要保持客户
1706082,16,18,1591.5,5,5,5,555,重要价值客户
1706148,78,15,651.4,2,5,4,254,重要保持客户
1707246,39,11,450.5,4,4,4,444,重要价值客户
1709581,26,15,715.1,4,5,4,454,重要价值客户
1709772,192,1,56.8,1,1,1,111,一般客户
1710312,56,7,186.3,3,4,2,342,重要保持客户
1712151,78,3,376.0,2,2,3,223,一般客户
1713329,34,2,128.0,4,1,2,412,重要发展客户
1714026,67,2,102.4,3,1,2,312,一般客户
1715495,54,2,81.3,3,1,1,311,一般客户
1716104,86,3,108.1,2,2,2,222,一般客户
1718260,131,2,54.8,2,1,1,211,一般客户
1718809,143,6,491.8,1,3,4,134,重要挽留客户
1722330,14,39,1929.9,5,5,5,555,重要价值客户
1724632,69,3,402.5,3,2,3,323,一般客户
1725092,140,1,149.0,1,1,2,112,一般客户
1727010,21,12,285.7,4,4,3,443,一般客户
1727134,5,7,284.6,5,4,3,543,一般客户
1727781,75,4,216.10000000000002,3,3,3,333,一般客户
1728752,12,8,514.1,5,4,4,544,重要价值客户
1730816,77,1,5.0,3,1,1,311,一般客户
1731096,9,68,3267.6,5,5,5,555,重要价值客户
1731818,69,4,213.5,3,3,3,333,一般客户
1735017,48,4,262.6,3,3,3,333,一般客户
1735037,50,4,1609.6,3,3,5,335,重要挽留客户
1735476,19,9,234.6,4,4,3,443,一般客户
1735667,119,2,31.8,2,1,1,211,一般客户
1738530,110,3,103.5,2,2,2,222,一般客户
1738681,177,1,14.5,1,1,1,111,一般客户
1740638,154,1,122.0,1,1,2,112,一般客户
1749258,55,1,16.0,3,1,1,311,一般客户
1749450,30,18,1182.9,4,5,5,455,重要价值客户
1750175,131,3,305.5,2,2,3,223,一般客户
1750540,191,2,455.6,1,1,4,114,重要挽留客户
1751440,127,11,833.3,2,4,4,244,重要保持客户
1753860,47,5,230.0,3,3,3,333,一般客户
1755078,94,2,208.8,2,1,3,213,一般客户
1756220,198,14,764.0,1,5,4,154,重要保持客户
1758379,162,1,32.0,1,1,1,111,一般客户
1760324,62,1,18.5,3,1,1,311,一般客户
1761142,75,9,484.2,3,4,4,344,重要保持客户
1761563,58,6,525.9,3,3,4,334,重要挽留客户
1761583,188,2,37.9,1,1,1,111,一般客户
1763818,130,3,47.6,2,2,1,221,一般客户
1763857,61,3,177.0,3,2,2,322,一般客户
1763900,39,2,73.8,4,1,1,411,重要发展客户
1764111,167,6,995.6,1,3,5,135,重要挽留客户
1764469,124,4,264.79999999999995,2,3,3,233,一般客户
1767798,1,45,2835.55,5,5,5,555,重要价值客户
1768728,13,17,377.2,5,5,3,553,一般客户
1772512,8,7,698.7,5,4,4,544,重要价值客户
1772970,104,7,179.9,2,4,2,242,重要保持客户
1773947,48,16,706.7,3,5,4,354,重要保持客户
1774061,81,3,133.0,2,2,2,222,一般客户
1775005,31,22,1151.1,4,5,5,455,重要价值客户
1795984,86,1,88.0,2,1,1,211,一般客户
1799517,126,10,371.0,2,4,3,243,重要保持客户
1801977,83,3,73.5,2,2,1,221,一般客户
1803689,14,8,478.8,5,4,4,544,重要价值客户
1804698,25,10,1698.8,4,4,5,445,重要价值客户
1805262,74,3,229.0,3,2,3,323,一般客户
1806276,54,1,49.8,3,1,1,311,一般客户
1806360,181,1,488.0,1,1,4,114,重要挽留客户
1807554,23,1,169.0,4,1,2,412,重要发展客户
1808521,86,10,424.6,2,4,4,244,重要保持客户
1809204,36,2,16.0,4,1,1,411,重要发展客户
1809846,127,1,17.8,2,1,1,211,一般客户
1810098,62,1,26.0,3,1,1,311,一般客户
1810296,161,3,174.8,1,2,2,122,一般客户
1811124,80,2,74.0,2,1,1,211,一般客户
1813756,181,1,106.0,1,1,2,112,一般客户
1816090,6,9,1210.5,5,4,5,545,重要价值客户
1816207,120,4,437.6,2,3,4,234,重要挽留客户
1816236,146,4,257.8,1,3,3,133,一般客户
1819178,69,7,640.8,3,4,4,344,重要保持客户
1819430,61,11,594.3,3,4,4,344,重要保持客户
1821081,51,1,108.0,3,1,2,312,一般客户
1821251,26,6,763.5,4,3,4,434,重要发展客户
1823002,14,14,466.0,5,5,4,554,重要价值客户
1823202,57,13,973.6,3,4,5,345,重要保持客户
1824912,188,2,119.0,1,1,2,112,一般客户
1825615,115,1,48.0,2,1,1,211,一般客户
1826833,125,1,29.0,2,1,1,211,一般客户
1827534,78,1,35.0,2,1,1,211,一般客户
1827698,42,2,63.0,4,1,1,411,重要发展客户
1827994,7,7,334.2,5,4,3,543,一般客户
1828063,19,7,210.9,4,4,3,443,一般客户
1828108,6,21,721.1,5,5,4,554,重要价值客户
1828767,107,4,229.9,2,3,3,233,一般客户
1829308,98,2,79.9,2,1,1,211,一般客户
1830423,50,5,413.9,3,3,4,334,重要挽留客户
1830476,14,10,1692.9,5,4,5,545,重要价值客户
1830748,177,2,198.0,1,1,3,113,一般客户
1830781,7,9,546.5,5,4,4,544,重要价值客户
1830851,178,1,517.0,1,1,4,114,重要挽留客户
1831085,194,3,757.0,1,2,4,124,重要挽留客户
1833440,18,5,946.9,5,3,5,535,重要发展客户
1834529,2,14,646.2,5,5,4,554,重要价值客户
1834910,63,7,733.5,3,4,4,344,重要保持客户
1835378,131,3,166.0,2,2,2,222,一般客户
1835689,105,4,312.20000000000005,2,3,3,233,一般客户
1837045,55,11,725.3,3,4,4,344,重要保持客户
1837127,60,13,725.5,3,4,4,344,重要保持客户
1838761,53,3,66.4,3,2,1,321,一般客户
1839114,61,10,1124.0,3,4,5,345,重要保持客户
1840715,23,7,960.8,4,4,5,445,重要价值客户
1840850,56,10,292.2,3,4,3,343,重要保持客户
1843842,125,8,377.4,2,4,3,243,重要保持客户
1844196,177,1,19.2,1,1,1,111,一般客户
1844691,165,2,80.6,1,1,1,111,一般客户
1847887,80,3,1464.0,2,2,5,225,重要挽留客户
1849126,52,4,253.39999999999998,3,3,3,333,一般客户
1849536,81,2,178.5,2,1,2,212,一般客户
1855799,72,24,2153.2,3,5,5,355,重要保持客户
1856957,7,9,1139.3,5,4,5,545,重要价值客户
1857340,19,29,3379.5,4,5,5,455,重要价值客户
1857499,19,24,1015.2,4,5,5,455,重要价值客户
1858315,164,3,193.0,1,2,2,122,一般客户
1858657,205,1,158.0,1,1,2,112,一般客户
1858680,23,12,2749.9,4,4,5,445,重要价值客户
1859160,52,2,48.8,3,1,1,311,一般客户
1859392,72,8,5599.6,3,4,5,345,重要保持客户
1863932,152,9,768.8,1,4,4,144,重要保持客户
1864327,178,8,2951.4,1,4,5,145,重要保持客户
1866333,145,2,158.0,1,1,2,112,一般客户
1866593,151,1,159.0,1,1,2,112,一般客户
1867795,149,1,40.0,1,1,1,111,一般客户
1867862,46,16,435.8,3,5,4,354,重要保持客户
1868786,178,4,436.0,1,3,4,134,重要挽留客户
1871854,106,6,613.7,2,3,4,234,重要挽留客户
1874317,55,5,187.8,3,3,2,332,一般客户
1876646,180,2,89.0,1,1,2,112,一般客户
1877444,124,7,447.4,2,4,4,244,重要保持客户
1877659,2,3,14.899999999999999,5,2,1,521,重要发展客户
1879492,109,13,353.3,2,4,3,243,重要保持客户
1879610,8,10,259.0,5,4,3,543,一般客户
1879693,67,9,454.3,3,4,4,344,重要保持客户
1880182,22,28,1203.7,4,5,5,455,重要价值客户
1880185,145,3,240.0,1,2,3,123,一般客户
1883438,58,2,171.0,3,1,2,312,一般客户
1883525,36,11,235.8,4,4,3,443,一般客户
1883571,138,1,65.0,1,1,1,111,一般客户
1883637,40,12,1651.7,4,4,5,445,重要价值客户
1883757,66,7,442.0,3,4,4,344,重要保持客户
1883758,39,9,501.3,4,4,4,444,重要价值客户
1884633,88,6,843.3000000000001,2,3,4,234,重要挽留客户
1884757,5,10,439.1,5,4,4,544,重要价值客户
1885226,93,14,1027.8,2,5,5,255,重要保持客户
1885310,148,2,375.9,1,1,3,113,一般客户
1885404,84,11,972.1999999999999,2,4,5,245,重要保持客户
1885664,14,1,102.0,5,1,2,512,重要发展客户
1885748,22,3,804.0,4,2,4,424,重要发展客户
1886013,53,2,54.3,3,1,1,311,一般客户
1886918,2,16,2147.0,5,5,5,555,重要价值客户
1890713,42,2,76.0,4,1,1,411,重要发展客户
1891047,35,2,50.0,4,1,1,411,重要发展客户
1891244,62,5,291.0,3,3,3,333,一般客户
1891654,132,2,49.699999999999996,2,1,1,211,一般客户
1892136,6,12,1127.0,5,4,5,545,重要价值客户
1892252,10,3,93.9,5,2,2,522,重要发展客户
1892747,12,51,2265.4,5,5,5,555,重要价值客户
1893577,108,8,332.0,2,4,3,243,重要保持客户
1893590,45,3,164.4,3,2,2,322,一般客户
1893758,55,1,24.9,3,1,1,311,一般客户
1894149,69,38,1193.9,3,5,5,355,重要保持客户
1894324,55,16,806.3000000000001,3,5,4,354,重要保持客户
1894830,103,1,20.0,2,1,1,211,一般客户
1895787,138,2,9.6,1,1,1,111,一般客户
1896326,115,3,163.9,2,2,2,222,一般客户
1896523,29,15,714.5,4,5,4,454,重要价值客户
1897234,107,7,732.9,2,4,4,244,重要保持客户
1897281,71,7,1138.6,3,4,5,345,重要保持客户
1901361,41,8,1727.3000000000002,4,4,5,445,重要价值客户
1903480,2,17,961.2,5,5,5,555,重要价值客户
1904596,146,2,77.5,1,1,1,111,一般客户
1904762,10,3,121.9,5,2,2,522,重要发展客户
1905252,30,11,396.2,4,4,3,443,一般客户
1906585,36,4,148.4,4,3,2,432,重要发展客户
1906604,20,9,1537.3,4,4,5,445,重要价值客户
1908221,8,5,842.0,5,3,4,534,重要发展客户
1909589,131,1,14.5,2,1,1,211,一般客户
1910092,21,3,73.8,4,2,1,421,重要发展客户
1912075,126,13,513.7,2,4,4,244,重要保持客户
1912256,27,4,107.6,4,3,2,432,重要发展客户
1913207,56,2,102.4,3,1,2,312,一般客户
1913649,38,1,99.0,4,1,2,412,重要发展客户
1914536,28,5,507.0,4,3,4,434,重要发展客户
1914940,53,6,431.0,3,3,4,334,重要挽留客户
1916193,44,5,96.8,3,3,2,332,一般客户
1916285,117,5,315.0,2,3,3,233,一般客户
1918181,72,5,460.0,3,3,4,334,重要挽留客户
1918356,81,13,1400.9,2,4,5,245,重要保持客户
1921216,53,4,1291.0,3,3,5,335,重要挽留客户
1922539,48,1,21.8,3,1,1,311,一般客户
1923067,43,32,1966.8999999999999,4,5,5,455,重要价值客户
1924972,2,24,2363.2,5,5,5,555,重要价值客户
1925315,6,6,194.0,5,3,2,532,重要发展客户
1925443,197,3,110.80000000000001,1,2,2,122,一般客户
1926380,57,2,212.9,3,1,3,313,一般客户
1926613,21,6,151.5,4,3,2,432,重要发展客户
1926977,118,1,69.0,2,1,1,211,一般客户
1927591,145,14,517.1,1,5,4,154,重要保持客户
1928183,47,8,317.6,3,4,3,343,重要保持客户
1932396,116,5,383.8,2,3,3,233,一般客户
1932491,129,4,324.0,2,3,3,233,一般客户
1935116,188,1,158.0,1,1,2,112,一般客户
1935268,204,1,350.4,1,1,3,113,一般客户
1936111,56,1,53.0,3,1,1,311,一般客户
1937192,9,36,2039.7,5,5,5,555,重要价值客户
1937961,133,3,55.2,1,2,1,121,一般客户
1938988,117,2,25.9,2,1,1,211,一般客户
1939379,120,3,546.0,2,2,4,224,重要挽留客户
1939746,204,2,137.2,1,1,2,112,一般客户
1939875,85,6,242.4,2,3,3,233,一般客户
1940130,11,4,57.400000000000006,5,3,1,531,重要发展客户
1941059,2,5,339.40000000000003,5,3,3,533,重要发展客户
1941629,24,32,1195.0,4,5,5,455,重要价值客户
1942067,170,4,412.0,1,3,4,134,重要挽留客户
1943513,22,10,329.5,4,4,3,443,一般客户
1944489,138,4,153.3,1,3,2,132,一般客户
1945989,2,20,774.6,5,5,4,554,重要价值客户
1947279,12,25,738.2,5,5,4,554,重要价值客户
1947530,132,1,39.0,2,1,1,211,一般客户
1947554,36,4,159.5,4,3,2,432,重要发展客户
1947744,14,31,2109.0,5,5,5,555,重要价值客户
1949817,45,5,98.0,3,3,2,332,一般客户
1950567,25,19,8733.9,4,5,5,455,重要价值客户
1950778,9,21,2685.3,5,5,5,555,重要价值客户
1951949,3,81,4764.8,5,5,5,555,重要价值客户
1954167,151,1,24.8,1,1,1,111,一般客户
1954318,12,5,225.39999999999998,5,3,3,533,重要发展客户
1955094,41,36,2217.6,4,5,5,455,重要价值客户
1955102,48,15,548.3,3,5,4,354,重要保持客户
1958028,27,2,364.0,4,1,3,413,重要发展客户
1958290,8,26,735.9,5,5,4,554,重要价值客户
1959041,26,8,248.29999999999998,4,4,3,443,一般客户
1959196,22,19,632.8,4,5,4,454,重要价值客户
1959873,38,8,278.5,4,4,3,443,一般客户
1960005,94,2,338.0,2,1,3,213,一般客户
1960458,69,1,4.0,3,1,1,311,一般客户
1960682,7,13,778.2,5,4,4,544,重要价值客户
1961301,4,14,2235.2,5,5,5,555,重要价值客户
1962483,82,1,198.0,2,1,3,213,一般客户
1964811,7,9,2628.7000000000003,5,4,5,545,重要价值客户
1965197,182,1,199.0,1,1,3,113,一般客户
1965572,6,10,1005.5,5,4,5,545,重要价值客户
1965635,74,3,188.8,3,2,2,322,一般客户
1965964,133,3,548.0,1,2,4,124,重要挽留客户
1967693,5,1,17.8,5,1,1,511,重要发展客户
1968363,83,3,134.0,2,2,2,222,一般客户
1968658,81,1,59.0,2,1,1,211,一般客户
1968891,178,1,536.0,1,1,4,114,重要挽留客户
1969252,39,7,2520.5,4,4,5,445,重要价值客户
1969446,165,2,227.9,1,1,3,113,一般客户
1969562,12,15,1692.0,5,5,5,555,重要价值客户
1973043,45,16,1966.0,3,5,5,355,重要保持客户
1974500,41,9,400.2,4,4,3,443,一般客户
1975079,43,3,188.9,4,2,2,422,重要发展客户
1975196,184,2,52.0,1,1,1,111,一般客户
1975675,85,3,197.10000000000002,2,2,2,222,一般客户
1976048,71,3,321.7,3,2,3,323,一般客户
1977542,59,25,1060.6,3,5,5,355,重要保持客户
1977633,73,9,394.0,3,4,3,343,重要保持客户
1977701,169,1,39.0,1,1,1,111,一般客户
1978642,8,44,1969.6,5,5,5,555,重要价值客户
1980152,43,4,131.4,4,3,2,432,重要发展客户
1982346,173,4,470.5,1,3,4,134,重要挽留客户
1982534,96,4,74.6,2,3,1,231,一般客户
1983769,63,8,377.9,3,4,3,343,重要保持客户
1983883,60,6,252.0,3,3,3,333,一般客户
1983905,123,1,16.0,2,1,1,211,一般客户
1983961,58,3,183.0,3,2,2,322,一般客户
1985440,31,17,548.1,4,5,4,454,重要价值客户
1986292,55,8,127.2,3,4,2,342,重要保持客户
1987269,11,2,98.9,5,2,2,522,重要发展客户
1987642,33,4,131.5,4,3,2,432,重要发展客户
1988101,69,1,75.0,3,1,1,311,一般客户
1988242,188,2,39.9,1,2,1,121,一般客户
1988331,41,4,223.2,4,3,3,433,重要发展客户
1988407,14,4,92.6,5,3,2,532,重要发展客户
1988481,19,11,423.29999999999995,4,4,4,444,重要价值客户
1988547,51,14,838.5,3,5,4,354,重要保持客户
1990547,78,1,29.0,2,1,1,211,一般客户
1991728,20,7,203.0,4,4,3,443,一般客户
1992047,22,13,415.0,4,4,4,444,重要价值客户
1992399,170,5,412.0,1,3,4,134,重要挽留客户
1992780,201,2,61.8,1,2,1,121,一般客户
1994059,84,30,2772.2,2,5,5,255,重要保持客户
1994147,7,4,403.9,5,3,3,533,重要发展客户
1994578,20,1,16.0,4,1,1,411,重要发展客户
1994705,74,2,199.0,3,2,3,323,一般客户
1999248,8,25,1854.9,5,5,5,555,重要价值客户
3095006,140,3,167.0,1,2,2,122,一般客户
3100750,130,1,416.0,2,1,4,214,重要挽留客户
3101666,36,7,356.7,4,4,3,443,一般客户
3102331,121,13,443.9,2,4,4,244,重要保持客户
3102789,128,4,116.0,2,3,2,232,一般客户
3105243,122,1,85.0,2,1,1,211,一般客户
3106921,4,1,79.0,5,1,1,511,重要发展客户
3107801,114,2,201.9,2,2,3,223,一般客户
3108072,25,44,2889.74,4,5,5,455,重要价值客户
3109779,64,8,572.0,3,4,4,344,重要保持客户
3109961,1,11,389.0,5,4,3,543,一般客户
3110785,113,2,124.5,2,2,2,222,一般客户
3112597,112,4,241.8,2,3,3,233,一般客户
3113207,102,4,96.60000000000001,2,3,2,232,一般客户
3114067,35,31,4902.5,4,5,5,455,重要价值客户
3115486,79,4,220.8,2,3,3,233,一般客户
3117563,105,2,157.0,2,2,2,222,一般客户
3118116,10,4,682.4,5,3,4,534,重要发展客户
3118468,84,3,432.0,2,2,4,224,重要挽留客户
3118612,90,10,665.1,2,4,4,244,重要保持客户
3118655,7,6,330.0,5,3,3,533,重要发展客户
3119206,19,12,1545.8,4,4,5,445,重要价值客户
3120978,99,9,1507.3,2,4,5,245,重要保持客户
3125589,90,1,32.9,2,1,1,211,一般客户
3125986,89,1,32.9,2,1,1,211,一般客户
3126107,89,10,514.5,2,4,4,244,重要保持客户
3126172,89,2,134.4,2,2,2,222,一般客户
3127060,87,3,160.7,2,2,2,222,一般客户
3127705,28,3,164.5,4,2,2,422,重要发展客户
3128281,84,1,29.0,2,1,1,211,一般客户
3128697,82,2,457.9,2,2,4,224,重要挽留客户
3128885,27,17,731.7,4,5,4,454,重要价值客户
3130152,79,1,22.9,2,1,1,211,一般客户
3130474,76,2,52.8,3,2,1,321,一般客户
3130658,14,5,2148.0,5,3,5,535,重要发展客户
3131622,77,1,32.9,3,1,1,311,一般客户
3131980,76,1,19.5,3,1,1,311,一般客户
3132196,76,4,103.5,3,3,2,332,一般客户
3132431,75,2,784.0,3,2,4,324,重要挽留客户
3132441,69,2,148.0,3,2,2,322,一般客户
3132667,75,1,32.9,3,1,1,311,一般客户
3133614,73,1,32.9,3,1,1,311,一般客户
3133760,73,1,32.9,3,1,1,311,一般客户
3133836,4,4,119.6,5,3,2,532,重要发展客户
3134097,72,6,134.0,3,3,2,332,一般客户
3134721,71,1,32.9,3,1,1,311,一般客户
3134787,55,3,298.0,3,2,3,323,一般客户
3134811,47,2,367.0,3,2,3,323,一般客户
3135309,71,5,152.0,3,3,2,332,一般客户
3136396,13,2,81.9,5,2,1,521,重要发展客户
3136537,68,1,32.9,3,1,1,311,一般客户
3137090,69,1,68.0,3,1,1,311,一般客户
3137809,41,7,216.2,4,4,3,443,一般客户
3137876,68,3,100.7,3,2,2,322,一般客户
3138156,1,9,364.9,5,4,3,543,一般客户
3138229,20,5,236.9,4,3,3,433,重要发展客户
3138239,67,1,59.8,3,1,1,311,一般客户
3138384,67,5,201.2,3,3,3,333,一般客户
3138526,67,1,49.0,3,1,1,311,一般客户
3139162,66,6,422.5,3,3,4,334,重要挽留客户
3139651,65,1,368.0,3,1,3,313,一般客户
3139774,53,3,611.8,3,2,4,324,重要挽留客户
3139874,42,3,215.4,4,2,3,423,重要发展客户
3139915,65,3,127.0,3,2,2,322,一般客户
3140430,64,1,183.0,3,1,2,312,一般客户
3140531,29,7,242.9,4,4,3,443,一般客户
3140542,64,2,113.6,3,2,2,322,一般客户
3140921,63,1,69.0,3,1,1,311,一般客户
3140982,63,1,149.0,3,1,2,312,一般客户
3142264,61,3,4233.6,3,2,5,325,重要挽留客户
3142300,61,3,195.9,3,2,2,322,一般客户
3142370,54,5,550.0,3,3,4,334,重要挽留客户
3142743,26,3,265.0,4,2,3,423,重要发展客户
3142966,60,2,124.0,3,2,2,322,一般客户
3143336,14,6,169.3,5,3,2,532,重要发展客户
3143465,8,1,10.0,5,1,1,511,重要发展客户
3143605,59,2,321.0,3,2,3,323,一般客户
3143783,47,3,375.5,3,2,3,323,一般客户
3143803,59,3,358.0,3,2,3,323,一般客户
3144705,56,5,409.5,3,3,4,334,重要挽留客户
3145078,57,1,76.3,3,1,1,311,一般客户
3145106,43,2,198.0,4,2,3,423,重要发展客户
3145351,56,1,36.0,3,1,1,311,一般客户
3145452,52,1,32.9,3,1,1,311,一般客户
3145559,56,2,60.8,3,2,1,321,一般客户
3145724,56,2,94.5,3,2,2,322,一般客户
3146046,4,12,431.5,5,4,4,544,重要价值客户
3147170,54,1,1813.0,3,1,5,315,重要挽留客户
3149374,51,2,313.0,3,2,3,323,一般客户
3149768,50,1,138.0,3,1,2,312,一般客户
3149896,50,4,369.3,3,3,3,333,一般客户
3149938,50,4,500.79999999999995,3,3,4,334,重要挽留客户
3150395,9,34,2758.5,5,5,5,555,重要价值客户
3150660,26,5,852.6,4,3,4,434,重要发展客户
3150716,48,1,33.6,3,1,1,311,一般客户
3150845,48,4,168.36,3,3,2,332,一般客户
3150924,48,1,189.0,3,1,2,312,一般客户
3150958,13,9,1490.9,5,4,5,545,重要价值客户
3151117,16,7,244.4,5,4,3,543,一般客户
3151788,20,20,1202.1,4,5,5,455,重要价值客户
3152085,47,6,110.2,3,3,2,332,一般客户
3152495,46,3,157.0,3,2,2,322,一般客户
3152579,46,1,32.9,3,1,1,311,一般客户
3152607,46,1,468.0,3,1,4,314,重要挽留客户
3153892,43,3,183.4,4,2,2,422,重要发展客户
3153904,43,1,32.9,4,1,1,411,重要发展客户
3154019,11,7,394.8,5,4,3,543,一般客户
3154338,43,2,128.9,4,2,2,422,重要发展客户
3155727,41,1,696.0,4,1,4,414,重要发展客户
3156152,40,2,84.5,4,2,1,421,重要发展客户
3156461,40,9,278.6,4,4,3,443,一般客户
3156561,40,2,108.0,4,2,2,422,重要发展客户
3156594,24,16,733.9,4,5,4,454,重要价值客户
3157446,38,1,278.0,4,1,3,413,重要发展客户
3157523,38,2,43.6,4,2,1,421,重要发展客户
3158003,16,9,902.0,5,4,4,544,重要价值客户
3158110,33,5,159.3,4,3,2,432,重要发展客户
3158429,37,4,327.6,4,3,3,433,重要发展客户
3159358,35,1,69.9,4,1,1,411,重要发展客户
3159440,17,22,1927.1,5,5,5,555,重要价值客户
3159981,34,3,69.69999999999999,4,2,1,421,重要发展客户
3160231,7,17,2151.0,5,5,5,555,重要价值客户
3160527,16,20,667.8,5,5,4,554,重要价值客户
3160569,34,3,74.5,4,2,1,421,重要发展客户
3160724,33,1,28.6,4,1,1,411,重要发展客户
3161154,33,3,358.0,4,2,3,423,重要发展客户
3161237,33,5,207.0,4,3,3,433,重要发展客户
3161755,31,1,235.2,4,1,3,413,重要发展客户
3161844,31,3,83.5,4,2,1,421,重要发展客户
3162228,31,1,688.0,4,1,4,414,重要发展客户
3162356,2,3,1790.0,5,2,5,525,重要发展客户
3163058,29,2,115.9,4,2,2,422,重要发展客户
3163292,19,8,182.3,4,4,2,442,一般客户
3163598,28,1,468.0,4,1,4,414,重要发展客户
3163689,26,5,284.2,4,3,3,433,重要发展客户
3163873,27,1,328.0,4,1,3,413,重要发展客户
3163967,27,2,73.0,4,2,1,421,重要发展客户
3164610,26,1,32.9,4,1,1,411,重要发展客户
3164807,16,1,70.8,5,1,1,511,重要发展客户
3165191,25,3,217.0,4,2,3,423,重要发展客户
3165582,23,3,236.6,4,2,3,423,重要发展客户
3165802,24,1,788.0,4,1,4,414,重要发展客户
3166032,17,11,469.7,5,4,4,544,重要价值客户
3166336,23,1,135.0,4,1,2,412,重要发展客户
3167568,21,2,106.80000000000001,4,2,2,422,重要发展客户
3168162,9,2,63.7,5,2,1,521,重要发展客户
3168209,6,16,582.4,5,5,4,554,重要价值客户
3168228,20,5,236.0,4,3,3,433,重要发展客户
3168904,19,8,313.0,4,4,3,443,一般客户
3169117,18,1,39.5,5,1,1,511,重要发展客户
3169457,18,3,178.5,5,2,2,522,重要发展客户
3169806,4,8,513.4,5,4,4,544,重要价值客户
3169939,5,6,1431.5,5,3,5,535,重要发展客户
3170715,14,2,568.0,5,2,4,524,重要发展客户
3171781,13,8,296.3,5,4,3,543,一般客户
3172000,12,2,528.5,5,2,4,524,重要发展客户
3172042,1,5,142.8,5,3,2,532,重要发展客户
3172900,12,2,98.0,5,2,2,522,重要发展客户
3173164,11,1,32.9,5,1,1,511,重要发展客户
3173407,10,4,190.0,5,3,2,532,重要发展客户
3173849,10,5,265.0,5,3,3,533,重要发展客户
10000780,146,4,162.3,1,3,2,132,一般客户
10000927,23,5,219.9,4,3,3,433,重要发展客户
10001249,39,20,1209.5,4,5,5,455,重要价值客户
10001380,41,4,881.0,4,3,4,434,重要发展客户
10001506,42,4,144.5,4,3,2,432,重要发展客户
10002438,39,2,88.0,4,2,1,421,重要发展客户
10004627,93,10,505.1,2,4,4,244,重要保持客户
10004800,10,4,418.6,5,3,4,534,重要发展客户
10007150,38,4,2183.0,4,3,5,435,重要发展客户
10007177,62,30,2074.8,3,5,5,355,重要保持客户
10007990,18,18,1107.0,5,5,5,555,重要价值客户
10008708,40,4,184.8,4,3,2,432,重要发展客户
10010193,1,20,933.8,5,5,4,554,重要价值客户
10011353,8,10,257.7,5,4,3,543,一般客户
10012174,82,15,905.5999999999999,2,5,4,254,重要保持客户
10012916,117,2,117.0,2,2,2,222,一般客户
10013068,49,7,342.8,3,4,3,343,重要保持客户
10013345,156,2,53.0,1,2,1,121,一般客户
10013625,26,8,1094.8,4,4,5,445,重要价值客户
10015174,24,9,949.9000000000001,4,4,5,445,重要价值客户
10016202,106,3,137.9,2,2,2,222,一般客户
10016281,73,2,104.0,3,2,2,322,一般客户
10016601,7,69,12351.699999999999,5,5,5,555,重要价值客户
10017068,6,34,2410.4,5,5,5,555,重要价值客户
10017590,61,7,242.3,3,4,3,343,重要保持客户
10018537,98,6,229.6,2,3,3,233,一般客户
10019193,2,12,422.8,5,4,4,544,重要价值客户
10020008,140,7,275.9,1,4,3,143,重要保持客户
10020064,6,21,1817.4,5,5,5,555,重要价值客户
10020404,30,11,8261.6,4,4,5,445,重要价值客户
10020443,66,13,477.5,3,4,4,344,重要保持客户
10021521,47,4,125.3,3,3,2,332,一般客户
10022025,99,3,465.59999999999997,2,2,4,224,重要挽留客户
10022320,117,7,463.0,2,4,4,244,重要保持客户
10023411,147,9,359.0,1,4,3,143,重要保持客户
10023599,81,3,501.0,2,2,4,224,重要挽留客户
10024336,10,4,121.9,5,3,2,532,重要发展客户
10027085,7,55,4500.3,5,5,5,555,重要价值客户
10030604,87,2,852.0,2,2,4,224,重要挽留客户
10030888,103,1,135.0,2,1,2,212,一般客户
10031094,27,1,38.4,4,1,1,411,重要发展客户
10031359,197,2,89.0,1,2,2,122,一般客户
10031431,16,48,2496.8,5,5,5,555,重要价值客户
10032014,20,25,2730.8,4,5,5,455,重要价值客户
10032337,61,8,339.09999999999997,3,4,3,343,重要保持客户
10032348,2,4,182.0,5,3,2,532,重要发展客户
10032817,89,9,248.4,2,4,3,243,重要保持客户
10032909,43,1,99.9,4,1,2,412,重要发展客户
10033424,1,35,2122.6,5,5,5,555,重要价值客户
10034620,131,6,304.4,2,3,3,233,一般客户
10035966,180,4,465.40000000000003,1,3,4,134,重要挽留客户
10036332,88,5,314.5,2,3,3,233,一般客户
10038683,26,24,2976.5,4,5,5,455,重要价值客户
10039269,106,3,514.6999999999999,2,2,4,224,重要挽留客户
10042600,82,6,630.6,2,3,4,234,重要挽留客户
10042964,94,2,27.9,2,2,1,221,一般客户
10043762,178,1,20.0,1,1,1,111,一般客户
10045167,88,2,148.0,2,2,2,222,一般客户
10046135,43,4,1509.6,4,3,5,435,重要发展客户
10046378,71,6,418.4,3,3,4,334,重要挽留客户
10046990,85,3,137.0,2,2,2,222,一般客户
10047670,11,26,1409.9,5,5,5,555,重要价值客户
10049236,17,6,220.9,5,3,3,533,重要发展客户
10049895,25,14,547.4,4,5,4,454,重要价值客户
10050535,55,12,640.7,3,4,4,344,重要保持客户
10052156,131,5,135.4,2,3,2,232,一般客户
10052172,3,14,463.4,5,5,4,554,重要价值客户
10053677,59,14,969.0,3,5,5,355,重要保持客户
10054236,180,2,79.5,1,2,1,121,一般客户
10054768,149,4,158.39999999999998,1,3,2,132,一般客户
10055634,181,2,32.7,1,2,1,121,一般客户
10055706,15,5,283.6,5,3,3,533,重要发展客户
10057351,5,6,587.6,5,3,4,534,重要发展客户
10057503,94,3,169.4,2,2,2,222,一般客户
10057957,53,4,562.9,3,3,4,334,重要挽留客户
10058007,11,20,1349.6,5,5,5,555,重要价值客户
10058220,30,1,85.0,4,1,1,411,重要发展客户
10058463,12,50,7338.6,5,5,5,555,重要价值客户
10058820,24,2,36.4,4,2,1,421,重要发展客户
10059179,2,45,1423.1,5,5,5,555,重要价值客户
10059826,5,4,187.4,5,3,2,532,重要发展客户
10060364,121,1,9.5,2,1,1,211,一般客户
10060564,14,25,479.3,5,5,4,554,重要价值客户
10061050,92,17,757.5,2,5,4,254,重要保持客户
10061776,14,1,52.0,5,1,1,511,重要发展客户
10061859,8,13,270.4,5,4,3,543,一般客户
10062015,29,2,41.0,4,2,1,421,重要发展客户
10062618,60,1,24.5,3,1,1,311,一般客户
10063742,97,7,1141.0,2,4,5,245,重要保持客户
10063885,76,13,579.6,3,4,4,344,重要保持客户
10064257,128,2,186.5,2,2,2,222,一般客户
10064581,19,6,305.2,4,3,3,433,重要发展客户
10064825,111,4,67.8,2,3,1,231,一般客户
10065885,9,46,3026.9,5,5,5,555,重要价值客户
10067029,22,26,1234.3,4,5,5,455,重要价值客户
10067744,81,6,1851.3,2,3,5,235,重要挽留客户
10068040,28,19,784.6,4,5,4,454,重要价值客户
10068085,19,18,655.5,4,5,4,454,重要价值客户
10068171,101,5,191.0,2,3,2,232,一般客户
10068275,36,5,523.5,4,3,4,434,重要发展客户
10069306,10,7,214.8,5,4,3,543,一般客户
10069696,148,2,289.8,1,2,3,123,一般客户
10070077,28,14,517.0,4,5,4,454,重要价值客户
10070485,7,25,1911.5,5,5,5,555,重要价值客户
10070968,9,32,1075.3,5,5,5,555,重要价值客户
10071185,14,10,236.0,5,4,3,543,一般客户
10079009,182,4,1007.9,1,3,5,135,重要挽留客户
10079984,93,3,307.1,2,2,3,223,一般客户
10080491,188,1,69.0,1,1,1,111,一般客户
10081086,25,25,1754.3,4,5,5,455,重要价值客户
10083041,59,12,577.9,3,4,4,344,重要保持客户
10084446,105,6,129.5,2,3,2,232,一般客户
10085097,28,17,610.2,4,5,4,454,重要价值客户
10085121,36,15,2598.1,4,5,5,455,重要价值客户
10089652,19,9,2174.5,4,4,5,445,重要价值客户
10091375,37,9,224.79999999999998,4,4,3,443,一般客户
10092365,17,4,182.4,5,3,2,532,重要发展客户
10093109,87,1,61.0,2,1,1,211,一般客户
10094428,13,24,1108.0,5,5,5,555,重要价值客户
10112670,33,12,422.7,4,4,4,444,重要价值客户
10117071,65,10,260.71999999999997,3,4,3,343,重要保持客户
10117239,99,4,167.2,2,3,2,232,一般客户
10118231,101,5,192.3,2,3,2,232,一般客户
10118619,17,17,205.4,5,5,3,553,一般客户
10119142,4,5,558.2,5,3,4,534,重要发展客户
10120100,6,4,155.2,5,3,2,532,重要发展客户
10121679,26,9,702.9,4,4,4,444,重要价值客户
10122351,21,30,1274.7,4,5,5,455,重要价值客户
10122856,189,3,84.8,1,2,1,121,一般客户
10124065,39,5,1645.5,4,3,5,435,重要发展客户
10124961,10,4,166.0,5,3,2,532,重要发展客户
10125099,112,1,7.8,2,1,1,211,一般客户
10125393,189,5,929.1,1,3,4,134,重要挽留客户
10131801,71,32,1700.7,3,5,5,355,重要保持客户
10138932,155,1,25.0,1,1,1,111,一般客户
10139392,119,2,198.0,2,2,3,223,一般客户
10140323,8,4,299.3,5,3,3,533,重要发展客户
10141224,5,18,600.8,5,5,4,554,重要价值客户
10141403,62,2,78.0,3,2,1,321,一般客户
10141704,18,42,1841.4,5,5,5,555,重要价值客户
10142849,9,28,926.5,5,5,4,554,重要价值客户
10142940,25,2,606.0,4,2,4,424,重要发展客户
10143118,200,2,22.4,1,2,1,121,一般客户
10143301,33,16,1035.6,4,5,5,455,重要价值客户
10143643,103,2,75.5,2,2,1,221,一般客户
10144755,152,1,74.5,1,1,1,111,一般客户
10145388,16,5,164.1,5,3,2,532,重要发展客户
10146440,70,14,1011.3,3,5,5,355,重要保持客户
10152393,184,1,87.1,1,1,1,111,一般客户
10168040,171,2,196.0,1,2,2,122,一般客户
10176623,94,3,274.2,2,2,3,223,一般客户
10176701,205,4,392.2,1,3,3,133,一般客户
10178321,44,31,6619.3,3,5,5,355,重要保持客户
10178647,78,3,118.9,2,2,2,222,一般客户
10180435,204,1,936.0,1,1,4,114,重要挽留客户
10181140,54,1,25.6,3,1,1,311,一般客户
10181742,43,5,123.19999999999999,4,3,2,432,重要发展客户
10182076,20,11,526.5,4,4,4,444,重要价值客户
10182388,22,10,772.2,4,4,4,444,重要价值客户
10182567,13,11,379.3,5,4,3,543,一般客户
10182603,13,16,336.8,5,5,3,553,一般客户
10183462,12,6,1171.0,5,3,5,535,重要发展客户
10184525,93,4,418.79999999999995,2,3,4,234,重要挽留客户
10184749,80,8,370.0,2,4,3,243,重要保持客户
10184987,34,30,10198.5,4,5,5,455,重要价值客户
10185601,41,7,3906.8,4,4,5,445,重要价值客户
10186221,55,3,1348.9,3,2,5,325,重要挽留客户
10186392,62,3,622.8,3,2,4,324,重要挽留客户
10187184,19,12,277.2,4,4,3,443,一般客户
10187847,23,3,433.9,4,2,4,424,重要发展客户
10188003,141,12,517.1,1,4,4,144,重要保持客户
10188765,13,3,134.4,5,2,2,522,重要发展客户
10189416,104,3,19.700000000000003,2,2,1,221,一般客户
10189846,84,7,235.79999999999998,2,4,3,243,重要保持客户
10190952,116,9,439.6,2,4,4,244,重要保持客户
10191586,149,1,176.0,1,1,2,112,一般客户
10191850,152,1,69.0,1,1,1,111,一般客户
10193319,56,2,53.8,3,2,1,321,一般客户
10194556,46,8,234.29999999999998,3,4,3,343,重要保持客户
10195162,49,4,58.7,3,3,1,331,一般客户
10196183,170,1,55.0,1,1,1,111,一般客户
10196288,67,12,271.9,3,4,3,343,重要保持客户
10197105,88,8,8892.7,2,4,5,245,重要保持客户
10199310,32,2,30.8,4,2,1,421,重要发展客户
10199536,115,2,2356.0,2,2,5,225,重要挽留客户
10199585,4,27,4463.0,5,5,5,555,重要价值客户
10201338,59,11,691.1,3,4,4,344,重要保持客户
10203343,11,11,405.8,5,4,3,543,一般客户
10209944,23,18,835.1,4,5,4,454,重要价值客户
10214649,26,5,136.4,4,3,2,432,重要发展客户
10220922,42,13,783.7,4,4,4,444,重要价值客户
10222037,1,5,142.2,5,3,2,532,重要发展客户
10222646,202,1,69.0,1,1,1,111,一般客户
10223043,50,11,385.6,3,4,3,343,重要保持客户
10223479,42,2,189.0,4,2,2,422,重要发展客户
10223801,62,18,2365.6,3,5,5,355,重要保持客户
10224020,47,4,248.89999999999998,3,3,3,333,一般客户
10224237,1,56,5319.9,5,5,5,555,重要价值客户
10224361,58,2,1332.4,3,2,5,325,重要挽留客户
10225992,7,7,3528.4,5,4,5,545,重要价值客户
10227497,96,6,237.0,2,3,3,233,一般客户
10227543,14,8,409.7,5,4,4,544,重要价值客户
10229440,38,9,2090.2,4,4,5,445,重要价值客户
10230321,177,5,226.5,1,3,3,133,一般客户
10231397,16,3,99.69999999999999,5,2,2,522,重要发展客户
10231723,24,44,2492.3,4,5,5,455,重要价值客户
10231752,31,26,951.1,4,5,5,455,重要价值客户
10231952,20,72,3073.6,4,5,5,455,重要价值客户
10237082,6,3,49.7,5,2,1,521,重要发展客户
10237407,205,1,2.9,1,1,1,111,一般客户
10238788,89,1,10.0,2,1,1,211,一般客户
10239012,150,2,73.8,1,2,1,121,一般客户
10239649,91,2,196.0,2,2,2,222,一般客户
10242599,26,4,2060.8,4,3,5,435,重要发展客户
10243712,32,31,1339.7,4,5,5,455,重要价值客户
10244632,50,17,1990.1,3,5,5,355,重要保持客户
10246011,72,3,73.0,3,2,1,321,一般客户
10247744,95,3,590.9,2,2,4,224,重要挽留客户
10248197,24,16,592.4,4,5,4,454,重要价值客户
10248564,14,6,660.9,5,3,4,534,重要发展客户
10248976,73,19,983.3,3,5,5,355,重要保持客户
10251594,165,2,12.0,1,2,1,121,一般客户
10251897,156,4,125.89999999999999,1,3,2,132,一般客户
10252066,33,13,2263.5,4,4,5,445,重要价值客户
10253143,54,1,35.0,3,1,1,311,一般客户
10253388,84,16,625.6,2,5,4,254,重要保持客户
10255052,75,6,246.0,3,3,3,333,一般客户
10255216,5,19,1339.0,5,5,5,555,重要价值客户
10256401,44,16,761.3000000000001,3,5,4,354,重要保持客户
10257109,177,1,49.0,1,1,1,111,一般客户
10257279,13,4,1485.3,5,3,5,535,重要发展客户
10257370,18,11,974.5,5,4,5,545,重要价值客户
10257663,47,9,357.7,3,4,3,343,重要保持客户
10257979,24,16,1246.8,4,5,5,455,重要价值客户
10259277,2,10,1810.5,5,4,5,545,重要价值客户
10259892,28,7,231.2,4,4,3,443,一般客户
10261068,96,16,1351.0,2,5,5,255,重要保持客户
10262367,85,12,1203.8,2,4,5,245,重要保持客户
10263031,27,65,1327.3,4,5,5,455,重要价值客户
10263329,171,7,261.5,1,4,3,143,重要保持客户
10263768,3,23,1947.9,5,5,5,555,重要价值客户
10263852,146,4,187.9,1,3,2,132,一般客户
10264154,9,25,1284.2,5,5,5,555,重要价值客户
10264280,12,3,2366.0,5,2,5,525,重要发展客户
10265054,65,2,29.0,3,2,1,321,一般客户
10265658,51,25,1636.2,3,5,5,355,重要保持客户
10266137,142,1,59.0,1,1,1,111,一般客户
10267394,148,1,23.8,1,1,1,111,一般客户
10267588,151,1,107.8,1,1,2,112,一般客户
10267869,91,3,89.2,2,2,2,222,一般客户
10268165,89,1,35.0,2,1,1,211,一般客户
10269168,99,2,287.0,2,2,3,223,一般客户
10271030,109,5,366.4,2,3,3,233,一般客户
10272027,203,1,33.6,1,1,1,111,一般客户
10272155,165,1,326.0,1,1,3,113,一般客户
10273194,41,17,616.6,4,5,4,454,重要价值客户
10274187,97,1,26.0,2,1,1,211,一般客户
10274204,137,2,837.0,1,2,4,124,重要挽留客户
10274838,20,5,189.4,4,3,2,432,重要发展客户
10276555,4,30,2145.7,5,5,5,555,重要价值客户
10276734,95,5,569.7,2,3,4,234,重要挽留客户
10277901,49,6,360.1,3,3,3,333,一般客户
10278226,26,15,393.8,4,5,3,453,一般客户
10279444,52,22,2706.3,3,5,5,355,重要保持客户
10279489,84,1,59.6,2,1,1,211,一般客户
10281314,23,5,267.4,4,3,3,433,重要发展客户
10281994,25,1,62.0,4,1,1,411,重要发展客户
10285061,9,1,178.0,5,1,2,512,重要发展客户
10285440,72,3,292.9,3,2,3,323,一般客户
10285566,27,11,494.9,4,4,4,444,重要价值客户
10286663,7,1,189.0,5,1,2,512,重要发展客户
10286802,12,2,121.5,5,2,2,522,重要发展客户
10287127,32,12,408.1,4,4,4,444,重要价值客户
10287278,104,4,146.5,2,3,2,232,一般客户
10289046,123,9,237.8,2,4,3,243,重要保持客户
10290300,71,3,47.300000000000004,3,2,1,321,一般客户
10290382,200,7,269.2,1,4,3,143,重要保持客户
10291161,55,17,653.0,3,5,4,354,重要保持客户
10291859,135,3,642.3,1,2,4,124,重要挽留客户
10292029,7,7,2810.0,5,4,5,545,重要价值客户
10292530,35,29,1163.2,4,5,5,455,重要价值客户
10292959,65,6,444.70000000000005,3,3,4,334,重要挽留客户
10293257,167,1,28.0,1,1,1,111,一般客户
10293628,21,3,200.9,4,2,3,423,重要发展客户
10293874,61,2,48.400000000000006,3,2,1,321,一般客户
10294006,149,1,36.0,1,1,1,111,一般客户
10294127,16,13,1755.72,5,4,5,545,重要价值客户
10295808,158,4,178.4,1,3,2,132,一般客户
10297245,23,44,2139.1,4,5,5,455,重要价值客户
10298100,25,17,2182.5,4,5,5,455,重要价值客户
10298749,5,25,3247.0,5,5,5,555,重要价值客户
10298790,87,8,252.4,2,4,3,243,重要保持客户
10300150,109,22,1154.4,2,5,5,255,重要保持客户
10300488,15,2,568.9,5,2,4,524,重要发展客户
10300687,146,5,114.3,1,3,2,132,一般客户
10301859,48,4,168.0,3,3,2,332,一般客户
10302719,153,2,537.0,1,2,4,124,重要挽留客户
10302798,129,5,180.4,2,3,2,232,一般客户
10303074,139,9,675.1,1,4,4,144,重要保持客户
10303379,41,4,810.8,4,3,4,434,重要发展客户
10304135,47,9,996.7,3,4,5,345,重要保持客户
10304610,27,19,7068.1,4,5,5,455,重要价值客户
10305294,47,2,55.0,3,2,1,321,一般客户
10306081,111,2,78.5,2,2,1,221,一般客户
10306242,48,12,507.5,3,4,4,344,重要保持客户
10306380,157,5,373.9,1,3,3,133,一般客户
10306421,177,1,99.0,1,1,2,112,一般客户
10306464,48,17,188.7,3,5,2,352,重要保持客户
10306656,13,14,2322.2000000000003,5,5,5,555,重要价值客户
10306949,112,8,252.8,2,4,3,243,重要保持客户
10307350,61,1,49.9,3,1,1,311,一般客户
10307495,39,5,40.1,4,3,1,431,重要发展客户
10307636,69,3,2031.2,3,2,5,325,重要挽留客户
10307920,107,4,99.0,2,3,2,232,一般客户
10308069,7,16,1043.3,5,5,5,555,重要价值客户
10308494,134,1,35.0,1,1,1,111,一般客户
10308708,77,7,354.8,3,4,3,343,重要保持客户
10309172,13,35,4627.3,5,5,5,555,重要价值客户
10309195,168,9,52.8,1,4,1,141,重要保持客户
10309396,122,1,19.8,2,1,1,211,一般客户
10309490,86,9,781.2,2,4,4,244,重要保持客户
10311063,34,3,153.60000000000002,4,2,2,422,重要发展客户
10311283,53,6,2092.9,3,3,5,335,重要挽留客户
10311352,177,2,69.0,1,2,1,121,一般客户
10311664,49,4,7865.5,3,3,5,335,重要挽留客户
10312591,31,4,871.0,4,3,4,434,重要发展客户
10315620,62,1,5.9,3,1,1,311,一般客户
10316995,157,2,217.9,1,2,3,123,一般客户
10320743,140,3,192.0,1,2,2,122,一般客户
10322002,156,7,86.69999999999999,1,4,1,141,重要保持客户
10322094,91,2,66.5,2,2,1,221,一般客户
10322351,108,5,252.0,2,3,3,233,一般客户
10323208,63,7,479.1,3,4,4,344,重要保持客户
10324693,129,2,563.0,2,2,4,224,重要挽留客户
10324962,14,17,1030.1,5,5,5,555,重要价值客户
10326182,111,1,19.8,2,1,1,211,一般客户
10326368,17,41,3268.7,5,5,5,555,重要价值客户
10326589,61,35,1314.3999999999999,3,5,5,355,重要保持客户
10328582,60,5,395.0,3,3,3,333,一般客户
10328914,40,4,226.0,4,3,3,433,重要发展客户
10329696,201,2,118.0,1,2,2,122,一般客户
10331316,93,6,337.8,2,3,3,233,一般客户
10331428,108,16,631.5,2,5,4,254,重要保持客户
10332254,172,2,310.0,1,2,3,123,一般客户
10332321,205,9,116.6,1,4,2,142,重要保持客户
10332890,130,1,188.0,2,1,2,212,一般客户
10333255,14,39,6278.4,5,5,5,555,重要价值客户
10333482,142,2,48.9,1,2,1,121,一般客户
10334648,47,22,2365.1,3,5,5,355,重要保持客户
10334806,137,2,47.0,1,2,1,121,一般客户
10335545,194,2,134.0,1,2,2,122,一般客户
10335724,74,6,222.0,3,3,3,333,一般客户
10335741,10,19,3877.8,5,5,5,555,重要价值客户
10336099,45,5,160.0,3,3,2,332,一般客户
10336519,22,20,833.3,4,5,4,454,重要价值客户
10337933,144,1,95.0,1,1,2,112,一般客户
10338379,19,6,119.8,4,3,2,432,重要发展客户
10338597,23,9,479.2,4,4,4,444,重要价值客户
10338648,9,26,3538.8,5,5,5,555,重要价值客户
10339274,69,1,29.0,3,1,1,311,一般客户
10339407,146,2,143.1,1,2,2,122,一般客户
10339594,125,2,428.8,2,2,4,224,重要挽留客户
10340140,29,36,6586.0,4,5,5,455,重要价值客户
10340159,7,17,333.2,5,5,3,553,一般客户
10340454,2,6,1310.1,5,3,5,535,重要发展客户
10341534,24,2,61.6,4,2,1,421,重要发展客户
10342486,59,2,435.9,3,2,4,324,重要挽留客户
10344894,30,39,3192.4,4,5,5,455,重要价值客户
10344921,19,11,3035.2,4,4,5,445,重要价值客户
10347636,53,1,52.0,3,1,1,311,一般客户
10348124,78,9,377.40000000000003,2,4,3,243,重要保持客户
10350631,39,1,103.0,4,1,2,412,重要发展客户
10352026,52,3,285.9,3,2,3,323,一般客户
10352211,4,1,20.0,5,1,1,511,重要发展客户
10352679,35,1,24.5,4,1,1,411,重要发展客户
10353027,5,75,6133.5,5,5,5,555,重要价值客户
10353347,94,12,1715.9,2,4,5,245,重要保持客户
10353449,170,8,166.5,1,4,2,142,重要保持客户
10353521,40,3,48.1,4,2,1,421,重要发展客户
10354034,26,1,48.0,4,1,1,411,重要发展客户
10354136,111,1,75.2,2,1,1,211,一般客户
10354187,132,7,380.9,2,4,3,243,重要保持客户
10354612,31,22,1017.6,4,5,5,455,重要价值客户
10355795,203,1,108.0,1,1,2,112,一般客户
10355968,21,1,130.8,4,1,2,412,重要发展客户
10356367,145,2,84.8,1,2,1,121,一般客户
10358724,149,1,119.6,1,1,2,112,一般客户
10358777,119,6,318.7,2,3,3,233,一般客户
10360263,11,4,222.1,5,3,3,533,重要发展客户
10360869,81,2,89.0,2,2,2,222,一般客户
10361098,49,3,201.7,3,2,3,323,一般客户
10362265,61,10,352.7,3,4,3,343,重要保持客户
10367307,84,13,350.4,2,4,3,243,重要保持客户
10367469,79,11,322.6,2,4,3,243,重要保持客户
10367545,66,7,205.0,3,4,3,343,重要保持客户
10368210,14,15,4835.5,5,5,5,555,重要价值客户
10371557,34,3,68.8,4,2,1,421,重要发展客户
10371569,20,16,2077.4,4,5,5,455,重要价值客户
10372288,124,1,8.8,2,1,1,211,一般客户
10372479,189,2,233.9,1,2,3,123,一般客户
10373114,82,3,84.9,2,2,1,221,一般客户
10373442,89,12,535.8,2,4,4,244,重要保持客户
10373609,154,15,1475.3,1,5,5,155,重要保持客户
10374676,23,49,7756.1,4,5,5,455,重要价值客户
10375790,85,2,30.3,2,2,1,221,一般客户
10376692,160,2,376.0,1,2,3,123,一般客户
10378429,5,16,1079.9,5,5,5,555,重要价值客户
10378899,158,5,1761.0,1,3,5,135,重要挽留客户
10380144,107,4,128.0,2,3,2,232,一般客户
10380832,73,13,606.1,3,4,4,344,重要保持客户
10381129,90,22,1306.9,2,5,5,255,重要保持客户
10381259,93,1,56.8,2,1,1,211,一般客户
10381770,194,3,37.8,1,2,1,121,一般客户
10381902,130,1,28.8,2,1,1,211,一般客户
10385311,61,60,2597.1,3,5,5,355,重要保持客户
10385564,176,3,1267.9,1,2,5,125,重要挽留客户
10388886,81,7,267.5,2,4,3,243,重要保持客户
10389561,19,7,467.6,4,4,4,444,重要价值客户
10389705,6,31,3103.2,5,5,5,555,重要价值客户
10390337,5,31,1243.2,5,5,5,555,重要价值客户
10391625,26,12,581.7,4,4,4,444,重要价值客户
10392601,84,10,409.1,2,4,4,244,重要保持客户
10393327,24,21,2097.5,4,5,5,455,重要价值客户
10393335,3,18,764.0,5,5,4,554,重要价值客户
10393698,138,2,1290.5,1,2,5,125,重要挽留客户
10394389,195,1,128.0,1,1,2,112,一般客户
10394400,145,1,26.5,1,1,1,111,一般客户
10395950,90,1,139.0,2,1,2,212,一般客户
10396196,4,2,118.0,5,2,2,522,重要发展客户
10398466,50,2,148.0,3,2,2,322,一般客户
10398868,36,12,631.6,4,4,4,444,重要价值客户
10399059,61,10,517.9,3,4,4,344,重要保持客户
10399189,12,59,5343.9,5,5,5,555,重要价值客户
10399562,110,1,16.0,2,1,1,211,一般客户
10399648,22,2,166.0,4,2,2,422,重要发展客户
10399704,33,5,522.4,4,3,4,434,重要发展客户
10400196,23,2,54.4,4,2,1,421,重要发展客户
10400313,200,1,29.9,1,1,1,111,一般客户
10400717,8,9,284.5,5,4,3,543,一般客户
10401439,6,28,1059.0,5,5,5,555,重要价值客户
10402511,202,2,173.5,1,2,2,122,一般客户
10404081,43,6,193.8,4,3,2,432,重要发展客户
10405276,17,14,791.8,5,5,4,554,重要价值客户
10405377,70,1,12.5,3,1,1,311,一般客户
10405548,100,5,175.0,2,3,2,232,一般客户
10406403,119,1,49.0,2,1,1,211,一般客户
10407784,8,16,2955.1,5,5,5,555,重要价值客户
10408657,64,19,4218.7,3,5,5,355,重要保持客户
10409190,33,1,175.2,4,1,2,412,重要发展客户
10410208,117,3,83.8,2,2,1,221,一般客户
10410923,102,3,88.5,2,2,2,222,一般客户
10412219,17,34,2668.4,5,5,5,555,重要价值客户
10413504,6,23,4750.0,5,5,5,555,重要价值客户
10415304,153,1,85.6,1,1,1,111,一般客户
10415448,97,1,88.0,2,1,1,211,一般客户
10415495,47,17,932.5,3,5,4,354,重要保持客户
10418781,34,3,897.0,4,2,4,424,重要发展客户
10422411,122,9,449.4,2,4,4,244,重要保持客户
10422713,190,1,398.1,1,1,3,113,一般客户
10423145,131,7,213.6,2,4,3,243,重要保持客户
10424582,4,29,4240.7,5,5,5,555,重要价值客户
10425736,10,23,923.7,5,5,4,554,重要价值客户
10425954,48,2,39.0,3,2,1,321,一般客户
10426635,124,1,129.0,2,1,2,212,一般客户
10427330,56,6,2490.2,3,3,5,335,重要挽留客户
10427375,21,52,6448.3,4,5,5,455,重要价值客户
10428077,33,4,680.4,4,3,4,434,重要发展客户
10428169,23,34,3773.3,4,5,5,455,重要价值客户
10428450,45,4,235.1,3,3,3,333,一般客户
10429684,187,1,268.0,1,1,3,113,一般客户
10430791,131,3,35.2,2,2,1,221,一般客户
10430906,9,23,2071.4,5,5,5,555,重要价值客户
10430954,36,8,494.5,4,4,4,444,重要价值客户
10432756,2,32,3030.3,5,5,5,555,重要价值客户
10433601,4,30,1914.9,5,5,5,555,重要价值客户
10433668,20,25,901.3,4,5,4,454,重要价值客户
10434490,25,11,382.2,4,4,3,443,一般客户
10434749,64,4,143.0,3,3,2,332,一般客户
10435841,10,1,98.9,5,1,2,512,重要发展客户
10435876,11,35,2295.1,5,5,5,555,重要价值客户
10437564,17,1,59.9,5,1,1,511,重要发展客户
10438985,202,6,96.8,1,3,2,132,一般客户
10439496,2,9,364.7,5,4,3,543,一般客户
10439958,54,4,140.1,3,3,2,332,一般客户
10440414,30,17,1831.6,4,5,5,455,重要价值客户
10441671,13,3,316.0,5,2,3,523,重要发展客户
10441724,68,3,121.8,3,2,2,322,一般客户
10442815,51,13,510.3,3,4,4,344,重要保持客户
10442991,1,14,622.9,5,5,4,554,重要价值客户
10443171,5,12,1197.0,5,4,5,545,重要价值客户
10443775,132,3,156.0,2,2,2,222,一般客户
10443985,71,12,520.5,3,4,4,344,重要保持客户
10444217,112,3,390.0,2,2,3,223,一般客户
10444497,7,15,861.8,5,5,4,554,重要价值客户
10444527,1,118,4092.3,5,5,5,555,重要价值客户
10444620,75,5,179.8,3,3,2,332,一般客户
10444689,51,2,80.8,3,2,1,321,一般客户
10445159,31,2,41.1,4,2,1,421,重要发展客户
10451312,75,6,235.3,3,3,3,333,一般客户
10456020,194,3,2467.4,1,2,5,125,重要挽留客户
10458978,201,2,83.5,1,2,1,121,一般客户
10459782,97,4,69.9,2,3,1,231,一般客户
10460449,21,52,6540.9,4,5,5,455,重要价值客户
10460995,7,7,938.9,5,4,4,544,重要价值客户
10461029,104,19,584.1,2,5,4,254,重要保持客户
10461104,59,4,53.199999999999996,3,3,1,331,一般客户
10461594,57,6,315.7,3,3,3,333,一般客户
10461719,61,3,187.0,3,2,2,322,一般客户
10462393,51,12,1005.7,3,4,5,345,重要保持客户
10463503,32,3,81.3,4,2,1,421,重要发展客户
10463532,53,7,448.4,3,4,4,344,重要保持客户
10464042,102,8,624.2,2,4,4,244,重要保持客户
10467008,110,3,515.5,2,2,4,224,重要挽留客户
10467187,181,1,149.7,1,1,2,112,一般客户
10467775,113,3,103.8,2,2,2,222,一般客户
10468026,108,9,455.5,2,4,4,244,重要保持客户
10468055,67,5,606.0,3,3,4,334,重要挽留客户
10468208,98,6,725.2,2,3,4,234,重要挽留客户
10468349,16,44,1824.53,5,5,5,555,重要价值客户
10469298,33,21,4187.3,4,5,5,455,重要价值客户
10480578,91,10,1546.9,2,4,5,245,重要保持客户
10489113,48,6,269.5,3,3,3,333,一般客户
10493310,56,1,17.9,3,1,1,311,一般客户
10494843,65,15,740.5,3,5,4,354,重要保持客户
10495387,5,30,1615.5,5,5,5,555,重要价值客户
10501086,63,13,521.9,3,4,4,344,重要保持客户
10501166,33,62,3817.7000000000003,4,5,5,455,重要价值客户
10502650,17,52,2429.2,5,5,5,555,重要价值客户
10503228,52,1,39.9,3,1,1,311,一般客户
10503615,41,3,371.5,4,2,3,423,重要发展客户
10504441,39,5,430.6,4,3,4,434,重要发展客户
10504746,31,19,1902.5,4,5,5,455,重要价值客户
10505165,38,11,1240.1,4,4,5,445,重要价值客户
10505213,50,3,96.4,3,2,2,322,一般客户
10505569,4,12,421.3,5,4,4,544,重要价值客户
10506842,14,15,643.9,5,5,4,554,重要价值客户
10506887,131,4,658.0,2,3,4,234,重要挽留客户
10506993,83,11,398.5,2,4,3,243,重要保持客户
10507966,25,13,564.3,4,4,4,444,重要价值客户
10510875,64,9,645.0,3,4,4,344,重要保持客户
10510990,19,8,2532.0,4,4,5,445,重要价值客户
10512958,178,3,334.79999999999995,1,2,3,123,一般客户
10513516,88,6,3224.6,2,3,5,235,重要挽留客户
10514372,7,15,2692.0,5,5,5,555,重要价值客户
10515763,53,4,155.1,3,3,2,332,一般客户
10516158,11,15,701.5,5,5,4,554,重要价值客户
10516544,74,10,362.2,3,4,3,343,重要保持客户
10517759,117,4,208.9,2,3,3,233,一般客户
10518229,27,18,6824.7,4,5,5,455,重要价值客户
10518449,106,1,399.0,2,1,3,213,一般客户
10523026,1,23,1228.5,5,5,5,555,重要价值客户
10525272,78,18,677.8,2,5,4,254,重要保持客户
10526741,1,8,336.1,5,4,3,543,一般客户
10527640,26,10,242.7,4,4,3,443,一般客户
10527946,54,7,584.6,3,4,4,344,重要保持客户
10533246,34,27,1973.7,4,5,5,455,重要价值客户
10533436,45,18,624.0,3,5,4,354,重要保持客户
10533763,202,3,74.80000000000001,1,2,1,121,一般客户
10533924,8,37,2086.2,5,5,5,555,重要价值客户
10534140,115,3,227.5,2,2,3,223,一般客户
10537634,21,7,7782.0,4,4,5,445,重要价值客户
10537864,20,1,19.9,4,1,1,411,重要发展客户
10538570,44,1,72.8,3,1,1,311,一般客户
10538954,145,1,59.0,1,1,1,111,一般客户
10539408,53,14,649.5,3,5,4,354,重要保持客户
10543305,2,34,2039.5,5,5,5,555,重要价值客户
10543636,57,7,419.9,3,4,4,344,重要保持客户
10543750,6,14,616.6,5,5,4,554,重要价值客户
10543925,82,1,178.0,2,1,2,212,一般客户
10544053,23,1,664.0,4,1,4,414,重要发展客户
10544623,3,32,1039.6,5,5,5,555,重要价值客户
10544681,74,6,291.0,3,3,3,333,一般客户
10544860,31,3,138.5,4,2,2,422,重要发展客户
10544866,8,15,633.4,5,5,4,554,重要价值客户
10545455,36,18,651.6,4,5,4,454,重要价值客户
10545533,13,16,1741.6,5,5,5,555,重要价值客户
10547591,182,3,315.9,1,2,3,123,一般客户
10547964,125,6,640.8,2,3,4,234,重要挽留客户
10548012,35,5,83.7,4,3,1,431,重要发展客户
10551037,39,11,1129.3,4,4,5,445,重要价值客户
10551054,54,1,49.0,3,1,1,311,一般客户
10551070,59,17,702.2,3,5,4,354,重要保持客户
10551682,126,5,122.5,2,3,2,232,一般客户
10552702,18,21,3124.5,5,5,5,555,重要价值客户
10552851,26,12,1415.1,4,4,5,445,重要价值客户
10553150,128,2,128.9,2,2,2,222,一般客户
10553272,5,7,303.8,5,4,3,543,一般客户
10554630,5,60,2702.1,5,5,5,555,重要价值客户
10554799,67,1,26.0,3,1,1,311,一般客户
10555249,19,39,2609.4,4,5,5,455,重要价值客户
10555343,37,4,294.5,4,3,3,433,重要发展客户
10556160,28,7,266.3,4,4,3,443,一般客户
10557015,152,2,555.0,1,2,4,124,重要挽留客户
10557176,4,11,1952.1999999999998,5,4,5,545,重要价值客户
10557399,17,7,255.3,5,4,3,543,一般客户
10557628,41,6,761.9,4,3,4,434,重要发展客户
10558472,51,11,1160.2,3,4,5,345,重要保持客户
10558543,28,7,93.1,4,4,2,442,一般客户
10558670,34,32,874.22,4,5,4,454,重要价值客户
10558833,50,5,134.4,3,3,2,332,一般客户
10559084,46,3,140.0,3,2,2,322,一般客户
10559911,52,42,7120.4,3,5,5,355,重要保持客户
10560983,71,5,890.0,3,3,4,334,重要挽留客户
10562143,22,6,145.89999999999998,4,3,2,432,重要发展客户
10562775,142,1,196.0,1,1,2,112,一般客户
10565610,56,26,1328.1,3,5,5,355,重要保持客户
10566771,15,62,1927.9,5,5,5,555,重要价值客户
10566876,179,1,27.0,1,1,1,111,一般客户
10567859,81,1,4.8,2,1,1,211,一般客户
10567981,75,5,293.6,3,3,3,333,一般客户
10568941,115,18,1413.3,2,5,5,255,重要保持客户
10569900,83,4,277.8,2,3,3,233,一般客户
10571049,82,7,87.0,2,4,1,241,重要保持客户
10571071,24,6,542.7,4,3,4,434,重要发展客户
10571922,40,17,456.4,4,5,4,454,重要价值客户
10573090,61,15,592.2,3,5,4,354,重要保持客户
10573607,140,1,868.8,1,1,4,114,重要挽留客户
10573832,146,2,327.0,1,2,3,123,一般客户
10574239,105,1,19.0,2,1,1,211,一般客户
10575174,72,18,823.4,3,5,4,354,重要保持客户
10575363,178,2,327.0,1,2,3,123,一般客户
10575787,143,1,10.8,1,1,1,111,一般客户
10575989,45,18,1076.7,3,5,5,355,重要保持客户
10576072,20,48,6436.4,4,5,5,455,重要价值客户
10576262,159,1,36.8,1,1,1,111,一般客户
10576648,9,8,1368.3,5,4,5,545,重要价值客户
10577586,122,2,160.3,2,2,2,222,一般客户
10578112,18,60,6446.799999999999,5,5,5,555,重要价值客户
10578645,7,3,79.9,5,2,1,521,重要发展客户
10578801,21,11,639.9,4,4,4,444,重要价值客户
10579011,56,3,196.9,3,2,2,322,一般客户
10579662,4,7,223.89999999999998,5,4,3,543,一般客户
10580274,11,1,266.0,5,1,3,513,重要发展客户
10581173,7,19,1707.6,5,5,5,555,重要价值客户
10582343,134,1,19.0,1,1,1,111,一般客户
10584122,108,2,227.0,2,2,3,223,一般客户
10584325,6,29,2513.5,5,5,5,555,重要价值客户
10584919,2,49,2022.5,5,5,5,555,重要价值客户
10587084,5,20,502.7,5,5,4,554,重要价值客户
10587149,69,1,29.9,3,1,1,311,一般客户
10587242,165,1,179.0,1,1,2,112,一般客户
10588977,139,3,130.8,1,2,2,122,一般客户
10590034,5,21,405.1,5,5,3,553,一般客户
10590102,54,2,111.6,3,2,2,322,一般客户
10590237,16,11,2087.2,5,4,5,545,重要价值客户
10591846,28,4,155.5,4,3,2,432,重要发展客户
10592762,162,1,13.5,1,1,1,111,一般客户
10593237,123,3,232.0,2,2,3,223,一般客户
10593815,175,1,149.0,1,1,2,112,一般客户
10594591,140,1,19.6,1,1,1,111,一般客户
10595484,196,2,115.9,1,2,2,122,一般客户
10596027,61,8,1128.3,3,4,5,345,重要保持客户
10596032,41,54,4451.9,4,5,5,455,重要价值客户
10596349,155,4,140.0,1,3,2,132,一般客户
10596377,12,16,1205.0,5,5,5,555,重要价值客户
10596667,125,2,112.30000000000001,2,2,2,222,一般客户
10597319,7,3,99.0,5,2,2,522,重要发展客户
10597417,44,17,425.5,3,5,4,354,重要保持客户
10597764,12,32,1720.8,5,5,5,555,重要价值客户
10599310,54,4,1113.8,3,3,5,335,重要挽留客户
10602755,1,8,267.6,5,4,3,543,一般客户
10602767,191,3,186.4,1,2,2,122,一般客户
10604334,3,15,1157.9,5,5,5,555,重要价值客户
10604470,4,10,318.3,5,4,3,543,一般客户
10604680,54,8,2439.2,3,4,5,345,重要保持客户
10605046,104,3,233.0,2,2,3,223,一般客户
10605293,19,14,1631.7,4,5,5,455,重要价值客户
10605299,11,58,2696.42,5,5,5,555,重要价值客户
10605496,154,6,191.4,1,3,2,132,一般客户
10606300,49,11,1184.4,3,4,5,345,重要保持客户
10607050,33,5,208.3,4,3,3,433,重要发展客户
10607200,166,3,417.0,1,2,4,124,重要挽留客户
10608333,42,9,459.9,4,4,4,444,重要价值客户
10609631,119,3,70.9,2,2,1,221,一般客户
10609814,112,1,32.8,2,1,1,211,一般客户
10611280,96,3,133.5,2,2,2,222,一般客户
10612207,47,1,71.0,3,1,1,311,一般客户
10612738,22,17,800.4,4,5,4,454,重要价值客户
10613697,20,31,1072.3,4,5,5,455,重要价值客户
10614003,41,11,145.6,4,4,2,442,一般客户
10614786,179,2,39.8,1,2,1,121,一般客户
10615336,6,8,397.1,5,4,3,543,一般客户
10615432,150,9,3409.5,1,4,5,145,重要保持客户
10615622,51,7,825.5,3,4,4,344,重要保持客户
10615856,41,29,2206.7,4,5,5,455,重要价值客户
10616530,51,11,532.9,3,4,4,344,重要保持客户
10617850,6,8,3836.8999999999996,5,4,5,545,重要价值客户
10617896,76,4,776.0,3,3,4,334,重要挽留客户
10620405,105,2,296.0,2,2,3,223,一般客户
10620871,63,1,69.0,3,1,1,311,一般客户
10621439,36,6,291.5,4,3,3,433,重要发展客户
10621864,3,13,1762.2,5,4,5,545,重要价值客户
10621932,35,4,59.2,4,3,1,431,重要发展客户
10622295,76,12,5192.9,3,4,5,345,重要保持客户
10623098,114,6,1172.0,2,3,5,235,重要挽留客户
10624032,86,8,251.4,2,4,3,243,重要保持客户
10624160,191,1,159.0,1,1,2,112,一般客户
10625323,9,3,208.8,5,2,3,523,重要发展客户
10625330,30,5,416.5,4,3,4,434,重要发展客户
10625703,185,2,52.0,1,2,1,121,一般客户
10626028,125,11,549.3,2,4,4,244,重要保持客户
10626080,106,4,70.1,2,3,1,231,一般客户
10626158,70,3,81.2,3,2,1,321,一般客户
10626397,140,2,167.0,1,2,2,122,一般客户
10626980,9,9,230.0,5,4,3,543,一般客户
10628160,20,31,2400.2999999999997,4,5,5,455,重要价值客户
10628385,15,6,293.6,5,3,3,533,重要发展客户
10629574,189,1,25.0,1,1,1,111,一般客户
10629895,159,5,604.9,1,3,4,134,重要挽留客户
10630768,64,6,394.0,3,3,3,333,一般客户
10630906,184,2,82.0,1,2,1,121,一般客户
10631074,7,25,1049.0,5,5,5,555,重要价值客户
10631252,11,6,113.5,5,3,2,532,重要发展客户
10631731,7,54,7854.5,5,5,5,555,重要价值客户
10632129,4,45,1876.5,5,5,5,555,重要价值客户
10632607,138,3,373.8,1,2,3,123,一般客户
10634953,136,7,663.1,1,4,4,144,重要保持客户
10635904,2,27,958.8,5,5,5,555,重要价值客户
10636524,47,2,62.5,3,2,1,321,一般客户
10637381,31,2,338.0,4,2,3,423,重要发展客户
10638170,121,6,378.8,2,3,3,233,一般客户
10638690,116,2,66.5,2,2,1,221,一般客户
10639674,107,1,31.5,2,1,1,211,一般客户
10640927,54,9,232.7,3,4,3,343,重要保持客户
10641066,48,2,118.80000000000001,3,2,2,322,一般客户
10641243,18,44,3395.0,5,5,5,555,重要价值客户
10642329,99,4,198.7,2,3,3,233,一般客户
10643022,180,4,363.0,1,3,3,133,一般客户
10643081,14,35,5407.1,5,5,5,555,重要价值客户
10643972,5,88,1803.3999999999999,5,5,5,555,重要价值客户
10646322,180,2,179.0,1,2,2,122,一般客户
10647278,7,16,737.7,5,5,4,554,重要价值客户
10649205,25,12,2179.9,4,4,5,445,重要价值客户
10649765,46,23,1459.2,3,5,5,355,重要保持客户
10650127,5,4,141.3,5,3,2,532,重要发展客户
10650859,162,5,304.4,1,3,3,133,一般客户
10651258,59,2,108.0,3,2,2,322,一般客户
10652147,10,14,690.4,5,5,4,554,重要价值客户
10655033,174,4,4183.0,1,3,5,135,重要挽留客户
10655836,41,3,1150.7,4,2,5,425,重要发展客户
10656074,31,1,170.0,4,1,2,412,重要发展客户
10657165,63,7,444.0,3,4,4,344,重要保持客户
10658346,80,2,184.0,2,2,2,222,一般客户
10659354,184,1,25.8,1,1,1,111,一般客户
10659365,4,1,436.0,5,1,4,514,重要发展客户
10659563,180,3,196.5,1,2,2,122,一般客户
10659592,9,16,3047.1,5,5,5,555,重要价值客户
10659608,55,20,2148.3,3,5,5,355,重要保持客户
10659905,40,12,532.8,4,4,4,444,重要价值客户
10660425,58,2,266.0,3,2,3,323,一般客户
10661453,1,1,148.0,5,1,2,512,重要发展客户
10662306,18,29,2770.6,5,5,5,555,重要价值客户
10663070,64,5,209.3,3,3,3,333,一般客户
10663479,13,10,299.2,5,4,3,543,一般客户
10666616,49,12,401.59999999999997,3,4,3,343,重要保持客户
10667477,133,1,28.0,1,1,1,111,一般客户
10668713,197,1,35.0,1,1,1,111,一般客户
10669255,118,2,120.9,2,2,2,222,一般客户
10670656,93,5,122.0,2,3,2,232,一般客户
10672380,75,13,2723.0,3,4,5,345,重要保持客户
10672437,8,28,1357.0,5,5,5,555,重要价值客户
10672664,62,6,1696.4,3,3,5,335,重要挽留客户
10672803,94,4,265.3,2,3,3,233,一般客户
10674536,134,2,114.9,1,2,2,122,一般客户
10674693,3,21,1088.6,5,5,5,555,重要价值客户
10675980,172,7,293.8,1,4,3,143,重要保持客户
10676660,11,38,1348.7,5,5,5,555,重要价值客户
10676666,54,2,44.4,3,2,1,321,一般客户
10677714,64,11,635.0,3,4,4,344,重要保持客户
10678315,115,21,957.72,2,5,5,255,重要保持客户
10678984,16,6,74.5,5,3,1,531,重要发展客户
10679549,29,1,29.9,4,1,1,411,重要发展客户
10679961,26,32,1414.2,4,5,5,455,重要价值客户
10681089,144,7,209.1,1,4,3,143,重要保持客户
10681655,125,6,469.4,2,3,4,234,重要挽留客户
10682486,53,7,301.9,3,4,3,343,重要保持客户
10682491,27,14,877.5,4,5,4,454,重要价值客户
10682835,24,1,51.0,4,1,1,411,重要发展客户
10685524,26,3,195.5,4,2,2,422,重要发展客户
10685614,27,20,696.5,4,5,4,454,重要价值客户
10685857,28,4,862.0,4,3,4,434,重要发展客户
10686826,114,2,11.8,2,2,1,221,一般客户
10687553,4,7,261.7,5,4,3,543,一般客户
10688551,122,3,825.7,2,2,4,224,重要挽留客户
10689474,107,13,653.5,2,4,4,244,重要保持客户
10689776,75,6,302.8,3,3,3,333,一般客户
10690547,35,39,1971.5,4,5,5,455,重要价值客户
10691002,47,18,847.7,3,5,4,354,重要保持客户
10691311,24,40,5459.1,4,5,5,455,重要价值客户
10691826,152,2,53.6,1,2,1,121,一般客户
10692556,20,8,1228.2,4,4,5,445,重要价值客户
10692790,63,13,415.5,3,4,4,344,重要保持客户
10694215,107,2,113.2,2,2,2,222,一般客户
10695130,205,2,49.099999999999994,1,2,1,121,一般客户
10696001,85,2,9.6,2,2,1,221,一般客户
10696654,70,2,80.0,3,2,1,321,一般客户
10697257,78,10,526.6,2,4,4,244,重要保持客户
10698074,10,15,551.6,5,5,4,554,重要价值客户
10698221,9,13,584.6,5,4,4,544,重要价值客户
10698250,29,1,208.0,4,1,3,413,重要发展客户
10698933,19,9,446.3,4,4,4,444,重要价值客户
10699062,98,2,72.8,2,2,1,221,一般客户
10700296,38,8,222.6,4,4,3,443,一般客户
10700954,18,11,467.1,5,4,4,544,重要价值客户
10700961,6,52,3875.2,5,5,5,555,重要价值客户
10701111,1,122,8530.7,5,5,5,555,重要价值客户
10701353,99,16,674.9,2,5,4,254,重要保持客户
10701459,14,29,4269.3,5,5,5,555,重要价值客户
10701663,99,2,496.0,2,2,4,224,重要挽留客户
10701802,17,49,5337.0,5,5,5,555,重要价值客户
10702735,69,3,85.3,3,2,1,321,一般客户
10702886,111,5,1193.7,2,3,5,235,重要挽留客户
10703960,182,1,68.0,1,1,1,111,一般客户
10704142,41,5,311.0,4,3,3,433,重要发展客户
10705625,39,1,21.9,4,1,1,411,重要发展客户
10714010,36,14,876.6,4,5,4,454,重要价值客户
10714341,133,13,494.8,1,4,4,144,重要保持客户
10714750,180,1,168.0,1,1,2,112,一般客户
10715092,181,2,782.0,1,2,4,124,重要挽留客户
10715990,26,21,1951.0,4,5,5,455,重要价值客户
10720009,59,11,408.2,3,4,4,344,重要保持客户
10720202,130,1,226.0,2,1,3,213,一般客户
10721239,116,1,22.0,2,1,1,211,一般客户
10721640,180,1,17.9,1,1,1,111,一般客户
10721878,6,4,96.0,5,3,2,532,重要发展客户
10722789,13,10,454.5,5,4,4,544,重要价值客户
10723471,25,18,1733.2,4,5,5,455,重要价值客户
10724135,161,5,286.8,1,3,3,133,一般客户
10725433,20,32,7135.6,4,5,5,455,重要价值客户
10725797,143,11,661.0,1,4,4,144,重要保持客户
10725827,89,18,822.2,2,5,4,254,重要保持客户
10726243,57,2,68.9,3,2,1,321,一般客户
10727347,5,1,158.0,5,1,2,512,重要发展客户
10728461,31,8,249.1,4,4,3,443,一般客户
10728641,70,4,1141.5,3,3,5,335,重要挽留客户
10729631,24,30,2680.2,4,5,5,455,重要价值客户
10730341,5,7,246.8,5,4,3,543,一般客户
10730505,112,4,155.7,2,3,2,232,一般客户
10731388,9,51,3824.6,5,5,5,555,重要价值客户
10731508,156,2,492.5,1,2,4,124,重要挽留客户
10731599,133,1,14.9,1,1,1,111,一般客户
10733537,53,44,2517.5,3,5,5,355,重要保持客户
10733708,86,2,82.8,2,2,1,221,一般客户
10733790,67,42,5975.7,3,5,5,355,重要保持客户
10734437,30,17,1297.4,4,5,5,455,重要价值客户
10737395,12,6,229.7,5,3,3,533,重要发展客户
10738416,72,4,150.0,3,3,2,332,一般客户
10738489,63,9,571.3,3,4,4,344,重要保持客户
10739388,32,14,398.7,4,5,3,453,一般客户
10740166,21,1,89.0,4,1,2,412,重要发展客户
10740771,9,19,900.1,5,5,4,554,重要价值客户
10741574,52,20,762.6,3,5,4,354,重要保持客户
10741606,177,7,301.7,1,4,3,143,重要保持客户
10743141,6,12,2412.8,5,4,5,545,重要价值客户
10743454,103,2,168.0,2,2,2,222,一般客户
10747271,44,4,201.0,3,3,3,333,一般客户
10748236,133,4,184.6,1,3,2,132,一般客户
10750339,190,6,257.6,1,3,3,133,一般客户
10751024,3,1,12.0,5,1,1,511,重要发展客户
10751566,40,31,3437.7,4,5,5,455,重要价值客户
10752757,39,7,837.9,4,4,4,444,重要价值客户
10753097,111,12,671.5,2,4,4,244,重要保持客户
10753267,8,75,2324.2,5,5,5,555,重要价值客户
10755145,80,7,631.0,2,4,4,244,重要保持客户
10755635,115,7,301.5,2,4,3,243,重要保持客户
10756254,113,4,286.0,2,3,3,233,一般客户
10756402,194,1,12.8,1,1,1,111,一般客户
10756623,185,2,72.0,1,2,1,121,一般客户
10756939,17,7,206.4,5,4,3,543,一般客户
10758766,46,3,115.3,3,2,2,322,一般客户
10759464,3,76,4446.3,5,5,5,555,重要价值客户
10759622,108,1,49.0,2,1,1,211,一般客户
10759826,19,18,1127.5,4,5,5,455,重要价值客户
10760297,50,2,89.6,3,2,2,322,一般客户
10761522,23,19,1068.3,4,5,5,455,重要价值客户
10761680,88,2,35.5,2,2,1,221,一般客户
10761746,56,1,2059.0,3,1,5,315,重要挽留客户
10762553,61,4,590.8,3,3,4,334,重要挽留客户
10762589,79,1,29.0,2,1,1,211,一般客户
10764674,112,1,102.6,2,1,2,212,一般客户
10764908,5,20,3689.9,5,5,5,555,重要价值客户
10765162,87,1,40.5,2,1,1,211,一般客户
10767235,205,1,416.0,1,1,4,114,重要挽留客户
10767584,126,1,33.0,2,1,1,211,一般客户
10767929,85,2,337.9,2,2,3,223,一般客户
10768752,48,13,222.4,3,4,3,343,重要保持客户
10768843,39,2,68.8,4,2,1,421,重要发展客户
10769355,183,1,45.0,1,1,1,111,一般客户
10770714,181,2,129.0,1,2,2,122,一般客户
10771400,4,17,1278.8999999999999,5,5,5,555,重要价值客户
10772063,64,7,326.6,3,4,3,343,重要保持客户
10773643,15,73,8255.7,5,5,5,555,重要价值客户
10773806,53,4,168.0,3,3,2,332,一般客户
10774022,105,4,78.0,2,3,1,231,一般客户
10774430,68,1,69.0,3,1,1,311,一般客户
10775033,109,5,384.1,2,3,3,233,一般客户
10775975,33,3,72.3,4,2,1,421,重要发展客户
10779624,60,4,194.8,3,3,2,332,一般客户
10780165,203,1,36.0,1,1,1,111,一般客户
10782441,21,21,698.5,4,5,4,454,重要价值客户
10782769,3,8,391.2,5,4,3,543,一般客户
10782781,123,5,127.4,2,3,2,232,一般客户
10784033,54,10,227.5,3,4,3,343,重要保持客户
10784644,22,23,1532.9,4,5,5,455,重要价值客户
10785061,27,9,7105.700000000001,4,4,5,445,重要价值客户
10785184,34,3,1600.0,4,2,5,425,重要发展客户
10785482,1,20,1023.2,5,5,5,555,重要价值客户
10786584,178,1,16.0,1,1,1,111,一般客户
10786939,9,9,263.7,5,4,3,543,一般客户
10787017,41,7,206.0,4,4,3,443,一般客户
10788950,75,30,2441.2,3,5,5,355,重要保持客户
10788997,33,23,2480.8,4,5,5,455,重要价值客户
10789107,149,8,325.9,1,4,3,143,重要保持客户
10791808,31,9,220.2,4,4,3,443,一般客户
10791907,92,1,41.6,2,1,1,211,一般客户
10792518,97,10,399.6,2,4,3,243,重要保持客户
10794596,59,1,27.3,3,1,1,311,一般客户
10798643,19,6,700.0,4,3,4,434,重要发展客户
10800194,32,11,441.2,4,4,4,444,重要价值客户
10800459,85,9,436.6,2,4,4,244,重要保持客户
10800990,6,1,56.0,5,1,1,511,重要发展客户
10802495,121,5,152.5,2,3,2,232,一般客户
10802553,85,10,284.5,2,4,3,243,重要保持客户
10804914,1,19,1913.2,5,5,5,555,重要价值客户
10805703,22,75,3744.76,4,5,5,455,重要价值客户
10805835,202,1,305.0,1,1,3,113,一般客户
10806281,40,6,247.5,4,3,3,433,重要发展客户
10806452,45,3,611.8,3,2,4,324,重要挽留客户
10807011,205,5,277.0,1,3,3,133,一般客户
10807738,3,64,1512.65,5,5,5,555,重要价值客户
10807750,28,41,1289.0,4,5,5,455,重要价值客户
10808016,184,1,163.0,1,1,2,112,一般客户
10808480,68,3,145.6,3,2,2,322,一般客户
10810785,120,1,49.9,2,1,1,211,一般客户
10810863,6,20,818.0,5,5,4,554,重要价值客户
10811559,93,13,621.1,2,4,4,244,重要保持客户
10812073,104,10,508.1,2,4,4,244,重要保持客户
10812576,42,1,26.0,4,1,1,411,重要发展客户
10812628,142,3,187.5,1,2,2,122,一般客户
10813992,83,1,42.0,2,1,1,211,一般客户
10814028,74,5,197.20000000000002,3,3,2,332,一般客户
10814473,22,7,417.9,4,4,4,444,重要价值客户
10814905,100,3,327.8,2,2,3,223,一般客户
10814997,111,9,439.3,2,4,4,244,重要保持客户
10815242,87,1,16.0,2,1,1,211,一般客户
10817125,2,17,702.3,5,5,4,554,重要价值客户
10817991,60,9,427.5,3,4,4,344,重要保持客户
10818280,28,6,2258.9,4,3,5,435,重要发展客户
10819370,171,2,85.0,1,2,1,121,一般客户
10819549,53,8,248.5,3,4,3,343,重要保持客户
10819700,31,19,1270.4,4,5,5,455,重要价值客户
10821416,110,6,414.90000000000003,2,3,4,234,重要挽留客户
10821883,49,19,4024.7000000000003,3,5,5,355,重要保持客户
10822035,22,1,299.0,4,1,3,413,重要发展客户
10822789,66,2,207.0,3,2,3,323,一般客户
10822797,109,20,545.9,2,5,4,254,重要保持客户
10824212,138,6,245.9,1,3,3,133,一般客户
10824595,142,4,133.0,1,3,2,132,一般客户
10825170,39,24,1065.1,4,5,5,455,重要价值客户
10825629,13,29,1415.8,5,5,5,555,重要价值客户
10825825,6,93,3338.9,5,5,5,555,重要价值客户
10825996,131,3,47.0,2,2,1,221,一般客户
10826231,99,3,76.1,2,2,1,221,一般客户
10827178,26,4,127.69999999999999,4,3,2,432,重要发展客户
10827451,91,4,303.0,2,3,3,233,一般客户
10827954,65,3,316.9,3,2,3,323,一般客户
10829103,97,22,989.9,2,5,5,255,重要保持客户
10829861,103,3,204.0,2,2,3,223,一般客户
10829898,36,29,1305.0,4,5,5,455,重要价值客户
10830774,195,8,302.0,1,4,3,143,重要保持客户
10830827,139,5,188.8,1,3,2,132,一般客户
10831873,3,70,4016.4,5,5,5,555,重要价值客户
10832656,83,10,298.0,2,4,3,243,重要保持客户
10833138,73,45,2585.0,3,5,5,355,重要保持客户
10834106,19,30,1563.3,4,5,5,455,重要价值客户
10886746,105,2,336.0,2,2,3,223,一般客户
10887118,109,5,190.0,2,3,2,232,一般客户
10891259,190,5,72.5,1,3,1,131,一般客户
10891703,12,38,1898.8,5,5,5,555,重要价值客户
10902767,55,15,1225.9,3,5,5,355,重要保持客户
10904154,4,29,1766.5,5,5,5,555,重要价值客户
10904969,42,24,1207.3,4,5,5,455,重要价值客户
10905762,56,5,590.2,3,3,4,334,重要挽留客户
10906904,133,4,309.6,1,3,3,133,一般客户
10907190,30,6,1480.2,4,3,5,435,重要发展客户
10907363,170,5,236.8,1,3,3,133,一般客户
10907404,127,9,388.8,2,4,3,243,重要保持客户
10907762,28,30,694.8,4,5,4,454,重要价值客户
10907957,55,4,183.9,3,3,2,332,一般客户
10908299,6,3,336.0,5,2,3,523,重要发展客户
10910715,110,2,44.5,2,2,1,221,一般客户
10912004,55,5,1049.8,3,3,5,335,重要挽留客户
10912470,122,7,546.6,2,4,4,244,重要保持客户
10912798,195,1,19.9,1,1,1,111,一般客户
10913893,167,1,22.9,1,1,1,111,一般客户
10914420,86,5,169.6,2,3,2,232,一般客户
10915043,139,2,47.5,1,2,1,121,一般客户
10915447,34,4,809.5,4,3,4,434,重要发展客户
10917924,16,15,793.0,5,5,4,554,重要价值客户
10918618,4,2,68.0,5,2,1,521,重要发展客户
10919062,18,140,13424.9,5,5,5,555,重要价值客户
10920110,5,9,841.1,5,4,4,544,重要价值客户
10920280,118,7,952.9,2,4,5,245,重要保持客户
10920667,86,4,117.8,2,3,2,232,一般客户
10921290,84,3,569.0,2,2,4,224,重要挽留客户
10921550,107,2,199.0,2,2,3,223,一般客户
10921802,39,21,772.4,4,5,4,454,重要价值客户
10924451,146,14,702.3,1,5,4,154,重要保持客户
10925268,55,8,447.8,3,4,4,344,重要保持客户
10925666,196,6,349.8,1,3,3,133,一般客户
10927146,59,6,260.0,3,3,3,333,一般客户
10927409,22,25,3092.6,4,5,5,455,重要价值客户
10928693,171,4,193.1,1,3,2,132,一般客户
10930111,88,2,88.0,2,2,1,221,一般客户
10930795,8,6,186.2,5,3,2,532,重要发展客户
10931060,185,4,24.4,1,3,1,131,一般客户
10931263,154,2,1116.0,1,2,5,125,重要挽留客户
10931804,22,33,2691.8,4,5,5,455,重要价值客户
10932655,27,2,282.0,4,2,3,423,重要发展客户
10933821,35,25,6605.6,4,5,5,455,重要价值客户
10934503,22,2,20.0,4,2,1,421,重要发展客户
10934517,84,2,39.8,2,2,1,221,一般客户
10934824,156,2,576.0,1,2,4,124,重要挽留客户
10935007,10,76,5350.1,5,5,5,555,重要价值客户
10938837,20,8,284.4,4,4,3,443,一般客户
10939201,29,29,967.1,4,5,5,455,重要价值客户
10940531,28,13,1805.3,4,4,5,445,重要价值客户
10940568,40,8,583.7,4,4,4,444,重要价值客户
10941791,79,12,133.1,2,4,2,242,重要保持客户
10942306,141,2,234.0,1,2,3,123,一般客户
10943957,196,2,554.2,1,2,4,124,重要挽留客户
10944410,39,23,875.0,4,5,4,454,重要价值客户
10944887,194,12,235.9,1,4,3,143,重要保持客户
10945929,7,11,1364.6,5,4,5,545,重要价值客户
10946799,7,66,6420.6,5,5,5,555,重要价值客户
10948292,155,2,69.0,1,2,1,121,一般客户
10948653,26,5,178.9,4,3,2,432,重要发展客户
10949310,83,2,104.4,2,2,2,222,一般客户
10949842,22,29,2722.2,4,5,5,455,重要价值客户
10950136,127,9,801.2,2,4,4,244,重要保持客户
10950758,138,9,529.8,1,4,4,144,重要保持客户
10951818,4,73,7593.3,5,5,5,555,重要价值客户
10951900,44,11,388.0,3,4,3,343,重要保持客户
10952740,11,13,702.7,5,4,4,544,重要价值客户
10953243,20,18,720.5,4,5,4,454,重要价值客户
10954251,18,14,688.1999999999999,5,5,4,554,重要价值客户
10954381,9,10,658.9,5,4,4,544,重要价值客户
10954398,62,17,1097.5,3,5,5,355,重要保持客户
10955216,15,76,4125.0,5,5,5,555,重要价值客户
10955914,178,1,17.6,1,1,1,111,一般客户
10956088,13,26,4584.7,5,5,5,555,重要价值客户
10957683,36,30,730.8,4,5,4,454,重要价值客户
10958736,84,11,1375.2,2,4,5,245,重要保持客户
10961240,102,3,343.2,2,2,3,223,一般客户
10964369,132,3,174.8,1,2,2,122,一般客户
10965364,45,1,16.0,3,1,1,311,一般客户
10965908,12,7,218.0,5,4,3,543,一般客户
10967115,54,7,884.6,3,4,4,344,重要保持客户
10967599,47,3,68.8,3,2,1,321,一般客户
10967743,27,27,1707.5,4,5,5,455,重要价值客户
10967975,180,1,19.5,1,1,1,111,一般客户
10969623,179,3,182.5,1,2,2,122,一般客户
10971065,25,9,1266.2,4,4,5,445,重要价值客户
10971506,34,3,462.2,4,2,4,424,重要发展客户
10972592,45,6,318.0,3,3,3,333,一般客户
10973072,78,4,75.7,2,3,1,231,一般客户
10979358,197,3,94.80000000000001,1,2,2,122,一般客户
10980929,102,4,155.9,2,3,2,232,一般客户
10981083,5,20,902.3,5,5,4,554,重要价值客户
10981922,82,7,407.3,2,4,4,244,重要保持客户
10983692,122,15,708.3,2,5,4,254,重要保持客户
10984192,91,9,548.1,2,4,4,244,重要保持客户
10985748,31,16,599.9,4,5,4,454,重要价值客户
10986704,35,17,835.2,4,5,4,454,重要价值客户
10987223,116,14,976.1,2,5,5,255,重要保持客户
10987732,80,1,892.8,2,1,4,214,重要挽留客户
10990311,40,26,892.9,4,5,4,454,重要价值客户
10991000,8,24,868.9,5,5,4,554,重要价值客户
10992030,70,10,390.8,3,4,3,343,重要保持客户
10994055,88,5,146.0,2,3,2,232,一般客户
10994494,17,10,686.0,5,4,4,544,重要价值客户
10996353,1,3,1314.0,5,2,5,525,重要发展客户
10996600,36,1,269.0,4,1,3,413,重要发展客户
10996620,9,16,506.0,5,5,4,554,重要价值客户
10997242,4,6,1118.5,5,3,5,535,重要发展客户
10997272,2,63,2616.5,5,5,5,555,重要价值客户
10997423,90,11,360.7,2,4,3,243,重要保持客户
10997620,2,48,2361.8,5,5,5,555,重要价值客户
10997850,18,6,828.8,5,3,4,534,重要发展客户
10998282,56,3,48.199999999999996,3,2,1,321,一般客户
10998404,181,3,150.0,1,2,2,122,一般客户
10998625,6,25,2032.9,5,5,5,555,重要价值客户
10999385,10,5,113.0,5,3,2,532,重要发展客户
10999923,32,9,394.8,4,4,3,443,一般客户
11001264,128,7,250.3,2,4,3,243,重要保持客户
11001784,1,2,111.0,5,2,2,522,重要发展客户
11001959,136,2,2494.0,1,2,5,125,重要挽留客户
11001995,10,17,1467.5,5,5,5,555,重要价值客户
11002194,200,2,4.0,1,2,1,121,一般客户
11002399,3,3,87.9,5,2,1,521,重要发展客户
11002876,6,9,282.4,5,4,3,543,一般客户
11003564,6,14,2773.6,5,5,5,555,重要价值客户
11004155,36,27,2245.2,4,5,5,455,重要价值客户
11005835,122,2,153.0,2,2,2,222,一般客户
11006012,14,2,41.6,5,2,1,521,重要发展客户
11006701,61,20,2534.7000000000003,3,5,5,355,重要保持客户
11007417,69,3,207.8,3,2,3,323,一般客户
11007808,8,11,260.8,5,4,3,543,一般客户
11013117,69,3,397.8,3,2,3,323,一般客户
11013161,97,19,784.4,2,5,4,254,重要保持客户
11013376,53,5,232.2,3,3,3,333,一般客户
11013451,27,11,1959.6,4,4,5,445,重要价值客户
11014175,21,18,930.9,4,5,4,454,重要价值客户
11014204,35,6,305.9,4,3,3,433,重要发展客户
11014253,128,3,127.9,2,2,2,222,一般客户
11014454,1,70,3110.8,5,5,5,555,重要价值客户
11015925,3,10,2410.7,5,4,5,545,重要价值客户
11016639,3,32,1316.0,5,5,5,555,重要价值客户
11016835,5,4,402.9,5,3,3,533,重要发展客户
11016953,80,3,203.3,2,2,3,223,一般客户
11019815,68,1,318.0,3,1,3,313,一般客户
11021098,62,10,740.1,3,4,4,344,重要保持客户
11021102,172,2,176.8,1,2,2,122,一般客户
11021186,79,3,118.0,2,2,2,222,一般客户
11021308,140,2,68.9,1,2,1,121,一般客户
11022409,62,7,1999.3,3,4,5,345,重要保持客户
11022565,178,2,127.9,1,2,2,122,一般客户
11022717,120,2,11.8,2,2,1,221,一般客户
11022810,15,10,1211.6,5,4,5,545,重要价值客户
11023571,14,21,775.8,5,5,4,554,重要价值客户
11028394,6,45,4426.4,5,5,5,555,重要价值客户
11029547,192,4,465.0,1,3,4,134,重要挽留客户
11030804,85,6,256.0,2,3,3,233,一般客户
11031529,9,8,4159.9,5,4,5,545,重要价值客户
11031870,6,24,371.5,5,5,3,553,一般客户
11032531,27,3,178.0,4,2,2,422,重要发展客户
11032550,161,8,283.44,1,4,3,143,重要保持客户
11033060,43,5,63.0,4,3,1,431,重要发展客户
11033335,48,3,228.4,3,2,3,323,一般客户
11033512,130,1,34.5,2,1,1,211,一般客户
11033886,117,1,75.0,2,1,1,211,一般客户
11034124,63,4,202.9,3,3,3,333,一般客户
11034299,37,5,831.6,4,3,4,434,重要发展客户
11036270,46,2,44.4,3,2,1,321,一般客户
11036949,49,2,89.0,3,2,2,322,一般客户
11037265,9,10,760.5,5,4,4,544,重要价值客户
11037330,92,15,2412.5,2,5,5,255,重要保持客户
11037379,68,3,1308.0,3,2,5,325,重要挽留客户
11037929,104,1,79.0,2,1,1,211,一般客户
11038958,20,19,1252.9,4,5,5,455,重要价值客户
11041095,57,26,2222.8,3,5,5,355,重要保持客户
11041746,135,4,178.89999999999998,1,3,2,132,一般客户
11042012,128,1,46.2,2,1,1,211,一般客户
11042824,34,28,5028.9,4,5,5,455,重要价值客户
11043903,177,7,368.8,1,4,3,143,重要保持客户
11044529,30,27,1953.7,4,5,5,455,重要价值客户
11044770,204,1,14.7,1,1,1,111,一般客户
11045273,15,4,267.4,5,3,3,533,重要发展客户
11045971,166,1,29.5,1,1,1,111,一般客户
11046591,33,14,582.3,4,5,4,454,重要价值客户
11047641,97,6,244.5,2,3,3,233,一般客户
11050052,41,18,1738.3,4,5,5,455,重要价值客户
11051905,109,15,3102.3999999999996,2,5,5,255,重要保持客户
11052107,3,11,2321.1000000000004,5,4,5,545,重要价值客户
11052124,30,3,80.1,4,2,1,421,重要发展客户
11054224,160,4,540.88,1,3,4,134,重要挽留客户
11054386,103,1,40.0,2,1,1,211,一般客户
11054623,154,8,395.6,1,4,3,143,重要保持客户
11054744,40,4,199.39999999999998,4,3,3,433,重要发展客户
11054924,104,3,203.0,2,2,3,223,一般客户
11055059,8,6,180.0,5,3,2,532,重要发展客户
11055337,3,6,248.3,5,3,3,533,重要发展客户
11055777,78,3,177.0,2,2,2,222,一般客户
11056111,179,3,316.0,1,2,3,123,一般客户
11061352,39,6,243.7,4,3,3,433,重要发展客户
11062511,15,9,595.8,5,4,4,544,重要价值客户
11062801,121,7,4694.3,2,4,5,245,重要保持客户
11063786,106,2,13.8,2,2,1,221,一般客户
11064381,118,5,112.19999999999999,2,3,2,232,一般客户
11064523,18,13,2437.2000000000003,5,4,5,545,重要价值客户
11065149,2,37,7664.5,5,5,5,555,重要价值客户
11065264,147,2,413.8,1,2,4,124,重要挽留客户
11065773,124,3,140.2,2,2,2,222,一般客户
11065899,64,20,1244.5,3,5,5,355,重要保持客户
11067096,88,3,175.0,2,2,2,222,一般客户
11067928,111,5,2146.6,2,3,5,235,重要挽留客户
11068169,100,5,175.9,2,3,2,232,一般客户
11068333,61,1,34.5,3,1,1,311,一般客户
11068631,171,1,44.5,1,1,1,111,一般客户
11068811,8,2,126.0,5,2,2,522,重要发展客户
11070616,87,2,235.5,2,2,3,223,一般客户
11072030,25,25,911.9,4,5,4,454,重要价值客户
11072106,57,19,891.4,3,5,4,354,重要保持客户
11072272,138,3,94.3,1,2,2,122,一般客户
11092978,2,53,1370.4,5,5,5,555,重要价值客户
11093470,1,2,128.0,5,2,2,522,重要发展客户
11093594,123,16,774.0,2,5,4,254,重要保持客户
11093700,157,5,386.3,1,3,3,133,一般客户
11093898,200,3,156.0,1,2,2,122,一般客户
11096424,38,19,753.6,4,5,4,454,重要价值客户
11096444,154,1,53.9,1,1,1,111,一般客户
11097298,63,6,229.5,3,3,3,333,一般客户
11100736,23,3,1680.5,4,2,5,425,重要发展客户
11102185,128,1,29.0,2,1,1,211,一般客户
11102868,8,56,4259.6,5,5,5,555,重要价值客户
11103734,112,2,328.2,2,2,3,223,一般客户
11103803,3,8,484.9,5,4,4,544,重要价值客户
11104687,7,75,3226.7999999999997,5,5,5,555,重要价值客户
11105110,6,1,92.4,5,1,2,512,重要发展客户
11105435,76,10,188.2,3,4,2,342,重要保持客户
11106060,80,7,379.5,2,4,3,243,重要保持客户
11106296,145,6,425.65,1,3,4,134,重要挽留客户
11106958,20,23,3988.4,4,5,5,455,重要价值客户
11107286,200,1,14.9,1,1,1,111,一般客户
11109029,109,4,136.9,2,3,2,232,一般客户
11109712,20,9,459.59999999999997,4,4,4,444,重要价值客户
11109948,59,14,599.9,3,5,4,354,重要保持客户
11110521,58,18,1077.4,3,5,5,355,重要保持客户
11111207,113,13,213.0,2,4,3,243,重要保持客户
11111290,203,1,14.5,1,1,1,111,一般客户
11111760,85,3,78.4,2,2,1,221,一般客户
11111906,41,18,1467.6,4,5,5,455,重要价值客户
11112222,14,28,3618.6,5,5,5,555,重要价值客户
11113212,36,10,305.0,4,4,3,443,一般客户
11113589,69,6,229.00000000000003,3,3,3,333,一般客户
11114779,27,13,785.0,4,4,4,444,重要价值客户
11114888,122,5,434.4,2,3,4,234,重要挽留客户
11115305,24,6,250.0,4,3,3,433,重要发展客户
11115782,39,2,124.0,4,2,2,422,重要发展客户
11116785,75,8,394.0,3,4,3,343,重要保持客户
11117317,13,18,2409.9,5,5,5,555,重要价值客户
11117342,90,11,943.0,2,4,5,245,重要保持客户
11117798,64,3,167.9,3,2,2,322,一般客户
11119222,23,32,2806.1,4,5,5,455,重要价值客户
11121404,8,53,8649.9,5,5,5,555,重要价值客户
11121555,164,2,138.0,1,2,2,122,一般客户
11121757,2,27,1048.6,5,5,5,555,重要价值客户
11121758,16,42,1886.6,5,5,5,555,重要价值客户
11122725,57,13,3110.0,3,4,5,345,重要保持客户
11122856,89,8,1889.3000000000002,2,4,5,245,重要保持客户
11123840,171,1,36.8,1,1,1,111,一般客户
11123946,13,52,1912.8,5,5,5,555,重要价值客户
11124714,168,10,222.3,1,4,3,143,重要保持客户
11124982,13,15,661.5,5,5,4,554,重要价值客户
11127693,15,5,90.0,5,3,2,532,重要发展客户
11127991,53,1,48.0,3,1,1,311,一般客户
11131016,143,2,86.0,1,2,1,121,一般客户
11132224,140,10,197.7,1,4,2,142,重要保持客户
11132362,141,4,108.2,1,3,2,132,一般客户
11132977,64,6,181.7,3,3,2,332,一般客户
11133564,41,3,133.0,4,2,2,422,重要发展客户
11133991,6,58,8829.0,5,5,5,555,重要价值客户
11134653,9,65,9566.5,5,5,5,555,重要价值客户
11135234,53,16,2404.2,3,5,5,355,重要保持客户
11135340,69,8,250.9,3,4,3,343,重要保持客户
11135395,12,18,724.4,5,5,4,554,重要价值客户
11135482,27,3,111.8,4,2,2,422,重要发展客户
11136877,44,1,49.0,3,1,1,311,一般客户
11136899,36,7,730.3,4,4,4,444,重要价值客户
11136994,22,30,2278.8,4,5,5,455,重要价值客户
11137107,40,40,5757.49,4,5,5,455,重要价值客户
11137327,41,4,564.6,4,3,4,434,重要发展客户
11159376,72,1,39.8,3,1,1,311,一般客户
11159443,54,3,99.4,3,2,2,322,一般客户
11159808,19,18,687.9,4,5,4,454,重要价值客户
11160546,131,1,68.0,2,1,1,211,一般客户
11160811,194,3,167.0,1,2,2,122,一般客户
11161241,1,41,3493.45,5,5,5,555,重要价值客户
11161270,181,5,620.4,1,3,4,134,重要挽留客户
11162992,23,4,28.900000000000002,4,3,1,431,重要发展客户
11163831,89,27,1291.0,2,5,5,255,重要保持客户
11166950,41,31,1950.5,4,5,5,455,重要价值客户
11167444,82,4,281.0,2,3,3,233,一般客户
11168032,59,1,7.93,3,1,1,311,一般客户
11182854,56,4,156.9,3,3,2,332,一般客户
11193718,166,1,17.9,1,1,1,111,一般客户
11193832,14,39,1822.7,5,5,5,555,重要价值客户
11194538,44,17,830.6,3,5,4,354,重要保持客户
11194737,47,26,9898.4,3,5,5,355,重要保持客户
11195200,43,1,15.0,4,1,1,411,重要发展客户
11196198,55,3,840.0,3,2,4,324,重要挽留客户
11196396,6,11,587.9,5,4,4,544,重要价值客户
11196518,41,2,407.0,4,2,4,424,重要发展客户
11201385,45,5,607.0,3,3,4,334,重要挽留客户
11201759,35,15,588.0,4,5,4,454,重要价值客户
11202325,27,2,59.8,4,2,1,421,重要发展客户
11203309,47,11,707.7,3,4,4,344,重要保持客户
11203429,62,1,175.0,3,1,2,312,一般客户
11203431,169,2,252.0,1,2,3,123,一般客户
11203568,29,29,1264.0,4,5,5,455,重要价值客户
11204424,23,12,689.6,4,4,4,444,重要价值客户
11204945,36,11,484.7,4,4,4,444,重要价值客户
11205576,25,3,205.8,4,2,3,423,重要发展客户
11206254,26,30,1271.6,4,5,5,455,重要价值客户
11208513,178,2,48.9,1,2,1,121,一般客户
11210692,43,11,702.1999999999999,4,4,4,444,重要价值客户
11211410,76,2,105.0,3,2,2,322,一般客户
11211871,202,1,20.0,1,1,1,111,一般客户
11213172,5,59,10178.6,5,5,5,555,重要价值客户
11213878,193,1,53.1,1,1,1,111,一般客户
11215667,125,3,1230.8,2,2,5,225,重要挽留客户
11215890,26,15,1323.5,4,5,5,455,重要价值客户
11217152,127,3,41.0,2,2,1,221,一般客户
11219627,92,1,27.5,2,1,1,211,一般客户
11219711,18,10,1284.9,5,4,5,545,重要价值客户
11220050,27,9,2624.0,4,4,5,445,重要价值客户
11220694,19,4,70.5,4,3,1,431,重要发展客户
11221556,55,28,6385.7,3,5,5,355,重要保持客户
11222006,16,1,82.8,5,1,1,511,重要发展客户
11222119,11,1,30.9,5,1,1,511,重要发展客户
11222155,68,5,143.5,3,3,2,332,一般客户
11222223,10,16,575.0,5,5,4,554,重要价值客户
11222227,110,1,120.0,2,1,2,212,一般客户
11223336,20,5,538.9,4,3,4,434,重要发展客户
11223789,1,13,564.9,5,4,4,544,重要价值客户
11223927,69,1,65.0,3,1,1,311,一般客户
11227498,176,6,424.5,1,3,4,134,重要挽留客户
11227536,160,4,169.9,1,3,2,132,一般客户
11229435,19,6,245.6,4,3,3,433,重要发展客户
11229878,127,1,199.0,2,1,3,213,一般客户
11231531,45,2,115.0,3,2,2,322,一般客户
11232652,151,1,69.9,1,1,1,111,一般客户
11232867,57,24,5114.9,3,5,5,355,重要保持客户
11234544,41,2,71.0,4,2,1,421,重要发展客户
11234996,76,7,363.1,3,4,3,343,重要保持客户
11235034,50,3,127.9,3,2,2,322,一般客户
11235973,9,67,3944.5,5,5,5,555,重要价值客户
11237056,66,1,26.0,3,1,1,311,一般客户
11237158,21,99,5051.9,4,5,5,455,重要价值客户
11237798,107,9,261.2,2,4,3,243,重要保持客户
11238160,37,11,327.8,4,4,3,443,一般客户
11240074,55,12,2860.1,3,4,5,345,重要保持客户
11240088,112,3,332.70000000000005,2,2,3,223,一般客户
11240882,21,9,376.1,4,4,3,443,一般客户
11243502,191,1,209.8,1,1,3,113,一般客户
11244463,127,1,222.0,2,1,3,213,一般客户
11245339,60,15,680.4,3,5,4,354,重要保持客户
11245719,8,76,4736.83,5,5,5,555,重要价值客户
11247230,26,6,5590.0,4,3,5,435,重要发展客户
11249374,58,13,616.4,3,4,4,344,重要保持客户
11250283,109,1,108.9,2,1,2,212,一般客户
11252272,9,31,5854.0,5,5,5,555,重要价值客户
11253409,17,24,1176.0,5,5,5,555,重要价值客户
11253463,20,3,253.8,4,2,3,423,重要发展客户
11254160,54,14,330.3,3,5,3,353,重要保持客户
11254949,181,7,414.0,1,4,4,144,重要保持客户
11255167,22,31,5101.2,4,5,5,455,重要价值客户
11255784,164,2,87.9,1,2,1,121,一般客户
11256500,30,22,3005.7000000000003,4,5,5,455,重要价值客户
11257310,5,101,6366.1,5,5,5,555,重要价值客户
11257695,47,28,1287.9,3,5,5,355,重要保持客户
11257968,67,1,33.6,3,1,1,311,一般客户
11258169,178,1,18.0,1,1,1,111,一般客户
11258578,6,108,8708.9,5,5,5,555,重要价值客户
11259375,46,1,96.0,3,1,2,312,一般客户
11261151,132,1,92.0,1,1,2,112,一般客户
11261621,2,12,645.1,5,4,4,544,重要价值客户
11263123,201,7,177.9,1,4,2,142,重要保持客户
11263314,49,7,245.9,3,4,3,343,重要保持客户
11264259,28,10,462.2,4,4,4,444,重要价值客户
11264382,52,59,6552.3,3,5,5,355,重要保持客户
11264502,97,6,820.5,2,3,4,234,重要挽留客户
11265355,146,2,196.3,1,2,2,122,一般客户
11267823,48,4,327.0,3,3,3,333,一般客户
11270456,138,42,1785.85,1,5,5,155,重要保持客户
11271104,149,2,29.400000000000002,1,2,1,121,一般客户
11271546,11,31,1668.8999999999999,5,5,5,555,重要价值客户
11273022,32,18,339.4,4,5,3,453,一般客户
11273481,50,12,3313.4,3,4,5,345,重要保持客户
11274091,28,17,611.3,4,5,4,454,重要价值客户
11274696,13,9,2090.5,5,4,5,545,重要价值客户
11274848,90,2,296.0,2,2,3,223,一般客户
11274975,169,2,63.0,1,2,1,121,一般客户
11275580,31,8,295.1,4,4,3,443,一般客户
11276005,85,5,2578.0,2,3,5,235,重要挽留客户
11276901,33,11,243.8,4,4,3,443,一般客户
11277847,45,24,1501.7,3,5,5,355,重要保持客户
11277931,139,4,131.4,1,3,2,132,一般客户
11280601,104,2,51.2,2,2,1,221,一般客户
11282384,26,15,5353.6,4,5,5,455,重要价值客户
11282899,190,4,358.8,1,3,3,133,一般客户
11283253,81,4,344.1,2,3,3,233,一般客户
11283328,80,1,121.0,2,1,2,212,一般客户
11283495,22,8,630.4,4,4,4,444,重要价值客户
11283998,124,3,165.9,2,2,2,222,一般客户
11284660,56,1,14.5,3,1,1,311,一般客户
11284851,176,1,167.7,1,1,2,112,一般客户
11285127,92,1,212.0,2,1,3,213,一般客户
11285154,31,46,5214.9,4,5,5,455,重要价值客户
11287604,6,47,3235.0,5,5,5,555,重要价值客户
11288311,41,20,558.6,4,5,4,454,重要价值客户
11288388,149,1,53.9,1,1,1,111,一般客户
11291264,34,8,1262.0,4,4,5,445,重要价值客户
11291775,195,7,239.8,1,4,3,143,重要保持客户
11292517,124,5,152.9,2,3,2,232,一般客户
11293454,26,55,2154.0,4,5,5,455,重要价值客户
11293598,162,2,288.0,1,2,3,123,一般客户
11293991,29,4,318.7,4,3,3,433,重要发展客户
11294577,108,4,483.0,2,3,4,234,重要挽留客户
11295207,180,1,12.0,1,1,1,111,一般客户
11295240,152,2,347.0,1,2,3,123,一般客户
11295407,43,23,1807.4,4,5,5,455,重要价值客户
11296092,17,1,36.6,5,1,1,511,重要发展客户
11296111,84,4,111.4,2,3,2,232,一般客户
11296926,46,7,1257.3,3,4,5,345,重要保持客户
11297075,64,6,2665.8,3,3,5,335,重要挽留客户
11297386,120,2,277.0,2,2,3,223,一般客户
11297497,68,5,118.6,3,3,2,332,一般客户
11298695,2,18,1482.7,5,5,5,555,重要价值客户
11300284,153,1,17.6,1,1,1,111,一般客户
11301132,21,11,2022.6,4,4,5,445,重要价值客户
11302262,5,9,264.3,5,4,3,543,一般客户
11302886,87,10,559.3,2,4,4,244,重要保持客户
11303149,58,4,256.0,3,3,3,333,一般客户
11304218,50,30,2469.5,3,5,5,355,重要保持客户
11304336,199,2,9.9,1,2,1,121,一般客户
11304770,124,3,42.4,2,2,1,221,一般客户
11305061,2,95,8355.4,5,5,5,555,重要价值客户
11307434,160,9,899.4,1,4,4,144,重要保持客户
11307570,32,29,1009.2,4,5,5,455,重要价值客户
11308360,62,20,739.6,3,5,4,354,重要保持客户
11308901,120,1,4.8,2,1,1,211,一般客户
11309229,109,2,138.0,2,2,2,222,一般客户
11309271,155,5,175.4,1,3,2,132,一般客户
11312197,58,7,308.2,3,4,3,343,重要保持客户
11312458,71,1,6.8,3,1,1,311,一般客户
11312907,39,3,92.4,4,2,2,422,重要发展客户
11317827,48,44,1798.8,3,5,5,355,重要保持客户
11317916,19,19,4674.1,4,5,5,455,重要价值客户
11318726,6,12,3405.7,5,4,5,545,重要价值客户
11320263,96,9,1461.6,2,4,5,245,重要保持客户
11320674,82,1,39.5,2,1,1,211,一般客户
11320762,23,3,55.8,4,2,1,421,重要发展客户
11320971,182,1,56.8,1,1,1,111,一般客户
11320996,76,19,1424.5,3,5,5,355,重要保持客户
11321383,27,83,3391.2,4,5,5,455,重要价值客户
11321773,56,3,81.8,3,2,1,321,一般客户
11322544,55,1,119.8,3,1,2,312,一般客户
11322641,37,15,669.8000000000001,4,5,4,454,重要价值客户
11323914,23,1,35.8,4,1,1,411,重要发展客户
11324086,57,1,69.3,3,1,1,311,一般客户
11324716,109,5,300.2,2,3,3,233,一般客户
11326684,40,8,413.6,4,4,4,444,重要价值客户
11327010,113,4,861.8,2,3,4,234,重要挽留客户
11329469,95,13,530.8,2,4,4,244,重要保持客户
11329705,111,9,605.7,2,4,4,244,重要保持客户
11329804,27,28,4271.8,4,5,5,455,重要价值客户
11330170,48,5,171.6,3,3,2,332,一般客户
11330733,60,5,257.5,3,3,3,333,一般客户
11331045,5,4,531.6,5,3,4,534,重要发展客户
11331098,63,11,450.7,3,4,4,344,重要保持客户
11331351,6,1,38.0,5,1,1,511,重要发展客户
11331554,113,2,128.0,2,2,2,222,一般客户
11331585,45,10,2356.7,3,4,5,345,重要保持客户
11335213,9,23,1766.3000000000002,5,5,5,555,重要价值客户
11335474,55,21,3400.2,3,5,5,355,重要保持客户
11335894,186,1,199.0,1,1,3,113,一般客户
11336870,95,2,93.8,2,2,2,222,一般客户
11337192,34,16,552.2,4,5,4,454,重要价值客户
11337549,19,25,1028.4,4,5,5,455,重要价值客户
11339024,14,28,763.8,5,5,4,554,重要价值客户
11345053,31,9,435.59999999999997,4,4,4,444,重要价值客户
11345142,21,10,477.8,4,4,4,444,重要价值客户
11345210,57,8,572.0,3,4,4,344,重要保持客户
11345256,199,10,544.0,1,4,4,144,重要保持客户
11345500,90,10,970.4000000000001,2,4,5,245,重要保持客户
11346112,55,13,778.7,3,4,4,344,重要保持客户
11348489,13,12,348.3,5,4,3,543,一般客户
11348741,7,2,177.9,5,2,2,522,重要发展客户
11350767,6,24,1643.4,5,5,5,555,重要价值客户
11350849,11,13,639.9,5,4,4,544,重要价值客户
11351042,123,1,28.0,2,1,1,211,一般客户
11351535,17,11,515.0,5,4,4,544,重要价值客户
11352183,169,3,814.0,1,2,4,124,重要挽留客户
11353885,85,5,284.4,2,3,3,233,一般客户
11354221,17,26,1868.5,5,5,5,555,重要价值客户
11354277,28,5,161.7,4,3,2,432,重要发展客户
11354411,9,3,1375.8,5,2,5,525,重要发展客户
11354798,133,2,208.8,1,2,3,123,一般客户
11355136,123,4,74.8,2,3,1,231,一般客户
11356072,16,65,4942.5,5,5,5,555,重要价值客户
11356641,87,3,107.0,2,2,2,222,一般客户
11357773,195,1,17.1,1,1,1,111,一般客户
11358156,54,6,638.0,3,3,4,334,重要挽留客户
11358288,4,22,339.1,5,5,3,553,一般客户
11358773,144,5,74.2,1,3,1,131,一般客户
11358830,27,4,330.0,4,3,3,433,重要发展客户
11359274,22,4,162.8,4,3,2,432,重要发展客户
11359340,10,95,6372.35,5,5,5,555,重要价值客户
11359589,178,3,32.8,1,2,1,121,一般客户
11359961,12,24,2143.8,5,5,5,555,重要价值客户
11360154,10,33,1459.2,5,5,5,555,重要价值客户
11362821,15,40,2062.6,5,5,5,555,重要价值客户
11362887,73,7,223.5,3,4,3,343,重要保持客户
11363067,34,16,1444.6,4,5,5,455,重要价值客户
11363760,27,9,1225.3,4,4,5,445,重要价值客户
11363801,35,15,1054.7,4,5,5,455,重要价值客户
11363976,26,9,350.1,4,4,3,443,一般客户
11364678,86,5,102.0,2,3,2,232,一般客户
11365236,54,6,496.5,3,3,4,334,重要挽留客户
11365456,160,5,383.7,1,3,3,133,一般客户
11366253,156,11,545.3,1,4,4,144,重要保持客户
11367134,160,1,425.0,1,1,4,114,重要挽留客户
11367435,32,44,4690.4,4,5,5,455,重要价值客户
11368403,108,8,187.4,2,4,2,242,重要保持客户
11368595,112,8,844.2,2,4,4,244,重要保持客户
11369216,63,15,439.6,3,5,4,354,重要保持客户
11369855,55,9,177.0,3,4,2,342,重要保持客户
11370009,95,6,584.8,2,3,4,234,重要挽留客户
11370131,109,8,202.3,2,4,3,243,重要保持客户
11370439,14,2,5744.0,5,2,5,525,重要发展客户
11371729,131,4,192.0,2,3,2,232,一般客户
11371771,69,10,547.3,3,4,4,344,重要保持客户
11371912,38,16,471.8,4,5,4,454,重要价值客户
11372652,5,18,4238.8,5,5,5,555,重要价值客户
11374755,157,1,10.5,1,1,1,111,一般客户
11374952,21,23,2027.8,4,5,5,455,重要价值客户
11375373,60,9,521.8,3,4,4,344,重要保持客户
11375375,84,4,229.4,2,3,3,233,一般客户
11378694,20,35,1621.8,4,5,5,455,重要价值客户
11378957,137,4,282.4,1,3,3,133,一般客户
11379687,69,17,674.0,3,5,4,354,重要保持客户
11380314,11,25,1821.4,5,5,5,555,重要价值客户
11380876,13,13,386.8,5,4,3,543,一般客户
11382673,14,18,1049.7,5,5,5,555,重要价值客户
11383392,42,17,1200.2,4,5,5,455,重要价值客户
11384380,146,1,36.0,1,1,1,111,一般客户
11384574,8,39,1662.6,5,5,5,555,重要价值客户
11384777,66,2,924.0,3,2,4,324,重要挽留客户
11384849,41,4,294.8,4,3,3,433,重要发展客户
11384989,41,3,55.8,4,2,1,421,重要发展客户
11385139,69,9,635.7,3,4,4,344,重要保持客户
11385261,38,18,1183.7,4,5,5,455,重要价值客户
11385626,2,19,970.1,5,5,5,555,重要价值客户
11385657,181,4,126.7,1,3,2,132,一般客户
11386368,110,3,257.9,2,2,3,223,一般客户
11387365,6,147,15652.4,5,5,5,555,重要价值客户
11387693,48,6,560.3,3,3,4,334,重要挽留客户
11389084,132,1,148.0,1,1,2,112,一般客户
11389304,90,23,4044.7,2,5,5,255,重要保持客户
11390041,48,10,498.1,3,4,4,344,重要保持客户
11390317,32,2,297.0,4,2,3,423,重要发展客户
11390606,53,3,87.3,3,2,1,321,一般客户
11391408,171,2,34.0,1,2,1,121,一般客户
11391937,25,11,1805.7,4,4,5,445,重要价值客户
11392941,157,2,151.0,1,2,2,122,一般客户
11392993,23,5,1732.0,4,3,5,435,重要发展客户
11393099,24,7,189.5,4,4,2,442,一般客户
11393769,13,5,307.0,5,3,3,533,重要发展客户
11393953,20,34,2462.0,4,5,5,455,重要价值客户
11393981,4,44,2862.0,5,5,5,555,重要价值客户
11394058,149,3,1196.0,1,2,5,125,重要挽留客户
11394732,27,12,402.5,4,4,3,443,一般客户
11395108,3,17,931.1,5,5,4,554,重要价值客户
11395197,39,13,649.9,4,4,4,444,重要价值客户
11399152,19,1,36.0,4,1,1,411,重要发展客户
11399712,53,3,65.5,3,2,1,321,一般客户
11399787,47,26,4045.2999999999997,3,5,5,355,重要保持客户
11400359,128,3,63.5,2,2,1,221,一般客户
11402741,60,31,903.8,3,5,4,354,重要保持客户
11403313,10,99,7513.2,5,5,5,555,重要价值客户
11403828,120,8,2744.7,2,4,5,245,重要保持客户
11404808,133,1,149.0,1,1,2,112,一般客户
11405558,63,2,644.0,3,2,4,324,重要挽留客户
11405664,22,3,719.2,4,2,4,424,重要发展客户
11407005,62,10,344.6,3,4,3,343,重要保持客户
11410810,7,36,1820.0,5,5,5,555,重要价值客户
11412382,44,2,46.6,3,2,1,321,一般客户
11412546,40,9,1563.6,4,4,5,445,重要价值客户
11413181,35,6,236.0,4,3,3,433,重要发展客户
11413531,124,6,221.7,2,3,3,233,一般客户
11413892,131,2,529.0,2,2,4,224,重要挽留客户
11414070,21,11,292.09999999999997,4,4,3,443,一般客户
11414164,159,4,201.0,1,3,3,133,一般客户
11415546,88,14,2707.8,2,5,5,255,重要保持客户
11415586,1,1,63.6,5,1,1,511,重要发展客户
11416268,20,16,518.3,4,5,4,454,重要价值客户
11416405,133,3,799.0,1,2,4,124,重要挽留客户
11416508,68,4,74.1,3,3,1,331,一般客户
11416659,5,24,2117.9,5,5,5,555,重要价值客户
11416846,14,16,4995.0,5,5,5,555,重要价值客户
11417582,20,26,2719.3,4,5,5,455,重要价值客户
11417750,47,7,335.0,3,4,3,343,重要保持客户
11418618,112,2,37.8,2,2,1,221,一般客户
11419177,1,2,500.5,5,2,4,524,重要发展客户
11419335,114,10,442.7,2,4,4,244,重要保持客户
11420265,1,20,2788.8,5,5,5,555,重要价值客户
11420573,69,8,322.8,3,4,3,343,重要保持客户
11420703,4,4,177.1,5,3,2,532,重要发展客户
11420724,170,2,83.9,1,2,1,121,一般客户
11422133,5,13,641.9,5,4,4,544,重要价值客户
11422568,35,6,1456.6,4,3,5,435,重要发展客户
11422785,36,9,486.3,4,4,4,444,重要价值客户
11422886,169,8,340.7,1,4,3,143,重要保持客户
11424130,54,2,52.0,3,2,1,321,一般客户
11424520,177,2,180.0,1,2,2,122,一般客户
11425601,10,9,256.1,5,4,3,543,一般客户
11425824,48,5,163.5,3,3,2,332,一般客户
11425919,145,2,128.0,1,2,2,122,一般客户
11426595,44,26,4287.2,3,5,5,355,重要保持客户
11427685,180,2,506.0,1,2,4,124,重要挽留客户
11428646,90,5,1226.5,2,3,5,235,重要挽留客户
11428891,139,10,1618.5,1,4,5,145,重要保持客户
11428963,156,18,539.2,1,5,4,154,重要保持客户
11429377,173,4,153.0,1,3,2,132,一般客户
11429767,102,1,153.9,2,1,2,212,一般客户
11430395,178,1,155.0,1,1,2,112,一般客户
11430398,20,10,1017.1,4,4,5,445,重要价值客户
11430609,5,14,5780.9,5,5,5,555,重要价值客户
11431094,5,2,33.8,5,2,1,521,重要发展客户
11431412,130,1,131.2,2,1,2,212,一般客户
11432162,66,16,1241.94,3,5,5,355,重要保持客户
11432192,124,1,588.0,2,1,4,214,重要挽留客户
11432239,151,4,85.8,1,3,1,131,一般客户
11432850,145,4,77.2,1,3,1,131,一般客户
11432933,28,3,108.69999999999999,4,2,2,422,重要发展客户
11433115,26,3,177.0,4,2,2,422,重要发展客户
11433258,115,1,28.8,2,1,1,211,一般客户
11433898,118,4,82.5,2,3,1,231,一般客户
11434304,144,5,615.0,1,3,4,134,重要挽留客户
11434498,6,31,1594.9,5,5,5,555,重要价值客户
11434671,29,6,195.60000000000002,4,3,2,432,重要发展客户
11434938,98,1,235.4,2,1,3,213,一般客户
11435212,19,9,288.3,4,4,3,443,一般客户
11436404,154,3,75.1,1,2,1,121,一般客户
11436824,21,19,652.9,4,5,4,454,重要价值客户
11437093,1,17,842.5,5,5,4,554,重要价值客户
11437174,24,15,9382.3,4,5,5,455,重要价值客户
11437240,12,4,122.0,5,3,2,532,重要发展客户
11437856,184,1,162.5,1,1,2,112,一般客户
11439299,22,4,93.0,4,3,2,432,重要发展客户
11439318,44,4,92.3,3,3,2,332,一般客户
11440663,114,15,2074.8,2,5,5,255,重要保持客户
11441464,55,9,1586.5,3,4,5,345,重要保持客户
11443412,71,8,655.3,3,4,4,344,重要保持客户
11443533,64,5,160.60000000000002,3,3,2,332,一般客户
11443563,117,2,62.4,2,2,1,221,一般客户
11443664,1,53,2263.2,5,5,5,555,重要价值客户
11444386,123,2,58.4,2,2,1,221,一般客户
11444701,108,6,271.5,2,3,3,233,一般客户
11445021,47,6,1135.8,3,3,5,335,重要挽留客户
11445161,69,2,313.0,3,2,3,323,一般客户
11445378,26,4,686.8,4,3,4,434,重要发展客户
11445521,38,4,744.0,4,3,4,434,重要发展客户
11446330,27,38,923.9,4,5,4,454,重要价值客户
11446711,90,4,212.0,2,3,3,233,一般客户
11446846,117,8,636.0,2,4,4,244,重要保持客户
11447222,134,14,3292.6000000000004,1,5,5,155,重要保持客户
11447430,97,4,71.9,2,3,1,231,一般客户
11448157,53,11,2181.8,3,4,5,345,重要保持客户
11448305,14,99,5182.7,5,5,5,555,重要价值客户
11448759,33,2,83.2,4,2,1,421,重要发展客户
11449033,20,2,393.0,4,2,3,423,重要发展客户
11449532,172,2,23.4,1,2,1,121,一般客户
11449797,25,14,347.7,4,5,3,453,一般客户
11449811,16,4,58.0,5,3,1,531,重要发展客户
11450282,77,1,34.0,3,1,1,311,一般客户
11451268,147,1,218.0,1,1,3,113,一般客户
11452628,76,1,95.0,3,1,2,312,一般客户
11453139,1,46,5646.3,5,5,5,555,重要价值客户
11456241,5,10,1898.8,5,4,5,545,重要价值客户
11456943,44,19,1099.8,3,5,5,355,重要保持客户
11457062,155,13,987.9,1,4,5,145,重要保持客户
11458471,1,87,4592.5,5,5,5,555,重要价值客户
11461631,17,5,186.39999999999998,5,3,2,532,重要发展客户
11462790,54,1,316.0,3,1,3,313,一般客户
11463047,13,24,1073.5,5,5,5,555,重要价值客户
11463115,23,11,602.7,4,4,4,444,重要价值客户
11463842,89,11,824.74,2,4,4,244,重要保持客户
11464188,168,2,65.9,1,2,1,121,一般客户
11464612,89,1,49.0,2,1,1,211,一般客户
11464630,70,6,180.7,3,3,2,332,一般客户
11465056,97,2,68.4,2,2,1,221,一般客户
11465675,61,6,704.0,3,3,4,334,重要挽留客户
11465853,50,6,330.1,3,3,3,333,一般客户
11466156,27,12,413.8,4,4,4,444,重要价值客户
11466219,66,3,19.8,3,2,1,321,一般客户
11466238,37,3,139.0,4,2,2,422,重要发展客户
11466880,28,6,634.7,4,3,4,434,重要发展客户
11467145,10,4,348.70000000000005,5,3,3,533,重要发展客户
11467865,12,30,1094.7,5,5,5,555,重要价值客户
11468976,179,4,569.8,1,3,4,134,重要挽留客户
11469064,27,9,553.1,4,4,4,444,重要价值客户
11470501,4,40,3017.2,5,5,5,555,重要价值客户
11470609,131,3,18.4,2,2,1,221,一般客户
11471281,34,1,29.9,4,1,1,411,重要发展客户
11471353,160,2,110.4,1,2,2,122,一般客户
11471463,64,8,514.8,3,4,4,344,重要保持客户
11471534,205,3,66.5,1,2,1,121,一般客户
11471939,109,1,318.4,2,1,3,213,一般客户
11472233,24,2,312.9,4,2,3,423,重要发展客户
11472586,184,3,50.57,1,2,1,121,一般客户
11472762,67,23,1093.3,3,5,5,355,重要保持客户
11474007,22,5,341.7,4,3,3,433,重要发展客户
11475103,1,14,988.7,5,5,5,555,重要价值客户
11475105,4,2,91.8,5,2,2,522,重要发展客户
11475186,160,4,201.6,1,3,3,133,一般客户
11475340,48,16,760.5,3,5,4,354,重要保持客户
11475968,196,12,585.5,1,4,4,144,重要保持客户
11476025,6,3,160.0,5,2,2,522,重要发展客户
11476077,170,1,25.8,1,1,1,111,一般客户
11477149,34,45,3019.6,4,5,5,455,重要价值客户
11478256,74,2,55.8,3,2,1,321,一般客户
11479298,160,1,69.0,1,1,1,111,一般客户
11479663,48,3,1799.8,3,2,5,325,重要挽留客户
11479855,114,7,191.9,2,4,2,242,重要保持客户
11480624,12,9,316.2,5,4,3,543,一般客户
11481613,4,2,38.0,5,2,1,521,重要发展客户
11482140,83,4,33.0,2,3,1,231,一般客户
11482475,57,7,405.3,3,4,3,343,重要保持客户
11482962,131,5,224.9,2,3,3,233,一般客户
11482967,15,41,2101.1,5,5,5,555,重要价值客户
11483545,66,3,133.8,3,2,2,322,一般客户
11483685,175,1,99.5,1,1,2,112,一般客户
11483908,53,50,2372.4,3,5,5,355,重要保持客户
11483995,194,1,94.8,1,1,2,112,一般客户
11484039,60,5,340.5,3,3,3,333,一般客户
11485002,54,4,994.6,3,3,5,335,重要挽留客户
11485412,5,20,5835.3,5,5,5,555,重要价值客户
11485804,11,10,329.2,5,4,3,543,一般客户
11486042,42,15,1496.6,4,5,5,455,重要价值客户
11486185,34,2,60.5,4,2,1,421,重要发展客户
11486316,181,2,385.0,1,2,3,123,一般客户
11486515,151,6,2148.9,1,3,5,135,重要挽留客户
11487463,5,33,3799.8,5,5,5,555,重要价值客户
11487605,50,12,995.9,3,4,5,345,重要保持客户
11487816,26,1,59.9,4,1,1,411,重要发展客户
11487861,193,2,167.5,1,2,2,122,一般客户
11487908,94,13,435.0,2,4,4,244,重要保持客户
11489295,158,1,19.0,1,1,1,111,一般客户
11489456,86,6,417.5,2,3,4,234,重要挽留客户
11489687,166,2,29.8,1,2,1,121,一般客户
11490492,15,6,119.3,5,3,2,532,重要发展客户
11490510,14,22,8222.5,5,5,5,555,重要价值客户
11490847,195,1,224.0,1,1,3,113,一般客户
11492031,163,4,126.19999999999999,1,3,2,132,一般客户
11492733,81,18,1137.1,2,5,5,255,重要保持客户
11493265,151,3,283.5,1,2,3,123,一般客户
11494987,48,2,78.9,3,2,1,321,一般客户
11495210,200,2,89.0,1,2,2,122,一般客户
11495240,108,12,1070.3,2,4,5,245,重要保持客户
11495367,128,1,24.8,2,1,1,211,一般客户
11495916,18,8,1561.2,5,4,5,545,重要价值客户
11496072,62,16,2120.3,3,5,5,355,重要保持客户
11496816,17,2,50.6,5,2,1,521,重要发展客户
11499155,59,7,339.3,3,4,3,343,重要保持客户
11499710,19,2,88.9,4,2,2,422,重要发展客户
11499931,3,13,198.8,5,4,3,543,一般客户
11500202,86,8,399.9,2,4,3,243,重要保持客户
11500229,8,39,1880.3,5,5,5,555,重要价值客户
11500429,180,3,64.0,1,2,1,121,一般客户
11500855,20,4,236.7,4,3,3,433,重要发展客户
11500955,58,13,643.6,3,4,4,344,重要保持客户
11501082,40,9,865.1999999999999,4,4,4,444,重要价值客户
11501367,19,3,156.4,4,2,2,422,重要发展客户
11502929,137,3,176.0,1,2,2,122,一般客户
11502994,75,2,358.9,3,2,3,323,一般客户
11503110,38,5,1103.9,4,3,5,435,重要发展客户
11503229,150,5,100.4,1,3,2,132,一般客户
11503299,141,2,336.0,1,2,3,123,一般客户
11504964,27,13,469.4,4,4,4,444,重要价值客户
11505585,2,274,16447.9,5,5,5,555,重要价值客户
11505737,62,1,16.0,3,1,1,311,一般客户
11505929,109,4,477.9,2,3,4,234,重要挽留客户
11506325,81,6,385.0,2,3,3,233,一般客户
11506368,40,13,362.2,4,4,3,443,一般客户
11506875,55,3,30.799999999999997,3,2,1,321,一般客户
11506996,83,4,119.0,2,3,2,232,一般客户
11507030,129,1,29.0,2,1,1,211,一般客户
11507752,139,4,212.9,1,3,3,133,一般客户
11508041,47,11,505.8,3,4,4,344,重要保持客户
11509516,18,8,568.9,5,4,4,544,重要价值客户
11509606,76,4,624.4,3,3,4,334,重要挽留客户
11511420,109,10,288.5,2,4,3,243,重要保持客户
11511933,19,68,10408.19,4,5,5,455,重要价值客户
11513230,12,62,11417.0,5,5,5,555,重要价值客户
11513799,148,2,91.8,1,2,2,122,一般客户
11514057,162,1,29.9,1,1,1,111,一般客户
11514436,33,3,90.9,4,2,2,422,重要发展客户
11515597,140,1,176.0,1,1,2,112,一般客户
11515785,94,2,70.5,2,2,1,221,一般客户
11516822,128,13,656.2,2,4,4,244,重要保持客户
11518161,29,11,1109.8,4,4,5,445,重要价值客户
11518543,45,47,5729.8,3,5,5,355,重要保持客户
11518871,47,2,110.4,3,2,2,322,一般客户
11518889,74,46,4362.7,3,5,5,355,重要保持客户
11520099,13,2,860.0,5,2,4,524,重要发展客户
11520892,37,9,464.6,4,4,4,444,重要价值客户
11521519,97,5,169.0,2,3,2,232,一般客户
11522734,28,4,540.1,4,3,4,434,重要发展客户
11523868,1,28,945.3,5,5,5,555,重要价值客户
11524132,45,1,176.0,3,1,2,312,一般客户
11524767,69,1,45.0,3,1,1,311,一般客户
11525075,4,65,12217.9,5,5,5,555,重要价值客户
11525183,181,3,45.9,1,2,1,121,一般客户
11525407,61,9,236.1,3,4,3,343,重要保持客户
11525473,203,2,159.6,1,2,2,122,一般客户
11525526,87,8,1006.5,2,4,5,245,重要保持客户
11525543,159,1,316.0,1,1,3,113,一般客户
11526209,33,1,14.5,4,1,1,411,重要发展客户
11526319,14,37,1743.0,5,5,5,555,重要价值客户
11526615,89,7,548.3,2,4,4,244,重要保持客户
11526823,87,2,421.5,2,2,4,224,重要挽留客户
11528240,40,51,7960.92,4,5,5,455,重要价值客户
11528556,150,7,114.4,1,4,2,142,重要保持客户
11529242,12,27,1508.6000000000001,5,5,5,555,重要价值客户
11529795,144,1,16.0,1,1,1,111,一般客户
11529935,131,4,2337.2,2,3,5,235,重要挽留客户
11530187,6,3,316.0,5,2,3,523,重要发展客户
11530435,61,7,336.0,3,4,3,343,重要保持客户
11530465,117,6,216.4,2,3,3,233,一般客户
11532254,13,12,776.5,5,4,4,544,重要价值客户
11532632,32,23,734.5,4,5,4,454,重要价值客户
11533051,34,5,167.7,4,3,2,432,重要发展客户
11533069,53,2,274.7,3,2,3,323,一般客户
11533147,201,6,122.7,1,3,2,132,一般客户
11533496,173,1,196.0,1,1,2,112,一般客户
11533931,203,1,251.0,1,1,3,113,一般客户
11534869,113,7,745.9,2,4,4,244,重要保持客户
11535135,3,7,240.8,5,4,3,543,一般客户
11535436,69,5,201.0,3,3,3,333,一般客户
11535499,16,53,2559.4,5,5,5,555,重要价值客户
11536665,140,1,29.8,1,1,1,111,一般客户
11536987,20,10,1717.2,4,4,5,445,重要价值客户
11537206,47,12,1003.3,3,4,5,345,重要保持客户
11537309,3,19,921.1,5,5,4,554,重要价值客户
11543686,88,4,216.0,2,3,3,233,一般客户
11544115,2,44,4499.9,5,5,5,555,重要价值客户
11544741,62,15,1834.5,3,5,5,355,重要保持客户
11545024,157,1,18.0,1,1,1,111,一般客户
11545281,10,9,601.1,5,4,4,544,重要价值客户
11545466,47,2,226.0,3,2,3,323,一般客户
11545578,125,7,118.9,2,4,2,242,重要保持客户
11545724,109,8,278.5,2,4,3,243,重要保持客户
11546325,63,6,384.0,3,3,3,333,一般客户
11546421,56,4,204.6,3,3,3,333,一般客户
11546528,54,20,822.8,3,5,4,354,重要保持客户
11550336,49,12,436.3,3,4,4,344,重要保持客户
11551093,171,6,368.70000000000005,1,3,3,133,一般客户
11551194,84,3,118.4,2,2,2,222,一般客户
11551379,71,23,1093.2,3,5,5,355,重要保持客户
11551501,96,7,363.6,2,4,3,243,重要保持客户
11551901,9,1,59.0,5,1,1,511,重要发展客户
11552901,7,60,3271.8,5,5,5,555,重要价值客户
11554303,15,6,202.20000000000002,5,3,3,533,重要发展客户
11554728,16,8,462.29999999999995,5,4,4,544,重要价值客户
11555284,204,8,154.89999999999998,1,4,2,142,重要保持客户
11555569,126,16,543.8,2,5,4,254,重要保持客户
11556509,20,10,482.1,4,4,4,444,重要价值客户
11556908,13,28,1311.9,5,5,5,555,重要价值客户
11557198,6,51,6551.0,5,5,5,555,重要价值客户
11557304,71,19,861.1,3,5,4,354,重要保持客户
11558891,1,38,1449.0,5,5,5,555,重要价值客户
11559702,5,1,19.0,5,1,1,511,重要发展客户
11560420,129,2,168.0,2,2,2,222,一般客户
11560487,73,13,846.8,3,4,4,344,重要保持客户
11560947,108,1,42.9,2,1,1,211,一般客户
11561508,47,13,227.70000000000002,3,4,3,343,重要保持客户
11562575,176,3,1348.0,1,2,5,125,重要挽留客户
11563302,8,7,992.5,5,4,5,545,重要价值客户
11563493,179,2,53.9,1,2,1,121,一般客户
11563566,117,2,534.0,2,2,4,224,重要挽留客户
11563715,34,13,451.2,4,4,4,444,重要价值客户
11565842,15,10,2558.7,5,4,5,545,重要价值客户
11566134,160,1,48.0,1,1,1,111,一般客户
11566329,73,9,125.9,3,4,2,342,重要保持客户
11566627,20,6,3423.7000000000003,4,3,5,435,重要发展客户
11567250,20,9,1496.0,4,4,5,445,重要价值客户
11567543,75,11,783.3,3,4,4,344,重要保持客户
11567610,45,13,1153.8,3,4,5,345,重要保持客户
11568068,182,6,141.2,1,3,2,132,一般客户
11568114,55,29,1259.8,3,5,5,355,重要保持客户
11572802,84,4,567.6,2,3,4,234,重要挽留客户
11573123,47,34,2094.4,3,5,5,355,重要保持客户
11573393,8,5,695.8,5,3,4,534,重要发展客户
11573856,6,8,204.8,5,4,3,543,一般客户
11574169,16,30,1668.3,5,5,5,555,重要价值客户
11575281,124,3,474.6,2,2,4,224,重要挽留客户
11575338,3,47,3678.2,5,5,5,555,重要价值客户
11575949,30,17,1938.7,4,5,5,455,重要价值客户
11577675,11,5,152.4,5,3,2,532,重要发展客户
11578209,21,30,2240.7,4,5,5,455,重要价值客户
11578636,44,14,469.4,3,5,4,354,重要保持客户
11578673,82,6,165.70000000000002,2,3,2,232,一般客户
11579117,20,7,281.2,4,4,3,443,一般客户
11580528,67,1,68.0,3,1,1,311,一般客户
11582613,55,5,270.7,3,3,3,333,一般客户
11583001,85,6,238.4,2,3,3,233,一般客户
11583144,150,2,960.5,1,2,5,125,重要挽留客户
11584325,19,10,322.5,4,4,3,443,一般客户
11584482,92,6,214.7,2,3,3,233,一般客户
11584733,21,24,1005.4,4,5,5,455,重要价值客户
11584906,180,1,2141.0,1,1,5,115,重要挽留客户
11585688,17,25,1011.8,5,5,5,555,重要价值客户
11587987,5,7,2205.0,5,4,5,545,重要价值客户
11588814,85,15,513.2,2,5,4,254,重要保持客户
11589267,36,18,780.4,4,5,4,454,重要价值客户
11590170,26,6,161.2,4,3,2,432,重要发展客户
11592126,18,14,1300.2,5,5,5,555,重要价值客户
11592634,70,9,235.7,3,4,3,343,重要保持客户
11592763,3,1,49.0,5,1,1,511,重要发展客户
11592974,35,11,249.5,4,4,3,443,一般客户
11593305,132,2,36.2,1,2,1,121,一般客户
11597101,134,3,168.5,1,2,2,122,一般客户
11597285,61,9,462.5,3,4,4,344,重要保持客户
11597452,6,3,86.0,5,2,1,521,重要发展客户
11598589,5,17,1475.8,5,5,5,555,重要价值客户
11600863,43,18,666.5,4,5,4,454,重要价值客户
11601544,135,18,1127.0,1,5,5,155,重要保持客户
11605023,47,2,66.9,3,2,1,321,一般客户
11605041,9,71,27308.1,5,5,5,555,重要价值客户
11605707,11,19,8226.5,5,5,5,555,重要价值客户
11606223,90,2,65.0,2,2,1,221,一般客户
11606252,73,13,1026.1,3,4,5,345,重要保持客户
11606471,59,13,509.2,3,4,4,344,重要保持客户
11607022,91,9,462.3,2,4,4,244,重要保持客户
11607468,17,11,463.1,5,4,4,544,重要价值客户
11609567,54,4,63.9,3,3,1,331,一般客户
11609589,21,46,4213.099999999999,4,5,5,455,重要价值客户
11609726,164,1,79.0,1,1,1,111,一般客户
11611404,56,24,547.4,3,5,4,354,重要保持客户
11611482,41,16,6346.5,4,5,5,455,重要价值客户
11611779,60,9,477.3,3,4,4,344,重要保持客户
11611876,6,1,15.8,5,1,1,511,重要发展客户
11612110,34,3,2312.0,4,2,5,425,重要发展客户
11612792,15,32,976.0,5,5,5,555,重要价值客户
11613557,33,22,1816.3,4,5,5,455,重要价值客户
11613805,134,1,9.9,1,1,1,111,一般客户
11613862,125,8,346.1,2,4,3,243,重要保持客户
11616867,15,66,4371.9,5,5,5,555,重要价值客户
11616910,30,12,375.6,4,4,3,443,一般客户
11617124,144,5,335.0,1,3,3,133,一般客户
11617895,6,24,1833.9,5,5,5,555,重要价值客户
11619699,30,1,29.9,4,1,1,411,重要发展客户
11620462,156,1,26.5,1,1,1,111,一般客户
11620639,130,2,26.3,2,2,1,221,一般客户
11620954,6,5,141.0,5,3,2,532,重要发展客户
11623456,20,14,1062.3,4,5,5,455,重要价值客户
11625378,125,4,293.9,2,3,3,233,一般客户
11625564,34,9,258.6,4,4,3,443,一般客户
11625846,36,6,497.70000000000005,4,3,4,434,重要发展客户
11626381,131,2,71.0,2,2,1,221,一般客户
11626397,127,4,65.73,2,3,1,231,一般客户
11626837,73,3,107.9,3,2,2,322,一般客户
11627330,131,5,211.0,2,3,3,233,一般客户
11627758,203,1,29.9,1,1,1,111,一般客户
11628294,13,2,278.0,5,2,3,523,重要发展客户
11628460,87,13,816.5999999999999,2,4,4,244,重要保持客户
11628758,76,1,539.0,3,1,4,314,重要挽留客户
11628763,164,2,68.8,1,2,1,121,一般客户
11628809,10,7,818.3,5,4,4,544,重要价值客户
11629116,90,4,886.5,2,3,4,234,重要挽留客户
11629224,18,6,719.1,5,3,4,534,重要发展客户
11630238,129,7,289.4,2,4,3,243,重要保持客户
11630460,182,1,298.0,1,1,3,113,一般客户
11632722,7,27,1128.6,5,5,5,555,重要价值客户
11633208,13,27,4481.8,5,5,5,555,重要价值客户
11633806,12,8,570.3,5,4,4,544,重要价值客户
11633936,13,11,357.8,5,4,3,543,一般客户
11637634,68,3,58.0,3,2,1,321,一般客户
11637719,35,6,587.0,4,3,4,434,重要发展客户
11639236,119,5,167.0,2,3,2,232,一般客户
11639302,49,15,568.1,3,5,4,354,重要保持客户
11640115,98,14,536.4,2,5,4,254,重要保持客户
11640223,176,1,1194.0,1,1,5,115,重要挽留客户
11640278,54,4,215.9,3,3,3,333,一般客户
11640341,26,6,442.8,4,3,4,434,重要发展客户
11641346,157,1,49.0,1,1,1,111,一般客户
11642504,75,11,969.8,3,4,5,345,重要保持客户
11642706,179,1,24.0,1,1,1,111,一般客户
11643902,197,2,35.2,1,2,1,121,一般客户
11644483,89,15,769.7,2,5,4,254,重要保持客户
11644732,84,6,114.7,2,3,2,232,一般客户
11645893,10,6,204.0,5,3,3,533,重要发展客户
11646176,35,50,2310.8,4,5,5,455,重要价值客户
11647558,129,4,246.0,2,3,3,233,一般客户
11648102,25,8,276.0,4,4,3,443,一般客户
11648294,1,150,12208.4,5,5,5,555,重要价值客户
11648915,26,12,1185.5,4,4,5,445,重要价值客户
11649017,64,24,2398.9,3,5,5,355,重要保持客户
11649422,56,4,106.0,3,3,2,332,一般客户
11650247,164,2,74.9,1,2,1,121,一般客户
11650434,2,23,2802.4,5,5,5,555,重要价值客户
11650579,38,11,794.8,4,4,4,444,重要价值客户
11651643,4,7,161.0,5,4,2,542,一般客户
11652283,41,1,49.8,4,1,1,411,重要发展客户
11652954,97,10,444.0,2,4,4,244,重要保持客户
11654983,5,1,87.1,5,1,1,511,重要发展客户
11655180,3,8,273.6,5,4,3,543,一般客户
11655946,97,4,98.4,2,3,2,232,一般客户
11656131,101,13,911.3,2,4,4,244,重要保持客户
11656307,64,4,228.9,3,3,3,333,一般客户
11656553,29,11,423.09999999999997,4,4,4,444,重要价值客户
11656796,118,1,47.0,2,1,1,211,一般客户
11657070,13,41,2520.4,5,5,5,555,重要价值客户
11657586,115,1,86.0,2,1,1,211,一般客户
11657811,99,6,215.6,2,3,3,233,一般客户
11658366,97,2,684.0,2,2,4,224,重要挽留客户
11658745,196,1,46.8,1,1,1,111,一般客户
11658760,205,1,138.0,1,1,2,112,一般客户
11659049,36,15,433.3,4,5,4,454,重要价值客户
11660641,8,6,524.6,5,3,4,534,重要发展客户
11660759,140,2,126.4,1,2,2,122,一般客户
11661053,133,6,236.6,1,3,3,133,一般客户
11661663,19,26,1683.6,4,5,5,455,重要价值客户
11661865,20,137,8508.2,4,5,5,455,重要价值客户
11662524,101,8,202.3,2,4,3,243,重要保持客户
11662664,70,18,681.5,3,5,4,354,重要保持客户
11662761,57,11,768.7,3,4,4,344,重要保持客户
11663594,5,82,11696.5,5,5,5,555,重要价值客户
11663916,130,1,20.9,2,1,1,211,一般客户
11664304,19,1,250.0,4,1,3,413,重要发展客户
11666178,15,14,1599.6,5,5,5,555,重要价值客户
11666314,132,3,412.9,1,2,4,124,重要挽留客户
11681163,3,17,3203.0,5,5,5,555,重要价值客户
11703357,27,15,4843.0,4,5,5,455,重要价值客户
11711931,54,1,178.0,3,1,2,312,一般客户
11712350,7,24,1931.6,5,5,5,555,重要价值客户
11712414,144,4,54.5,1,3,1,131,一般客户
11716629,131,2,39.9,2,2,1,221,一般客户
11716845,12,69,3973.1,5,5,5,555,重要价值客户
11716990,180,4,103.8,1,3,2,132,一般客户
11721483,63,3,128.7,3,2,2,322,一般客户
11722583,5,7,274.4,5,4,3,543,一般客户
11771850,177,3,56.0,1,2,1,121,一般客户
11772507,25,53,3888.8,4,5,5,455,重要价值客户
11773373,66,1,5.0,3,1,1,311,一般客户
11774006,27,5,169.2,4,3,2,432,重要发展客户
11775767,35,1,8.8,4,1,1,411,重要发展客户
11777468,36,24,1049.7,4,5,5,455,重要价值客户
11777642,97,3,1226.0,2,2,5,225,重要挽留客户
11778208,15,1,168.0,5,1,2,512,重要发展客户
11778371,46,6,932.6999999999999,3,3,4,334,重要挽留客户
11778953,20,12,3268.1,4,4,5,445,重要价值客户
11779556,26,7,184.7,4,4,2,442,一般客户
11779600,10,1,398.0,5,1,3,513,重要发展客户
11779859,148,1,29.7,1,1,1,111,一般客户
11780015,85,8,462.0,2,4,4,244,重要保持客户
11780067,92,7,335.5,2,4,3,243,重要保持客户
11780705,36,23,1236.3,4,5,5,455,重要价值客户
11781489,23,23,332.2,4,5,3,453,一般客户
11781975,1,29,1937.4,5,5,5,555,重要价值客户
11782390,117,13,695.3,2,4,4,244,重要保持客户
11782755,16,14,3133.4,5,5,5,555,重要价值客户
11782833,124,1,69.0,2,1,1,211,一般客户
11783122,98,2,451.0,2,2,4,224,重要挽留客户
11783302,197,4,161.8,1,3,2,132,一般客户
11783638,148,2,351.4,1,2,3,123,一般客户
11783981,14,14,580.2,5,5,4,554,重要价值客户
11785300,180,2,78.6,1,2,1,121,一般客户
11786808,11,12,558.3,5,4,4,544,重要价值客户
11787094,26,39,2237.9,4,5,5,455,重要价值客户
11787566,118,8,2460.8,2,4,5,245,重要保持客户
11787680,47,14,600.0,3,5,4,354,重要保持客户
11788051,39,9,342.8,4,4,3,443,一般客户
11788549,40,3,95.1,4,2,2,422,重要发展客户
11788722,125,18,714.2,2,5,4,254,重要保持客户
11789293,47,6,686.0,3,3,4,334,重要挽留客户
11790517,124,1,79.0,2,1,1,211,一般客户
11790988,3,6,177.8,5,3,2,532,重要发展客户
11792035,203,1,19.9,1,1,1,111,一般客户
11793552,49,8,837.0,3,4,4,344,重要保持客户
11793910,176,1,25.5,1,1,1,111,一般客户
11795552,46,2,145.0,3,2,2,322,一般客户
11795564,9,16,1262.2,5,5,5,555,重要价值客户
11797180,124,1,38.0,2,1,1,211,一般客户
11797575,155,2,57.7,1,2,1,121,一般客户
11798442,22,5,1248.5,4,3,5,435,重要发展客户
11798519,103,16,1939.8000000000002,2,5,5,255,重要保持客户
11798568,59,2,117.5,3,2,2,322,一般客户
11799338,7,9,346.0,5,4,3,543,一般客户
11801398,139,5,140.1,1,3,2,132,一般客户
11801887,111,15,623.4,2,5,4,254,重要保持客户
11801897,121,8,230.5,2,4,3,243,重要保持客户
11802510,159,4,406.8,1,3,4,134,重要挽留客户
11803159,2,2,48.8,5,2,1,521,重要发展客户
11803788,6,19,994.1,5,5,5,555,重要价值客户
11804013,20,2,325.7,4,2,3,423,重要发展客户
11804372,57,10,472.0,3,4,4,344,重要保持客户
11804796,57,3,83.4,3,2,1,321,一般客户
11805094,145,1,99.0,1,1,2,112,一般客户
11805249,2,11,498.8,5,4,4,544,重要价值客户
11805816,188,3,108.9,1,2,2,122,一般客户
11806558,205,3,87.0,1,2,1,121,一般客户
11806589,1,33,566.3,5,5,4,554,重要价值客户
11809003,77,7,465.6,3,4,4,344,重要保持客户
11809273,15,129,12286.5,5,5,5,555,重要价值客户
11809436,11,24,2132.1,5,5,5,555,重要价值客户
11810916,1,28,3114.9,5,5,5,555,重要价值客户
11811385,180,2,1372.0,1,2,5,125,重要挽留客户
11812223,62,3,99.39999999999999,3,2,2,322,一般客户
11812492,124,6,182.0,2,3,2,232,一般客户
11812874,6,26,3569.2,5,5,5,555,重要价值客户
11813200,98,2,57.0,2,2,1,221,一般客户
11813251,172,1,48.0,1,1,1,111,一般客户
11813600,200,14,434.4,1,5,4,154,重要保持客户
11813665,26,25,3356.3,4,5,5,455,重要价值客户
11813684,128,7,427.7,2,4,4,244,重要保持客户
11813852,68,8,1155.4,3,4,5,345,重要保持客户
11815106,3,24,748.0,5,5,4,554,重要价值客户
11815586,177,2,396.0,1,2,3,123,一般客户
11815893,4,36,2730.9,5,5,5,555,重要价值客户
11816304,103,6,401.4,2,3,3,233,一般客户
11816491,39,7,264.90000000000003,4,4,3,443,一般客户
11817999,156,1,209.0,1,1,3,113,一般客户
11820897,14,77,9271.8,5,5,5,555,重要价值客户
11820941,178,1,208.0,1,1,3,113,一般客户
11820947,43,1,9.9,4,1,1,411,重要发展客户
11821658,83,1,1188.0,2,1,5,215,重要挽留客户
11822012,6,13,995.8,5,4,5,545,重要价值客户
11822241,31,14,482.6,4,5,4,454,重要价值客户
11822398,122,1,19.0,2,1,1,211,一般客户
11822410,6,3,192.4,5,2,2,522,重要发展客户
11822464,73,4,398.0,3,3,3,333,一般客户
11822841,13,38,1133.6,5,5,5,555,重要价值客户
11823450,17,11,1108.7,5,4,5,545,重要价值客户
11825370,84,6,245.0,2,3,3,233,一般客户
11825866,27,7,2549.1,4,4,5,445,重要价值客户
11826839,119,1,67.3,2,1,1,211,一般客户
11827208,152,1,159.0,1,1,2,112,一般客户
11827578,199,2,78.4,1,2,1,121,一般客户
11827754,32,5,286.9,4,3,3,433,重要发展客户
11828949,203,13,616.8,1,4,4,144,重要保持客户
11829659,93,21,489.0,2,5,4,254,重要保持客户
11830206,55,3,53.0,3,2,1,321,一般客户
11830389,4,3,67.5,5,2,1,521,重要发展客户
11830889,160,3,1200.6000000000001,1,2,5,125,重要挽留客户
11831842,195,6,217.9,1,3,3,133,一般客户
11831859,142,6,188.5,1,3,2,132,一般客户
11832924,13,21,3675.0,5,5,5,555,重要价值客户
11833316,17,4,143.0,5,3,2,532,重要发展客户
11833406,133,3,43.0,1,2,1,121,一般客户
11833638,4,31,2079.2,5,5,5,555,重要价值客户
11833851,2,25,3852.4,5,5,5,555,重要价值客户
11834267,59,4,2292.4,3,3,5,335,重要挽留客户
11852765,22,46,1705.8,4,5,5,455,重要价值客户
11853924,170,2,70.3,1,2,1,121,一般客户
11855401,196,5,182.0,1,3,2,132,一般客户
11856291,53,7,733.2,3,4,4,344,重要保持客户
11856666,110,4,252.6,2,3,3,233,一般客户
11857011,101,5,174.2,2,3,2,232,一般客户
11857423,26,9,340.7,4,4,3,443,一般客户
11857550,92,4,252.5,2,3,3,233,一般客户
11859451,91,10,956.0,2,4,5,245,重要保持客户
11859789,170,1,79.0,1,1,1,111,一般客户
11860007,63,1,39.9,3,1,1,311,一般客户
11861273,175,2,70.8,1,2,1,121,一般客户
11861476,10,42,2035.5,5,5,5,555,重要价值客户
11861502,185,1,169.0,1,1,2,112,一般客户
11861634,20,12,764.8,4,4,4,444,重要价值客户
11862660,54,6,1059.9,3,3,5,335,重要挽留客户
11862855,134,7,505.0,1,4,4,144,重要保持客户
11862924,13,1,49.8,5,1,1,511,重要发展客户
11863985,63,14,686.0,3,5,4,354,重要保持客户
11864046,117,3,107.5,2,2,2,222,一般客户
11864300,54,6,221.5,3,3,3,333,一般客户
11864504,91,3,49.3,2,2,1,221,一般客户
11864537,28,10,592.5,4,4,4,444,重要价值客户
11864857,42,3,870.0,4,2,4,424,重要发展客户
11865727,110,1,140.8,2,1,2,212,一般客户
11865983,49,17,1029.0,3,5,5,355,重要保持客户
11866135,35,1,49.9,4,1,1,411,重要发展客户
11866195,124,1,20.0,2,1,1,211,一般客户
11866566,74,38,1866.1,3,5,5,355,重要保持客户
11867212,33,7,1016.8,4,4,5,445,重要价值客户
11869071,23,19,1216.6,4,5,5,455,重要价值客户
11869137,26,17,2183.8,4,5,5,455,重要价值客户
11869336,5,23,3236.5,5,5,5,555,重要价值客户
11869460,54,6,213.9,3,3,3,333,一般客户
11869576,190,1,109.0,1,1,2,112,一般客户
11870574,2,21,1052.1,5,5,5,555,重要价值客户
11870712,187,1,32.0,1,1,1,111,一般客户
11870966,53,7,7363.0,3,4,5,345,重要保持客户
11872176,12,29,985.6,5,5,5,555,重要价值客户
11872542,24,12,894.0,4,4,4,444,重要价值客户
11873303,51,4,201.10000000000002,3,3,3,333,一般客户
11873308,13,20,586.7,5,5,4,554,重要价值客户
11877161,139,4,667.6,1,3,4,134,重要挽留客户
11877426,16,32,5762.4,5,5,5,555,重要价值客户
11877592,91,2,68.5,2,2,1,221,一般客户
11877689,63,3,172.4,3,2,2,322,一般客户
11878942,26,5,254.5,4,3,3,433,重要发展客户
11879014,18,21,5843.1,5,5,5,555,重要价值客户
11879026,30,75,4197.5,4,5,5,455,重要价值客户
11880577,44,4,335.9,3,3,3,333,一般客户
11880952,55,5,203.9,3,3,3,333,一般客户
11881693,104,7,954.6,2,4,5,245,重要保持客户
11881924,8,9,494.8,5,4,4,544,重要价值客户
11882781,176,3,224.3,1,2,3,123,一般客户
11883018,62,20,1385.3,3,5,5,355,重要保持客户
11884561,24,2,4461.0,4,2,5,425,重要发展客户
11884792,61,12,602.6999999999999,3,4,4,344,重要保持客户
11885189,19,31,1567.9,4,5,5,455,重要价值客户
11885645,3,35,1342.2,5,5,5,555,重要价值客户
11886066,68,5,1488.7,3,3,5,335,重要挽留客户
11890432,195,3,70.0,1,2,1,121,一般客户
11892627,184,2,124.1,1,2,2,122,一般客户
11892761,166,14,327.9,1,5,3,153,重要保持客户
11893135,3,32,2583.8,5,5,5,555,重要价值客户
11893363,144,5,301.6,1,3,3,133,一般客户
11894142,142,1,128.0,1,1,2,112,一般客户
11894847,109,6,244.0,2,3,3,233,一般客户
11894888,174,1,17.8,1,1,1,111,一般客户
11894916,143,1,20.0,1,1,1,111,一般客户
11895452,34,13,2430.3,4,4,5,445,重要价值客户
11896139,53,8,578.4,3,4,4,344,重要保持客户
11897088,123,4,189.3,2,3,2,232,一般客户
11897412,27,1,390.0,4,1,3,413,重要发展客户
11897781,19,11,472.20000000000005,4,4,4,444,重要价值客户
11897891,2,71,2424.7,5,5,5,555,重要价值客户
11898392,197,1,89.0,1,1,2,112,一般客户
11898880,102,1,133.0,2,1,2,212,一般客户
11899055,68,4,75.2,3,3,1,331,一般客户
11899202,36,8,284.1,4,4,3,443,一般客户
11900295,54,21,2513.8,3,5,5,355,重要保持客户
11900386,12,1,19.0,5,1,1,511,重要发展客户
11900911,27,2,117.9,4,2,2,422,重要发展客户
11901078,60,1,368.0,3,1,3,313,一般客户
11903377,38,1,15.0,4,1,1,411,重要发展客户
11903398,122,10,1299.3,2,4,5,245,重要保持客户
11903874,33,11,3773.2,4,4,5,445,重要价值客户
11904518,8,7,87.8,5,4,1,541,一般客户
11904579,60,4,254.0,3,3,3,333,一般客户
11904687,2,34,7875.299999999999,5,5,5,555,重要价值客户
11904963,18,50,1740.2,5,5,5,555,重要价值客户
11907028,127,25,1166.6,2,5,5,255,重要保持客户
11907200,155,1,298.0,1,1,3,113,一般客户
11908802,11,28,1938.2,5,5,5,555,重要价值客户
11909912,40,1,47.9,4,1,1,411,重要发展客户
11910198,12,14,327.8,5,5,3,553,一般客户
11910690,8,15,1230.0,5,5,5,555,重要价值客户
11911100,3,39,2314.1,5,5,5,555,重要价值客户
11911541,23,13,1360.5,4,4,5,445,重要价值客户
11914051,59,18,627.6,3,5,4,354,重要保持客户
11914517,10,24,887.6,5,5,4,554,重要价值客户
11914785,141,1,40.0,1,1,1,111,一般客户
11917166,22,14,3406.4,4,5,5,455,重要价值客户
11917840,134,2,161.8,1,2,2,122,一般客户
11918347,2,25,1981.0,5,5,5,555,重要价值客户
11918756,168,3,126.0,1,2,2,122,一般客户
11918966,4,6,235.1,5,3,3,533,重要发展客户
11921767,73,6,973.5,3,3,5,335,重要挽留客户
11922339,31,39,3173.1,4,5,5,455,重要价值客户
11922454,16,4,200.3,5,3,3,533,重要发展客户
11922492,41,2,12.8,4,2,1,421,重要发展客户
11931986,25,15,1494.1,4,5,5,455,重要价值客户
11932251,23,5,105.0,4,3,2,432,重要发展客户
11932911,26,5,829.4,4,3,4,434,重要发展客户
11933177,90,6,507.0,2,3,4,234,重要挽留客户
11933782,119,6,197.6,2,3,2,232,一般客户
11934649,28,19,693.8,4,5,4,454,重要价值客户
11935338,62,11,665.7,3,4,4,344,重要保持客户
11935696,1,12,836.6,5,4,4,544,重要价值客户
11935860,56,5,306.0,3,3,3,333,一般客户
11936947,22,26,857.5,4,5,4,454,重要价值客户
11937212,61,1,9.9,3,1,1,311,一般客户
11939399,35,4,1671.4,4,3,5,435,重要发展客户
11939682,59,11,303.8,3,4,3,343,重要保持客户
11940115,24,10,5050.400000000001,4,4,5,445,重要价值客户
11940276,201,1,29.9,1,1,1,111,一般客户
11940682,36,47,1242.3,4,5,5,455,重要价值客户
11940977,19,9,416.7,4,4,4,444,重要价值客户
11942768,41,1,29.0,4,1,1,411,重要发展客户
11945168,201,1,45.0,1,1,1,111,一般客户
11945451,43,6,2989.5,4,3,5,435,重要发展客户
11947507,7,44,940.8,5,5,5,555,重要价值客户
11947730,86,10,1289.8,2,4,5,245,重要保持客户
11947907,105,3,107.8,2,2,2,222,一般客户
11949050,19,9,445.1,4,4,4,444,重要价值客户
11950492,12,29,1409.7,5,5,5,555,重要价值客户
11951405,142,4,207.89999999999998,1,3,3,133,一般客户
11951515,55,2,1034.8,3,2,5,325,重要挽留客户
11952606,24,22,2247.9,4,5,5,455,重要价值客户
11952868,7,4,2130.5,5,3,5,535,重要发展客户
11954096,61,28,1443.1,3,5,5,355,重要保持客户
11954450,123,2,217.9,2,2,3,223,一般客户
11954534,66,8,221.9,3,4,3,343,重要保持客户
11954547,9,12,359.4,5,4,3,543,一般客户
11955045,48,4,200.1,3,3,3,333,一般客户
11956074,156,3,76.9,1,2,1,121,一般客户
11956147,2,5,424.8,5,3,4,534,重要发展客户
11956176,66,28,1942.02,3,5,5,355,重要保持客户
11956586,41,28,1029.5,4,5,5,455,重要价值客户
11958613,134,10,604.6,1,4,4,144,重要保持客户
11959125,37,4,96.6,4,3,2,432,重要发展客户
11959554,66,3,130.5,3,2,2,322,一般客户
11960577,68,8,223.0,3,4,3,343,重要保持客户
11960849,6,15,1156.3,5,5,5,555,重要价值客户
11960930,2,15,703.2,5,5,4,554,重要价值客户
11961402,58,15,314.8,3,5,3,353,重要保持客户
11961539,148,5,208.3,1,3,3,133,一般客户
11961836,164,6,776.9,1,3,4,134,重要挽留客户
11967517,64,2,228.0,3,2,3,323,一般客户
11968299,3,66,2399.4,5,5,5,555,重要价值客户
11968844,175,2,138.0,1,2,2,122,一般客户
11969065,40,23,4042.0,4,5,5,455,重要价值客户
11970752,13,1,172.6,5,1,2,512,重要发展客户
11972298,82,1,129.0,2,1,2,212,一般客户
11973365,92,1,32.9,2,1,1,211,一般客户
11974898,42,4,261.9,4,3,3,433,重要发展客户
11975651,121,1,68.0,2,1,1,211,一般客户
11975823,42,5,215.8,4,3,3,433,重要发展客户
11976884,11,29,1434.5,5,5,5,555,重要价值客户
11977387,100,8,273.2,2,4,3,243,重要保持客户
11977807,15,8,224.6,5,4,3,543,一般客户
11978225,181,1,148.0,1,1,2,112,一般客户
11978407,1,16,656.7,5,5,4,554,重要价值客户
11979450,19,2,84.9,4,2,1,421,重要发展客户
11979920,155,1,268.0,1,1,3,113,一般客户
11981452,25,78,3241.6,4,5,5,455,重要价值客户
11981761,184,1,17.9,1,1,1,111,一般客户
11982252,19,11,3595.2,4,4,5,445,重要价值客户
11982454,37,15,840.6,4,5,4,454,重要价值客户
11982573,179,2,447.0,1,2,4,124,重要挽留客户
11984285,41,3,119.69999999999999,4,2,2,422,重要发展客户
11984704,12,3,201.0,5,2,3,523,重要发展客户
11985097,23,1,139.0,4,1,2,412,重要发展客户
11985428,9,15,362.0,5,5,3,553,一般客户
11985527,1,14,2062.3,5,5,5,555,重要价值客户
11985606,7,31,3737.2000000000003,5,5,5,555,重要价值客户
11985694,159,3,102.80000000000001,1,2,2,122,一般客户
11986770,44,6,336.9,3,3,3,333,一般客户
12000918,56,12,866.7,3,4,4,344,重要保持客户
12000972,12,9,262.1,5,4,3,543,一般客户
12001030,4,58,2465.8,5,5,5,555,重要价值客户
12001302,6,14,355.3,5,5,3,553,一般客户
12001644,73,16,3277.0,3,5,5,355,重要保持客户
12002171,152,1,39.0,1,1,1,111,一般客户
12002408,5,17,1977.1,5,5,5,555,重要价值客户
12002523,146,11,1401.3,1,4,5,145,重要保持客户
12003586,5,20,1270.4,5,5,5,555,重要价值客户
12003760,10,4,105.8,5,3,2,532,重要发展客户
12004896,92,2,62.4,2,2,1,221,一般客户
12005789,27,1,99.0,4,1,2,412,重要发展客户
12007533,84,6,98.9,2,3,2,232,一般客户
12010355,8,7,37.0,5,4,1,541,一般客户
12010739,53,11,338.5,3,4,3,343,重要保持客户
12011112,15,4,286.0,5,3,3,533,重要发展客户
12012625,48,3,114.5,3,2,2,322,一般客户
12012909,205,1,396.0,1,1,3,113,一般客户
12013468,85,9,627.7,2,4,4,244,重要保持客户
12014850,14,9,1022.8,5,4,5,545,重要价值客户
12016381,102,1,22.8,2,1,1,211,一般客户
12017872,13,12,390.5,5,4,3,543,一般客户
12018581,4,4,771.3,5,3,4,534,重要发展客户
12018792,26,21,708.3,4,5,4,454,重要价值客户
12019648,23,2,29.0,4,2,1,421,重要发展客户
12019706,56,9,286.7,3,4,3,343,重要保持客户
12020286,125,3,663.0,2,2,4,224,重要挽留客户
12020869,63,28,2886.7,3,5,5,355,重要保持客户
12021931,40,10,646.9,4,4,4,444,重要价值客户
12022555,19,9,349.8,4,4,3,443,一般客户
12022875,92,1,19.0,2,1,1,211,一般客户
12023206,133,1,64.9,1,1,1,111,一般客户
12023410,7,24,11089.3,5,5,5,555,重要价值客户
12023643,13,13,473.9,5,4,4,544,重要价值客户
12024042,110,1,2028.0,2,1,5,215,重要挽留客户
12024255,11,24,3008.2,5,5,5,555,重要价值客户
12024586,90,1,42.0,2,1,1,211,一般客户
12024850,106,3,53.9,2,2,1,221,一般客户
12026585,24,63,4276.9,4,5,5,455,重要价值客户
12026596,113,9,347.6,2,4,3,243,重要保持客户
12027688,19,12,638.4,4,4,4,444,重要价值客户
12027732,64,5,203.8,3,3,3,333,一般客户
12027788,54,8,956.7,3,4,5,345,重要保持客户
12028057,19,32,1322.0,4,5,5,455,重要价值客户
12028095,7,43,4417.8,5,5,5,555,重要价值客户
12028157,63,7,459.0,3,4,4,344,重要保持客户
12028716,59,2,167.0,3,2,2,322,一般客户
12030637,17,7,1193.0,5,4,5,545,重要价值客户
12031287,2,20,2138.3,5,5,5,555,重要价值客户
12031611,20,15,774.3,4,5,4,454,重要价值客户
12032242,55,4,131.9,3,3,2,332,一般客户
12032587,24,1,4.8,4,1,1,411,重要发展客户
12034869,165,1,75.0,1,1,1,111,一般客户
12035030,27,4,247.4,4,3,3,433,重要发展客户
12036293,41,39,5569.9,4,5,5,455,重要价值客户
12036396,93,11,625.8,2,4,4,244,重要保持客户
12037020,33,10,1623.9,4,4,5,445,重要价值客户
12037583,4,27,2398.4,5,5,5,555,重要价值客户
12037850,180,4,172.5,1,3,2,132,一般客户
12038123,104,4,94.0,2,3,2,232,一般客户
12038239,172,8,373.09999999999997,1,4,3,143,重要保持客户
12038421,36,1,28.0,4,1,1,411,重要发展客户
12038979,118,2,16.5,2,2,1,221,一般客户
12039122,11,29,1130.2,5,5,5,555,重要价值客户
12039560,43,8,163.4,4,4,2,442,一般客户
12039618,48,1,35.0,3,1,1,311,一般客户
12040426,41,1,56.8,4,1,1,411,重要发展客户
12040463,8,38,1384.0,5,5,5,555,重要价值客户
12040548,24,48,2404.3,4,5,5,455,重要价值客户
12041485,137,7,785.8,1,4,4,144,重要保持客户
12043265,109,1,98.0,2,1,2,212,一般客户
12045826,109,4,44.5,2,3,1,231,一般客户
12046319,8,39,4476.7,5,5,5,555,重要价值客户
12047064,11,21,1247.3999999999999,5,5,5,555,重要价值客户
12047883,22,12,1441.5,4,4,5,445,重要价值客户
12050613,19,15,1026.9,4,5,5,455,重要价值客户
12050672,26,46,1720.3,4,5,5,455,重要价值客户
12050988,91,13,1113.1,2,4,5,245,重要保持客户
12051340,12,15,509.2,5,5,4,554,重要价值客户
12051355,76,14,2568.2,3,5,5,355,重要保持客户
12051886,27,5,360.40000000000003,4,3,3,433,重要发展客户
12052147,181,3,566.0,1,2,4,124,重要挽留客户
12052231,105,1,22.0,2,1,1,211,一般客户
12052366,100,4,114.69999999999999,2,3,2,232,一般客户
12053234,11,15,5494.5,5,5,5,555,重要价值客户
12053732,6,8,244.7,5,4,3,543,一般客户
12053846,54,13,502.1,3,4,4,344,重要保持客户
12054758,19,21,796.4,4,5,4,454,重要价值客户
12057846,18,14,3831.5,5,5,5,555,重要价值客户
12060885,23,22,798.9,4,5,4,454,重要价值客户
12061693,61,3,157.0,3,2,2,322,一般客户
12062458,56,2,271.0,3,2,3,323,一般客户
12062940,48,8,1160.7,3,4,5,345,重要保持客户
12063110,154,6,525.7,1,3,4,134,重要挽留客户
12063430,14,6,1073.0,5,3,5,535,重要发展客户
12064424,52,3,96.6,3,2,2,322,一般客户
12065558,86,16,1144.9,2,5,5,255,重要保持客户
12066156,7,21,581.1,5,5,4,554,重要价值客户
12066802,77,2,165.8,3,2,2,322,一般客户
12067450,6,33,2239.4,5,5,5,555,重要价值客户
12068268,43,2,99.69999999999999,4,2,2,422,重要发展客户
12069722,99,5,722.9,2,3,4,234,重要挽留客户
12069743,59,12,734.3,3,4,4,344,重要保持客户
12070004,46,3,49.6,3,2,1,321,一般客户
12070236,15,45,2326.9,5,5,5,555,重要价值客户
12070736,102,1,26.0,2,1,1,211,一般客户
12072763,132,5,178.9,1,3,2,132,一般客户
12072962,75,1,128.0,3,1,2,312,一般客户
12073009,53,27,1324.0,3,5,5,355,重要保持客户
12073371,143,4,174.9,1,3,2,132,一般客户
12074123,16,39,2693.8,5,5,5,555,重要价值客户
12074896,88,5,331.8,2,3,3,233,一般客户
12075049,20,7,360.3,4,4,3,443,一般客户
12075051,65,3,114.8,3,2,2,322,一般客户
12075270,37,36,4263.9,4,5,5,455,重要价值客户
12075279,131,10,477.0,2,4,4,244,重要保持客户
12075704,14,35,1937.5,5,5,5,555,重要价值客户
12075976,71,18,597.5,3,5,4,354,重要保持客户
12076832,20,2,39.5,4,2,1,421,重要发展客户
12076944,91,10,319.8,2,4,3,243,重要保持客户
12078542,4,32,11354.9,5,5,5,555,重要价值客户
12079556,179,4,164.6,1,3,2,132,一般客户
12080329,108,4,167.60000000000002,2,3,2,232,一般客户
12080810,80,3,181.0,2,2,2,222,一般客户
12081343,178,1,89.0,1,1,2,112,一般客户
12082034,5,1,15.0,5,1,1,511,重要发展客户
12082131,125,1,98.0,2,1,2,212,一般客户
12082269,84,3,176.9,2,2,2,222,一般客户
12082976,62,4,81.2,3,3,1,331,一般客户
12083580,58,15,560.5,3,5,4,354,重要保持客户
12084018,195,3,641.0,1,2,4,124,重要挽留客户
12084307,83,2,58.9,2,2,1,221,一般客户
12084595,52,17,538.0,3,5,4,354,重要保持客户
12086770,165,8,699.0,1,4,4,144,重要保持客户
12086845,3,12,3665.8,5,4,5,545,重要价值客户
12088024,142,1,208.0,1,1,3,113,一般客户
12088421,95,4,81.5,2,3,1,231,一般客户
12089127,117,4,1109.5,2,3,5,235,重要挽留客户
12089135,31,36,1619.7,4,5,5,455,重要价值客户
12089212,13,17,2221.6,5,5,5,555,重要价值客户
12090093,138,1,256.0,1,1,3,113,一般客户
12093757,118,2,108.8,2,2,2,222,一般客户
12093789,60,23,4214.3,3,5,5,355,重要保持客户
12093878,63,4,386.0,3,3,3,333,一般客户
12094164,12,25,3666.6,5,5,5,555,重要价值客户
12094293,35,45,2434.2,4,5,5,455,重要价值客户
12095235,57,2,102.19999999999999,3,2,2,322,一般客户
12095273,17,46,1709.5,5,5,5,555,重要价值客户
12096528,39,7,675.3000000000001,4,4,4,444,重要价值客户
12097218,107,4,422.0,2,3,4,234,重要挽留客户
12097456,61,38,2094.7999999999997,3,5,5,355,重要保持客户
12097569,111,4,193.0,2,3,2,232,一般客户
12097589,11,6,465.8,5,3,4,534,重要发展客户
12098164,130,16,660.1,2,5,4,254,重要保持客户
12098258,21,9,749.8,4,4,4,444,重要价值客户
12098463,116,6,392.3,2,3,3,233,一般客户
12099090,127,12,755.5,2,4,4,244,重要保持客户
12099159,16,35,1674.5,5,5,5,555,重要价值客户
12099981,54,9,300.1,3,4,3,343,重要保持客户
12100114,85,37,2785.9,2,5,5,255,重要保持客户
12100120,202,5,185.9,1,3,2,132,一般客户
12100437,20,10,657.8,4,4,4,444,重要价值客户
12100651,23,16,1155.9,4,5,5,455,重要价值客户
12101496,158,2,93.7,1,2,2,122,一般客户
12102237,20,5,125.5,4,3,2,432,重要发展客户
12103933,23,2,968.1,4,2,5,425,重要发展客户
12105064,19,16,867.7,4,5,4,454,重要价值客户
12105068,6,37,2100.8,5,5,5,555,重要价值客户
12105173,41,17,757.1,4,5,4,454,重要价值客户
12105213,200,1,328.0,1,1,3,113,一般客户
12105716,17,16,460.0,5,5,4,554,重要价值客户
12105813,89,3,1550.6,2,2,5,225,重要挽留客户
12107540,47,7,405.9,3,4,4,344,重要保持客户
12108364,161,2,81.0,1,2,1,121,一般客户
12108402,73,4,221.9,3,3,3,333,一般客户
12110347,9,9,167.3,5,4,2,542,一般客户
12111325,30,7,416.0,4,4,4,444,重要价值客户
12112179,89,5,406.3,2,3,4,234,重要挽留客户
12112931,32,1,142.8,4,1,2,412,重要发展客户
12113184,40,21,1649.4,4,5,5,455,重要价值客户
12114188,114,12,347.5,2,4,3,243,重要保持客户
12114264,67,11,310.0,3,4,3,343,重要保持客户
12114550,3,2,99.2,5,2,2,522,重要发展客户
12115542,29,22,417.4,4,5,4,454,重要价值客户
12116487,5,29,1448.3,5,5,5,555,重要价值客户
12116619,157,3,827.0,1,2,4,124,重要挽留客户
12116729,26,139,8486.2,4,5,5,455,重要价值客户
12117608,40,20,791.5,4,5,4,454,重要价值客户
12119311,40,1,12.0,4,1,1,411,重要发展客户
12119661,32,6,475.1,4,3,4,434,重要发展客户
12119792,40,7,526.7,4,4,4,444,重要价值客户
12126572,74,13,595.5,3,5,4,354,重要保持客户
12132721,72,4,952.8,3,3,5,335,重要挽留客户
12132957,16,6,1599.8999999999999,5,3,5,535,重要发展客户
12133098,38,8,1276.4,4,4,5,445,重要价值客户
12135218,29,3,804.0,4,2,4,424,重要发展客户
12135237,7,17,903.8,5,5,4,554,重要价值客户
12135334,38,3,83.4,4,2,1,421,重要发展客户
12135595,22,16,670.6,4,5,4,454,重要价值客户
12135987,140,1,93.9,1,1,2,112,一般客户
12136572,200,1,209.8,1,1,3,113,一般客户
12136918,68,1,237.0,3,1,3,313,一般客户
12137229,60,9,750.9,3,4,4,344,重要保持客户
12138026,124,10,748.4,2,4,4,244,重要保持客户
12147792,96,1,15.9,2,1,1,211,一般客户
12148074,87,2,128.0,2,2,2,222,一般客户
12148271,56,7,232.8,3,4,3,343,重要保持客户
12148776,170,8,153.6,1,4,2,142,重要保持客户
12149072,167,2,36.8,1,2,1,121,一般客户
12149702,13,43,2869.7,5,5,5,555,重要价值客户
12150172,68,2,208.0,3,2,3,323,一般客户
12151293,70,2,259.0,3,2,3,323,一般客户
12154689,40,5,170.9,4,3,2,432,重要发展客户
12154976,2,7,1098.4,5,4,5,545,重要价值客户
12155425,77,9,462.8,3,4,4,344,重要保持客户
12155908,80,8,1732.9,2,4,5,245,重要保持客户
12156704,44,7,313.0,3,4,3,343,重要保持客户
12157594,40,8,590.4,4,4,4,444,重要价值客户
12157707,30,7,2841.6,4,4,5,445,重要价值客户
12159158,64,6,626.5,3,3,4,334,重要挽留客户
12159675,182,4,184.2,1,3,2,132,一般客户
12160091,100,2,69.0,2,2,1,221,一般客户
12160199,28,82,3826.7999999999997,4,5,5,455,重要价值客户
12161299,54,2,52.699999999999996,3,2,1,321,一般客户
12161601,11,4,205.7,5,3,3,533,重要发展客户
12161826,16,22,1554.2,5,5,5,555,重要价值客户
12161975,144,1,24.8,1,1,1,111,一般客户
12162302,99,3,379.0,2,2,3,223,一般客户
12162962,163,3,285.8,1,2,3,123,一般客户
12163515,92,1,10.0,2,1,1,211,一般客户
12163746,17,14,419.3,5,5,4,554,重要价值客户
12165853,151,1,86.9,1,1,1,111,一般客户
12166218,2,52,4984.3,5,5,5,555,重要价值客户
12166307,26,17,1954.4,4,5,5,455,重要价值客户
12166626,18,47,2030.1,5,5,5,555,重要价值客户
12167562,44,5,184.9,3,3,2,332,一般客户
12167723,138,5,324.40000000000003,1,3,3,133,一般客户
12169489,16,12,980.6,5,4,5,545,重要价值客户
12169681,11,5,151.6,5,3,2,532,重要发展客户
12170303,100,13,463.3,2,5,4,254,重要保持客户
12170627,35,3,198.8,4,2,3,423,重要发展客户
12170814,56,4,192.4,3,3,2,332,一般客户
12171146,167,1,145.6,1,1,2,112,一般客户
12171898,55,2,197.9,3,2,2,322,一般客户
12172290,46,1,116.0,3,1,2,312,一般客户
12172625,205,2,102.0,1,2,2,122,一般客户
12172970,6,2,47.6,5,2,1,521,重要发展客户
12173492,42,41,1594.8,4,5,5,455,重要价值客户
12174313,12,38,1454.2,5,5,5,555,重要价值客户
12174590,6,17,785.4,5,5,4,554,重要价值客户
12174606,9,65,2798.4,5,5,5,555,重要价值客户
12174677,76,1,16.0,3,1,1,311,一般客户
12175386,25,22,949.75,4,5,5,455,重要价值客户
12175790,4,4,633.4,5,3,4,534,重要发展客户
12175966,144,1,29.9,1,1,1,111,一般客户
12176727,186,1,59.0,1,1,1,111,一般客户
12177703,35,8,162.8,4,4,2,442,一般客户
12178559,84,5,292.6,2,3,3,233,一般客户
12179123,12,2,71.8,5,2,1,521,重要发展客户
12180485,28,2,50.099999999999994,4,2,1,421,重要发展客户
12180522,89,2,850.5,2,2,4,224,重要挽留客户
12182484,63,10,720.0,3,4,4,344,重要保持客户
12183381,201,1,12.0,1,1,1,111,一般客户
12186448,1,49,4904.4,5,5,5,555,重要价值客户
12187024,115,3,105.8,2,2,2,222,一般客户
12187231,50,4,1346.8999999999999,3,3,5,335,重要挽留客户
12187574,24,5,518.8,4,3,4,434,重要发展客户
12192285,24,45,7802.700000000001,4,5,5,455,重要价值客户
12193217,21,2,295.5,4,2,3,423,重要发展客户
12193569,133,2,51.900000000000006,1,2,1,121,一般客户
12193607,6,18,1972.5,5,5,5,555,重要价值客户
12193665,1,7,210.5,5,4,3,543,一般客户
12193764,81,2,2426.2,2,2,5,225,重要挽留客户
12194174,48,16,532.4,3,5,4,354,重要保持客户
12194926,58,3,304.7,3,2,3,323,一般客户
12195441,114,24,1886.1000000000001,2,5,5,255,重要保持客户
12195450,6,25,1020.6,5,5,5,555,重要价值客户
12195762,78,2,426.6,2,2,4,224,重要挽留客户
12196625,191,3,154.79999999999998,1,2,2,122,一般客户
12197294,9,53,3993.14,5,5,5,555,重要价值客户
12197708,23,5,64.3,4,3,1,431,重要发展客户
12197786,3,77,4918.7,5,5,5,555,重要价值客户
12199366,56,30,1616.1000000000001,3,5,5,355,重要保持客户
12201576,166,6,1061.1,1,3,5,135,重要挽留客户
12201721,14,1,69.9,5,1,1,511,重要发展客户
12201773,104,9,558.5,2,4,4,244,重要保持客户
12201825,98,6,1034.0,2,3,5,235,重要挽留客户
12202368,72,2,45.0,3,2,1,321,一般客户
12202567,93,10,207.4,2,4,3,243,重要保持客户
12202667,7,6,156.0,5,3,2,532,重要发展客户
12202702,24,24,1563.8,4,5,5,455,重要价值客户
12202954,56,14,1599.0,3,5,5,355,重要保持客户
12203527,131,2,53.8,2,2,1,221,一般客户
12203900,12,95,5217.5,5,5,5,555,重要价值客户
12204375,53,2,2767.8,3,2,5,325,重要挽留客户
12205002,89,27,1285.0,2,5,5,255,重要保持客户
12205077,56,14,517.0,3,5,4,354,重要保持客户
12205854,45,4,248.2,3,3,3,333,一般客户
12206011,19,17,766.5,4,5,4,454,重要价值客户
12206837,77,3,200.10000000000002,3,2,3,323,一般客户
12207225,37,7,609.1,4,4,4,444,重要价值客户
12208173,32,1,531.3,4,1,4,414,重要发展客户
12208705,33,1,158.0,4,1,2,412,重要发展客户
12208931,77,2,139.9,3,2,2,322,一般客户
12209093,171,1,49.0,1,1,1,111,一般客户
12210272,90,1,150.0,2,1,2,212,一般客户
12211894,203,4,176.8,1,3,2,132,一般客户
12212302,162,2,211.0,1,2,3,123,一般客户
12214691,43,4,382.6,4,3,3,433,重要发展客户
12215040,28,30,1090.7,4,5,5,455,重要价值客户
12215607,134,5,510.8,1,3,4,134,重要挽留客户
12218592,145,1,48.0,1,1,1,111,一般客户
12220276,1,10,152.4,5,4,2,542,一般客户
12220304,55,3,98.8,3,2,2,322,一般客户
12224512,75,2,285.0,3,2,3,323,一般客户
12229858,130,3,95.1,2,2,2,222,一般客户
12230210,37,1,11.8,4,1,1,411,重要发展客户
12230217,2,1,49.0,5,1,1,511,重要发展客户
12231112,131,1,188.0,2,1,2,212,一般客户
12231959,48,6,185.0,3,3,2,332,一般客户
12232217,70,4,1400.0,3,3,5,335,重要挽留客户
12232414,187,6,304.0,1,3,3,133,一般客户
12233543,148,2,110.4,1,2,2,122,一般客户
12235466,135,2,88.0,1,2,1,121,一般客户
12235708,104,2,223.6,2,2,3,223,一般客户
12237237,67,6,564.0,3,3,4,334,重要挽留客户
12237910,53,1,148.0,3,1,2,312,一般客户
12238003,67,2,297.0,3,2,3,323,一般客户
12239197,115,5,162.5,2,3,2,232,一般客户
12239277,15,5,343.8,5,3,3,533,重要发展客户
12239505,171,4,94.0,1,3,2,132,一般客户
12239561,7,5,1152.0,5,3,5,535,重要发展客户
12239788,15,27,1418.3,5,5,5,555,重要价值客户
12239795,56,17,1406.5,3,5,5,355,重要保持客户
12239877,5,13,492.0,5,5,4,554,重要价值客户
12240705,2,26,979.5,5,5,5,555,重要价值客户
12241186,58,32,1049.9,3,5,5,355,重要保持客户
12241642,193,5,615.2,1,3,4,134,重要挽留客户
12242888,65,4,1077.5,3,3,5,335,重要挽留客户
12243974,76,13,4396.0,3,5,5,355,重要保持客户
12243982,146,3,895.95,1,2,4,124,重要挽留客户
12244001,98,5,399.0,2,3,3,233,一般客户
12244329,61,5,261.0,3,3,3,333,一般客户
12245645,9,53,2730.8,5,5,5,555,重要价值客户
12246378,9,17,632.9,5,5,4,554,重要价值客户
12246589,3,11,542.6,5,4,4,544,重要价值客户
12247795,134,1,296.0,1,1,3,113,一般客户
12248902,63,3,176.70000000000002,3,2,2,322,一般客户
12249568,55,2,189.0,3,2,2,322,一般客户
12250139,182,2,45.8,1,2,1,121,一般客户
12250227,41,1,580.8,4,1,4,414,重要发展客户
12250467,31,1,168.0,4,1,2,412,重要发展客户
12250554,162,3,102.0,1,2,2,122,一般客户
12251598,85,3,38.6,2,2,1,221,一般客户
12256833,138,4,169.6,1,3,2,132,一般客户
12257124,35,4,69.9,4,3,1,431,重要发展客户
12281466,14,18,679.9,5,5,4,554,重要价值客户
12281663,94,2,37.5,2,2,1,221,一般客户
12283038,13,2,57.5,5,2,1,521,重要发展客户
12283969,56,8,1067.4,3,4,5,345,重要保持客户
12284301,181,3,93.6,1,2,2,122,一般客户
12284445,13,95,2295.8,5,5,5,555,重要价值客户
12284533,153,1,39.9,1,1,1,111,一般客户
12284554,1,27,1735.7,5,5,5,555,重要价值客户
12285613,16,5,193.7,5,3,2,532,重要发展客户
12286359,14,2,470.0,5,2,4,524,重要发展客户
12287706,2,20,1178.9,5,5,5,555,重要价值客户
12288573,125,7,692.4,2,4,4,244,重要保持客户
12290358,4,12,801.5,5,4,4,544,重要价值客户
12291441,53,6,440.8,3,3,4,334,重要挽留客户
12291454,22,3,25.9,4,2,1,421,重要发展客户
12292860,53,9,436.0,3,4,4,344,重要保持客户
12293498,1,75,6318.4,5,5,5,555,重要价值客户
12293510,26,8,176.2,4,4,2,442,一般客户
12294125,1,14,1385.7,5,5,5,555,重要价值客户
12294260,116,1,236.0,2,1,3,213,一般客户
12294399,9,10,626.4,5,4,4,544,重要价值客户
12294756,204,3,66.9,1,2,1,121,一般客户
12295053,36,6,458.5,4,3,4,434,重要发展客户
12296944,133,1,70.2,1,1,1,111,一般客户
12302378,54,29,7144.0,3,5,5,355,重要保持客户
12303469,24,5,249.7,4,3,3,433,重要发展客户
12303677,149,3,161.10000000000002,1,2,2,122,一般客户
12304134,6,23,1081.7,5,5,5,555,重要价值客户
12304874,22,13,871.0,4,5,4,454,重要价值客户
12305294,134,1,17.9,1,1,1,111,一般客户
12305327,124,3,217.8,2,2,3,223,一般客户
12305933,90,1,54.5,2,1,1,211,一般客户
12306413,152,3,44.9,1,2,1,121,一般客户
12313167,88,16,1177.5,2,5,5,255,重要保持客户
12313371,118,1,79.0,2,1,1,211,一般客户
12313441,1,27,1816.7,5,5,5,555,重要价值客户
12313487,133,1,19.9,1,1,1,111,一般客户
12313756,38,16,423.2,4,5,4,454,重要价值客户
12315047,128,3,106.4,2,2,2,222,一般客户
12315291,21,11,281.5,4,4,3,443,一般客户
12315820,163,3,19.1,1,2,1,121,一般客户
12315828,165,2,57.2,1,2,1,121,一般客户
12317366,168,1,15.5,1,1,1,111,一般客户
12327788,69,10,732.5,3,4,4,344,重要保持客户
12328508,168,2,954.0,1,2,5,125,重要挽留客户
12329063,2,38,1601.8,5,5,5,555,重要价值客户
12329081,38,5,255.4,4,3,3,433,重要发展客户
12329459,42,9,800.5,4,4,4,444,重要价值客户
12329818,7,9,349.3,5,4,3,543,一般客户
12330074,19,40,1920.3,4,5,5,455,重要价值客户
12330190,95,5,332.2,2,3,3,233,一般客户
12330531,34,7,2305.0,4,4,5,445,重要价值客户
12331199,8,6,566.9,5,3,4,534,重要发展客户
12331362,4,39,3086.9,5,5,5,555,重要价值客户
12331743,32,4,1100.4,4,3,5,435,重要发展客户
12332200,26,4,689.0,4,3,4,434,重要发展客户
12332359,120,3,243.5,2,2,3,223,一般客户
12333663,37,14,697.0,4,5,4,454,重要价值客户
12334053,120,1,83.4,2,1,1,211,一般客户
12334145,129,1,168.0,2,1,2,212,一般客户
12336745,168,2,127.0,1,2,2,122,一般客户
12336760,23,10,1136.8,4,4,5,445,重要价值客户
12337275,170,1,29.0,1,1,1,111,一般客户
12338599,190,12,740.2,1,4,4,144,重要保持客户
12338715,33,16,6199.8,4,5,5,455,重要价值客户
12338857,194,1,372.9,1,1,3,113,一般客户
12339605,55,1,12.9,3,1,1,311,一般客户
12340887,83,11,2308.2,2,4,5,245,重要保持客户
12341378,30,3,1264.0,4,2,5,425,重要发展客户
12341948,56,2,36.4,3,2,1,321,一般客户
12342349,34,14,1048.14,4,5,5,455,重要价值客户
12342909,178,6,323.6,1,3,3,133,一般客户
12343626,13,1,78.0,5,1,1,511,重要发展客户
12344250,20,26,897.9,4,5,4,454,重要价值客户
12344745,65,5,132.1,3,3,2,332,一般客户
12344980,153,1,26.0,1,1,1,111,一般客户
12345019,1,5,158.6,5,3,2,532,重要发展客户
12346634,154,7,968.6,1,4,5,145,重要保持客户
12346787,71,3,1086.8,3,2,5,325,重要挽留客户
12347573,187,1,18.0,1,1,1,111,一般客户
12347927,12,2,60.0,5,2,1,521,重要发展客户
12350072,65,6,168.8,3,3,2,332,一般客户
12350136,1,14,833.9000000000001,5,5,4,554,重要价值客户
12350430,188,1,9.9,1,1,1,111,一般客户
12352971,188,5,341.6,1,3,3,133,一般客户
12353478,19,10,191.3,4,4,2,442,一般客户
12355210,92,1,27.5,2,1,1,211,一般客户
12355444,5,82,6461.4,5,5,5,555,重要价值客户
12355586,4,6,174.0,5,3,2,532,重要发展客户
12355818,130,3,43.7,2,2,1,221,一般客户
12355866,11,8,208.1,5,4,3,543,一般客户
12356971,2,22,1153.4,5,5,5,555,重要价值客户
12359543,8,2,368.0,5,2,3,523,重要发展客户
12359577,161,5,1532.3,1,3,5,135,重要挽留客户
12360205,4,8,385.0,5,4,3,543,一般客户
12361964,118,5,197.5,2,3,2,232,一般客户
12362485,107,7,265.0,2,4,3,243,重要保持客户
12362500,2,14,15460.2,5,5,5,555,重要价值客户
12362621,43,2,63.3,4,2,1,421,重要发展客户
12363380,60,26,1117.8,3,5,5,355,重要保持客户
12364346,61,1,36.0,3,1,1,311,一般客户
12364400,101,3,240.0,2,2,3,223,一般客户
12365503,153,1,352.0,1,1,3,113,一般客户
12365680,132,8,246.7,1,4,3,143,重要保持客户
12365969,118,9,178.8,2,4,2,242,重要保持客户
12366094,81,9,141.0,2,4,2,242,重要保持客户
12366199,200,2,117.8,1,2,2,122,一般客户
12367466,22,28,1532.7,4,5,5,455,重要价值客户
12367846,30,1,11.8,4,1,1,411,重要发展客户
12368416,37,13,1034.1,4,5,5,455,重要价值客户
12368863,2,11,572.0,5,4,4,544,重要价值客户
12369284,55,14,1272.8,3,5,5,355,重要保持客户
12370406,14,1,1098.0,5,1,5,515,重要发展客户
12370838,178,1,34.5,1,1,1,111,一般客户
12373913,149,6,180.6,1,3,2,132,一般客户
12374761,6,8,4996.5,5,4,5,545,重要价值客户
12375109,103,2,140.5,2,2,2,222,一般客户
12375532,90,2,95.0,2,2,2,222,一般客户
12376714,179,6,679.0,1,3,4,134,重要挽留客户
12377209,4,67,4447.6,5,5,5,555,重要价值客户
12377742,72,7,284.7,3,4,3,343,重要保持客户
12377766,45,9,420.9,3,4,4,344,重要保持客户
12379538,127,2,273.0,2,2,3,223,一般客户
12379815,201,1,129.0,1,1,2,112,一般客户
12380416,41,14,1674.1,4,5,5,455,重要价值客户
12380921,81,1,159.0,2,1,2,212,一般客户
12381639,93,13,392.6,2,5,3,253,重要保持客户
12381763,138,1,48.7,1,1,1,111,一般客户
12382330,178,2,552.0,1,2,4,124,重要挽留客户
12382914,122,2,44.5,2,2,1,221,一般客户
12384863,46,27,1294.9,3,5,5,355,重要保持客户
12385712,30,2,716.0,4,2,4,424,重要发展客户
12386838,71,5,179.20000000000002,3,3,2,332,一般客户
12387030,12,14,651.0,5,5,4,554,重要价值客户
12387489,68,3,174.9,3,2,2,322,一般客户
12387941,145,1,59.0,1,1,1,111,一般客户
12388227,81,2,54.0,2,2,1,221,一般客户
12388329,56,19,2449.0,3,5,5,355,重要保持客户
12388399,19,13,309.2,4,5,3,453,一般客户
12388928,13,1,310.0,5,1,3,513,重要发展客户
12389812,19,10,822.4,4,4,4,444,重要价值客户
12390083,6,7,358.3,5,4,3,543,一般客户
12390163,104,15,460.8,2,5,4,254,重要保持客户
12390964,200,7,447.7,1,4,4,144,重要保持客户
12391718,201,3,139.6,1,2,2,122,一般客户
12392832,117,6,1256.9,2,3,5,235,重要挽留客户
12393114,112,1,30.5,2,1,1,211,一般客户
12395020,2,31,4366.3,5,5,5,555,重要价值客户
12396516,13,8,533.1,5,4,4,544,重要价值客户
12397151,23,34,2876.8,4,5,5,455,重要价值客户
12397420,89,1,43.6,2,1,1,211,一般客户
12397921,183,1,39.8,1,1,1,111,一般客户
12398171,12,15,1010.1,5,5,5,555,重要价值客户
12398338,7,39,2517.0,5,5,5,555,重要价值客户
12398664,5,10,1925.6,5,4,5,545,重要价值客户
12399240,95,6,264.4,2,3,3,233,一般客户
12403341,90,5,457.3,2,3,4,234,重要挽留客户
12406664,32,1,20.0,4,1,1,411,重要发展客户
12406789,88,10,192.8,2,4,2,242,重要保持客户
12408642,30,16,597.2,4,5,4,454,重要价值客户
12408829,7,3,376.0,5,2,3,523,重要发展客户
12410191,120,6,252.5,2,3,3,233,一般客户
12410201,11,7,595.5,5,4,4,544,重要价值客户
12410489,125,4,2185.0,2,3,5,235,重要挽留客户
12410953,66,1,55.3,3,1,1,311,一般客户
12411042,42,7,383.7,4,4,3,443,一般客户
12413791,182,5,391.6,1,3,3,133,一般客户
12415046,104,12,2098.9,2,4,5,245,重要保持客户
12415150,87,6,217.0,2,3,3,233,一般客户
12415847,90,3,116.4,2,2,2,222,一般客户
12415954,106,8,910.0,2,4,4,244,重要保持客户
12416352,20,1,468.0,4,1,4,414,重要发展客户
12416472,23,2,674.0,4,2,4,424,重要发展客户
12418318,1,47,3948.1,5,5,5,555,重要价值客户
12418330,3,5,156.39999999999998,5,3,2,532,重要发展客户
12419101,13,16,899.1,5,5,4,554,重要价值客户
12419376,134,14,629.7,1,5,4,154,重要保持客户
12419738,13,4,69.0,5,3,1,531,重要发展客户
12420522,34,32,2382.0,4,5,5,455,重要价值客户
12420970,78,9,918.6,2,4,4,244,重要保持客户
12421471,12,8,3151.8999999999996,5,4,5,545,重要价值客户
12421565,4,4,106.8,5,3,2,532,重要发展客户
12422999,196,1,168.0,1,1,2,112,一般客户
12423861,65,24,1425.0,3,5,5,355,重要保持客户
12425714,35,9,228.7,4,4,3,443,一般客户
12426031,92,3,94.4,2,2,2,222,一般客户
12431263,20,5,225.1,4,3,3,433,重要发展客户
12432251,55,6,336.0,3,3,3,333,一般客户
12433431,60,7,476.20000000000005,3,4,4,344,重要保持客户
12434365,84,21,2287.7,2,5,5,255,重要保持客户
12434620,204,1,42.0,1,1,1,111,一般客户
12435186,23,17,2811.4,4,5,5,455,重要价值客户
12435213,13,42,2099.5,5,5,5,555,重要价值客户
12436157,29,5,567.2,4,3,4,434,重要发展客户
12436749,101,17,797.5,2,5,4,254,重要保持客户
12437148,114,2,98.8,2,2,2,222,一般客户
12437468,166,2,197.0,1,2,2,122,一般客户
12437823,4,64,5858.6,5,5,5,555,重要价值客户
12438443,187,11,134.5,1,4,2,142,重要保持客户
12440006,55,15,649.1,3,5,4,354,重要保持客户
12440841,7,2,44.099999999999994,5,2,1,521,重要发展客户
12441776,41,9,340.5,4,4,3,443,一般客户
12442095,19,3,470.5,4,2,4,424,重要发展客户
12442232,17,2,2956.8,5,2,5,525,重要发展客户
12444341,139,1,62.0,1,1,1,111,一般客户
12444359,112,3,90.0,2,2,2,222,一般客户
12444566,71,2,118.0,3,2,2,322,一般客户
12444657,146,2,118.0,1,2,2,122,一般客户
12446874,123,3,167.0,2,2,2,222,一般客户
12447163,27,16,739.4,4,5,4,454,重要价值客户
12448513,145,1,208.0,1,1,3,113,一般客户
12448519,137,1,66.7,1,1,1,111,一般客户
12450360,62,16,1721.4,3,5,5,355,重要保持客户
12450361,94,1,9.9,2,1,1,211,一般客户
12450575,57,20,2432.8,3,5,5,355,重要保持客户
12451183,33,9,282.2,4,4,3,443,一般客户
12452008,6,3,139.0,5,2,2,522,重要发展客户
12452077,177,3,147.5,1,2,2,122,一般客户
12453151,25,1,20.9,4,1,1,411,重要发展客户
12454696,41,1,49.0,4,1,1,411,重要发展客户
12456509,12,4,1193.6,5,3,5,535,重要发展客户
12456593,88,9,443.2,2,4,4,244,重要保持客户
12456812,90,2,49.9,2,2,1,221,一般客户
12457406,24,19,961.5,4,5,5,455,重要价值客户
12458317,97,3,73.5,2,2,1,221,一般客户
12459266,34,6,157.9,4,3,2,432,重要发展客户
12459532,23,28,5721.7,4,5,5,455,重要价值客户
12460467,152,2,34.5,1,2,1,121,一般客户
12461076,140,6,1700.1,1,3,5,135,重要挽留客户
12461814,53,1,41.3,3,1,1,311,一般客户
12462076,84,2,297.0,2,2,3,223,一般客户
12464088,6,2,528.9,5,2,4,524,重要发展客户
12464170,89,12,831.8,2,4,4,244,重要保持客户
12464855,19,2,53.0,4,2,1,421,重要发展客户
12465291,21,4,582.6,4,3,4,434,重要发展客户
12465862,3,1,42.0,5,1,1,511,重要发展客户
12467373,173,3,130.9,1,2,2,122,一般客户
12467654,202,2,245.0,1,2,3,123,一般客户
12467774,28,26,1156.3,4,5,5,455,重要价值客户
12468835,32,10,610.5,4,4,4,444,重要价值客户
12469603,77,3,56.9,3,2,1,321,一般客户
12469815,28,68,7860.1,4,5,5,455,重要价值客户
12470317,64,2,352.0,3,2,3,323,一般客户
12470595,58,4,75.8,3,3,1,331,一般客户
12471377,1,10,435.1,5,4,4,544,重要价值客户
12473507,54,20,1941.8,3,5,5,355,重要保持客户
12476333,56,3,255.0,3,2,3,323,一般客户
12477303,29,4,320.0,4,3,3,433,重要发展客户
12477358,1,2,68.0,5,2,1,521,重要发展客户
12477546,84,5,540.6,2,3,4,234,重要挽留客户
12479245,52,4,7182.9,3,3,5,335,重要挽留客户
12479341,114,12,468.5,2,4,4,244,重要保持客户
12479939,12,8,648.0,5,4,4,544,重要价值客户
12480808,201,1,18.8,1,1,1,111,一般客户
12482592,63,1,18.0,3,1,1,311,一般客户
12482955,6,25,12812.4,5,5,5,555,重要价值客户
12485149,119,2,124.0,2,2,2,222,一般客户
12486044,7,8,457.2,5,4,4,544,重要价值客户
12486222,39,16,1392.9,4,5,5,455,重要价值客户
12494092,43,10,548.2,4,4,4,444,重要价值客户
12494596,168,5,620.9,1,3,4,134,重要挽留客户
12539021,13,17,2571.5,5,5,5,555,重要价值客户
12539060,24,7,3636.0,4,4,5,445,重要价值客户
12560354,91,3,78.0,2,2,1,221,一般客户
12561107,34,29,1904.2,4,5,5,455,重要价值客户
12570455,5,27,1356.8,5,5,5,555,重要价值客户
12571264,40,7,251.0,4,4,3,443,一般客户
12571720,2,1,79.0,5,1,1,511,重要发展客户
12572218,40,5,135.9,4,3,2,432,重要发展客户
12572418,4,17,795.8,5,5,4,554,重要价值客户
12572828,93,2,74.0,2,2,1,221,一般客户
12572839,26,1,47.4,4,1,1,411,重要发展客户
12573039,116,11,626.7,2,4,4,244,重要保持客户
12573687,106,14,818.8,2,5,4,254,重要保持客户
12573957,114,12,533.5,2,4,4,244,重要保持客户
12574719,57,2,78.0,3,2,1,321,一般客户
12574866,132,7,486.7,1,4,4,144,重要保持客户
12575396,73,6,332.9,3,3,3,333,一般客户
12575630,193,9,500.9,1,4,4,144,重要保持客户
12575720,81,2,78.9,2,2,1,221,一般客户
12575841,108,5,313.7,2,3,3,233,一般客户
12576247,203,4,338.0,1,3,3,133,一般客户
12576786,6,61,7908.4,5,5,5,555,重要价值客户
12577279,77,6,93.5,3,3,2,332,一般客户
12577796,165,4,257.0,1,3,3,133,一般客户
12577905,52,28,1152.4,3,5,5,355,重要保持客户
12578713,17,40,1959.1,5,5,5,555,重要价值客户
12578768,121,1,188.0,2,1,2,212,一般客户
12578975,48,23,1565.9,3,5,5,355,重要保持客户
12579067,120,1,9.5,2,1,1,211,一般客户
12579743,42,20,1082.0,4,5,5,455,重要价值客户
12579936,32,5,169.3,4,3,2,432,重要发展客户
12580072,13,18,825.5,5,5,4,554,重要价值客户
12580370,87,1,19.9,2,1,1,211,一般客户
12580529,58,1,12.0,3,1,1,311,一般客户
12581621,26,26,2197.2,4,5,5,455,重要价值客户
12581680,85,2,198.0,2,2,3,223,一般客户
12582038,19,9,83.8,4,4,1,441,一般客户
12583309,48,18,613.6,3,5,4,354,重要保持客户
12583880,50,40,1760.9,3,5,5,355,重要保持客户
12585329,23,2,267.9,4,2,3,423,重要发展客户
12585633,51,34,3950.8,3,5,5,355,重要保持客户
12585694,110,3,155.8,2,2,2,222,一般客户
12585696,6,22,1762.5,5,5,5,555,重要价值客户
12585837,24,46,11819.5,4,5,5,455,重要价值客户
12586458,5,49,7173.4,5,5,5,555,重要价值客户
12586731,38,19,2927.1,4,5,5,455,重要价值客户
12587083,85,1,46.0,2,1,1,211,一般客户
12589617,157,2,51.0,1,2,1,121,一般客户
12589916,177,3,187.2,1,2,2,122,一般客户
12590033,60,27,1190.8,3,5,5,355,重要保持客户
12592359,63,8,2468.7,3,4,5,345,重要保持客户
12593494,196,1,347.6,1,1,3,113,一般客户
12593753,32,9,1935.1,4,4,5,445,重要价值客户
12604296,3,55,5251.8,5,5,5,555,重要价值客户
12605830,126,2,166.8,2,2,2,222,一般客户
12612606,20,7,206.9,4,4,3,443,一般客户
12613449,34,20,5132.799999999999,4,5,5,455,重要价值客户
12613839,20,36,930.8,4,5,4,454,重要价值客户
12614073,62,35,2687.5,3,5,5,355,重要保持客户
12615960,24,6,153.0,4,3,2,432,重要发展客户
12616064,28,27,6148.9,4,5,5,455,重要价值客户
12617008,115,31,1355.8,2,5,5,255,重要保持客户
12617670,26,37,3350.0,4,5,5,455,重要价值客户
12617724,11,15,3791.5,5,5,5,555,重要价值客户
12617838,57,3,187.0,3,2,2,322,一般客户
12618155,11,33,2007.8,5,5,5,555,重要价值客户
12619465,16,71,4113.7,5,5,5,555,重要价值客户
12620121,39,5,128.7,4,3,2,432,重要发展客户
12621748,42,2,24.0,4,2,1,421,重要发展客户
12622154,187,1,99.0,1,1,2,112,一般客户
12622921,104,2,30.700000000000003,2,2,1,221,一般客户
12623067,11,30,2580.4,5,5,5,555,重要价值客户
12624519,40,2,3161.6,4,2,5,425,重要发展客户
12624996,35,18,822.5,4,5,4,454,重要价值客户
12625141,113,6,681.7,2,3,4,234,重要挽留客户
12626569,62,9,718.8,3,4,4,344,重要保持客户
12626625,102,12,525.6,2,4,4,244,重要保持客户
12626973,7,21,697.8,5,5,4,554,重要价值客户
12627617,47,5,499.2,3,3,4,334,重要挽留客户
12627971,6,60,7038.5,5,5,5,555,重要价值客户
12628082,12,5,1475.1999999999998,5,3,5,535,重要发展客户
12629811,6,34,1748.4,5,5,5,555,重要价值客户
12629893,92,9,610.2,2,4,4,244,重要保持客户
12630392,120,3,24.8,2,2,1,221,一般客户
12630703,19,1,9.0,4,1,1,411,重要发展客户
12630719,17,8,210.0,5,4,3,543,一般客户
12631852,181,3,97.9,1,2,2,122,一般客户
12633517,100,2,47.5,2,2,1,221,一般客户
12633744,2,26,820.1,5,5,4,554,重要价值客户
12634514,82,1,12.9,2,1,1,211,一般客户
12635163,148,1,85.0,1,1,1,111,一般客户
12635255,43,11,287.1,4,4,3,443,一般客户
12635347,69,9,302.5,3,4,3,343,重要保持客户
12637351,72,37,8356.8,3,5,5,355,重要保持客户
12638188,3,127,10113.4,5,5,5,555,重要价值客户
12638983,143,3,519.2,1,2,4,124,重要挽留客户
12639295,76,14,707.1,3,5,4,354,重要保持客户
12639354,12,13,515.4,5,5,4,554,重要价值客户
12640589,7,4,434.0,5,3,4,534,重要发展客户
12640607,29,15,683.4,4,5,4,454,重要价值客户
12642687,25,15,628.5,4,5,4,454,重要价值客户
12643375,30,5,166.0,4,3,2,432,重要发展客户
12643484,88,5,272.0,2,3,3,233,一般客户
12643509,9,2,76.4,5,2,1,521,重要发展客户
12648417,185,1,59.0,1,1,1,111,一般客户
12651196,13,15,521.7,5,5,4,554,重要价值客户
12651641,177,1,28.0,1,1,1,111,一般客户
12651725,1,2,89.8,5,2,2,522,重要发展客户
12652352,12,20,738.7,5,5,4,554,重要价值客户
12652497,9,32,1066.1000000000001,5,5,5,555,重要价值客户
12653493,128,2,47.5,2,2,1,221,一般客户
12653583,190,2,139.8,1,2,2,122,一般客户
12654639,58,4,172.8,3,3,2,332,一般客户
12655083,59,1,129.0,3,1,2,312,一般客户
12655704,82,4,161.0,2,3,2,232,一般客户
12656789,7,36,2018.8,5,5,5,555,重要价值客户
12658307,103,16,388.0,2,5,3,253,重要保持客户
12658331,193,1,44.6,1,1,1,111,一般客户
12658428,68,11,662.3,3,4,4,344,重要保持客户
12660274,26,25,1601.4,4,5,5,455,重要价值客户
12660354,3,49,3979.1,5,5,5,555,重要价值客户
12661151,156,9,638.0,1,4,4,144,重要保持客户
12661198,185,1,234.0,1,1,3,113,一般客户
12661600,20,17,1152.2,4,5,5,455,重要价值客户
12661674,146,3,38.7,1,2,1,121,一般客户
12663298,71,1,81.7,3,1,1,311,一般客户
12663938,112,4,180.8,2,3,2,232,一般客户
12664160,1,21,970.3,5,5,5,555,重要价值客户
12664564,114,11,262.7,2,4,3,243,重要保持客户
12665065,113,15,672.5,2,5,4,254,重要保持客户
12665114,49,1,408.0,3,1,4,314,重要挽留客户
12665166,26,21,1516.6,4,5,5,455,重要价值客户
12665677,43,43,2107.9,4,5,5,455,重要价值客户
12665898,39,4,312.0,4,3,3,433,重要发展客户
12666585,5,14,744.2,5,5,4,554,重要价值客户
12668877,134,1,49.9,1,1,1,111,一般客户
12669679,7,11,9382.0,5,4,5,545,重要价值客户
12670521,29,14,587.3,4,5,4,454,重要价值客户
12671421,170,2,1442.0,1,2,5,125,重要挽留客户
12672312,132,3,147.0,1,2,2,122,一般客户
12673345,174,1,16.0,1,1,1,111,一般客户
12673806,56,5,263.4,3,3,3,333,一般客户
12673989,107,2,31.8,2,2,1,221,一般客户
12674083,196,5,315.8,1,3,3,133,一般客户
12674259,60,22,973.0,3,5,5,355,重要保持客户
12674428,19,4,73.6,4,3,1,431,重要发展客户
12674852,8,16,1244.5,5,5,5,555,重要价值客户
12674903,129,1,296.0,2,1,3,213,一般客户
12675294,53,27,3925.1,3,5,5,355,重要保持客户
12677144,180,3,202.5,1,2,3,123,一般客户
12677384,10,27,1246.6,5,5,5,555,重要价值客户
12677691,40,5,205.0,4,3,3,433,重要发展客户
12677714,32,6,323.9,4,3,3,433,重要发展客户
12677869,69,10,1117.4,3,4,5,345,重要保持客户
12678249,184,1,19.0,1,1,1,111,一般客户
12678490,35,3,1594.9,4,2,5,425,重要发展客户
12678541,54,40,2042.8,3,5,5,355,重要保持客户
12678858,204,2,119.0,1,2,2,122,一般客户
12679371,35,1,17.6,4,1,1,411,重要发展客户
12679838,75,3,108.8,3,2,2,322,一般客户
12679851,55,80,8049.05,3,5,5,355,重要保持客户
12680696,89,1,71.5,2,1,1,211,一般客户
12680851,13,57,5807.8,5,5,5,555,重要价值客户
12681035,26,19,958.2,4,5,5,455,重要价值客户
12681640,7,6,180.9,5,3,2,532,重要发展客户
12681997,29,5,143.9,4,3,2,432,重要发展客户
12682140,6,9,2299.1,5,4,5,545,重要价值客户
12682673,19,2,68.0,4,2,1,421,重要发展客户
12682744,35,10,588.1999999999999,4,4,4,444,重要价值客户
12683316,109,1,317.0,2,1,3,213,一般客户
12683950,68,4,99.5,3,3,2,332,一般客户
12684674,12,10,336.6,5,4,3,543,一般客户
12685724,93,1,8.0,2,1,1,211,一般客户
12686099,4,24,6369.5,5,5,5,555,重要价值客户
12686401,61,2,148.0,3,2,2,322,一般客户
12687630,18,18,727.0,5,5,4,554,重要价值客户
12688285,34,32,1247.7,4,5,5,455,重要价值客户
12689011,24,2,122.9,4,2,2,422,重要发展客户
12689130,5,30,2315.2,5,5,5,555,重要价值客户
12689783,53,10,462.6,3,4,4,344,重要保持客户
12690192,17,4,110.5,5,3,2,532,重要发展客户
12691001,5,50,3790.5,5,5,5,555,重要价值客户
12693079,141,3,143.4,1,2,2,122,一般客户
12693106,170,5,839.4,1,3,4,134,重要挽留客户
12693767,71,14,460.90000000000003,3,5,4,354,重要保持客户
12694193,50,40,1575.9,3,5,5,355,重要保持客户
12695014,5,13,3518.5,5,5,5,555,重要价值客户
12695400,12,33,2415.1,5,5,5,555,重要价值客户
12696032,119,16,656.8,2,5,4,254,重要保持客户
12696441,20,16,2218.7999999999997,4,5,5,455,重要价值客户
12696705,3,34,1353.2,5,5,5,555,重要价值客户
12697438,179,1,899.0,1,1,4,114,重要挽留客户
12697540,83,14,338.2,2,5,3,253,重要保持客户
12697877,137,5,258.0,1,3,3,133,一般客户
12697930,112,3,243.0,2,2,3,223,一般客户
12698239,104,8,1395.2,2,4,5,245,重要保持客户
12698375,5,26,1744.8,5,5,5,555,重要价值客户
12698508,50,31,3265.0,3,5,5,355,重要保持客户
12700096,166,1,69.0,1,1,1,111,一般客户
12700416,38,4,174.5,4,3,2,432,重要发展客户
12702156,98,3,83.3,2,2,1,221,一般客户
12702547,82,1,10.0,2,1,1,211,一般客户
12703901,78,12,368.1,2,4,3,243,重要保持客户
12704501,15,1,269.0,5,1,3,513,重要发展客户
12704751,51,5,1432.8,3,3,5,335,重要挽留客户
12704824,57,6,598.1,3,3,4,334,重要挽留客户
12704954,73,3,159.0,3,2,2,322,一般客户
12705521,51,52,11148.7,3,5,5,355,重要保持客户
12705724,7,4,98.7,5,3,2,532,重要发展客户
12705922,23,5,392.1,4,3,3,433,重要发展客户
12706180,145,2,175.0,1,2,2,122,一般客户
12706567,14,6,87.3,5,3,1,531,重要发展客户
12706845,26,14,2351.1,4,5,5,455,重要价值客户
12708208,3,15,1104.4,5,5,5,555,重要价值客户
12708357,74,4,431.5,3,3,4,334,重要挽留客户
12708644,53,22,891.6,3,5,4,354,重要保持客户
12709021,34,16,803.5,4,5,4,454,重要价值客户
12709331,80,2,104.0,2,2,2,222,一般客户
12710146,52,1,16.9,3,1,1,311,一般客户
12710855,59,13,794.1,3,5,4,354,重要保持客户
12712973,14,77,6044.83,5,5,5,555,重要价值客户
12713465,24,21,1425.9,4,5,5,455,重要价值客户
12713672,82,2,143.5,2,2,2,222,一般客户
12713811,4,10,312.8,5,4,3,543,一般客户
12714176,111,3,234.3,2,2,3,223,一般客户
12714574,124,4,249.7,2,3,3,233,一般客户
12715193,9,9,1739.1,5,4,5,545,重要价值客户
12715271,197,1,76.0,1,1,1,111,一般客户
12715508,5,2,525.0,5,2,4,524,重要发展客户
12716330,131,4,196.0,2,3,2,232,一般客户
12716368,12,1,9.9,5,1,1,511,重要发展客户
12716395,183,2,127.9,1,2,2,122,一般客户
12716440,146,1,25.5,1,1,1,111,一般客户
12717578,17,10,492.2,5,4,4,544,重要价值客户
12718165,11,20,1671.2,5,5,5,555,重要价值客户
12720383,55,9,692.4,3,4,4,344,重要保持客户
12720671,67,14,812.3,3,5,4,354,重要保持客户
12720897,55,25,781.5,3,5,4,354,重要保持客户
12721945,5,37,1571.5,5,5,5,555,重要价值客户
12722542,2,29,940.3,5,5,4,554,重要价值客户
12722647,165,1,16.9,1,1,1,111,一般客户
12722799,55,3,865.0,3,2,4,324,重要挽留客户
12722842,4,1,33.6,5,1,1,511,重要发展客户
12723086,127,2,64.0,2,2,1,221,一般客户
12723617,15,6,220.5,5,3,3,533,重要发展客户
12723927,13,88,6969.7,5,5,5,555,重要价值客户
12724130,161,2,686.2,1,2,4,124,重要挽留客户
12724443,75,6,180.3,3,3,2,332,一般客户
12724865,73,1,135.0,3,1,2,312,一般客户
12725416,39,26,1315.3,4,5,5,455,重要价值客户
12725859,80,11,165.5,2,4,2,242,重要保持客户
12725998,165,1,99.0,1,1,2,112,一般客户
12727260,2,7,282.9,5,4,3,543,一般客户
12727765,117,7,257.4,2,4,3,243,重要保持客户
12728596,81,3,156.0,2,2,2,222,一般客户
12729358,103,4,176.2,2,3,2,232,一般客户
12730201,76,2,267.0,3,2,3,323,一般客户
12730483,157,4,367.70000000000005,1,3,3,133,一般客户
12731086,19,22,1829.6000000000001,4,5,5,455,重要价值客户
12731571,149,2,30.9,1,2,1,121,一般客户
12731869,98,2,77.9,2,2,1,221,一般客户
12733204,1,8,689.8,5,4,4,544,重要价值客户
12733275,38,12,716.5,4,4,4,444,重要价值客户
12734313,8,4,202.5,5,3,3,533,重要发展客户
12734327,95,7,276.59999999999997,2,4,3,243,重要保持客户
12734508,89,5,2272.2,2,3,5,235,重要挽留客户
12735729,97,2,32.0,2,2,1,221,一般客户
12737666,114,7,277.5,2,4,3,243,重要保持客户
12738170,115,4,168.1,2,3,2,232,一般客户
12738562,95,1,209.0,2,1,3,213,一般客户
12739980,6,20,720.8,5,5,4,554,重要价值客户
12742269,47,30,4933.9,3,5,5,355,重要保持客户
12742388,95,10,679.0,2,4,4,244,重要保持客户
12742747,161,3,67.0,1,2,1,121,一般客户
12743143,86,1,68.0,2,1,1,211,一般客户
12743414,23,3,144.8,4,2,2,422,重要发展客户
12743498,60,8,311.8,3,4,3,343,重要保持客户
12744001,5,28,1277.9,5,5,5,555,重要价值客户
12744271,187,2,642.6,1,2,4,124,重要挽留客户
12745242,21,3,300.0,4,2,3,423,重要发展客户
12745619,139,2,112.0,1,2,2,122,一般客户
12746091,12,31,2407.2,5,5,5,555,重要价值客户
12746391,9,6,231.6,5,3,3,533,重要发展客户
12748636,193,2,1292.0,1,2,5,125,重要挽留客户
12748748,64,11,1120.7,3,4,5,345,重要保持客户
12749304,16,6,336.6,5,3,3,533,重要发展客户
12749520,28,13,595.8000000000001,4,5,4,454,重要价值客户
12749805,186,7,595.5,1,4,4,144,重要保持客户
12750178,56,14,524.8,3,5,4,354,重要保持客户
12750883,26,19,1470.6,4,5,5,455,重要价值客户
12752902,71,14,407.5,3,5,4,354,重要保持客户
12753290,2,24,1663.0,5,5,5,555,重要价值客户
12753449,4,35,4090.5,5,5,5,555,重要价值客户
12753535,7,18,3111.5,5,5,5,555,重要价值客户
12754487,17,13,808.5,5,5,4,554,重要价值客户
12756215,94,3,137.0,2,2,2,222,一般客户
12757848,17,6,327.3,5,3,3,533,重要发展客户
12758149,205,8,173.9,1,4,2,142,重要保持客户
12758465,43,8,335.5,4,4,3,443,一般客户
12758574,120,6,129.5,2,3,2,232,一般客户
12758589,58,3,109.4,3,2,2,322,一般客户
12759087,159,1,16.0,1,1,1,111,一般客户
12759547,13,56,6129.8,5,5,5,555,重要价值客户
12760558,77,10,526.6,3,4,4,344,重要保持客户
12761384,19,39,3755.0,4,5,5,455,重要价值客户
12761506,113,5,241.0,2,3,3,233,一般客户
12761695,113,2,87.0,2,2,1,221,一般客户
12764632,19,20,1009.6,4,5,5,455,重要价值客户
12765236,53,14,1528.3,3,5,5,355,重要保持客户
12765436,3,3,111.4,5,2,2,522,重要发展客户
12765730,54,8,594.7,3,4,4,344,重要保持客户
12767535,97,4,132.5,2,3,2,232,一般客户
12767697,29,17,1169.2,4,5,5,455,重要价值客户
12768363,116,5,252.5,2,3,3,233,一般客户
12769411,116,1,32.9,2,1,1,211,一般客户
12770645,7,52,3558.3,5,5,5,555,重要价值客户
12770698,20,10,981.4,4,4,5,445,重要价值客户
12771432,153,1,176.0,1,1,2,112,一般客户
12771612,19,18,1049.4,4,5,5,455,重要价值客户
12772282,2,28,788.7,5,5,4,554,重要价值客户
12772715,4,23,3443.0,5,5,5,555,重要价值客户
12772814,88,2,212.9,2,2,3,223,一般客户
12772915,45,14,517.3,3,5,4,354,重要保持客户
12772987,186,3,231.39999999999998,1,2,3,123,一般客户
12773905,25,12,640.6,4,4,4,444,重要价值客户
12773914,26,2,95.5,4,2,2,422,重要发展客户
12773991,27,3,47.4,4,2,1,421,重要发展客户
12774536,2,20,346.6,5,5,3,553,一般客户
12786858,57,4,147.9,3,3,2,332,一般客户
12788702,44,15,656.4,3,5,4,354,重要保持客户
12788869,112,2,340.9,2,2,3,223,一般客户
12789218,48,3,220.4,3,2,3,323,一般客户
12789384,134,4,185.1,1,3,2,132,一般客户
12793603,30,28,924.6,4,5,4,454,重要价值客户
12793665,46,9,1914.7,3,4,5,345,重要保持客户
12794646,147,2,47.5,1,2,1,121,一般客户
12794775,56,2,53.8,3,2,1,321,一般客户
12795733,65,5,365.0,3,3,3,333,一般客户
12796148,95,2,29.700000000000003,2,2,1,221,一般客户
12796156,1,1,49.0,5,1,1,511,重要发展客户
12797978,7,2,108.9,5,2,2,522,重要发展客户
12798134,47,12,815.4,3,4,4,344,重要保持客户
12798640,57,7,394.0,3,4,3,343,重要保持客户
12798700,1,22,1657.4,5,5,5,555,重要价值客户
12799071,40,4,253.4,4,3,3,433,重要发展客户
12799500,57,28,1850.8,3,5,5,355,重要保持客户
12800811,1,20,1519.4,5,5,5,555,重要价值客户
12801110,10,45,4192.29,5,5,5,555,重要价值客户
12801308,125,2,148.0,2,2,2,222,一般客户
12801968,151,3,526.7,1,2,4,124,重要挽留客户
12802081,135,2,86.4,1,2,1,121,一般客户
12802244,29,15,2174.2,4,5,5,455,重要价值客户
12806765,169,3,80.0,1,2,1,121,一般客户
12806918,172,1,19.9,1,1,1,111,一般客户
12807065,74,12,446.2,3,4,4,344,重要保持客户
12807926,47,38,1586.3,3,5,5,355,重要保持客户
12808060,144,2,29.6,1,2,1,121,一般客户
12808251,68,2,77.9,3,2,1,321,一般客户
12809132,63,23,763.75,3,5,4,354,重要保持客户
12809873,54,30,3614.7999999999997,3,5,5,355,重要保持客户
12810669,72,6,212.6,3,3,3,333,一般客户
12811505,26,10,329.4,4,4,3,443,一般客户
12812024,20,7,1780.0,4,4,5,445,重要价值客户
12812105,167,1,56.8,1,1,1,111,一般客户
12813162,90,1,43.1,2,1,1,211,一般客户
12813345,158,2,1122.0,1,2,5,125,重要挽留客户
12813906,36,11,1660.02,4,4,5,445,重要价值客户
12814358,108,3,62.400000000000006,2,2,1,221,一般客户
12815812,96,3,363.0,2,2,3,223,一般客户
12815862,7,16,3484.0,5,5,5,555,重要价值客户
12816074,160,1,936.0,1,1,4,114,重要挽留客户
12816108,177,3,19.9,1,2,1,121,一般客户
12816157,166,4,430.5,1,3,4,134,重要挽留客户
12817395,143,3,372.9,1,2,3,123,一般客户
12817441,187,1,19.0,1,1,1,111,一般客户
12817798,117,5,267.0,2,3,3,233,一般客户
12817857,107,6,156.0,2,3,2,232,一般客户
12818345,6,43,3585.7,5,5,5,555,重要价值客户
12819011,76,21,1195.2,3,5,5,355,重要保持客户
12819873,5,15,758.5,5,5,4,554,重要价值客户
12820573,49,24,1334.2,3,5,5,355,重要保持客户
12822820,12,21,1495.0,5,5,5,555,重要价值客户
12822836,147,1,401.0,1,1,3,113,一般客户
12823601,6,2,47.9,5,2,1,521,重要发展客户
12823888,89,7,1374.9,2,4,5,245,重要保持客户
12824576,87,2,104.0,2,2,2,222,一般客户
12824743,1,30,902.5,5,5,4,554,重要价值客户
12825582,72,12,256.1,3,4,3,343,重要保持客户
12825598,31,3,1770.0,4,2,5,425,重要发展客户
12826329,8,25,1416.7,5,5,5,555,重要价值客户
12828804,150,2,370.70000000000005,1,2,3,123,一般客户
12829894,81,6,175.7,2,3,2,232,一般客户
12829919,67,2,57.8,3,2,1,321,一般客户
12831083,85,1,213.6,2,1,3,213,一般客户
12831429,86,4,173.8,2,3,2,232,一般客户
12832555,73,4,772.5,3,3,4,334,重要挽留客户
12833265,134,7,335.5,1,4,3,143,重要保持客户
12834855,66,8,272.9,3,4,3,343,重要保持客户
12835305,12,4,1350.0,5,3,5,535,重要发展客户
12835882,11,11,523.2,5,4,4,544,重要价值客户
12837424,29,11,442.6,4,4,4,444,重要价值客户
12837939,11,5,145.0,5,3,2,532,重要发展客户
12838230,86,9,1117.8,2,4,5,245,重要保持客户
12838529,73,11,1139.5,3,4,5,345,重要保持客户
12838738,5,17,1098.3,5,5,5,555,重要价值客户
12838769,6,1,474.0,5,1,4,514,重要发展客户
12839069,61,2,118.0,3,2,2,322,一般客户
12839311,73,2,126.4,3,2,2,322,一般客户
12840674,118,3,236.0,2,2,3,223,一般客户
12840927,35,10,265.8,4,4,3,443,一般客户
12841248,26,8,551.5,4,4,4,444,重要价值客户
12841491,46,10,221.8,3,4,3,343,重要保持客户
12843190,1,11,1000.4000000000001,5,4,5,545,重要价值客户
12843917,157,1,15.0,1,1,1,111,一般客户
12843929,90,12,1924.4,2,4,5,245,重要保持客户
12844091,164,2,53.0,1,2,1,121,一般客户
12844388,31,2,39.4,4,2,1,421,重要发展客户
12844879,67,4,200.3,3,3,3,333,一般客户
12845896,28,2,121.5,4,2,2,422,重要发展客户
12846611,52,14,479.2,3,5,4,354,重要保持客户
12848553,199,1,21.5,1,1,1,111,一般客户
12848731,6,3,83.0,5,2,1,521,重要发展客户
12849304,33,11,569.8000000000001,4,4,4,444,重要价值客户
12849571,110,2,38.5,2,2,1,221,一般客户
12850048,201,1,66.0,1,1,1,111,一般客户
12850298,129,6,187.7,2,3,2,232,一般客户
12851662,184,7,487.9,1,4,4,144,重要保持客户
12851802,179,1,206.0,1,1,3,113,一般客户
12852396,13,26,2468.94,5,5,5,555,重要价值客户
12852511,19,21,1176.6,4,5,5,455,重要价值客户
12852976,29,4,143.8,4,3,2,432,重要发展客户
12855547,202,1,96.0,1,1,2,112,一般客户
12856212,34,4,156.5,4,3,2,432,重要发展客户
12856332,195,2,84.0,1,2,1,121,一般客户
12856460,2,7,687.8,5,4,4,544,重要价值客户
12856508,54,11,437.0,3,4,4,344,重要保持客户
12857575,185,1,9.9,1,1,1,111,一般客户
12858128,121,10,326.2,2,4,3,243,重要保持客户
12858254,105,10,645.6,2,4,4,244,重要保持客户
12858659,8,26,865.7,5,5,4,554,重要价值客户
12858871,5,2,636.0,5,2,4,524,重要发展客户
12859281,127,4,3286.7,2,3,5,235,重要挽留客户
12859453,25,19,1651.3,4,5,5,455,重要价值客户
12861272,19,93,10729.5,4,5,5,455,重要价值客户
12861780,197,1,231.0,1,1,3,113,一般客户
12862043,134,3,811.1999999999999,1,2,4,124,重要挽留客户
12862142,4,35,2670.9,5,5,5,555,重要价值客户
12862265,177,5,1581.6399999999999,1,3,5,135,重要挽留客户
12862545,185,8,175.36,1,4,2,142,重要保持客户
12863620,98,2,53.5,2,2,1,221,一般客户
12864074,33,29,1137.6,4,5,5,455,重要价值客户
12864266,59,5,226.4,3,3,3,333,一般客户
12864738,6,2,59.4,5,2,1,521,重要发展客户
12864945,162,4,891.0,1,3,4,134,重要挽留客户
12865265,1,19,1859.4,5,5,5,555,重要价值客户
12865323,31,11,497.6,4,4,4,444,重要价值客户
12865569,2,22,1173.2,5,5,5,555,重要价值客户
12866642,163,2,39.2,1,2,1,121,一般客户
12867245,56,12,475.0,3,4,4,344,重要保持客户
12868311,84,3,87.6,2,2,1,221,一般客户
12868718,177,1,129.0,1,1,2,112,一般客户
12869354,126,1,282.0,2,1,3,213,一般客户
12869761,25,44,2221.35,4,5,5,455,重要价值客户
12870239,12,8,1223.3,5,4,5,545,重要价值客户
12870782,130,1,170.0,2,1,2,212,一般客户
12871497,76,4,386.9,3,3,3,333,一般客户
12871672,172,1,39.5,1,1,1,111,一般客户
12874484,39,11,434.9,4,4,4,444,重要价值客户
12875930,135,2,1488.0,1,2,5,125,重要挽留客户
12876753,125,1,178.0,2,1,2,212,一般客户
12877720,125,2,516.0,2,2,4,224,重要挽留客户
12882285,33,17,1238.3,4,5,5,455,重要价值客户
12882374,64,9,548.8,3,4,4,344,重要保持客户
12883222,197,3,73.9,1,2,1,121,一般客户
12883255,2,4,545.3,5,3,4,534,重要发展客户
12883715,92,1,19.0,2,1,1,211,一般客户
12898958,45,3,74.5,3,2,1,321,一般客户
12899464,6,5,233.0,5,3,3,533,重要发展客户
12900205,5,25,1434.3,5,5,5,555,重要价值客户
12900627,111,5,396.1,2,3,3,233,一般客户
12901015,31,5,593.0,4,3,4,434,重要发展客户
12901269,58,15,550.1,3,5,4,354,重要保持客户
12901313,51,19,636.4,3,5,4,354,重要保持客户
12902657,5,70,2696.3,5,5,5,555,重要价值客户
12903278,92,2,55.0,2,2,1,221,一般客户
12903328,134,6,350.8,1,3,3,133,一般客户
12904315,48,29,2952.2,3,5,5,355,重要保持客户
12904379,83,20,2051.6,2,5,5,255,重要保持客户
12904910,13,2,56.0,5,2,1,521,重要发展客户
12905176,2,4,67.6,5,3,1,531,重要发展客户
12905243,62,7,429.2,3,4,4,344,重要保持客户
12905887,89,1,36.0,2,1,1,211,一般客户
12906140,12,39,2207.3,5,5,5,555,重要价值客户
12906790,12,5,104.80000000000001,5,3,2,532,重要发展客户
12907153,15,31,2490.5,5,5,5,555,重要价值客户
12907239,123,1,129.0,2,1,2,212,一般客户
12907520,70,2,197.0,3,2,2,322,一般客户
12907571,6,10,214.5,5,4,3,543,一般客户
12909013,72,10,378.6,3,4,3,343,重要保持客户
12909335,95,2,214.0,2,2,3,223,一般客户
12912098,11,11,208.6,5,4,3,543,一般客户
12912183,25,6,908.0,4,3,4,434,重要发展客户
12912491,193,1,26.5,1,1,1,111,一般客户
12912573,15,7,265.9,5,4,3,543,一般客户
12912960,184,4,471.70000000000005,1,3,4,134,重要挽留客户
12913511,68,15,994.4,3,5,5,355,重要保持客户
12914951,128,2,138.0,2,2,2,222,一般客户
12915194,32,7,684.3,4,4,4,444,重要价值客户
12915213,11,27,1712.0,5,5,5,555,重要价值客户
12916081,25,48,5483.36,4,5,5,455,重要价值客户
12917043,154,7,643.8,1,4,4,144,重要保持客户
12917890,83,5,151.2,2,3,2,232,一般客户
12917979,14,31,4078.2,5,5,5,555,重要价值客户
12918591,6,25,2278.7,5,5,5,555,重要价值客户
12919447,26,2,54.0,4,2,1,421,重要发展客户
12919725,95,3,76.9,2,2,1,221,一般客户
12920103,4,26,2085.0,5,5,5,555,重要价值客户
12920116,40,11,514.6,4,4,4,444,重要价值客户
12920553,114,5,151.9,2,3,2,232,一般客户
12930388,63,3,187.0,3,2,2,322,一般客户
12930639,2,75,2541.4,5,5,5,555,重要价值客户
12931615,101,5,283.0,2,3,3,233,一般客户
12931692,141,5,188.0,1,3,2,132,一般客户
12932302,9,9,597.7,5,4,4,544,重要价值客户
12932621,166,1,280.0,1,1,3,113,一般客户
12934548,88,14,351.8,2,5,3,253,重要保持客户
12934558,85,1,237.0,2,1,3,213,一般客户
12943980,47,1,462.0,3,1,4,314,重要挽留客户
12952233,104,2,44.0,2,2,1,221,一般客户
12972884,12,16,707.0,5,5,4,554,重要价值客户
12972895,49,14,694.0,3,5,4,354,重要保持客户
12973571,57,18,721.3,3,5,4,354,重要保持客户
12974486,56,19,1134.4,3,5,5,355,重要保持客户
12975899,54,13,913.9,3,5,4,354,重要保持客户
12976438,135,7,278.2,1,4,3,143,重要保持客户
12978584,120,9,418.9,2,4,4,244,重要保持客户
12979008,146,3,162.0,1,2,2,122,一般客户
12979191,34,8,668.9,4,4,4,444,重要价值客户
12979279,158,1,318.0,1,1,3,113,一般客户
12979861,12,12,489.5,5,4,4,544,重要价值客户
12980098,63,28,1331.0,3,5,5,355,重要保持客户
12981881,24,14,3574.9,4,5,5,455,重要价值客户
12982302,55,14,1470.3,3,5,5,355,重要保持客户
12982566,64,3,60.4,3,2,1,321,一般客户
12983407,9,5,3156.0,5,3,5,535,重要发展客户
12983585,7,30,974.6999999999999,5,5,5,555,重要价值客户
12984055,46,6,972.2,3,3,5,335,重要挽留客户
12984491,148,2,68.9,1,2,1,121,一般客户
12984669,88,2,85.2,2,2,1,221,一般客户
12985376,8,6,2150.8,5,3,5,535,重要发展客户
12986317,60,14,833.8,3,5,4,354,重要保持客户
12987099,37,15,1010.5,4,5,5,455,重要价值客户
12987154,63,3,697.0,3,2,4,324,重要挽留客户
12987445,95,14,2248.6,2,5,5,255,重要保持客户
12987763,18,10,603.2,5,4,4,544,重要价值客户
12989013,164,2,62.4,1,2,1,121,一般客户
12989316,70,13,609.4,3,5,4,354,重要保持客户
12990462,109,3,119.0,2,2,2,222,一般客户
12990786,59,1,14.9,3,1,1,311,一般客户
12991382,176,2,488.0,1,2,4,124,重要挽留客户
12991495,198,2,19.9,1,2,1,121,一般客户
12993405,120,1,39.0,2,1,1,211,一般客户
12994575,1,3,2698.8,5,2,5,525,重要发展客户
12994984,90,5,302.4,2,3,3,233,一般客户
12995325,142,8,226.0,1,4,3,143,重要保持客户
12996020,193,2,392.0,1,2,3,123,一般客户
12996731,104,9,297.9,2,4,3,243,重要保持客户
12997662,132,2,148.0,1,2,2,122,一般客户
12998358,156,2,151.4,1,2,2,122,一般客户
12998518,30,9,360.0,4,4,3,443,一般客户
12998717,131,5,161.1,2,3,2,232,一般客户
12998861,56,20,1170.5,3,5,5,355,重要保持客户
12999022,12,19,3728.0,5,5,5,555,重要价值客户
12999471,64,1,59.0,3,1,1,311,一般客户
12999498,46,12,1136.0,3,4,5,345,重要保持客户
13000929,155,2,505.0,1,2,4,124,重要挽留客户
13001704,79,4,455.5,2,3,4,234,重要挽留客户
13002982,145,2,30.8,1,2,1,121,一般客户
13003280,3,32,1209.7,5,5,5,555,重要价值客户
13004094,24,8,312.5,4,4,3,443,一般客户
13004282,12,1,29.8,5,1,1,511,重要发展客户
13004994,47,16,769.0,3,5,4,354,重要保持客户
13005016,49,2,335.9,3,2,3,323,一般客户
13005113,55,18,792.5,3,5,4,354,重要保持客户
13005384,31,1,36.0,4,1,1,411,重要发展客户
13006317,36,4,191.8,4,3,2,432,重要发展客户
13007045,5,6,1297.5,5,3,5,535,重要发展客户
13007323,130,6,1332.0,2,3,5,235,重要挽留客户
13007361,122,3,237.5,2,2,3,223,一般客户
13007620,165,1,79.0,1,1,1,111,一般客户
13009122,112,1,99.0,2,1,2,212,一般客户
13009399,17,130,7683.4,5,5,5,555,重要价值客户
13010830,116,4,373.6,2,3,3,233,一般客户
13011196,20,7,171.5,4,4,2,442,一般客户
13012060,100,4,143.9,2,3,2,232,一般客户
13012389,128,1,18.0,2,1,1,211,一般客户
13013203,56,4,36.7,3,3,1,331,一般客户
13013758,118,4,210.39999999999998,2,3,3,233,一般客户
13026174,204,1,32.0,1,1,1,111,一般客户
13026411,168,2,77.9,1,2,1,121,一般客户
13027669,15,2,88.9,5,2,2,522,重要发展客户
13028051,24,20,630.4,4,5,4,454,重要价值客户
13028246,144,2,108.0,1,2,2,122,一般客户
13029057,85,10,1122.1,2,4,5,245,重要保持客户
13030163,16,5,465.8,5,3,4,534,重要发展客户
13030982,59,7,367.9,3,4,3,343,重要保持客户
13031000,27,10,658.9,4,4,4,444,重要价值客户
13032098,35,8,2793.6,4,4,5,445,重要价值客户
13032147,11,11,716.1,5,4,4,544,重要价值客户
13032431,43,5,114.6,4,3,2,432,重要发展客户
13033175,63,1,29.9,3,1,1,311,一般客户
13033943,98,6,924.5,2,3,4,234,重要挽留客户
13033947,149,4,214.5,1,3,3,133,一般客户
13034128,189,1,226.0,1,1,3,113,一般客户
13035529,5,14,1864.4,5,5,5,555,重要价值客户
13035930,158,12,507.0,1,4,4,144,重要保持客户
13036229,10,9,500.7,5,4,4,544,重要价值客户
13036400,59,9,345.5,3,4,3,343,重要保持客户
13036636,20,10,456.3,4,4,4,444,重要价值客户
13036798,181,2,101.0,1,2,2,122,一般客户
13037102,8,14,547.9,5,5,4,554,重要价值客户
13037214,65,2,158.4,3,2,2,322,一般客户
13039219,205,6,464.0,1,3,4,134,重要挽留客户
13039308,110,2,119.0,2,2,2,222,一般客户
13039422,14,2,84.0,5,2,1,521,重要发展客户
13040176,181,1,15.9,1,1,1,111,一般客户
13042626,117,2,13.8,2,2,1,221,一般客户
13042772,5,75,4676.5,5,5,5,555,重要价值客户
13042873,149,4,91.7,1,3,2,132,一般客户
13043094,56,1,19.9,3,1,1,311,一般客户
13043346,24,30,8820.0,4,5,5,455,重要价值客户
13043557,8,9,425.59999999999997,5,4,4,544,重要价值客户
13043704,61,11,874.4,3,4,4,344,重要保持客户
13044126,89,1,18.0,2,1,1,211,一般客户
13044227,28,8,763.0,4,4,4,444,重要价值客户
13044272,1,28,2180.3,5,5,5,555,重要价值客户
13044327,146,2,154.9,1,2,2,122,一般客户
13044499,4,26,2534.0,5,5,5,555,重要价值客户
13045326,13,12,734.5,5,4,4,544,重要价值客户
13045613,18,6,253.4,5,3,3,533,重要发展客户
13045647,10,29,1177.1,5,5,5,555,重要价值客户
13046497,39,14,1034.5,4,5,5,455,重要价值客户
13046935,5,34,2684.8,5,5,5,555,重要价值客户
13047401,181,2,155.0,1,2,2,122,一般客户
13047543,195,1,79.0,1,1,1,111,一般客户
13047925,85,17,1957.5,2,5,5,255,重要保持客户
13049168,72,4,855.1999999999999,3,3,4,334,重要挽留客户
13050805,100,18,592.4,2,5,4,254,重要保持客户
13051479,6,20,3792.3900000000003,5,5,5,555,重要价值客户
13053098,34,25,705.55,4,5,4,454,重要价值客户
13053879,7,13,399.1,5,5,3,553,一般客户
13054690,12,5,1067.9,5,3,5,535,重要发展客户
13054774,5,42,3935.2,5,5,5,555,重要价值客户
13054874,125,4,786.0,2,3,4,234,重要挽留客户
13055021,1,4,242.7,5,3,3,533,重要发展客户
13086127,119,2,68.9,2,2,1,221,一般客户
13086851,120,1,39.8,2,1,1,211,一般客户
13087462,110,3,682.2,2,2,4,224,重要挽留客户
13089157,144,2,78.4,1,2,1,121,一般客户
13089292,113,2,94.4,2,2,2,222,一般客户
13089470,60,4,161.7,3,3,2,332,一般客户
13089505,23,18,886.6,4,5,4,454,重要价值客户
13097111,163,1,69.0,1,1,1,111,一般客户
13098267,24,28,1893.8,4,5,5,455,重要价值客户
13099464,25,28,1222.7,4,5,5,455,重要价值客户
13100782,37,6,915.5,4,3,4,434,重要发展客户
13101048,196,1,26.0,1,1,1,111,一般客户
13101866,187,1,23.0,1,1,1,111,一般客户
13103398,67,7,379.40000000000003,3,4,3,343,重要保持客户
13103532,34,6,345.5,4,3,3,433,重要发展客户
13103556,155,4,408.0,1,3,4,134,重要挽留客户
13103644,9,13,498.59999999999997,5,5,4,554,重要价值客户
13104012,87,2,196.0,2,2,2,222,一般客户
13104779,62,22,1917.4,3,5,5,355,重要保持客户
13105488,26,4,192.5,4,3,2,432,重要发展客户
13105506,159,7,226.2,1,4,3,143,重要保持客户
13105659,13,6,1593.6,5,3,5,535,重要发展客户
13105901,152,5,425.9,1,3,4,134,重要挽留客户
13107196,32,7,376.7,4,4,3,443,一般客户
13107254,124,1,150.0,2,1,2,212,一般客户
13107449,36,2,128.9,4,2,2,422,重要发展客户
13108455,152,2,99.8,1,2,2,122,一般客户
13108687,76,22,498.6,3,5,4,354,重要保持客户
13108904,186,1,58.0,1,1,1,111,一般客户
13110005,34,3,196.9,4,2,2,422,重要发展客户
13110347,84,3,276.5,2,2,3,223,一般客户
13110480,13,5,645.5,5,3,4,534,重要发展客户
13110899,162,1,64.0,1,1,1,111,一般客户
13111012,31,9,449.8,4,4,4,444,重要价值客户
13111650,4,5,255.4,5,3,3,533,重要发展客户
13111874,17,18,835.6,5,5,4,554,重要价值客户
13112347,54,2,65.9,3,2,1,321,一般客户
13114477,156,1,22.9,1,1,1,111,一般客户
13115091,179,10,656.4000000000001,1,4,4,144,重要保持客户
13115705,38,17,497.1,4,5,4,454,重要价值客户
13116880,4,11,758.4,5,4,4,544,重要价值客户
13117235,73,5,408.9,3,3,4,334,重要挽留客户
13117756,4,10,419.59999999999997,5,4,4,544,重要价值客户
13118995,122,2,14.399999999999999,2,2,1,221,一般客户
13119132,202,1,53.0,1,1,1,111,一般客户
13120840,35,6,455.5,4,3,4,434,重要发展客户
13121117,30,3,82.8,4,2,1,421,重要发展客户
13121543,152,11,99.6,1,4,2,142,重要保持客户
13122648,85,12,648.3,2,4,4,244,重要保持客户
13124667,150,4,234.0,1,3,3,133,一般客户
13125301,111,1,138.0,2,1,2,212,一般客户
13126072,82,6,984.7,2,3,5,235,重要挽留客户
13128048,194,2,106.19999999999999,1,2,2,122,一般客户
13128107,4,5,184.4,5,3,2,532,重要发展客户
13129682,128,1,4056.0,2,1,5,215,重要挽留客户
13130058,30,2,23.4,4,2,1,421,重要发展客户
13130611,62,1,32.9,3,1,1,311,一般客户
13131800,134,7,813.4,1,4,4,144,重要保持客户
13131942,109,10,430.0,2,4,4,244,重要保持客户
13132413,35,5,2300.1,4,3,5,435,重要发展客户
13133928,41,15,840.9,4,5,4,454,重要价值客户
13134180,27,9,696.4,4,4,4,444,重要价值客户
13134553,146,1,238.4,1,1,3,113,一般客户
13135766,27,6,881.2,4,3,4,434,重要发展客户
13136221,13,4,222.70000000000002,5,3,3,533,重要发展客户
13136440,21,4,119.9,4,3,2,432,重要发展客户
13136508,55,11,1404.9,3,4,5,345,重要保持客户
13137771,56,15,888.6,3,5,4,354,重要保持客户
13138253,31,5,196.1,4,3,2,432,重要发展客户
13139432,148,2,17.8,1,2,1,121,一般客户
13139500,20,2,202.8,4,2,3,423,重要发展客户
13139684,145,5,210.0,1,3,3,133,一般客户
13139853,16,29,1957.7,5,5,5,555,重要价值客户
13141070,194,1,118.0,1,1,2,112,一般客户
13141827,30,1,27.5,4,1,1,411,重要发展客户
13144568,14,19,2376.2,5,5,5,555,重要价值客户
13145595,184,1,99.0,1,1,2,112,一般客户
13146162,47,5,169.7,3,3,2,332,一般客户
13146779,97,7,2241.5,2,4,5,245,重要保持客户
13146791,69,9,452.2,3,4,4,344,重要保持客户
13148145,44,17,776.6,3,5,4,354,重要保持客户
13148393,57,4,75.7,3,3,1,331,一般客户
13149577,59,7,310.5,3,4,3,343,重要保持客户
13149893,2,2,68.7,5,2,1,521,重要发展客户
13150035,12,6,511.9,5,3,4,534,重要发展客户
13150048,64,2,339.0,3,2,3,323,一般客户
13150742,152,3,487.4,1,2,4,124,重要挽留客户
13151497,9,13,574.9,5,5,4,554,重要价值客户
13151511,32,36,4275.2,4,5,5,455,重要价值客户
13152315,182,4,385.0,1,3,3,133,一般客户
13154210,146,7,344.9,1,4,3,143,重要保持客户
13154385,94,4,109.5,2,3,2,232,一般客户
13154866,1,5,630.0,5,3,4,534,重要发展客户
13155255,52,21,1397.4,3,5,5,355,重要保持客户
13155257,114,11,362.09999999999997,2,4,3,243,重要保持客户
13156646,10,6,218.0,5,3,3,533,重要发展客户
13156912,111,1,49.0,2,1,1,211,一般客户
13157179,94,1,59.0,2,1,1,211,一般客户
13157565,83,2,435.7,2,2,4,224,重要挽留客户
13157741,76,2,302.6,3,2,3,323,一般客户
13158860,111,8,223.60000000000002,2,4,3,243,重要保持客户
13161728,9,15,861.6999999999999,5,5,4,554,重要价值客户
13164421,76,12,909.5,3,4,4,344,重要保持客户
13164567,134,6,245.0,1,3,3,133,一般客户
13164679,2,81,7574.7,5,5,5,555,重要价值客户
13165405,87,1,1780.0,2,1,5,215,重要挽留客户
13165559,161,2,146.5,1,2,2,122,一般客户
13165954,27,3,240.0,4,2,3,423,重要发展客户
13166229,27,1,9.0,4,1,1,411,重要发展客户
13167481,83,8,385.4,2,4,3,243,重要保持客户
13167884,198,3,114.80000000000001,1,2,2,122,一般客户
13167918,135,12,598.4,1,4,4,144,重要保持客户
13169018,5,21,3382.8,5,5,5,555,重要价值客户
13169160,172,3,320.0,1,2,3,123,一般客户
13170016,179,2,15.5,1,2,1,121,一般客户
13170930,48,3,47.2,3,2,1,321,一般客户
13171014,123,2,65.9,2,2,1,221,一般客户
13171701,91,17,857.3,2,5,4,254,重要保持客户
13172174,26,13,417.8,4,5,4,454,重要价值客户
13173753,32,1,158.0,4,1,2,412,重要发展客户
13173985,137,4,410.5,1,3,4,134,重要挽留客户
13174669,144,3,257.9,1,2,3,123,一般客户
13174817,16,15,687.0,5,5,4,554,重要价值客户
13174871,70,5,464.1,3,3,4,334,重要挽留客户
13175143,205,4,187.8,1,3,2,132,一般客户
13175371,205,3,225.0,1,2,3,123,一般客户
13175664,41,35,1910.0,4,5,5,455,重要价值客户
13175949,15,64,3305.6,5,5,5,555,重要价值客户
13176213,205,4,201.9,1,3,3,133,一般客户
13176379,205,1,672.0,1,1,4,114,重要挽留客户
13176486,205,1,19.0,1,1,1,111,一般客户
13176525,205,3,137.0,1,2,2,122,一般客户
13176646,205,3,66.8,1,2,1,121,一般客户
13176678,205,1,699.0,1,1,4,114,重要挽留客户
13176886,7,16,794.9,5,5,4,554,重要价值客户
13177819,61,3,208.0,3,2,3,323,一般客户
13177869,205,4,413.6,1,3,4,134,重要挽留客户
13177978,205,1,49.0,1,1,1,111,一般客户
13178191,205,1,59.9,1,1,1,111,一般客户
13178353,205,1,900.0,1,1,4,114,重要挽留客户
13179120,204,1,126.0,1,1,2,112,一般客户
13179146,204,9,353.5,1,4,3,143,重要保持客户
13179987,204,1,9.5,1,1,1,111,一般客户
13180483,204,2,49.6,1,2,1,121,一般客户
13180540,186,2,2336.0,1,2,5,125,重要挽留客户
13180897,132,4,96.6,1,3,2,132,一般客户
13181025,204,4,181.0,1,3,2,132,一般客户
13181104,114,7,1038.0,2,4,5,245,重要保持客户
13181407,204,5,192.70000000000002,1,3,2,132,一般客户
13181753,5,8,261.3,5,4,3,543,一般客户
13187414,2,35,2456.0,5,5,5,555,重要价值客户
13187584,203,5,208.0,1,3,3,133,一般客户
13187779,128,11,532.6,2,4,4,244,重要保持客户
13187886,203,1,98.0,1,1,2,112,一般客户
13188169,115,9,672.2,2,4,4,244,重要保持客户
13190409,203,3,95.89999999999999,1,2,2,122,一般客户
13190638,203,1,53.0,1,1,1,111,一般客户
13191043,203,1,59.0,1,1,1,111,一般客户
13191463,203,3,134.8,1,2,2,122,一般客户
13191619,63,16,641.8,3,5,4,354,重要保持客户
13191999,203,1,20.0,1,1,1,111,一般客户
13192422,202,2,134.3,1,2,2,122,一般客户
13192438,202,1,15.9,1,1,1,111,一般客户
13192598,202,2,19.9,1,2,1,121,一般客户
13192692,18,14,826.6,5,5,4,554,重要价值客户
13193050,84,21,856.6,2,5,4,254,重要保持客户
13193070,84,3,182.3,2,2,2,222,一般客户
13193143,64,11,761.9,3,4,4,344,重要保持客户
13193172,201,1,18.0,1,1,1,111,一般客户
13193454,202,3,146.8,1,2,2,122,一般客户
13193475,40,7,171.0,4,4,2,442,一般客户
13194153,202,5,157.7,1,3,2,132,一般客户
13194468,27,12,920.6,4,4,4,444,重要价值客户
13194883,202,4,73.9,1,3,1,131,一般客户
13194892,62,14,827.0,3,5,4,354,重要保持客户
13194939,200,4,843.9,1,3,4,134,重要挽留客户
13194962,202,2,178.0,1,2,2,122,一般客户
13195361,202,4,343.8,1,3,3,133,一般客户
13195595,28,4,233.8,4,3,3,433,重要发展客户
13196042,202,3,67.1,1,2,1,121,一般客户
13196098,202,4,239.4,1,3,3,133,一般客户
13196100,202,1,37.8,1,1,1,111,一般客户
13196229,33,7,443.29999999999995,4,4,4,444,重要价值客户
13196539,15,18,2026.6,5,5,5,555,重要价值客户
13196861,35,24,2015.0,4,5,5,455,重要价值客户
13196896,38,9,4882.3,4,4,5,445,重要价值客户
13197073,201,1,9.9,1,1,1,111,一般客户
13197246,42,7,685.1999999999999,4,4,4,444,重要价值客户
13197453,65,34,1716.3,3,5,5,355,重要保持客户
13197882,21,16,862.5,4,5,4,454,重要价值客户
13197944,2,7,279.2,5,4,3,543,一般客户
13198003,201,3,122.80000000000001,1,2,2,122,一般客户
13198164,146,8,415.7,1,4,4,144,重要保持客户
13198370,16,17,1014.7,5,5,5,555,重要价值客户
13198372,201,1,50.0,1,1,1,111,一般客户
13198542,201,2,108.8,1,2,2,122,一般客户
13198673,27,2,156.5,4,2,2,422,重要发展客户
13198734,201,3,59.900000000000006,1,2,1,121,一般客户
13198842,198,2,54.0,1,2,1,121,一般客户
13199074,60,7,445.8,3,4,4,344,重要保持客户
13199196,201,1,594.0,1,1,4,114,重要挽留客户
13199390,198,2,38.0,1,2,1,121,一般客户
13199537,9,4,659.0,5,3,4,534,重要发展客户
13199717,201,1,9.0,1,1,1,111,一般客户
13199775,201,5,121.10000000000001,1,3,2,132,一般客户
13199923,201,4,106.4,1,3,2,132,一般客户
13200015,178,2,48.9,1,2,1,121,一般客户
13201904,200,4,106.4,1,3,2,132,一般客户
13202074,200,1,9.9,1,1,1,111,一般客户
13202748,200,1,139.0,1,1,2,112,一般客户
13203044,200,1,368.0,1,1,3,113,一般客户
13203403,199,1,138.0,1,1,2,112,一般客户
13203514,199,2,148.0,1,2,2,122,一般客户
13203685,199,1,126.0,1,1,2,112,一般客户
13203817,199,7,172.7,1,4,2,142,重要保持客户
13204183,197,5,284.0,1,3,3,133,一般客户
13204297,199,1,38.6,1,1,1,111,一般客户
13204581,139,2,31.9,1,2,1,121,一般客户
13204591,195,3,406.4,1,2,4,124,重要挽留客户
13204725,112,8,390.0,2,4,3,243,重要保持客户
13204802,32,21,2915.5,4,5,5,455,重要价值客户
13205295,10,5,158.6,5,3,2,532,重要发展客户
13205399,188,3,151.0,1,2,2,122,一般客户
13205405,22,3,1143.8,4,2,5,425,重要发展客户
13205479,199,1,158.0,1,1,2,112,一般客户
13205482,199,8,321.2,1,4,3,143,重要保持客户
13205633,113,16,356.6,2,5,3,253,重要保持客户
13206298,196,5,1478.8,1,3,5,135,重要挽留客户
13206528,125,14,889.8,2,5,4,254,重要保持客户
13206632,29,16,4004.8,4,5,5,455,重要价值客户
13207020,198,2,58.0,1,2,1,121,一般客户
13207212,198,9,348.8,1,4,3,143,重要保持客户
13207542,198,1,42.0,1,1,1,111,一般客户
13207593,9,3,96.5,5,2,2,522,重要发展客户
13207695,193,2,115.0,1,2,2,122,一般客户
13207772,31,9,1486.7,4,4,5,445,重要价值客户
13208139,198,1,138.0,1,1,2,112,一般客户
13208643,33,4,487.0,4,3,4,434,重要发展客户
13208833,198,1,14.8,1,1,1,111,一般客户
13208950,198,2,917.5,1,2,4,124,重要挽留客户
13209029,16,8,284.8,5,4,3,543,一般客户
13209724,197,1,96.0,1,1,2,112,一般客户
13209800,194,2,58.0,1,2,1,121,一般客户
13210221,191,2,70.0,1,2,1,121,一般客户
13210289,197,5,83.4,1,3,1,131,一般客户
13210449,197,3,171.1,1,2,2,122,一般客户
13210513,102,4,247.8,2,3,3,233,一般客户
13210715,197,4,91.4,1,3,2,132,一般客户
13210816,197,2,121.0,1,2,2,122,一般客户
13211408,197,6,265.9,1,3,3,133,一般客户
13211885,197,3,138.79999999999998,1,2,2,122,一般客户
13212473,15,9,497.7,5,4,4,544,重要价值客户
13212776,196,2,100.0,1,2,2,122,一般客户
13213227,196,2,60.0,1,2,1,121,一般客户
13213235,195,2,82.80000000000001,1,2,1,121,一般客户
13214037,131,7,427.0,2,4,4,244,重要保持客户
13214808,196,1,188.0,1,1,2,112,一般客户
13215376,194,6,227.4,1,3,3,133,一般客户
13215383,193,3,98.80000000000001,1,2,2,122,一般客户
13215635,195,1,300.0,1,1,3,113,一般客户
13215911,3,22,794.0,5,5,4,554,重要价值客户
13216087,192,4,166.0,1,3,2,132,一般客户
13216268,42,11,482.5,4,4,4,444,重要价值客户
13216588,146,8,302.2,1,4,3,143,重要保持客户
13216667,27,27,1386.5,4,5,5,455,重要价值客户
13217119,195,1,19.9,1,1,1,111,一般客户
13217417,195,5,306.9,1,3,3,133,一般客户
13217622,35,9,352.6,4,4,3,443,一般客户
13217670,195,1,9.9,1,1,1,111,一般客户
13217687,195,15,1114.54,1,5,5,155,重要保持客户
13217769,13,5,387.5,5,3,3,533,重要发展客户
13217885,195,3,86.80000000000001,1,2,1,121,一般客户
13218273,195,2,138.0,1,2,2,122,一般客户
13218275,160,23,1290.1,1,5,5,155,重要保持客户
13218285,194,4,102.4,1,3,2,132,一般客户
13218299,64,5,241.0,3,3,3,333,一般客户
13218332,117,6,628.7,2,3,4,234,重要挽留客户
13218706,195,2,19.9,1,2,1,121,一般客户
13218709,111,4,168.0,2,3,2,232,一般客户
13219119,194,1,136.0,1,1,2,112,一般客户
13219143,111,6,287.5,2,3,3,233,一般客户
13219540,194,4,107.9,1,3,2,132,一般客户
13219695,192,5,779.2,1,3,4,134,重要挽留客户
13220384,45,17,634.8,3,5,4,354,重要保持客户
13220454,121,10,991.8,2,4,5,245,重要保持客户
13220815,85,4,515.9,2,3,4,234,重要挽留客户
13220933,126,6,328.59999999999997,2,3,3,233,一般客户
13221059,194,4,146.4,1,3,2,132,一般客户
13221672,125,9,186.1,2,4,2,242,重要保持客户
13221689,22,36,1749.7,4,5,5,455,重要价值客户
13221795,97,4,216.3,2,3,3,233,一般客户
13221988,2,35,3734.7,5,5,5,555,重要价值客户
13222088,194,1,455.6,1,1,4,114,重要挽留客户
13222423,194,2,298.0,1,2,3,123,一般客户
13223283,40,3,223.0,4,2,3,423,重要发展客户
13223433,193,2,140.2,1,2,2,122,一般客户
13223506,193,1,42.0,1,1,1,111,一般客户
13223524,192,1,85.0,1,1,1,111,一般客户
13223585,193,7,388.6,1,4,3,143,重要保持客户
13223660,193,5,447.8,1,3,4,134,重要挽留客户
13224010,98,10,693.0,2,4,4,244,重要保持客户
13224201,192,4,132.9,1,3,2,132,一般客户
13224274,193,1,242.0,1,1,3,113,一般客户
13224318,4,21,2374.3,5,5,5,555,重要价值客户
13224335,193,1,26.5,1,1,1,111,一般客户
13225575,193,3,303.0,1,2,3,123,一般客户
13225627,193,5,358.0,1,3,3,133,一般客户
13225721,193,1,59.0,1,1,1,111,一般客户
13225735,193,3,8.8,1,2,1,121,一般客户
13225801,193,1,99.0,1,1,2,112,一般客户
13226183,185,9,463.9,1,4,4,144,重要保持客户
13226260,62,1,11.8,3,1,1,311,一般客户
13226385,12,3,56.9,5,2,1,521,重要发展客户
13226440,145,4,676.9,1,3,4,134,重要挽留客户
13226483,126,3,35.9,2,2,1,221,一般客户
13226743,192,1,1200.0,1,1,5,115,重要挽留客户
13226800,192,1,26.0,1,1,1,111,一般客户
13226992,39,11,545.9,4,4,4,444,重要价值客户
13227015,16,18,1438.5,5,5,5,555,重要价值客户
13227097,192,1,13.5,1,1,1,111,一般客户
13227423,192,3,257.0,1,2,3,123,一般客户
13227601,192,1,39.9,1,1,1,111,一般客户
13227806,192,5,398.4,1,3,3,133,一般客户
13228250,20,7,873.8,4,4,4,444,重要价值客户
13228968,1,23,1645.0,5,5,5,555,重要价值客户
13229444,191,3,177.0,1,2,2,122,一般客户
13229458,149,3,149.60000000000002,1,2,2,122,一般客户
13229574,37,9,1271.0,4,4,5,445,重要价值客户
13230068,6,27,1546.81,5,5,5,555,重要价值客户
13230614,191,2,53.1,1,2,1,121,一般客户
13230820,190,2,108.0,1,2,2,122,一般客户
13230886,17,47,3982.8,5,5,5,555,重要价值客户
13231077,191,4,349.0,1,3,3,133,一般客户
13231086,191,2,78.0,1,2,1,121,一般客户
13231174,191,1,32.0,1,1,1,111,一般客户
13231214,191,2,76.6,1,2,1,121,一般客户
13231462,30,6,294.8,4,3,3,433,重要发展客户
13231718,191,1,2.0,1,1,1,111,一般客户
13232356,68,22,835.1,3,5,4,354,重要保持客户
13232792,190,3,166.4,1,2,2,122,一般客户
13233005,47,17,794.1,3,5,4,354,重要保持客户
13233319,190,2,34.9,1,2,1,121,一般客户
13233481,190,2,35.7,1,2,1,121,一般客户
13233537,23,24,1174.7,4,5,5,455,重要价值客户
13233993,1,33,1711.4,5,5,5,555,重要价值客户
13234396,190,1,38.0,1,1,1,111,一般客户
13234661,189,1,188.0,1,1,2,112,一般客户
13234684,189,1,60.0,1,1,1,111,一般客户
13234714,189,2,7.9,1,2,1,121,一般客户
13234797,164,2,199.7,1,2,3,123,一般客户
13235084,39,10,478.4,4,4,4,444,重要价值客户
13235530,189,2,102.89999999999999,1,2,2,122,一般客户
13235540,189,1,168.0,1,1,2,112,一般客户
13235679,189,1,29.0,1,1,1,111,一般客户
13235787,189,4,181.89999999999998,1,3,2,132,一般客户
13236265,102,10,1076.7,2,4,5,245,重要保持客户
13236355,30,12,477.59999999999997,4,4,4,444,重要价值客户
13236541,188,1,4.8,1,1,1,111,一般客户
13236628,79,9,211.6,2,4,3,243,重要保持客户
13236804,56,4,722.0,3,3,4,334,重要挽留客户
13237186,55,4,478.7,3,3,4,334,重要挽留客户
13237340,14,14,656.9,5,5,4,554,重要价值客户
13237347,181,4,953.3,1,3,5,135,重要挽留客户
13237905,181,3,301.8,1,2,3,123,一般客户
13238203,188,1,175.0,1,1,2,112,一般客户
13238368,2,57,2298.5,5,5,5,555,重要价值客户
13238492,188,2,310.0,1,2,3,123,一般客户
13239004,184,2,133.0,1,2,2,122,一般客户
13239177,79,15,1286.1,2,5,5,255,重要保持客户
13239222,188,2,103.5,1,2,2,122,一般客户
13239529,188,4,199.8,1,3,3,133,一般客户
13239985,185,1,235.0,1,1,3,113,一般客户
13240210,188,1,19.8,1,1,1,111,一般客户
13240848,10,8,2592.8,5,4,5,545,重要价值客户
13240872,188,1,7.9,1,1,1,111,一般客户
13241202,14,10,2354.7,5,4,5,545,重要价值客户
13241400,11,13,619.0,5,5,4,554,重要价值客户
13241568,187,1,47.8,1,1,1,111,一般客户
13241664,187,2,60.0,1,2,1,121,一般客户
13241671,187,1,54.5,1,1,1,111,一般客户
13241825,187,3,167.0,1,2,2,122,一般客户
13242253,187,3,117.0,1,2,2,122,一般客户
13242267,187,2,177.2,1,2,2,122,一般客户
13242669,148,4,264.5,1,3,3,133,一般客户
13242686,187,2,23.8,1,2,1,121,一般客户
13243210,187,2,52.8,1,2,1,121,一般客户
13243269,187,3,187.0,1,2,2,122,一般客户
13243374,187,4,125.0,1,3,2,132,一般客户
13244234,11,18,631.3,5,5,4,554,重要价值客户
13244588,187,2,228.0,1,2,3,123,一般客户
13244633,23,19,627.4,4,5,4,454,重要价值客户
13244757,187,6,176.3,1,4,2,142,重要保持客户
13244761,20,17,407.4,4,5,4,454,重要价值客户
13244817,172,2,36.0,1,2,1,121,一般客户
13244862,85,2,463.0,2,2,4,224,重要挽留客户
13244891,187,2,77.1,1,2,1,121,一般客户
13245319,1,28,1458.5,5,5,5,555,重要价值客户
13245419,26,20,1013.1,4,5,5,455,重要价值客户
13246521,35,7,706.2,4,4,4,444,重要价值客户
13246569,186,4,224.4,1,3,3,133,一般客户
13247079,186,2,50.5,1,2,1,121,一般客户
13272345,185,4,126.0,1,3,2,132,一般客户
13273417,185,3,40.9,1,2,1,121,一般客户
13273758,185,6,120.7,1,4,2,142,重要保持客户
13273934,148,7,309.7,1,4,3,143,重要保持客户
13273948,155,2,123.5,1,2,2,122,一般客户
13274138,179,6,571.0,1,4,4,144,重要保持客户
13274222,185,1,19.0,1,1,1,111,一般客户
13274261,158,3,305.9,1,2,3,123,一般客户
13274278,185,1,18.0,1,1,1,111,一般客户
13275002,83,7,400.1,2,4,3,243,重要保持客户
13275031,185,1,79.0,1,1,1,111,一般客户
13275104,185,2,31.0,1,2,1,121,一般客户
13275537,184,1,42.0,1,1,1,111,一般客户
13275698,184,1,16.9,1,1,1,111,一般客户
13275721,184,1,32.0,1,1,1,111,一般客户
13275913,184,1,45.0,1,1,1,111,一般客户
13276198,184,1,278.0,1,1,3,113,一般客户
13276474,53,31,4786.5,3,5,5,355,重要保持客户
13276626,179,3,129.4,1,2,2,122,一般客户
13276932,8,21,2342.3,5,5,5,555,重要价值客户
13277119,4,25,2256.8,5,5,5,555,重要价值客户
13277249,184,4,113.9,1,3,2,132,一般客户
13277393,5,65,6989.2,5,5,5,555,重要价值客户
13277409,58,22,1164.9,3,5,5,355,重要保持客户
13277443,184,1,98.0,1,1,2,112,一般客户
13277695,99,6,491.70000000000005,2,4,4,244,重要保持客户
13277931,184,1,499.0,1,1,4,114,重要挽留客户
13278494,46,4,326.0,3,3,3,333,一般客户
13278957,79,3,213.0,2,2,3,223,一般客户
13279162,183,2,138.0,1,2,2,122,一般客户
13279287,182,1,109.0,1,1,2,112,一般客户
13280141,183,1,68.0,1,1,1,111,一般客户
13280205,183,1,128.0,1,1,2,112,一般客户
13280598,27,9,493.09999999999997,4,4,4,444,重要价值客户
13280754,87,5,248.5,2,3,3,233,一般客户
13297475,183,1,28.0,1,1,1,111,一般客户
13297624,89,2,604.3,2,2,4,224,重要挽留客户
13297706,15,13,674.4,5,5,4,554,重要价值客户
13297915,183,2,141.1,1,2,2,122,一般客户
13298869,91,6,222.1,2,4,3,243,重要保持客户
13299375,40,5,96.69999999999999,4,3,2,432,重要发展客户
13299642,35,7,898.9,4,4,4,444,重要价值客户
13299870,181,3,138.6,1,2,2,122,一般客户
13300506,182,3,132.5,1,2,2,122,一般客户
13300744,182,4,250.5,1,3,3,133,一般客户
13300944,182,2,131.0,1,2,2,122,一般客户
13301744,181,3,120.0,1,2,2,122,一般客户
13301930,68,11,554.5,3,4,4,344,重要保持客户
13302369,45,8,412.0,3,4,4,344,重要保持客户
13302742,1,30,1906.5,5,5,5,555,重要价值客户
13303162,181,1,10.5,1,1,1,111,一般客户
13303318,181,4,243.8,1,3,3,133,一般客户
13303439,180,2,393.0,1,2,3,123,一般客户
13303450,181,1,270.0,1,1,3,113,一般客户
13303653,181,1,79.5,1,1,1,111,一般客户
13303864,181,1,108.0,1,1,2,112,一般客户
13303971,152,6,322.7,1,4,3,143,重要保持客户
13303979,181,1,169.0,1,1,2,112,一般客户
13304146,47,11,580.7,3,4,4,344,重要保持客户
13304158,181,1,98.0,1,1,2,112,一般客户
13304161,108,4,200.9,2,3,3,233,一般客户
13304621,181,5,643.9,1,3,4,134,重要挽留客户
13304774,169,2,63.8,1,2,1,121,一般客户
13304837,181,3,91.9,1,2,2,122,一般客户
13305229,179,5,375.0,1,3,3,133,一般客户
13305852,180,1,22.9,1,1,1,111,一般客户
13306488,180,1,45.0,1,1,1,111,一般客户
13306954,12,12,760.0,5,4,4,544,重要价值客户
13307347,127,2,64.9,2,2,1,221,一般客户
13307489,180,1,468.0,1,1,4,114,重要挽留客户
13307545,94,10,448.9,2,4,4,244,重要保持客户
13307745,180,2,69.0,1,2,1,121,一般客户
13307888,139,5,1534.0,1,3,5,135,重要挽留客户
13308678,180,5,221.0,1,3,3,133,一般客户
13308971,180,1,278.0,1,1,3,113,一般客户
13308985,59,40,2881.9,3,5,5,355,重要保持客户
13309135,180,2,1530.0,1,2,5,125,重要挽留客户
13309246,180,5,81.1,1,3,1,131,一般客户
13309386,180,1,149.0,1,1,2,112,一般客户
13309439,24,17,700.8,4,5,4,454,重要价值客户
13309464,180,2,49.0,1,2,1,121,一般客户
13309657,24,21,826.7,4,5,4,454,重要价值客户
13309700,179,3,70.8,1,2,1,121,一般客户
13309832,179,1,89.0,1,1,2,112,一般客户
13310070,166,3,133.5,1,2,2,122,一般客户
13310192,163,4,166.8,1,3,2,132,一般客户
13310236,19,5,346.5,4,3,3,433,重要发展客户
13310382,17,29,4760.2,5,5,5,555,重要价值客户
13310899,121,4,472.6,2,3,4,234,重要挽留客户
13310938,138,5,244.8,1,3,3,133,一般客户
13310943,1,22,927.8,5,5,4,554,重要价值客户
13310970,118,6,841.0,2,4,4,244,重要保持客户
13311034,10,6,255.5,5,4,3,543,一般客户
13311452,178,2,223.0,1,2,3,123,一般客户
13311509,163,2,37.4,1,2,1,121,一般客户
13311555,179,1,27.5,1,1,1,111,一般客户
13311629,6,11,281.0,5,4,3,543,一般客户
13311635,179,5,100.6,1,3,2,132,一般客户
13311641,45,8,533.5,3,4,4,344,重要保持客户
13311883,179,2,197.0,1,2,2,122,一般客户
13312103,7,5,435.0,5,3,4,534,重要发展客户
13312290,90,2,940.4,2,2,5,225,重要挽留客户
13312670,178,2,100.0,1,2,2,122,一般客户
13312950,178,1,89.0,1,1,2,112,一般客户
13313000,178,2,15.8,1,2,1,121,一般客户
13313535,178,2,31.6,1,2,1,121,一般客户
13313557,88,21,1164.1,2,5,5,255,重要保持客户
13313652,113,4,295.0,2,3,3,233,一般客户
13314060,90,2,49.0,2,2,1,221,一般客户
13314079,178,3,1235.0,1,2,5,125,重要挽留客户
13314392,178,2,122.0,1,2,2,122,一般客户
13314474,178,1,19.0,1,1,1,111,一般客户
13314657,48,14,664.3,3,5,4,354,重要保持客户
13314875,178,2,115.4,1,2,2,122,一般客户
13315075,76,14,3292.8,3,5,5,355,重要保持客户
13315112,178,5,403.8,1,3,3,133,一般客户
13315324,72,6,306.40000000000003,3,4,3,343,重要保持客户
13315562,178,1,15.0,1,1,1,111,一般客户
13315628,178,2,101.0,1,2,2,122,一般客户
13315923,178,1,59.0,1,1,1,111,一般客户
13315945,178,1,69.9,1,1,1,111,一般客户
13316206,48,4,194.6,3,3,2,332,一般客户
13316627,3,36,2739.0,5,5,5,555,重要价值客户
13316857,177,2,39.8,1,2,1,121,一般客户
13316979,177,3,246.0,1,2,3,123,一般客户
13317174,177,2,149.0,1,2,2,122,一般客户
13317241,177,4,769.0,1,3,4,134,重要挽留客户
13317541,5,13,209.2,5,5,3,553,一般客户
13317752,168,5,552.0,1,3,4,134,重要挽留客户
13318197,177,1,88.0,1,1,1,111,一般客户
13318202,177,3,141.0,1,2,2,122,一般客户
13318517,177,2,138.0,1,2,2,122,一般客户
13319014,168,7,497.8,1,4,4,144,重要保持客户
13319408,169,5,250.7,1,3,3,133,一般客户
13319710,177,6,178.0,1,4,2,142,重要保持客户
13319857,177,1,19.9,1,1,1,111,一般客户
13319874,79,11,232.7,2,4,3,243,重要保持客户
13319997,176,2,496.0,1,2,4,124,重要挽留客户
13320081,177,2,168.0,1,2,2,122,一般客户
13320483,175,1,109.0,1,1,2,112,一般客户
13321015,176,1,139.0,1,1,2,112,一般客户
13321229,172,13,804.5,1,5,4,154,重要保持客户
13321359,176,2,388.0,1,2,3,123,一般客户
13321416,170,8,556.8,1,4,4,144,重要保持客户
13321775,176,3,431.0,1,2,4,124,重要挽留客户
13321847,176,1,176.0,1,1,2,112,一般客户
13321864,176,6,443.0,1,4,4,144,重要保持客户
13322906,175,1,78.9,1,1,1,111,一般客户
13323271,175,2,25.0,1,2,1,121,一般客户
13323341,175,1,22.8,1,1,1,111,一般客户
13324004,174,1,12.0,1,1,1,111,一般客户
13324187,174,1,168.0,1,1,2,112,一般客户
13324391,174,1,48.0,1,1,1,111,一般客户
13324731,174,2,174.9,1,2,2,122,一般客户
13324793,6,19,1505.7,5,5,5,555,重要价值客户
13325037,174,1,64.0,1,1,1,111,一般客户
13325094,174,2,108.0,1,2,2,122,一般客户
13325143,35,27,1701.4,4,5,5,455,重要价值客户
13325503,61,15,439.59999999999997,3,5,4,354,重要保持客户
13325709,173,2,294.0,1,2,3,123,一般客户
13325859,172,1,29.9,1,1,1,111,一般客户
13325909,58,12,780.4,3,4,4,344,重要保持客户
13326092,11,2,497.9,5,2,4,524,重要发展客户
13326330,85,6,135.2,2,4,2,242,重要保持客户
13326431,79,6,417.0,2,4,4,244,重要保持客户
13326699,79,5,162.0,2,3,2,232,一般客户
13326750,110,36,2585.3,2,5,5,255,重要保持客户
13327017,173,1,16.0,1,1,1,111,一般客户
13327055,173,3,296.0,1,2,3,123,一般客户
13327114,10,30,1519.9,5,5,5,555,重要价值客户
13327294,106,2,61.0,2,2,1,221,一般客户
13327503,2,2,1714.5,5,2,5,525,重要发展客户
13328220,172,2,497.0,1,2,4,124,重要挽留客户
13328339,172,1,119.0,1,1,2,112,一般客户
13328924,117,6,892.5,2,4,4,244,重要保持客户
13329220,172,1,15.0,1,1,1,111,一般客户
13329283,172,2,177.0,1,2,2,122,一般客户
13329413,172,1,14.9,1,1,1,111,一般客户
13329596,172,2,105.6,1,2,2,122,一般客户
13329626,172,4,89.5,1,3,2,132,一般客户
13329641,172,1,90.0,1,1,2,112,一般客户
13330120,6,17,776.5,5,5,4,554,重要价值客户
13330648,10,10,489.8,5,4,4,544,重要价值客户
13330766,171,1,238.0,1,1,3,113,一般客户
13331067,151,5,193.3,1,3,2,132,一般客户
13331166,70,2,128.0,3,2,2,322,一般客户
13331692,56,9,4282.299999999999,3,4,5,345,重要保持客户
13331768,101,7,2168.0,2,4,5,245,重要保持客户
13331814,7,77,4276.0,5,5,5,555,重要价值客户
13332251,18,13,694.6,5,5,4,554,重要价值客户
13332416,21,4,88.6,4,3,2,432,重要发展客户
13332441,170,10,601.5,1,4,4,144,重要保持客户
13332463,121,5,242.9,2,3,3,233,一般客户
13332887,170,1,4.8,1,1,1,111,一般客户
13333142,80,5,187.0,2,3,2,232,一般客户
13333215,170,2,23.9,1,2,1,121,一般客户
13333300,170,1,48.0,1,1,1,111,一般客户
13333426,20,4,371.0,4,3,3,433,重要发展客户
13333474,41,9,730.3,4,4,4,444,重要价值客户
13333527,170,1,60.0,1,1,1,111,一般客户
13334233,67,4,176.0,3,3,2,332,一般客户
13334686,9,9,663.3,5,4,4,544,重要价值客户
13334742,170,6,502.5,1,4,4,144,重要保持客户
13334805,34,29,6410.2,4,5,5,455,重要价值客户
13334970,170,1,16.0,1,1,1,111,一般客户
13335023,109,17,676.4,2,5,4,254,重要保持客户
13335076,170,1,105.0,1,1,2,112,一般客户
13335155,25,18,1068.2,4,5,5,455,重要价值客户
13335397,170,1,28.6,1,1,1,111,一般客户
13336016,169,2,29.0,1,2,1,121,一般客户
13336224,169,4,470.79999999999995,1,3,4,134,重要挽留客户
13336381,78,2,197.7,2,2,2,222,一般客户
13336719,169,2,104.0,1,2,2,122,一般客户
13336778,76,18,754.7,3,5,4,354,重要保持客户
13337074,168,2,109.0,1,2,2,122,一般客户
13337382,169,1,398.0,1,1,3,113,一般客户
13337631,169,1,35.0,1,1,1,111,一般客户
13337666,169,1,49.0,1,1,1,111,一般客户
13337734,20,15,1471.6,4,5,5,455,重要价值客户
13337758,7,6,144.4,5,4,2,542,一般客户
13337919,1,10,745.4,5,4,4,544,重要价值客户
13338077,104,3,340.0,2,2,3,223,一般客户
13338328,169,2,64.0,1,2,1,121,一般客户
13338677,169,1,69.0,1,1,1,111,一般客户
13339607,17,4,239.0,5,3,3,533,重要发展客户
13339893,136,3,533.5,1,2,4,124,重要挽留客户
13339963,168,1,9.9,1,1,1,111,一般客户
13340354,57,10,383.1,3,4,3,343,重要保持客户
13340573,9,5,686.5999999999999,5,3,4,534,重要发展客户
13341414,61,38,2284.6,3,5,5,355,重要保持客户
13341839,167,1,13.5,1,1,1,111,一般客户
13342004,167,1,99.0,1,1,2,112,一般客户
13342539,115,4,139.7,2,3,2,232,一般客户
13342671,167,1,16.0,1,1,1,111,一般客户
13342746,140,7,224.89999999999998,1,4,3,143,重要保持客户
13343115,166,1,17.9,1,1,1,111,一般客户
13343366,21,24,1015.2,4,5,5,455,重要价值客户
13343483,90,5,71.4,2,3,1,231,一般客户
13343586,167,1,149.0,1,1,2,112,一般客户
13343755,162,1,42.8,1,1,1,111,一般客户
13343883,167,5,197.49,1,3,2,132,一般客户
13343976,136,2,181.0,1,2,2,122,一般客户
13345067,48,18,774.3000000000001,3,5,4,354,重要保持客户
13345577,166,2,255.0,1,2,3,123,一般客户
13345731,9,28,2559.5,5,5,5,555,重要价值客户
13346417,83,9,465.0,2,4,4,244,重要保持客户
13346501,166,2,99.2,1,2,2,122,一般客户
13347191,137,2,216.0,1,2,3,123,一般客户
13347208,104,11,168.9,2,4,2,242,重要保持客户
13347558,166,3,91.69999999999999,1,2,2,122,一般客户
13347797,166,1,19.9,1,1,1,111,一般客户
13347880,166,3,105.4,1,2,2,122,一般客户
13347896,104,3,486.7,2,2,4,224,重要挽留客户
13348432,166,2,84.5,1,2,1,121,一般客户
13348742,165,1,7.9,1,1,1,111,一般客户
13349156,12,5,390.3,5,3,3,533,重要发展客户
13349398,165,1,300.0,1,1,3,113,一般客户
13349544,161,7,211.8,1,4,3,143,重要保持客户
13349616,165,5,259.79,1,3,3,133,一般客户
13350365,20,13,600.3,4,5,4,454,重要价值客户
13351020,27,9,420.2,4,4,4,444,重要价值客户
13351944,164,1,10.5,1,1,1,111,一般客户
13352195,164,2,51.7,1,2,1,121,一般客户
13353037,40,10,516.6,4,4,4,444,重要价值客户
13353292,164,2,39.0,1,2,1,121,一般客户
13353451,117,8,416.2,2,4,4,244,重要保持客户
13353720,164,1,9.9,1,1,1,111,一般客户
13353875,164,3,85.0,1,2,1,121,一般客户
13354385,67,16,1020.1,3,5,5,355,重要保持客户
13354423,164,2,33.6,1,2,1,121,一般客户
13354428,153,2,1868.0,1,2,5,125,重要挽留客户
13354466,99,2,138.0,2,2,2,222,一般客户
13355181,163,1,305.0,1,1,3,113,一般客户
13355716,163,2,34.9,1,2,1,121,一般客户
13356441,2,12,1406.1,5,4,5,545,重要价值客户
13356612,163,1,69.0,1,1,1,111,一般客户
13356819,163,3,86.0,1,2,1,121,一般客户
13357262,163,1,29.0,1,1,1,111,一般客户
13357404,163,1,17.6,1,1,1,111,一般客户
13357816,22,25,1513.1,4,5,5,455,重要价值客户
13358501,162,6,702.8,1,4,4,144,重要保持客户
13358730,162,1,47.0,1,1,1,111,一般客户
13358790,74,14,805.7,3,5,4,354,重要保持客户
13359053,60,6,404.8,3,4,3,343,重要保持客户
13359268,162,2,236.0,1,2,3,123,一般客户
13359966,149,3,114.0,1,2,2,122,一般客户
13360074,1,14,373.1,5,5,3,553,一般客户
13360844,5,10,2183.1000000000004,5,4,5,545,重要价值客户
13361054,162,3,69.2,1,2,1,121,一般客户
13361134,125,4,173.0,2,3,2,232,一般客户
13361220,30,14,555.6,4,5,4,454,重要价值客户
13361312,162,5,206.5,1,3,3,133,一般客户
13362026,161,2,70.4,1,2,1,121,一般客户
13362118,161,2,437.8,1,2,4,124,重要挽留客户
13362267,160,1,98.0,1,1,2,112,一般客户
13362665,161,2,126.4,1,2,2,122,一般客户
13362834,161,2,37.0,1,2,1,121,一般客户
13363276,161,2,50.9,1,2,1,121,一般客户
13363860,85,7,533.4,2,4,4,244,重要保持客户
13363863,5,8,503.0,5,4,4,544,重要价值客户
13364177,33,3,113.5,4,2,2,422,重要发展客户
13364199,64,7,457.5,3,4,4,344,重要保持客户
13364200,126,4,116.9,2,3,2,232,一般客户
13364214,161,5,480.0,1,3,4,134,重要挽留客户
13364650,161,2,145.0,1,2,2,122,一般客户
13365115,161,1,129.0,1,1,2,112,一般客户
13365490,160,1,139.0,1,1,2,112,一般客户
13365514,160,2,486.0,1,2,4,124,重要挽留客户
13366367,96,3,200.8,2,2,3,223,一般客户
13366604,40,24,6410.1,4,5,5,455,重要价值客户
13366771,56,4,126.19999999999999,3,3,2,332,一般客户
13367045,160,2,55.9,1,2,1,121,一般客户
13367770,77,15,730.5,3,5,4,354,重要保持客户
13367805,134,7,480.3,1,4,4,144,重要保持客户
13367851,48,3,787.0,3,2,4,324,重要挽留客户
13368004,8,6,679.3,5,4,4,544,重要价值客户
13368284,13,12,445.5,5,4,4,544,重要价值客户
13368308,20,8,6685.8,4,4,5,445,重要价值客户
13368585,160,5,218.0,1,3,3,133,一般客户
13368829,160,1,461.0,1,1,4,114,重要挽留客户
13369193,158,2,254.0,1,2,3,123,一般客户
13369205,160,2,114.0,1,2,2,122,一般客户
13369570,108,3,55.5,2,2,1,221,一般客户
13369721,125,11,563.0,2,4,4,244,重要保持客户
13369920,159,1,39.0,1,1,1,111,一般客户
13369991,159,2,51.0,1,2,1,121,一般客户
13370051,13,7,163.8,5,4,2,542,一般客户
13370086,159,3,46.3,1,2,1,121,一般客户
13370093,89,30,1295.3,2,5,5,255,重要保持客户
13370155,159,1,138.0,1,1,2,112,一般客户
13370430,159,1,29.9,1,1,1,111,一般客户
13370638,26,7,255.0,4,4,3,443,一般客户
13370659,99,11,1079.5,2,4,5,245,重要保持客户
13370689,159,3,117.6,1,2,2,122,一般客户
13370702,159,1,98.0,1,1,2,112,一般客户
13370759,53,6,255.4,3,4,3,343,重要保持客户
13371019,159,10,597.4000000000001,1,4,4,144,重要保持客户
13371367,159,2,688.0,1,2,4,124,重要挽留客户
13371444,159,2,198.0,1,2,3,123,一般客户
13371797,159,4,279.0,1,3,3,133,一般客户
13371863,11,21,2167.6,5,5,5,555,重要价值客户
13372184,5,120,7240.7,5,5,5,555,重要价值客户
13372485,22,5,1167.6,4,3,5,435,重要发展客户
13372643,159,6,418.8,1,4,4,144,重要保持客户
13372902,11,60,5158.2,5,5,5,555,重要价值客户
13373573,157,2,68.6,1,2,1,121,一般客户
13373773,158,1,60.0,1,1,1,111,一般客户
13374004,75,7,506.9,3,4,4,344,重要保持客户
13374037,158,1,13.2,1,1,1,111,一般客户
13374696,154,4,160.4,1,3,2,132,一般客户
13375169,155,6,134.4,1,4,2,142,重要保持客户
13375599,45,8,1167.3,3,4,5,345,重要保持客户
13375931,1,25,787.0,5,5,4,554,重要价值客户
13376139,158,1,129.0,1,1,2,112,一般客户
13376769,14,14,441.8,5,5,4,554,重要价值客户
13376857,157,1,169.0,1,1,2,112,一般客户
13377481,61,8,652.7,3,4,4,344,重要保持客户
13377505,27,3,1796.0,4,2,5,425,重要发展客户
13377617,157,8,324.40000000000003,1,4,3,143,重要保持客户
13377823,4,71,5393.0,5,5,5,555,重要价值客户
13377961,27,12,1161.0,4,4,5,445,重要价值客户
13378092,55,11,274.6,3,4,3,343,重要保持客户
13378201,157,3,148.4,1,2,2,122,一般客户
13378375,31,2,64.8,4,2,1,421,重要发展客户
13378402,118,2,484.8,2,2,4,224,重要挽留客户
13378879,138,8,247.3,1,4,3,143,重要保持客户
13378923,13,36,2304.9,5,5,5,555,重要价值客户
13379546,115,6,1502.0,2,4,5,245,重要保持客户
13379563,156,4,141.9,1,3,2,132,一般客户
13379713,156,4,136.8,1,3,2,132,一般客户
13379864,96,7,258.6,2,4,3,243,重要保持客户
13380232,155,4,246.0,1,3,3,133,一般客户
13381077,156,1,149.0,1,1,2,112,一般客户
13381370,156,17,1370.5,1,5,5,155,重要保持客户
13381675,150,7,500.2,1,4,4,144,重要保持客户
13381773,154,7,405.9,1,4,4,144,重要保持客户
13383449,155,1,5.0,1,1,1,111,一般客户
13383699,149,1,16.8,1,1,1,111,一般客户
13384212,46,15,642.0,3,5,4,354,重要保持客户
13384603,155,1,75.0,1,1,1,111,一般客户
13384708,155,1,9.0,1,1,1,111,一般客户
13384920,154,2,397.0,1,2,3,123,一般客户
13385036,3,30,1446.7,5,5,5,555,重要价值客户
13385825,155,3,150.79999999999998,1,2,2,122,一般客户
13385847,20,21,962.2,4,5,5,455,重要价值客户
13386049,84,13,501.8,2,5,4,254,重要保持客户
13386103,155,1,198.0,1,1,3,113,一般客户
13386156,155,1,476.0,1,1,4,114,重要挽留客户
13386163,81,8,544.6,2,4,4,244,重要保持客户
13386273,155,1,456.0,1,1,4,114,重要挽留客户
13386500,154,1,27.5,1,1,1,111,一般客户
13386702,154,1,88.0,1,1,2,112,一般客户
13386959,154,2,68.0,1,2,1,121,一般客户
13386970,6,19,662.1,5,5,4,554,重要价值客户
13387116,55,6,214.1,3,4,3,343,重要保持客户
13387207,63,30,1190.8,3,5,5,355,重要保持客户
13387356,8,26,2872.8,5,5,5,555,重要价值客户
13387726,154,1,206.0,1,1,3,113,一般客户
13387931,151,11,205.6,1,4,3,143,重要保持客户
13388041,154,1,18.0,1,1,1,111,一般客户
13388488,154,3,72.8,1,2,1,121,一般客户
13388645,53,7,912.4,3,4,4,344,重要保持客户
13388743,154,1,49.9,1,1,1,111,一般客户
13388793,154,2,17.6,1,2,1,121,一般客户
13388955,61,9,1911.0,3,4,5,345,重要保持客户
13389066,27,5,548.0,4,3,4,434,重要发展客户
13389192,154,6,277.4,1,4,3,143,重要保持客户
13390033,143,1,138.0,1,1,2,112,一般客户
13391093,153,3,138.7,1,2,2,122,一般客户
13391139,153,1,69.0,1,1,1,111,一般客户
13391587,143,13,4178.3,1,5,5,155,重要保持客户
13391953,151,6,128.6,1,4,2,142,重要保持客户
13391958,1,24,923.9,5,5,4,554,重要价值客户
13392132,153,1,168.7,1,1,2,112,一般客户
13392285,152,6,213.1,1,4,3,143,重要保持客户
13392289,146,2,525.0,1,2,4,124,重要挽留客户
13392425,153,1,10.9,1,1,1,111,一般客户
13392458,153,1,22.9,1,1,1,111,一般客户
13392481,153,1,169.0,1,1,2,112,一般客户
13392533,153,1,29.9,1,1,1,111,一般客户
13392762,153,6,967.0,1,4,5,145,重要保持客户
13393342,153,4,532.9,1,3,4,134,重要挽留客户
13393878,153,2,107.9,1,2,2,122,一般客户
13394199,151,2,67.6,1,2,1,121,一般客户
13394229,3,21,1968.5,5,5,5,555,重要价值客户
13394289,152,5,128.6,1,3,2,132,一般客户
13394331,4,7,166.4,5,4,2,542,一般客户
13394421,138,8,553.7,1,4,4,144,重要保持客户
13394454,25,3,109.30000000000001,4,2,2,422,重要发展客户
13394465,152,1,594.0,1,1,4,114,重要挽留客户
13394547,152,3,357.0,1,2,3,123,一般客户
13394591,10,7,145.8,5,4,2,542,一般客户
13395762,19,56,3079.5,4,5,5,455,重要价值客户
13395869,14,17,1737.8,5,5,5,555,重要价值客户
13395927,55,8,505.5,3,4,4,344,重要保持客户
13396393,152,2,88.0,1,2,2,122,一般客户
13396851,139,4,254.2,1,3,3,133,一般客户
13396978,152,2,246.9,1,2,3,123,一般客户
13397703,151,3,370.9,1,2,3,123,一般客户
13397723,152,2,132.0,1,2,2,122,一般客户
13397914,1,15,968.4,5,5,5,555,重要价值客户
13398487,151,4,351.9,1,3,3,133,一般客户
13398596,151,1,36.0,1,1,1,111,一般客户
13398618,85,5,605.0,2,3,4,234,重要挽留客户
13398725,40,19,2536.4,4,5,5,455,重要价值客户
13398847,151,4,318.4,1,3,3,133,一般客户
13399501,151,6,256.5,1,4,3,143,重要保持客户
13399691,151,1,119.0,1,1,2,112,一般客户
13399727,151,4,171.7,1,3,2,132,一般客户
13400138,118,8,415.8,2,4,4,244,重要保持客户
13400364,151,1,318.0,1,1,3,113,一般客户
13400396,1,13,697.8,5,5,4,554,重要价值客户
13401404,150,1,22.0,1,1,1,111,一般客户
13401591,123,14,360.1,2,5,3,253,重要保持客户
13401777,150,2,115.0,1,2,2,122,一般客户
13402382,86,10,774.5,2,4,4,244,重要保持客户
13403156,150,2,242.8,1,2,3,123,一般客户
13403595,150,2,59.0,1,2,1,121,一般客户
13403959,150,1,79.0,1,1,1,111,一般客户
13404167,60,11,427.2,3,4,4,344,重要保持客户
13404971,149,3,72.8,1,2,1,121,一般客户
13405235,149,5,289.5,1,3,3,133,一般客户
13405413,149,1,98.0,1,1,2,112,一般客户
13405893,149,10,192.3,1,4,2,142,重要保持客户
13405904,130,3,109.3,2,2,2,222,一般客户
13406165,149,3,58.800000000000004,1,2,1,121,一般客户
13406438,6,48,3777.5,5,5,5,555,重要价值客户
13407182,11,16,855.2,5,5,4,554,重要价值客户
13407200,149,1,208.0,1,1,3,113,一般客户
13407463,149,1,499.0,1,1,4,114,重要挽留客户
13415279,71,9,870.2,3,4,4,344,重要保持客户
13415379,147,4,253.9,1,3,3,133,一般客户
13415805,33,13,569.4,4,5,4,454,重要价值客户
13417078,96,10,670.2,2,4,4,244,重要保持客户
13417387,111,5,188.4,2,3,2,232,一般客户
13417722,100,168,24630.6,2,5,5,255,重要保持客户
13418005,148,1,99.0,1,1,2,112,一般客户
13418182,58,4,147.8,3,3,2,332,一般客户
13418489,135,10,326.1,1,4,3,143,重要保持客户
13418683,56,10,740.8000000000001,3,4,4,344,重要保持客户
13419136,54,4,133.0,3,3,2,332,一般客户
13419296,59,6,331.0,3,4,3,343,重要保持客户
13420145,148,3,94.9,1,2,2,122,一般客户
13423021,148,3,128.9,1,2,2,122,一般客户
13423469,147,2,118.4,1,2,2,122,一般客户
13423479,9,3,68.30000000000001,5,2,1,521,重要发展客户
13423624,147,2,105.9,1,2,2,122,一般客户
13424131,147,1,13.8,1,1,1,111,一般客户
13424308,145,2,108.2,1,2,2,122,一般客户
13424361,13,29,2134.1,5,5,5,555,重要价值客户
13424379,147,3,322.4,1,2,3,123,一般客户
13424436,146,3,15.899999999999999,1,2,1,121,一般客户
13424708,147,3,227.6,1,2,3,123,一般客户
13425092,147,1,148.0,1,1,2,112,一般客户
13425311,147,1,626.0,1,1,4,114,重要挽留客户
13425416,147,1,13.8,1,1,1,111,一般客户
13425634,120,3,137.7,2,2,2,222,一般客户
13425849,41,4,658.3,4,3,4,434,重要发展客户
13425951,20,14,2651.0,4,5,5,455,重要价值客户
13426016,147,1,499.0,1,1,4,114,重要挽留客户
13426071,144,4,142.4,1,3,2,132,一般客户
13426146,147,1,170.0,1,1,2,112,一般客户
13426182,48,13,1003.6,3,5,5,355,重要保持客户
13426323,147,2,62.0,1,2,1,121,一般客户
13426529,100,8,229.7,2,4,3,243,重要保持客户
13426855,146,3,55.9,1,2,1,121,一般客户
13426888,99,3,172.0,2,2,2,222,一般客户
13427019,146,1,199.0,1,1,3,113,一般客户
13427373,133,13,833.8,1,5,4,154,重要保持客户
13427824,13,21,1110.9,5,5,5,555,重要价值客户
13428450,146,4,402.7,1,3,3,133,一般客户
13428500,146,2,316.0,1,2,3,123,一般客户
13428690,79,8,1822.5,2,4,5,245,重要保持客户
13428703,146,1,235.0,1,1,3,113,一般客户
13429350,36,4,513.0,4,3,4,434,重要发展客户
13429385,146,1,35.0,1,1,1,111,一般客户
13429416,146,1,298.0,1,1,3,113,一般客户
13429679,146,1,33.1,1,1,1,111,一般客户
13429811,120,4,328.4,2,3,3,233,一般客户
13429877,146,3,197.0,1,2,2,122,一般客户
13430386,146,1,594.0,1,1,4,114,重要挽留客户
13430453,145,7,558.4,1,4,4,144,重要保持客户
13431440,145,1,7.9,1,1,1,111,一般客户
13431723,145,8,104.9,1,4,2,142,重要保持客户
13431893,80,13,881.4,2,5,4,254,重要保持客户
13431971,145,1,16.0,1,1,1,111,一般客户
13432689,2,54,1649.3999999999999,5,5,5,555,重要价值客户
13432766,130,5,375.0,2,3,3,233,一般客户
13432844,26,3,471.0,4,2,4,424,重要发展客户
13433148,114,8,272.0,2,4,3,243,重要保持客户
13433169,145,3,83.9,1,2,1,121,一般客户
13433488,109,5,312.0,2,3,3,233,一般客户
13434212,145,5,99.9,1,3,2,132,一般客户
13434942,144,3,108.5,1,2,2,122,一般客户
13435628,144,4,138.9,1,3,2,132,一般客户
13436772,144,3,90.9,1,2,2,122,一般客户
13437128,3,18,2681.3,5,5,5,555,重要价值客户
13437622,107,2,364.0,2,2,3,223,一般客户
13437693,144,1,16.0,1,1,1,111,一般客户
13437789,144,1,99.0,1,1,2,112,一般客户
13437882,144,5,266.8,1,3,3,133,一般客户
13437907,144,1,89.0,1,1,2,112,一般客户
13438105,144,2,182.0,1,2,2,122,一般客户
13438311,144,2,60.400000000000006,1,2,1,121,一般客户
13477788,16,27,1370.7,5,5,5,555,重要价值客户
13478042,86,8,241.3,2,4,3,243,重要保持客户
13478074,53,6,210.2,3,4,3,343,重要保持客户
13478411,143,3,109.5,1,2,2,122,一般客户
13478469,95,5,48.6,2,3,1,231,一般客户
13479105,143,2,103.9,1,2,2,122,一般客户
13479107,143,1,95.0,1,1,2,112,一般客户
13479839,143,1,150.0,1,1,2,112,一般客户
13479849,110,3,27.200000000000003,2,2,1,221,一般客户
13480802,142,4,346.6,1,3,3,133,一般客户
13481501,142,2,54.9,1,2,1,121,一般客户
13481504,49,6,280.8,3,4,3,343,重要保持客户
13482017,47,31,3062.2,3,5,5,355,重要保持客户
13482042,8,16,1248.4,5,5,5,555,重要价值客户
13482330,142,2,88.0,1,2,2,122,一般客户
13482372,142,1,28.2,1,1,1,111,一般客户
13482816,77,31,1210.8,3,5,5,355,重要保持客户
13483220,30,6,194.2,4,4,2,442,一般客户
13483508,4,70,3668.1,5,5,5,555,重要价值客户
13484140,141,7,350.9,1,4,3,143,重要保持客户
13484319,141,5,399.5,1,3,3,133,一般客户
13484912,141,1,398.0,1,1,3,113,一般客户
13485324,64,7,215.9,3,4,3,343,重要保持客户
13485353,141,1,189.0,1,1,2,112,一般客户
13485480,141,18,756.4,1,5,4,154,重要保持客户
13485524,20,10,1023.0,4,4,5,445,重要价值客户
13489005,141,2,59.3,1,2,1,121,一般客户
13489008,141,1,108.9,1,1,2,112,一般客户
13511087,21,5,141.5,4,3,2,432,重要发展客户
13719504,1,15,799.5,5,5,4,554,重要价值客户
13948441,140,2,143.0,1,2,2,122,一般客户
13948674,140,1,59.0,1,1,1,111,一般客户
13948861,140,1,85.0,1,1,1,111,一般客户
13949402,140,4,176.0,1,3,2,132,一般客户
13949568,69,24,5350.4,3,5,5,355,重要保持客户
13949640,140,3,147.0,1,2,2,122,一般客户
13949874,30,10,459.8,4,4,4,444,重要价值客户
13951100,61,8,222.6,3,4,3,343,重要保持客户
13951739,133,4,191.3,1,3,2,132,一般客户
13951923,58,2,223.5,3,2,3,323,一般客户
13952044,139,4,57.0,1,3,1,131,一般客户
13952586,139,4,206.0,1,3,3,133,一般客户
13952587,54,11,690.5,3,4,4,344,重要保持客户
13952632,139,3,152.8,1,2,2,122,一般客户
13952671,139,2,104.2,1,2,2,122,一般客户
13952683,139,1,166.8,1,1,2,112,一般客户
13952817,12,7,1706.5,5,4,5,545,重要价值客户
13952865,135,4,341.8,1,3,3,133,一般客户
13952976,48,6,397.5,3,4,3,343,重要保持客户
13953329,17,4,213.9,5,3,3,533,重要发展客户
13953739,84,15,470.9,2,5,4,254,重要保持客户
13953815,104,6,376.8,2,4,3,243,重要保持客户
13953846,139,1,68.0,1,1,1,111,一般客户
13954023,135,5,378.5,1,3,3,133,一般客户
13954531,5,8,701.1,5,4,4,544,重要价值客户
13954640,12,6,216.0,5,4,3,543,一般客户
13954971,139,4,66.7,1,3,1,131,一般客户
13955041,4,30,1647.2,5,5,5,555,重要价值客户
13955278,120,8,456.4,2,4,4,244,重要保持客户
13955473,6,18,1113.7,5,5,5,555,重要价值客户
13956075,139,3,270.0,1,2,3,123,一般客户
13956458,139,3,152.9,1,2,2,122,一般客户
13957399,138,1,279.0,1,1,3,113,一般客户
13957558,138,4,307.8,1,3,3,133,一般客户
13957606,15,7,281.1,5,4,3,543,一般客户
13957627,131,6,570.5,2,4,4,244,重要保持客户
13957690,21,33,2271.1,4,5,5,455,重要价值客户
13957853,138,1,9.9,1,1,1,111,一般客户
13958097,138,6,275.5,1,4,3,143,重要保持客户
13958297,62,12,858.8,3,4,4,344,重要保持客户
13958584,138,2,66.6,1,2,1,121,一般客户
13958867,138,5,227.3,1,3,3,133,一般客户
13959025,88,5,173.5,2,3,2,232,一般客户
13959303,137,2,2125.1,1,2,5,125,重要挽留客户
13959377,14,30,2420.1,5,5,5,555,重要价值客户
13960590,97,3,328.0,2,2,3,223,一般客户
13960634,3,9,631.8,5,4,4,544,重要价值客户
13960957,138,1,329.6,1,1,3,113,一般客户
13961100,138,4,223.5,1,3,3,133,一般客户
13961157,7,31,1860.7,5,5,5,555,重要价值客户
13961249,138,1,37.0,1,1,1,111,一般客户
13961546,65,61,3472.0,3,5,5,355,重要保持客户
13961722,137,1,29.0,1,1,1,111,一般客户
13962395,137,1,298.0,1,1,3,113,一般客户
13962487,114,6,478.7,2,4,4,244,重要保持客户
13962709,137,1,9.5,1,1,1,111,一般客户
13963203,46,29,1602.8,3,5,5,355,重要保持客户
13964204,56,10,450.7,3,4,4,344,重要保持客户
13964485,40,5,309.7,4,3,3,433,重要发展客户
13964610,34,3,72.1,4,2,1,421,重要发展客户
13964685,86,11,304.9,2,4,3,243,重要保持客户
13965217,12,34,11549.6,5,5,5,555,重要价值客户
13965730,59,5,283.8,3,3,3,333,一般客户
13965762,120,1,139.0,2,1,2,212,一般客户
13966592,134,3,316.0,1,2,3,123,一般客户
13966632,135,1,368.0,1,1,3,113,一般客户
13967482,135,1,189.0,1,1,2,112,一般客户
13967538,135,2,171.6,1,2,2,122,一般客户
13968263,135,8,291.2,1,4,3,143,重要保持客户
13968280,135,1,38.0,1,1,1,111,一般客户
13969187,134,5,284.2,1,3,3,133,一般客户
13969360,21,13,775.2,4,5,4,454,重要价值客户
13969762,134,2,62.4,1,2,1,121,一般客户
13970331,134,2,588.0,1,2,4,124,重要挽留客户
13970421,12,9,843.3,5,4,4,544,重要价值客户
13970629,2,4,708.0,5,3,4,534,重要发展客户
13970736,39,13,1342.2,4,5,5,455,重要价值客户
13970842,134,2,165.0,1,2,2,122,一般客户
13971526,133,3,166.9,1,2,2,122,一般客户
13971623,89,11,543.7,2,4,4,244,重要保持客户
13971840,69,1,230.0,3,1,3,313,一般客户
13972009,87,6,883.8,2,4,4,244,重要保持客户
13972285,133,1,49.0,1,1,1,111,一般客户
13972557,133,1,398.0,1,1,3,113,一般客户
13973887,2,28,975.8,5,5,5,555,重要价值客户
13973898,132,3,335.0,1,2,3,123,一般客户
13974010,70,4,323.0,3,3,3,333,一般客户
13974318,2,44,3073.7,5,5,5,555,重要价值客户
13974733,132,6,485.0,1,4,4,144,重要保持客户
13975082,4,7,472.9,5,4,4,544,重要价值客户
13975440,88,9,1441.3,2,4,5,245,重要保持客户
13975533,96,7,227.9,2,4,3,243,重要保持客户
13975729,52,5,442.0,3,3,4,334,重要挽留客户
13976441,132,2,370.2,1,2,3,123,一般客户
13976774,132,2,647.0,1,2,4,124,重要挽留客户
13976782,132,1,42.9,1,1,1,111,一般客户
13976894,132,4,246.7,1,3,3,133,一般客户
13976963,132,6,250.1,1,4,3,143,重要保持客户
13977192,131,1,169.0,2,1,2,212,一般客户
13977559,23,19,843.6,4,5,4,454,重要价值客户
13977702,9,19,1591.4,5,5,5,555,重要价值客户
13978359,90,3,692.4,2,2,4,224,重要挽留客户
13979050,39,7,230.0,4,4,3,443,一般客户
13979126,131,3,336.9,2,2,3,223,一般客户
13979577,48,29,927.8,3,5,4,354,重要保持客户
13979918,131,2,178.0,2,2,2,222,一般客户
13979967,131,2,136.0,2,2,2,222,一般客户
13980185,131,7,135.7,2,4,2,242,重要保持客户
13980394,47,4,149.9,3,3,2,332,一般客户
13980448,16,16,1360.2,5,5,5,555,重要价值客户
13980804,130,1,148.0,2,1,2,212,一般客户
13981115,69,11,800.2,3,4,4,344,重要保持客户
13981342,2,2,297.0,5,2,3,523,重要发展客户
13981763,6,17,792.2,5,5,4,554,重要价值客户
13981911,59,5,187.4,3,3,2,332,一般客户
13982257,9,22,752.2,5,5,4,554,重要价值客户
13982546,95,3,1220.0,2,2,5,225,重要挽留客户
13982653,130,2,102.4,2,2,2,222,一般客户
13983187,30,12,1754.8,4,4,5,445,重要价值客户
13983220,44,23,1386.9,3,5,5,355,重要保持客户
13983330,129,4,216.0,2,3,3,233,一般客户
13983502,129,3,179.0,2,2,2,222,一般客户
13983649,129,2,198.0,2,2,3,223,一般客户
13983675,129,5,794.8,2,3,4,234,重要挽留客户
13983858,128,2,124.9,2,2,2,222,一般客户
13983961,126,9,393.9,2,4,3,243,重要保持客户
13984076,8,30,1639.8,5,5,5,555,重要价值客户
13984555,129,2,98.0,2,2,2,222,一般客户
13984582,129,1,23.0,2,1,1,211,一般客户
13984616,129,2,47.0,2,2,1,221,一般客户
13984708,129,1,199.0,2,1,3,213,一般客户
13986173,128,3,204.5,2,2,3,223,一般客户
13986409,48,29,937.2,3,5,4,354,重要保持客户
13986446,128,4,594.0,2,3,4,234,重要挽留客户
13986623,21,14,440.0,4,5,4,454,重要价值客户
13986712,9,41,5795.0,5,5,5,555,重要价值客户
13987197,27,14,1213.4,4,5,5,455,重要价值客户
13987337,127,2,128.9,2,2,2,222,一般客户
13987710,127,1,29.0,2,1,1,211,一般客户
13987994,127,8,207.4,2,4,3,243,重要保持客户
13988047,127,2,118.4,2,2,2,222,一般客户
13988058,55,3,148.9,3,2,2,322,一般客户
13988188,127,1,29.0,2,1,1,211,一般客户
13988797,95,6,270.9,2,4,3,243,重要保持客户
13988914,113,2,489.0,2,2,4,224,重要挽留客户
13989278,127,3,107.9,2,2,2,222,一般客户
13989568,112,3,606.0,2,2,4,224,重要挽留客户
13990464,126,1,199.0,2,1,3,213,一般客户
13990663,9,32,2124.7000000000003,5,5,5,555,重要价值客户
13990665,126,7,526.0,2,4,4,244,重要保持客户
13990705,126,5,130.8,2,3,2,232,一般客户
13990968,125,2,383.0,2,2,3,223,一般客户
13990993,126,1,398.0,2,1,3,213,一般客户
13991174,126,1,118.0,2,1,2,212,一般客户
13991319,126,1,22.5,2,1,1,211,一般客户
13991402,126,3,118.6,2,2,2,222,一般客户
13991537,62,6,1021.0,3,4,5,345,重要保持客户
13991578,126,1,424.0,2,1,4,214,重要挽留客户
13991809,126,1,56.8,2,1,1,211,一般客户
13991968,126,1,27.8,2,1,1,211,一般客户
13991984,126,6,124.5,2,4,2,242,重要保持客户
13992195,126,2,34.6,2,2,1,221,一般客户
13992433,126,1,220.8,2,1,3,213,一般客户
13992764,125,1,87.5,2,1,1,211,一般客户
13993060,125,3,261.4,2,2,3,223,一般客户
13993081,62,3,238.20000000000002,3,2,3,323,一般客户
13993102,125,2,177.0,2,2,2,222,一般客户
13993267,53,3,39.5,3,2,1,321,一般客户
13993392,36,20,1561.7,4,5,5,455,重要价值客户
13993452,125,4,127.8,2,3,2,232,一般客户
13993863,125,6,196.0,2,4,2,242,重要保持客户
13993869,125,3,305.0,2,2,3,223,一般客户
13994306,12,15,811.9,5,5,4,554,重要价值客户
13994329,31,3,114.6,4,2,2,422,重要发展客户
13996644,120,5,290.8,2,3,3,233,一般客户
13996989,124,5,111.0,2,3,2,232,一般客户
13998109,2,10,600.8,5,4,4,544,重要价值客户
13998284,17,10,840.5,5,4,4,544,重要价值客户
13998555,59,3,276.5,3,2,3,323,一般客户
13998657,82,18,1315.9,2,5,5,255,重要保持客户
13998699,19,10,366.3,4,4,3,443,一般客户
13998722,124,4,255.0,2,3,3,233,一般客户
13998897,124,4,614.0,2,3,4,234,重要挽留客户
13998977,66,5,185.0,3,3,2,332,一般客户
13999040,124,2,129.8,2,2,2,222,一般客户
13999717,124,1,69.9,2,1,1,211,一般客户
13999923,124,1,199.0,2,1,3,213,一般客户
13999983,5,11,651.2,5,4,4,544,重要价值客户
14000062,6,14,722.8,5,5,4,554,重要价值客户
14000996,59,2,250.0,3,2,3,323,一般客户
14001151,76,6,547.9,3,4,4,344,重要保持客户
14001262,123,7,354.7,2,4,3,243,重要保持客户
14002067,123,1,98.0,2,1,2,212,一般客户
14002071,123,2,101.9,2,2,2,222,一般客户
14002096,114,5,499.0,2,3,4,234,重要挽留客户
14002315,55,8,776.1,3,4,4,344,重要保持客户
14002412,48,1,70.0,3,1,1,311,一般客户
14002471,123,1,38.0,2,1,1,211,一般客户
14002516,123,2,30.9,2,2,1,221,一般客户
14007805,122,1,69.0,2,1,1,211,一般客户
14007810,122,3,218.0,2,2,3,223,一般客户
14007939,122,6,99.60000000000001,2,4,2,242,重要保持客户
14008590,122,6,59.400000000000006,2,4,1,241,重要保持客户
14008658,72,5,233.7,3,3,3,333,一般客户
14009092,24,4,228.4,4,3,3,433,重要发展客户
14009433,122,3,61.3,2,2,1,221,一般客户
14009627,121,3,126.9,2,2,2,222,一般客户
14009913,121,6,165.60000000000002,2,4,2,242,重要保持客户
14009968,121,8,320.5,2,4,3,243,重要保持客户
14010166,4,23,3107.0,5,5,5,555,重要价值客户
14010591,121,14,532.5,2,5,4,254,重要保持客户
14010822,119,9,411.4,2,4,4,244,重要保持客户
14011636,8,3,197.0,5,2,2,522,重要发展客户
14012118,50,2,140.0,3,2,2,322,一般客户
14012246,120,1,18.9,2,1,1,211,一般客户
14012548,120,6,211.5,2,4,3,243,重要保持客户
14012679,80,5,189.0,2,3,2,232,一般客户
14012808,120,1,37.0,2,1,1,211,一般客户
14013323,26,2,108.0,4,2,2,422,重要发展客户
14013388,21,4,498.5,4,3,4,434,重要发展客户
14013666,118,5,234.4,2,3,3,233,一般客户
14013681,120,1,64.0,2,1,1,211,一般客户
14013800,120,3,1329.0,2,2,5,225,重要挽留客户
14013940,120,1,188.0,2,1,2,212,一般客户
14014093,21,7,2110.7999999999997,4,4,5,445,重要价值客户
14014561,98,4,52.8,2,3,1,231,一般客户
14014845,119,8,346.0,2,4,3,243,重要保持客户
14014925,3,15,747.9,5,5,4,554,重要价值客户
14015920,119,2,34.8,2,2,1,221,一般客户
14016620,119,5,162.5,2,3,2,232,一般客户
14016778,66,15,1131.7,3,5,5,355,重要保持客户
14017087,109,11,316.6,2,4,3,243,重要保持客户
14017121,118,2,51.0,2,2,1,221,一般客户
14017166,43,32,1579.2,4,5,5,455,重要价值客户
14017288,8,9,573.8,5,4,4,544,重要价值客户
14017326,19,14,522.4,4,5,4,454,重要价值客户
14017394,114,9,3088.0,2,4,5,245,重要保持客户
14017592,118,3,82.0,2,2,1,221,一般客户
14017799,118,2,26.4,2,2,1,221,一般客户
14017914,32,11,751.5,4,4,4,444,重要价值客户
14018074,26,11,600.4,4,4,4,444,重要价值客户
14018082,118,2,75.8,2,2,1,221,一般客户
14018155,118,1,40.0,2,1,1,211,一般客户
14018303,118,8,717.0,2,4,4,244,重要保持客户
14018667,10,13,4549.7,5,5,5,555,重要价值客户
14018733,61,4,355.0,3,3,3,333,一般客户
14018792,118,3,77.7,2,2,1,221,一般客户
14018796,10,34,3461.4,5,5,5,555,重要价值客户
14018915,118,1,79.0,2,1,1,211,一般客户
14019205,118,4,324.6,2,3,3,233,一般客户
14019249,118,2,184.5,2,2,2,222,一般客户
14019548,118,1,89.0,2,1,2,212,一般客户
14019894,118,1,18.0,2,1,1,211,一般客户
14020467,40,6,792.9,4,4,4,444,重要价值客户
14020686,117,5,157.5,2,3,2,232,一般客户
14021315,117,4,279.0,2,3,3,233,一般客户
14021682,54,5,11828.0,3,3,5,335,重要挽留客户
14021714,46,69,4114.5,3,5,5,355,重要保持客户
14021754,117,1,89.0,2,1,2,212,一般客户
14021797,117,1,158.0,2,1,2,212,一般客户
14022059,14,30,1818.0,5,5,5,555,重要价值客户
14022190,117,8,251.0,2,4,3,243,重要保持客户
14022297,113,14,613.6,2,5,4,254,重要保持客户
14022561,117,3,276.0,2,2,3,223,一般客户
14022606,110,9,1305.4,2,4,5,245,重要保持客户
14023079,117,2,334.0,2,2,3,223,一般客户
14023321,108,5,332.3,2,3,3,233,一般客户
14023382,3,7,2638.0,5,4,5,545,重要价值客户
14023507,44,14,1305.0,3,5,5,355,重要保持客户
14023612,116,2,38.0,2,2,1,221,一般客户
14023857,116,1,10.8,2,1,1,211,一般客户
14024202,34,13,471.1,4,5,4,454,重要价值客户
14024225,116,5,354.9,2,3,3,233,一般客户
14024326,14,4,99.5,5,3,2,532,重要发展客户
14024332,42,8,799.0,4,4,4,444,重要价值客户
14024734,116,4,92.2,2,3,2,232,一般客户
14024922,116,2,118.4,2,2,2,222,一般客户
14025096,24,16,536.8,4,5,4,454,重要价值客户
14025345,115,3,137.0,2,2,2,222,一般客户
14025352,115,1,142.0,2,1,2,212,一般客户
14025401,115,1,235.0,2,1,3,213,一般客户
14025600,115,1,8.9,2,1,1,211,一般客户
14025958,2,19,1980.7,5,5,5,555,重要价值客户
14025999,115,2,87.0,2,2,1,221,一般客户
14026160,18,10,249.9,5,4,3,543,一般客户
14026710,115,1,79.0,2,1,1,211,一般客户
14027256,115,3,179.9,2,2,2,222,一般客户
14027310,33,10,203.5,4,4,3,443,一般客户
14027317,115,7,519.0,2,4,4,244,重要保持客户
14027603,106,9,349.5,2,4,3,243,重要保持客户
14027661,48,3,226.3,3,2,3,323,一般客户
14027745,66,5,479.8,3,3,4,334,重要挽留客户
14028022,114,6,262.4,2,4,3,243,重要保持客户
14028152,81,3,163.0,2,2,2,222,一般客户
14028249,9,11,833.4,5,4,4,544,重要价值客户
14028488,114,2,239.0,2,2,3,223,一般客户
14029129,89,2,74.0,2,2,1,221,一般客户
14029276,114,4,88.0,2,3,2,232,一般客户
14029336,78,17,400.2,2,5,3,253,重要保持客户
14029371,114,1,16.0,2,1,1,211,一般客户
14029374,114,2,249.2,2,2,3,223,一般客户
14029454,32,12,799.2,4,4,4,444,重要价值客户
14029561,114,1,67.3,2,1,1,211,一般客户
14029902,113,7,639.9,2,4,4,244,重要保持客户
14030027,74,31,1612.8,3,5,5,355,重要保持客户
14030334,15,11,510.2,5,4,4,544,重要价值客户
14030341,113,1,99.8,2,1,2,212,一般客户
14030550,113,3,158.8,2,2,2,222,一般客户
14031012,113,1,33.8,2,1,1,211,一般客户
14031494,26,5,413.9,4,3,4,434,重要发展客户
14035672,27,6,697.0,4,4,4,444,重要价值客户
14035888,112,1,108.9,2,1,2,212,一般客户
14036304,112,2,84.0,2,2,1,221,一般客户
14036999,112,2,271.4,2,2,3,223,一般客户
14037090,112,2,198.0,2,2,3,223,一般客户
14037201,55,2,118.0,3,2,2,322,一般客户
14037276,112,1,39.0,2,1,1,211,一般客户
14037295,81,13,482.5,2,5,4,254,重要保持客户
14037429,112,3,140.0,2,2,2,222,一般客户
14037491,64,11,1914.8999999999999,3,4,5,345,重要保持客户
14037519,112,1,439.0,2,1,4,214,重要挽留客户
14037575,2,41,1184.9,5,5,5,555,重要价值客户
14037598,112,1,39.0,2,1,1,211,一般客户
14037936,112,3,261.0,2,2,3,223,一般客户
14038040,90,8,313.6,2,4,3,243,重要保持客户
14038271,34,8,496.8,4,4,4,444,重要价值客户
14038330,109,1,56.8,2,1,1,211,一般客户
14038348,15,22,2214.1,5,5,5,555,重要价值客户
14038556,111,4,170.2,2,3,2,232,一般客户
14038653,41,8,246.0,4,4,3,443,一般客户
14038676,111,2,199.0,2,2,3,223,一般客户
14039069,111,1,46.2,2,1,1,211,一般客户
14039291,20,31,1773.7,4,5,5,455,重要价值客户
14039363,21,6,1138.7,4,4,5,445,重要价值客户
14039579,111,1,218.0,2,1,3,213,一般客户
14039672,5,15,1469.6,5,5,5,555,重要价值客户
14040232,5,14,2048.0,5,5,5,555,重要价值客户
14040371,17,25,2087.4,5,5,5,555,重要价值客户
14040972,111,1,29.0,2,1,1,211,一般客户
14041008,111,1,293.0,2,1,3,213,一般客户
14041100,48,15,612.9,3,5,4,354,重要保持客户
14041414,63,12,961.3,3,4,5,345,重要保持客户
14041500,25,10,1014.0,4,4,5,445,重要价值客户
14041552,110,5,249.0,2,3,3,233,一般客户
14041611,110,4,175.4,2,3,2,232,一般客户
14041798,20,2,418.0,4,2,4,424,重要发展客户
14042045,110,4,146.0,2,3,2,232,一般客户
14042203,35,6,1822.8,4,4,5,445,重要价值客户
14042430,110,2,250.9,2,2,3,223,一般客户
14042591,110,1,209.0,2,1,3,213,一般客户
14042780,110,1,317.6,2,1,3,213,一般客户
14042913,110,5,133.5,2,3,2,232,一般客户
14043105,110,5,241.79999999999998,2,3,3,233,一般客户
14043280,110,5,263.0,2,3,3,233,一般客户
14043548,109,4,152.2,2,3,2,232,一般客户
14043689,4,22,3614.0,5,5,5,555,重要价值客户
14043971,110,2,38.5,2,2,1,221,一般客户
14044703,109,1,29.0,2,1,1,211,一般客户
14044771,109,8,290.9,2,4,3,243,重要保持客户
14045077,109,1,40.0,2,1,1,211,一般客户
14045107,109,2,209.6,2,2,3,223,一般客户
14045119,20,16,454.9,4,5,4,454,重要价值客户
14045375,109,2,148.4,2,2,2,222,一般客户
14045435,98,2,245.0,2,2,3,223,一般客户
14045517,43,6,252.0,4,4,3,443,一般客户
14045660,49,9,2824.0,3,4,5,345,重要保持客户
14045715,109,6,120.2,2,4,2,242,重要保持客户
14046038,109,3,127.0,2,2,2,222,一般客户
14046066,39,8,341.4,4,4,3,443,一般客户
14046209,109,4,83.3,2,3,1,231,一般客户
14046392,109,1,53.9,2,1,1,211,一般客户
14046471,4,5,218.5,5,3,3,533,重要发展客户
14046503,109,1,120.0,2,1,2,212,一般客户
14046892,101,4,132.0,2,3,2,232,一般客户
14047153,89,16,426.5,2,5,4,254,重要保持客户
14047226,109,2,23.2,2,2,1,221,一般客户
14047373,109,3,351.40000000000003,2,2,3,223,一般客户
14047510,108,1,69.0,2,1,1,211,一般客户
14047638,108,4,214.9,2,3,3,233,一般客户
14048170,108,2,116.0,2,2,2,222,一般客户
14048422,108,5,266.0,2,3,3,233,一般客户
14048663,108,4,219.0,2,3,3,233,一般客户
14048726,20,14,630.4,4,5,4,454,重要价值客户
14049166,108,1,74.5,2,1,1,211,一般客户
14049387,108,5,183.5,2,3,2,232,一般客户
14050217,5,3,143.5,5,2,2,522,重要发展客户
14050272,4,11,396.6,5,4,3,543,一般客户
14050405,107,6,318.0,2,4,3,243,重要保持客户
14050800,37,3,187.0,4,2,2,422,重要发展客户
14051088,73,3,136.0,3,2,2,322,一般客户
14051182,107,3,62.0,2,2,1,221,一般客户
14051327,107,1,126.4,2,1,2,212,一般客户
14051780,107,4,45.0,2,3,1,231,一般客户
14052422,105,4,129.0,2,3,2,232,一般客户
14052430,103,2,71.5,2,2,1,221,一般客户
14053317,106,4,213.0,2,3,3,233,一般客户
14053452,106,2,247.0,2,2,3,223,一般客户
14053700,106,1,398.0,2,1,3,213,一般客户
14054201,1,61,3120.0,5,5,5,555,重要价值客户
14054428,106,6,454.59999999999997,2,4,4,244,重要保持客户
14067782,61,11,919.8,3,4,4,344,重要保持客户
14068095,105,5,177.5,2,3,2,232,一般客户
14068149,15,8,775.2,5,4,4,544,重要价值客户
14069168,105,1,298.0,2,1,3,213,一般客户
14069175,105,2,414.0,2,2,4,224,重要挽留客户
14069870,35,8,1030.9,4,4,5,445,重要价值客户
14070370,104,5,137.5,2,3,2,232,一般客户
14070659,37,11,610.7,4,4,4,444,重要价值客户
14070735,48,12,776.8,3,4,4,344,重要保持客户
14070951,7,10,305.4,5,4,3,543,一般客户
14071176,34,8,288.3,4,4,3,443,一般客户
14071694,104,3,209.4,2,2,3,223,一般客户
14071739,3,12,784.8,5,4,4,544,重要价值客户
14072151,91,4,1050.5,2,3,5,235,重要挽留客户
14072580,104,1,7.9,2,1,1,211,一般客户
14072788,92,2,147.0,2,2,2,222,一般客户
14074106,27,17,686.2,4,5,4,454,重要价值客户
14074732,103,1,352.0,2,1,3,213,一般客户
14074815,27,7,215.8,4,4,3,443,一般客户
14074854,55,7,343.3,3,4,3,343,重要保持客户
14075045,1,39,2804.6,5,5,5,555,重要价值客户
14075442,17,6,396.4,5,4,3,543,一般客户
14075751,103,3,173.0,2,2,2,222,一般客户
14076012,103,1,17.8,2,1,1,211,一般客户
14076190,103,2,149.5,2,2,2,222,一般客户
14076311,103,2,158.0,2,2,2,222,一般客户
14076819,74,1,19.0,3,1,1,311,一般客户
14077146,65,3,1199.9,3,2,5,325,重要挽留客户
14077169,43,23,876.2,4,5,4,454,重要价值客户
14077534,102,2,102.4,2,2,2,222,一般客户
14077641,96,4,149.4,2,3,2,232,一般客户
14077958,102,6,173.9,2,4,2,242,重要保持客户
14079142,101,2,69.9,2,2,1,221,一般客户
14079201,16,9,690.4,5,4,4,544,重要价值客户
14080065,31,14,2409.3,4,5,5,455,重要价值客户
14080265,43,3,768.6999999999999,4,2,4,424,重要发展客户
14080283,101,1,128.0,2,1,2,212,一般客户
14080500,29,7,228.29999999999998,4,4,3,443,一般客户
14080607,79,20,880.5,2,5,4,254,重要保持客户
14080739,48,6,294.8,3,4,3,343,重要保持客户
14080802,101,2,143.5,2,2,2,222,一般客户
14081073,41,6,447.29999999999995,4,4,4,444,重要价值客户
14081904,100,4,212.0,2,3,3,233,一般客户
14081925,100,1,69.0,2,1,1,211,一般客户
14081938,100,9,805.0,2,4,4,244,重要保持客户
14082004,98,11,518.5,2,4,4,244,重要保持客户
14082829,100,1,89.0,2,1,2,212,一般客户
14082880,3,22,630.1,5,5,4,554,重要价值客户
14082935,100,1,81.0,2,1,1,211,一般客户
14083386,100,1,42.0,2,1,1,211,一般客户
14083732,91,8,241.0,2,4,3,243,重要保持客户
14084090,88,2,158.0,2,2,2,222,一般客户
14084467,99,1,116.0,2,1,2,212,一般客户
14084567,99,1,89.0,2,1,2,212,一般客户
14084925,99,1,39.0,2,1,1,211,一般客户
14085430,2,13,364.3,5,5,3,553,一般客户
14085463,3,9,543.5,5,4,4,544,重要价值客户
14085545,99,1,39.0,2,1,1,211,一般客户
14085693,17,86,4034.2,5,5,5,555,重要价值客户
14085762,97,7,408.8,2,4,4,244,重要保持客户
14086133,99,8,680.7,2,4,4,244,重要保持客户
14086280,99,2,88.0,2,2,2,222,一般客户
14086705,98,4,280.9,2,3,3,233,一般客户
14087608,98,1,68.0,2,1,1,211,一般客户
14087611,98,3,94.9,2,2,2,222,一般客户
14087869,11,40,1432.3,5,5,5,555,重要价值客户
14088277,98,7,333.4,2,4,3,243,重要保持客户
14088654,98,2,199.0,2,2,3,223,一般客户
14088680,14,8,322.3,5,4,3,543,一般客户
14089094,98,5,213.0,2,3,3,233,一般客户
14089202,24,3,141.8,4,2,2,422,重要发展客户
14090135,56,3,258.3,3,2,3,323,一般客户
14090163,11,1,176.8,5,1,2,512,重要发展客户
14090177,97,2,20.4,2,2,1,221,一般客户
14090582,97,3,98.5,2,2,2,222,一般客户
14090659,97,2,129.8,2,2,2,222,一般客户
14090734,97,5,369.3,2,3,3,233,一般客户
14091106,85,5,255.40000000000003,2,3,3,233,一般客户
14091246,97,2,118.4,2,2,2,222,一般客户
14091443,97,6,189.60000000000002,2,4,2,242,重要保持客户
14091935,97,1,649.0,2,1,4,214,重要挽留客户
14092017,97,1,189.0,2,1,2,212,一般客户
14092169,48,4,1264.0,3,3,5,335,重要挽留客户
14092209,97,1,259.0,2,1,3,213,一般客户
14093023,20,14,648.8,4,5,4,454,重要价值客户
14093165,97,4,176.0,2,3,2,232,一般客户
14093653,96,5,255.5,2,3,3,233,一般客户
14093669,96,1,129.0,2,1,2,212,一般客户
14093744,2,22,1401.9,5,5,5,555,重要价值客户
14094827,31,17,771.9,4,5,4,454,重要价值客户
14095121,96,1,175.0,2,1,2,212,一般客户
14095435,27,5,604.4,4,3,4,434,重要发展客户
14096302,96,3,190.4,2,2,2,222,一般客户
14096542,41,5,103.1,4,3,2,432,重要发展客户
14096888,96,2,14.8,2,2,1,221,一般客户
14097098,15,5,338.9,5,3,3,533,重要发展客户
14097112,71,4,244.4,3,3,3,333,一般客户
14097703,36,2,61.400000000000006,4,2,1,421,重要发展客户
14097925,38,4,131.5,4,3,2,432,重要发展客户
14097962,95,1,494.0,2,1,4,214,重要挽留客户
14098141,95,3,93.6,2,2,2,222,一般客户
14098605,88,3,429.0,2,2,4,224,重要挽留客户
14098619,95,6,185.5,2,4,2,242,重要保持客户
14098693,95,1,29.9,2,1,1,211,一般客户
14098731,95,6,692.0,2,4,4,244,重要保持客户
14098888,95,4,110.8,2,3,2,232,一般客户
14099094,95,5,543.0,2,3,4,234,重要挽留客户
14099382,95,2,61.400000000000006,2,2,1,221,一般客户
14099802,95,3,484.4,2,2,4,224,重要挽留客户
14100131,95,3,209.60000000000002,2,2,3,223,一般客户
14100599,94,3,60.9,2,2,1,221,一般客户
14100646,94,6,101.3,2,4,2,242,重要保持客户
14100711,94,5,1003.8000000000001,2,3,5,235,重要挽留客户
14100755,24,7,632.8,4,4,4,444,重要价值客户
14101604,94,9,288.9,2,4,3,243,重要保持客户
14101732,54,4,434.0,3,3,4,334,重要挽留客户
14101965,94,2,401.0,2,2,3,223,一般客户
14102880,34,7,285.8,4,4,3,443,一般客户
14102907,80,7,771.8,2,4,4,244,重要保持客户
14103071,34,5,135.3,4,3,2,432,重要发展客户
14103219,94,4,396.5,2,3,3,233,一般客户
14103680,93,8,302.0,2,4,3,243,重要保持客户
14104247,93,1,12.0,2,1,1,211,一般客户
14104580,17,7,1164.0,5,4,5,545,重要价值客户
14104735,35,8,1254.0,4,4,5,445,重要价值客户
14104811,93,4,147.6,2,3,2,232,一般客户
14105137,93,1,26.5,2,1,1,211,一般客户
14105465,93,3,157.60000000000002,2,2,2,222,一般客户
14105479,93,11,263.0,2,4,3,243,重要保持客户
14105536,30,6,122.3,4,4,2,442,一般客户
14105609,6,18,1238.9,5,5,5,555,重要价值客户
14105895,19,5,875.0,4,3,4,434,重要发展客户
14106027,56,2,1440.0,3,2,5,325,重要挽留客户
14106342,41,6,502.3,4,4,4,444,重要价值客户
14106368,92,1,5.3,2,1,1,211,一般客户
14106794,21,2,17.7,4,2,1,421,重要发展客户
14106918,92,2,175.3,2,2,2,222,一般客户
14107225,92,1,58.0,2,1,1,211,一般客户
14107695,2,26,1309.4,5,5,5,555,重要价值客户
14107767,84,4,471.9,2,3,4,234,重要挽留客户
14107975,41,3,717.0,4,2,4,424,重要发展客户
14108172,92,1,424.0,2,1,4,214,重要挽留客户
14108213,92,2,147.0,2,2,2,222,一般客户
14108332,62,5,291.8,3,3,3,333,一般客户
14108433,92,2,64.69999999999999,2,2,1,221,一般客户
14109343,88,1,32.9,2,1,1,211,一般客户
14110191,91,6,266.0,2,4,3,243,重要保持客户
14110218,91,4,50.5,2,3,1,231,一般客户
14110314,91,2,127.0,2,2,2,222,一般客户
14110421,91,1,29.9,2,1,1,211,一般客户
14110631,91,3,137.4,2,3,2,232,一般客户
14110786,34,3,145.4,4,3,2,432,重要发展客户
14111369,77,4,349.0,3,3,3,333,一般客户
14111721,90,2,220.8,2,2,3,223,一般客户
14111966,90,10,281.8,2,4,3,243,重要保持客户
14113620,40,8,403.5,4,4,3,443,一般客户
14113930,2,13,421.3,5,5,4,554,重要价值客户
14114338,90,1,99.0,2,1,2,212,一般客户
14114349,90,1,589.0,2,1,4,214,重要挽留客户
14114426,90,1,19.9,2,1,1,211,一般客户
14114478,3,2,241.0,5,2,3,523,重要发展客户
14114593,90,13,156.2,2,5,2,252,重要保持客户
14115178,89,1,28.0,2,1,1,211,一般客户
14115562,89,1,32.0,2,1,1,211,一般客户
14115647,89,1,22.0,2,1,1,211,一般客户
14116046,89,4,93.4,2,3,2,232,一般客户
14116438,89,1,49.9,2,1,1,211,一般客户
14116768,89,5,296.5,2,3,3,233,一般客户
14116849,89,1,356.0,2,1,3,213,一般客户
14117647,89,1,188.0,2,1,2,212,一般客户
14118357,89,1,14.5,2,1,1,211,一般客户
14119302,89,1,18.8,2,1,1,211,一般客户
14119476,51,7,576.7,3,4,4,344,重要保持客户
14119683,88,3,367.4,2,3,3,233,一般客户
14119891,6,13,566.0,5,5,4,554,重要价值客户
14119986,88,13,146.6,2,5,2,252,重要保持客户
14119995,88,2,100.9,2,2,2,222,一般客户
14120528,88,1,499.0,2,1,4,214,重要挽留客户
14120973,88,2,99.0,2,2,2,222,一般客户
14121116,88,2,99.80000000000001,2,2,2,222,一般客户
14121303,88,3,178.0,2,3,2,232,一般客户
14122080,88,1,38.0,2,1,1,211,一般客户
14122083,86,8,3365.4,2,4,5,245,重要保持客户
14122788,87,1,61.6,2,1,1,211,一般客户
14122816,87,1,175.0,2,1,2,212,一般客户
14123208,87,5,179.6,2,3,2,232,一般客户
14123390,87,6,331.2,2,4,3,243,重要保持客户
14123515,87,1,60.7,2,1,1,211,一般客户
14123557,66,2,80.0,3,2,1,321,一般客户
14124335,87,2,154.0,2,2,2,222,一般客户
14124368,87,1,50.0,2,1,1,211,一般客户
14125217,87,1,62.4,2,1,1,211,一般客户
14125660,35,7,373.5,4,4,3,443,一般客户
14126171,86,12,2830.6,2,4,5,245,重要保持客户
14126456,86,1,499.0,2,1,4,214,重要挽留客户
14126666,86,7,465.4,2,4,4,244,重要保持客户
14126828,86,2,101.0,2,2,2,222,一般客户
14126915,86,2,55.0,2,2,1,221,一般客户
14127544,86,3,71.0,2,3,1,231,一般客户
14128111,86,4,342.0,2,3,3,233,一般客户
14128310,77,11,400.79999999999995,3,4,3,343,重要保持客户
14128321,56,8,266.6,3,4,3,343,重要保持客户
14128438,67,9,928.5,3,4,4,344,重要保持客户
14128794,86,5,192.10000000000002,2,3,2,232,一般客户
14129126,85,2,168.0,2,2,2,222,一般客户
14129159,85,5,108.0,2,3,2,232,一般客户
14129319,63,10,404.59999999999997,3,4,3,343,重要保持客户
14129687,85,2,9.6,2,2,1,221,一般客户
14129699,85,9,337.3,2,4,3,243,重要保持客户
14129742,77,5,201.60000000000002,3,3,3,333,一般客户
14129983,85,1,368.0,2,1,3,213,一般客户
14130321,85,4,310.5,2,3,3,233,一般客户
14130376,85,3,127.0,2,3,2,232,一般客户
14130624,1,8,360.59999999999997,5,4,3,543,一般客户
14130686,30,10,787.6999999999999,4,4,4,444,重要价值客户
14130759,85,1,129.0,2,1,2,212,一般客户
14130844,26,8,404.3,4,4,3,443,一般客户
14131194,33,3,172.9,4,3,2,432,重要发展客户
14131206,26,12,275.4,4,4,3,443,一般客户
14131329,13,30,1552.1,5,5,5,555,重要价值客户
14131445,85,2,31.3,2,2,1,221,一般客户
14131523,20,16,914.2,4,5,4,454,重要价值客户
14131571,85,6,384.6,2,4,3,243,重要保持客户
14131587,85,1,109.0,2,1,2,212,一般客户
14131774,85,3,43.6,2,3,1,231,一般客户
14131920,85,3,137.1,2,3,2,232,一般客户
14132169,85,1,167.0,2,1,2,212,一般客户
14132286,85,2,126.0,2,2,2,222,一般客户
14132302,83,10,397.3,2,4,3,243,重要保持客户
14132371,85,1,639.0,2,1,4,214,重要挽留客户
14133228,6,3,305.5,5,3,3,533,重要发展客户
14133427,34,7,422.6,4,4,4,444,重要价值客户
14133503,84,2,394.0,2,2,3,223,一般客户
14134260,84,17,717.7,2,5,4,254,重要保持客户
14134386,54,6,219.9,3,4,3,343,重要保持客户
14134700,34,3,203.5,4,3,3,433,重要发展客户
14134918,84,12,504.0,2,4,4,244,重要保持客户
14135078,56,4,89.0,3,3,2,332,一般客户
14135079,20,5,143.3,4,3,2,432,重要发展客户
14135307,67,3,368.4,3,3,3,333,一般客户
14135522,26,4,199.9,4,3,3,433,重要发展客户
14135523,83,3,237.8,2,3,3,233,一般客户
14135636,47,4,689.4,3,3,4,334,重要挽留客户
14135780,84,1,29.9,2,1,1,211,一般客户
14135838,84,1,310.0,2,1,3,213,一般客户
14136142,59,4,132.8,3,3,2,332,一般客户
14136406,60,4,2156.3,3,3,5,335,重要挽留客户
14136427,84,3,117.6,2,3,2,232,一般客户
14136936,83,9,414.5,2,4,4,244,重要保持客户
14137071,83,2,75.8,2,2,1,221,一般客户
14137303,83,10,554.5,2,4,4,244,重要保持客户
14137352,77,3,471.9,3,3,4,334,重要挽留客户
14137396,54,3,694.8,3,3,4,334,重要挽留客户
14137946,83,1,26.0,2,1,1,211,一般客户
14138041,13,2,82.8,5,2,1,521,重要发展客户
14138083,83,2,276.0,2,2,3,223,一般客户
14138537,83,1,99.0,2,1,2,212,一般客户
14138758,83,1,5.3,2,1,1,211,一般客户
14138877,83,6,194.39999999999998,2,4,2,242,重要保持客户
14138973,83,1,29.0,2,1,1,211,一般客户
14139187,59,8,386.1,3,4,3,343,重要保持客户
14139264,11,4,411.0,5,3,4,534,重要发展客户
14139565,65,4,66.3,3,3,1,331,一般客户
14139750,38,10,1028.7,4,4,5,445,重要价值客户
14140356,82,8,338.8,2,4,3,243,重要保持客户
14140457,82,1,26.0,2,1,1,211,一般客户
14140618,82,5,359.8,2,3,3,233,一般客户
14140658,20,2,414.0,4,2,4,424,重要发展客户
14140897,31,4,202.0,4,3,3,433,重要发展客户
14141419,82,3,108.5,2,3,2,232,一般客户
14141661,82,1,7.2,2,1,1,211,一般客户
14141755,82,2,143.5,2,2,2,222,一般客户
14141819,80,18,682.9,2,5,4,254,重要保持客户
14141945,82,1,19.5,2,1,1,211,一般客户
14142122,80,3,226.9,2,3,3,233,一般客户
14142197,82,1,93.9,2,1,2,212,一般客户
14142346,75,2,942.0,3,2,5,325,重要挽留客户
14142722,82,2,39.0,2,2,1,221,一般客户
14142834,81,1,29.0,2,1,1,211,一般客户
14142970,79,2,68.5,2,2,1,221,一般客户
14143716,81,1,278.0,2,1,3,213,一般客户
14143786,14,19,1307.7,5,5,5,555,重要价值客户
14144150,81,10,414.5,2,4,4,244,重要保持客户
14144261,73,14,1447.0,3,5,5,355,重要保持客户
14144404,28,3,570.0,4,3,4,434,重要发展客户
14145016,81,3,39.5,2,3,1,231,一般客户
14145152,81,5,39.8,2,3,1,231,一般客户
14145520,80,5,339.9,2,3,3,233,一般客户
14145689,36,24,1065.6,4,5,5,455,重要价值客户
14146062,80,1,676.0,2,1,4,214,重要挽留客户
14146070,6,111,6113.2,5,5,5,555,重要价值客户
14146630,39,3,195.9,4,3,2,432,重要发展客户
14146885,80,5,104.2,2,3,2,232,一般客户
14147489,80,3,100.0,2,3,2,232,一般客户
14147757,80,1,5.0,2,1,1,211,一般客户
14147868,80,1,66.0,2,1,1,211,一般客户
14147973,80,2,142.4,2,2,2,222,一般客户
14148059,80,1,99.0,2,1,2,212,一般客户
14148217,79,1,148.0,2,1,2,212,一般客户
14148585,2,21,723.1,5,5,4,554,重要价值客户
14148708,40,7,327.4,4,4,3,443,一般客户
14148772,79,4,134.4,2,3,2,232,一般客户
14148999,79,5,168.4,2,3,2,232,一般客户
14149846,79,3,201.0,2,3,3,233,一般客户
14150069,33,5,2112.0,4,3,5,435,重要发展客户
14150286,79,5,116.7,2,3,2,232,一般客户
14150647,79,9,242.29999999999998,2,4,3,243,重要保持客户
14150833,79,2,198.5,2,2,3,223,一般客户
14150884,7,10,309.8,5,4,3,543,一般客户
14152534,6,4,38.6,5,3,1,531,重要发展客户
14153259,78,2,86.8,2,2,1,221,一般客户
14153536,72,7,131.0,3,4,2,342,重要保持客户
14153733,78,4,162.0,2,3,2,232,一般客户
14153888,78,1,184.3,2,1,2,212,一般客户
14153895,78,5,295.0,2,3,3,233,一般客户
14154499,77,2,56.0,3,2,1,321,一般客户
14154665,1,10,281.0,5,4,3,543,一般客户
14154735,39,5,505.0,4,3,4,434,重要发展客户
14154784,77,1,29.0,2,1,1,211,一般客户
14154858,11,13,510.5,5,5,4,554,重要价值客户
14155074,77,1,176.0,2,1,2,212,一般客户
14155241,77,1,79.0,2,1,1,211,一般客户
14155408,77,1,129.0,2,1,2,212,一般客户
14155680,77,3,169.4,2,3,2,232,一般客户
14156117,55,13,553.2,3,5,4,354,重要保持客户
14156252,77,1,176.0,2,1,2,212,一般客户
14156364,25,23,2164.4,4,5,5,455,重要价值客户
14156742,77,1,333.0,2,1,3,213,一般客户
14157152,76,1,14.9,3,1,1,311,一般客户
14157271,76,1,99.0,3,1,2,312,一般客户
14157566,76,1,45.0,3,1,1,311,一般客户
14157809,76,1,19.0,3,1,1,311,一般客户
14157872,54,6,134.2,3,4,2,342,重要保持客户
14158088,76,3,354.9,3,3,3,333,一般客户
14158118,4,20,638.4,5,5,4,554,重要价值客户
14158145,76,2,30.8,3,2,1,321,一般客户
14158285,76,4,198.7,3,3,3,333,一般客户
14158578,76,2,184.0,3,2,2,322,一般客户
14158769,64,8,424.2,3,4,4,344,重要保持客户
14158833,76,1,346.0,3,1,3,313,一般客户
14159450,76,3,134.8,3,3,2,332,一般客户
14159762,76,3,267.5,3,3,3,333,一般客户
14159844,76,2,99.2,3,2,2,322,一般客户
14159956,76,2,318.4,3,2,3,323,一般客户
14160091,75,8,119.1,3,4,2,342,重要保持客户
14160317,76,1,68.0,3,1,1,311,一般客户
14160552,72,2,9.6,3,2,1,321,一般客户
14160576,26,11,626.1,4,4,4,444,重要价值客户
14160634,45,12,623.4,3,4,4,344,重要保持客户
14160651,76,7,263.90000000000003,3,4,3,343,重要保持客户
14160934,33,16,1528.0,4,5,5,455,重要价值客户
14161185,59,6,563.2,3,4,4,344,重要保持客户
14161443,75,1,159.0,3,1,2,312,一般客户
14161491,75,1,148.0,3,1,2,312,一般客户
14161557,75,2,198.0,3,2,3,323,一般客户
14162029,15,6,402.59999999999997,5,4,3,543,一般客户
14162243,75,2,70.4,3,2,1,321,一般客户
14162339,3,3,332.0,5,3,3,533,重要发展客户
14162731,72,3,255.8,3,3,3,333,一般客户
14163158,75,16,605.4,3,5,4,354,重要保持客户
14163247,6,15,644.8,5,5,4,554,重要价值客户
14163633,13,6,351.2,5,4,3,543,一般客户
14163884,1,35,3995.2,5,5,5,555,重要价值客户
14164100,75,1,219.6,3,1,3,313,一般客户
14164128,75,1,29.0,3,1,1,311,一般客户
14164215,68,13,1415.6,3,5,5,355,重要保持客户
14164298,75,1,4344.0,3,1,5,315,重要挽留客户
14164643,48,8,272.2,3,4,3,343,重要保持客户
14165116,67,8,332.9,3,4,3,343,重要保持客户
14165997,74,4,172.8,3,3,2,332,一般客户
14166117,6,5,113.9,5,3,2,532,重要发展客户
14174700,74,2,512.0,3,2,4,324,重要挽留客户
14174915,24,12,1306.6,4,4,5,445,重要价值客户
14175081,74,2,44.5,3,2,1,321,一般客户
14175249,74,2,158.0,3,2,2,322,一般客户
14178179,73,3,170.0,3,3,2,332,一般客户
14178363,32,22,849.3,4,5,4,454,重要价值客户
14178565,73,1,40.0,3,1,1,311,一般客户
14200892,73,6,266.9,3,4,3,343,重要保持客户
14200897,56,8,264.5,3,4,3,343,重要保持客户
14201031,60,2,84.2,3,2,1,321,一般客户
14201709,73,1,238.0,3,1,3,313,一般客户
14201754,52,5,303.8,3,3,3,333,一般客户
14201916,39,14,1131.0,4,5,5,455,重要价值客户
14202242,20,17,694.4,4,5,4,454,重要价值客户
14202476,51,5,351.8,3,3,3,333,一般客户
14202496,72,2,134.4,3,2,2,322,一般客户
14202863,72,5,136.0,3,3,2,332,一般客户
14202888,72,1,176.0,3,1,2,312,一般客户
14202991,12,9,561.0,5,4,4,544,重要价值客户
14203121,55,3,140.6,3,3,2,332,一般客户
14203285,72,1,49.0,3,1,1,311,一般客户
14204723,72,3,128.5,3,3,2,332,一般客户
14205074,22,2,656.0,4,2,4,424,重要发展客户
14205104,72,5,151.8,3,3,2,332,一般客户
14205236,58,9,744.9,3,4,4,344,重要保持客户
14205248,44,2,149.7,3,2,2,322,一般客户
14205348,72,3,136.4,3,3,2,332,一般客户
14205644,71,3,93.5,3,3,2,332,一般客户
14205645,70,3,655.6,3,3,4,334,重要挽留客户
14205885,71,5,469.79999999999995,3,3,4,334,重要挽留客户
14206100,71,5,281.4,3,3,3,333,一般客户
14206167,1,11,288.0,5,4,3,543,一般客户
14206227,71,2,89.0,3,2,2,322,一般客户
14206283,71,5,91.3,3,3,2,332,一般客户
14206449,71,2,24.700000000000003,3,2,1,321,一般客户
14206483,8,3,75.8,5,3,1,531,重要发展客户
14206661,5,16,1816.8,5,5,5,555,重要价值客户
14206810,13,19,1462.0,5,5,5,555,重要价值客户
14206912,71,6,3058.1,3,4,5,345,重要保持客户
14206973,71,5,206.9,3,3,3,333,一般客户
14207119,71,1,405.6,3,1,3,313,一般客户
14207808,18,4,823.2,5,3,4,534,重要发展客户
14207811,71,1,198.0,3,1,3,313,一般客户
14208574,21,5,107.8,4,3,2,432,重要发展客户
14208693,70,10,340.7,3,4,3,343,重要保持客户
14208892,24,6,264.0,4,4,3,443,一般客户
14209564,70,3,327.0,3,3,3,333,一般客户
14209711,16,3,126.8,5,3,2,532,重要发展客户
14210456,70,5,251.6,3,3,3,333,一般客户
14210497,20,9,999.5,4,4,5,445,重要价值客户
14210626,70,12,358.0,3,4,3,343,重要保持客户
14211094,61,2,78.4,3,2,1,321,一般客户
14211139,15,7,452.5,5,4,4,544,重要价值客户
14211411,69,1,99.0,3,1,2,312,一般客户
14211795,69,1,95.0,3,1,2,312,一般客户
14211830,41,12,335.8,4,4,3,443,一般客户
14212334,69,41,1711.2,3,5,5,355,重要保持客户
14212442,69,1,4.0,3,1,1,311,一般客户
14212834,69,2,570.0,3,2,4,324,重要挽留客户
14213148,24,4,169.5,4,3,2,432,重要发展客户
14214241,69,2,410.8,3,2,4,324,重要挽留客户
14214443,69,1,99.0,3,1,2,312,一般客户
14214650,69,1,29.0,3,1,1,311,一般客户
14214961,68,8,570.6,3,4,4,344,重要保持客户
14214972,68,1,159.0,3,1,2,312,一般客户
14215316,53,19,1428.1,3,5,5,355,重要保持客户
14215384,68,1,49.0,3,1,1,311,一般客户
14215411,68,1,19.5,3,1,1,311,一般客户
14215524,68,1,699.0,3,1,4,314,重要挽留客户
14215547,1,44,2040.8,5,5,5,555,重要价值客户
14215727,68,1,19.0,3,1,1,311,一般客户
14216400,60,11,238.4,3,4,3,343,重要保持客户
14216409,68,5,254.39999999999998,3,3,3,333,一般客户
14216472,67,4,398.0,3,3,3,333,一般客户
14216871,68,1,189.0,3,1,2,312,一般客户
14217009,28,5,402.9,4,3,3,433,重要发展客户
14217347,68,1,12.9,3,1,1,311,一般客户
14217362,68,7,390.0,3,4,3,343,重要保持客户
14217464,68,2,128.0,3,2,2,322,一般客户
14217646,68,3,166.2,3,3,2,332,一般客户
14217694,68,9,544.5,3,4,4,344,重要保持客户
14217785,68,6,121.0,3,4,2,342,重要保持客户
14217859,56,1,468.0,3,1,4,314,重要挽留客户
14217916,68,1,298.0,3,1,3,313,一般客户
14218204,49,4,126.2,3,3,2,332,一般客户
14218954,40,40,1558.2,4,5,5,455,重要价值客户
14219039,50,9,418.4,3,4,4,344,重要保持客户
14219490,60,12,909.0,3,4,4,344,重要保持客户
14220912,39,4,151.7,4,3,2,432,重要发展客户
14221147,67,1,145.0,3,1,2,312,一般客户
14221159,67,1,99.0,3,1,2,312,一般客户
14221249,67,1,79.0,3,1,1,311,一般客户
14221294,67,1,99.0,3,1,2,312,一般客户
14221522,67,1,151.2,3,1,2,312,一般客户
14221657,67,1,30.8,3,1,1,311,一般客户
14222493,66,5,261.90000000000003,3,3,3,333,一般客户
14222950,19,7,504.9,4,4,4,444,重要价值客户
14223208,66,6,291.8,3,4,3,343,重要保持客户
14223380,66,7,245.1,3,4,3,343,重要保持客户
14225413,60,6,198.2,3,4,3,343,重要保持客户
14225669,19,27,939.6,4,5,4,454,重要价值客户
14226201,65,2,62.8,3,2,1,321,一般客户
14226206,65,5,461.70000000000005,3,3,4,334,重要挽留客户
14226257,14,2,564.0,5,2,4,524,重要发展客户
14226377,41,6,289.2,4,4,3,443,一般客户
14226443,59,8,884.0,3,4,4,344,重要保持客户
14226621,65,2,73.2,3,2,1,321,一般客户
14226823,65,1,218.0,3,1,3,313,一般客户
14227052,55,8,1308.0,3,4,5,345,重要保持客户
14227228,65,5,344.0,3,3,3,333,一般客户
14227345,65,1,350.0,3,1,3,313,一般客户
14227350,62,1,1070.0,3,1,5,315,重要挽留客户
14227359,65,5,385.0,3,3,3,333,一般客户
14227538,65,5,216.6,3,3,3,333,一般客户
14227707,65,1,39.9,3,1,1,311,一般客户
14227821,26,5,250.5,4,3,3,433,重要发展客户
14227892,65,6,332.4,3,4,3,343,重要保持客户
14227930,5,7,491.4,5,4,4,544,重要价值客户
14228027,65,1,118.0,3,1,2,312,一般客户
14228044,3,7,179.5,5,4,2,542,一般客户
14230115,64,1,11.8,3,1,1,311,一般客户
14230230,2,22,1114.7,5,5,5,555,重要价值客户
14230372,19,7,267.3,4,4,3,443,一般客户
14230655,64,4,127.0,3,3,2,332,一般客户
14230667,64,1,268.0,3,1,3,313,一般客户
14230899,64,2,100.2,3,2,2,322,一般客户
14231340,64,3,102.8,3,3,2,332,一般客户
14232326,62,4,470.0,3,3,4,334,重要挽留客户
14233102,8,26,957.9,5,5,5,555,重要价值客户
14233122,63,2,102.4,3,2,2,322,一般客户
14233338,27,5,267.6,4,3,3,433,重要发展客户
14233526,15,17,565.9,5,5,4,554,重要价值客户
14233857,63,5,255.2,3,3,3,333,一般客户
14233929,21,6,747.0,4,4,4,444,重要价值客户
14234135,63,1,117.0,3,1,2,312,一般客户
14234137,63,1,59.0,3,1,1,311,一般客户
14234451,63,2,84.0,3,2,1,321,一般客户
14234901,4,13,658.1,5,5,4,554,重要价值客户
14235263,61,2,417.8,3,2,4,324,重要挽留客户
14235445,62,1,398.0,3,1,3,313,一般客户
14235823,20,10,276.6,4,4,3,443,一般客户
14236147,61,5,406.9,3,3,4,334,重要挽留客户
14236152,26,5,536.8,4,3,4,434,重要发展客户
14236419,62,2,199.0,3,2,3,323,一般客户
14237532,57,3,166.0,3,3,2,332,一般客户
14238079,62,1,98.0,3,1,2,312,一般客户
14238315,61,2,199.0,3,2,3,323,一般客户
14238435,61,3,213.0,3,3,3,333,一般客户
14238757,61,4,372.0,3,3,3,333,一般客户
14239043,27,12,341.3,4,4,3,443,一般客户
14239171,61,4,397.0,3,3,3,333,一般客户
14239182,61,3,197.0,3,3,2,332,一般客户
14239317,38,4,113.4,4,3,2,432,重要发展客户
14239394,61,2,54.0,3,2,1,321,一般客户
14240333,61,5,127.5,3,3,2,332,一般客户
14240360,61,1,69.0,3,1,1,311,一般客户
14240411,61,2,33.9,3,2,1,321,一般客户
14240578,61,6,313.3,3,4,3,343,重要保持客户
14240717,54,7,354.0,3,4,3,343,重要保持客户
14241207,61,2,477.0,3,2,4,324,重要挽留客户
14241531,61,2,52.1,3,2,1,321,一般客户
14241615,61,2,99.2,3,2,2,322,一般客户
14242100,3,16,1992.9,5,5,5,555,重要价值客户
14242149,61,4,293.4,3,3,3,333,一般客户
14242815,17,9,420.3,5,4,4,544,重要价值客户
14245844,60,1,173.0,3,1,2,312,一般客户
14246842,12,11,511.8,5,4,4,544,重要价值客户
14246950,60,2,417.0,3,2,4,324,重要挽留客户
14247101,60,3,101.8,3,3,2,332,一般客户
14247245,60,2,537.0,3,2,4,324,重要挽留客户
14247318,60,4,141.0,3,3,2,332,一般客户
14247418,39,16,842.0,4,5,4,454,重要价值客户
14247799,59,1,99.0,3,1,2,312,一般客户
14252448,59,3,236.9,3,3,3,333,一般客户
14252612,54,7,754.4000000000001,3,4,4,344,重要保持客户
14252819,59,1,195.0,3,1,2,312,一般客户
14253160,4,19,2759.1,5,5,5,555,重要价值客户
14253697,58,8,344.5,3,4,3,343,重要保持客户
14253823,59,2,26.4,3,2,1,321,一般客户
14253845,44,5,716.8,3,3,4,334,重要挽留客户
14254176,59,2,44.9,3,2,1,321,一般客户
14254375,59,5,201.0,3,3,3,333,一般客户
14254558,59,4,392.9,3,3,3,333,一般客户
14254636,59,1,329.0,3,1,3,313,一般客户
14254655,20,3,187.0,4,3,2,432,重要发展客户
14254701,59,1,276.0,3,1,3,313,一般客户
14255304,41,2,229.9,4,2,3,423,重要发展客户
14255366,13,6,276.4,5,4,3,543,一般客户
14255473,58,5,172.1,3,3,2,332,一般客户
14255577,58,8,358.4,3,4,3,343,重要保持客户
14256150,1,14,847.2,5,5,4,554,重要价值客户
14256212,28,8,816.0,4,4,4,444,重要价值客户
14256671,58,1,21.8,3,1,1,311,一般客户
14256770,58,1,34.3,3,1,1,311,一般客户
14257054,23,8,909.5,4,4,4,444,重要价值客户
14257223,22,8,518.3,4,4,4,444,重要价值客户
14257515,58,1,206.0,3,1,3,313,一般客户
14257523,28,3,834.0,4,3,4,434,重要发展客户
14257652,12,23,2255.8,5,5,5,555,重要价值客户
14257843,57,3,50.9,3,3,1,331,一般客户
14257971,57,3,65.1,3,3,1,331,一般客户
14258216,57,1,39.6,3,1,1,311,一般客户
14258317,57,2,47.5,3,2,1,321,一般客户
14258498,57,1,218.0,3,1,3,313,一般客户
14259002,57,1,99.0,3,1,2,312,一般客户
14259308,57,3,117.0,3,3,2,332,一般客户
14259386,37,15,930.1,4,5,4,454,重要价值客户
14259393,57,5,435.0,3,3,4,334,重要挽留客户
14259619,57,5,272.9,3,3,3,333,一般客户
14260072,57,1,59.0,3,1,1,311,一般客户
14260089,53,3,333.0,3,3,3,333,一般客户
14260314,57,1,15.0,3,1,1,311,一般客户
14260353,57,6,436.0,3,4,4,344,重要保持客户
14260376,57,2,33.5,3,2,1,321,一般客户
14261512,56,1,69.9,3,1,1,311,一般客户
14261772,56,5,290.5,3,3,3,333,一般客户
14261824,56,1,176.0,3,1,2,312,一般客户
14261990,56,2,37.6,3,2,1,321,一般客户
14262759,56,4,125.8,3,3,2,332,一般客户
14262970,56,2,407.0,3,2,4,324,重要挽留客户
14262979,56,4,142.5,3,3,2,332,一般客户
14263308,1,9,934.1,5,4,4,544,重要价值客户
14263444,56,1,28.0,3,1,1,311,一般客户
14263455,1,5,338.0,5,3,3,533,重要发展客户
14263494,56,1,527.0,3,1,4,314,重要挽留客户
14263571,25,9,350.6,4,4,3,443,一般客户
14264339,55,4,149.7,3,3,2,332,一般客户
14264340,55,4,116.0,3,3,2,332,一般客户
14264919,55,2,29.9,3,2,1,321,一般客户
14266098,55,1,29.9,3,1,1,311,一般客户
14266224,55,3,576.0,3,3,4,334,重要挽留客户
14266483,55,4,113.8,3,3,2,332,一般客户
14266573,55,2,1157.0,3,2,5,325,重要挽留客户
14266618,55,8,347.3,3,4,3,343,重要保持客户
14266800,55,1,129.0,3,1,2,312,一般客户
14267093,19,3,340.6,4,3,3,433,重要发展客户
14267674,55,1,129.0,3,1,2,312,一般客户
14267712,55,3,555.6,3,3,4,334,重要挽留客户
14268272,55,4,168.0,3,3,2,332,一般客户
14268364,55,4,126.6,3,3,2,332,一般客户
14268495,55,6,178.0,3,4,2,342,重要保持客户
14268909,53,35,2152.8,3,5,5,355,重要保持客户
14269550,54,4,301.4,3,3,3,333,一般客户
14269692,26,5,288.8,4,3,3,433,重要发展客户
14270104,54,1,39.8,3,1,1,311,一般客户
14270131,54,4,321.0,3,3,3,333,一般客户
14270491,54,1,34.0,3,1,1,311,一般客户
14270498,54,6,250.9,3,4,3,343,重要保持客户
14270583,13,29,895.5,5,5,4,554,重要价值客户
14270643,52,1,118.0,3,1,2,312,一般客户
14270916,54,6,160.5,3,4,2,342,重要保持客户
14271162,54,1,297.0,3,1,3,313,一般客户
14271346,54,2,54.9,3,2,1,321,一般客户
14271441,54,3,388.0,3,3,3,333,一般客户
14271614,47,5,278.9,3,3,3,333,一般客户
14272203,41,5,308.9,4,3,3,433,重要发展客户
14272568,54,3,269.0,3,3,3,333,一般客户
14272847,53,7,231.3,3,4,3,343,重要保持客户
14273061,54,5,179.6,3,3,2,332,一般客户
14273225,54,1,299.0,3,1,3,313,一般客户
14273429,54,2,199.0,3,2,3,323,一般客户
14273813,7,5,261.4,5,3,3,533,重要发展客户
14273972,53,3,224.8,3,3,3,333,一般客户
14274691,53,3,40.5,3,3,1,331,一般客户
14274747,53,1,368.0,3,1,3,313,一般客户
14275028,53,4,176.0,3,3,2,332,一般客户
14275120,53,2,199.0,3,2,3,323,一般客户
14275646,51,2,62.2,3,2,1,321,一般客户
14275863,53,1,390.0,3,1,3,313,一般客户
14276346,12,4,1590.5,5,3,5,535,重要发展客户
14276637,53,11,549.7,3,4,4,344,重要保持客户
14277069,53,1,20.3,3,1,1,311,一般客户
14277408,53,5,350.0,3,3,3,333,一般客户
14277580,52,1,18.5,3,1,1,311,一般客户
14277634,31,5,385.9,4,3,3,433,重要发展客户
14277760,39,6,313.7,4,4,3,443,一般客户
14277778,52,3,113.0,3,3,2,332,一般客户
14277789,52,1,198.0,3,1,3,313,一般客户
14278047,52,6,213.0,3,4,3,343,重要保持客户
14278136,35,6,330.9,4,4,3,443,一般客户
14278745,52,2,76.0,3,2,1,321,一般客户
14278897,52,1,14.9,3,1,1,311,一般客户
14279009,52,2,30.799999999999997,3,2,1,321,一般客户
14279061,45,3,457.2,3,3,4,334,重要挽留客户
14279864,52,2,34.5,3,2,1,321,一般客户
14280336,3,12,1831.0,5,4,5,545,重要价值客户
14280389,20,26,1454.1,4,5,5,455,重要价值客户
14280801,51,4,201.4,3,3,3,333,一般客户
14297992,42,7,292.6,4,4,3,443,一般客户
14298109,51,2,143.0,3,2,2,322,一般客户
14298264,16,8,548.4,5,4,4,544,重要价值客户
14298446,50,6,154.5,3,4,2,342,重要保持客户
14298651,13,7,315.1,5,4,3,543,一般客户
14298692,50,1,45.9,3,1,1,311,一般客户
14299807,50,3,163.9,3,3,2,332,一般客户
14300826,28,10,446.3,4,4,4,444,重要价值客户
14301009,29,6,609.9,4,4,4,444,重要价值客户
14301734,14,21,655.3,5,5,4,554,重要价值客户
14302039,49,1,45.0,3,1,1,311,一般客户
14302211,49,1,16.0,3,1,1,311,一般客户
14302467,3,3,233.0,5,3,3,533,重要发展客户
14302484,49,1,106.0,3,1,2,312,一般客户
14302902,49,16,753.0,3,5,4,354,重要保持客户
14302966,19,25,1160.0,4,5,5,455,重要价值客户
14303088,49,1,99.0,3,1,2,312,一般客户
14303789,49,3,173.60000000000002,3,3,2,332,一般客户
14304470,48,5,445.8,3,3,4,334,重要挽留客户
14304745,19,14,694.3,4,5,4,454,重要价值客户
14305080,48,1,29.9,3,1,1,311,一般客户
14305121,48,4,118.69999999999999,3,3,2,332,一般客户
14305325,48,2,690.0,3,2,4,324,重要挽留客户
14305481,48,1,26.0,3,1,1,311,一般客户
14305749,33,5,680.0,4,3,4,434,重要发展客户
14305755,48,1,39.9,3,1,1,311,一般客户
14305801,48,2,118.9,3,2,2,322,一般客户
14305907,48,1,86.0,3,1,1,311,一般客户
14305978,48,2,162.0,3,2,2,322,一般客户
14306023,6,21,595.8,5,5,4,554,重要价值客户
14306046,48,11,822.1,3,4,4,344,重要保持客户
14306390,48,3,84.9,3,3,1,331,一般客户
14307271,48,1,27.8,3,1,1,311,一般客户
14307292,48,1,268.0,3,1,3,313,一般客户
14307293,48,2,30.3,3,2,1,321,一般客户
14307453,48,8,367.7,3,4,3,343,重要保持客户
14308523,34,21,3777.2,4,5,5,455,重要价值客户
14308826,47,2,38.0,3,2,1,321,一般客户
14309328,35,4,136.5,4,3,2,432,重要发展客户
14309785,11,6,122.0,5,4,2,542,一般客户
14309828,47,2,71.0,3,2,1,321,一般客户
14310040,47,1,665.0,3,1,4,314,重要挽留客户
14310261,47,2,124.5,3,2,2,322,一般客户
14310483,47,2,228.0,3,2,3,323,一般客户
14310800,46,2,69.8,3,2,1,321,一般客户
14311330,46,1,29.9,3,1,1,311,一般客户
14311530,30,8,706.8,4,4,4,444,重要价值客户
14313156,46,1,42.9,3,1,1,311,一般客户
14313208,46,3,117.0,3,3,2,332,一般客户
14313220,43,6,338.2,3,4,3,343,重要保持客户
14313524,46,5,308.3,3,3,3,333,一般客户
14315083,45,1,10.9,3,1,1,311,一般客户
14315348,45,6,200.4,3,4,3,343,重要保持客户
14315355,45,2,40.8,3,2,1,321,一般客户
14315536,45,1,36.8,3,1,1,311,一般客户
14315754,45,3,95.8,3,3,2,332,一般客户
14315950,45,3,173.0,3,3,2,332,一般客户
14315986,45,1,39.8,3,1,1,311,一般客户
14315991,45,6,184.3,3,4,2,342,重要保持客户
14316053,45,3,65.2,3,3,1,331,一般客户
14316651,45,1,98.0,3,1,2,312,一般客户
14316686,16,15,619.6,5,5,4,554,重要价值客户
14316756,45,1,58.6,3,1,1,311,一般客户
14317278,44,4,1270.1,3,3,5,335,重要挽留客户
14317296,40,2,61.599999999999994,4,2,1,421,重要发展客户
14317416,44,4,143.0,3,3,2,332,一般客户
14317735,44,6,187.9,3,4,2,342,重要保持客户
14317854,2,9,325.0,5,4,3,543,一般客户
14318359,44,1,48.0,3,1,1,311,一般客户
14318592,44,1,129.0,3,1,2,312,一般客户
14319008,19,14,371.9,4,5,3,453,一般客户
14319509,36,5,236.0,4,3,3,433,重要发展客户
14319717,43,3,266.0,3,3,3,333,一般客户
14320535,43,4,240.0,3,3,3,333,一般客户
14320857,43,1,62.4,3,1,1,311,一般客户
14320943,43,1,99.0,3,1,2,312,一般客户
14321253,43,1,82.5,3,1,1,311,一般客户
14321396,18,2,65.5,5,2,1,521,重要发展客户
14321755,42,2,82.5,4,2,1,421,重要发展客户
14322477,42,1,70.0,4,1,1,411,重要发展客户
14322575,22,14,382.1,4,5,3,453,一般客户
14322788,42,1,90.0,4,1,2,412,重要发展客户
14322937,20,4,136.7,4,3,2,432,重要发展客户
14323086,42,2,84.6,4,2,1,421,重要发展客户
14323173,42,2,258.0,4,2,3,423,重要发展客户
14323319,42,3,117.3,4,3,2,432,重要发展客户
14323390,42,1,147.0,4,1,2,412,重要发展客户
14323790,39,8,376.8,4,4,3,443,一般客户
14325022,41,4,116.9,4,3,2,432,重要发展客户
14325144,41,5,110.1,4,3,2,432,重要发展客户
14325483,41,7,158.4,4,4,2,442,一般客户
14326253,41,3,177.0,4,3,2,432,重要发展客户
14326407,41,3,99.5,4,3,2,432,重要发展客户
14326768,27,10,336.0,4,4,3,443,一般客户
14326807,14,3,236.0,5,3,3,533,重要发展客户
14327063,41,3,136.9,4,3,2,432,重要发展客户
14327249,41,10,629.2,4,4,4,444,重要价值客户
14327277,41,3,193.4,4,3,2,432,重要发展客户
14328226,40,3,137.0,4,3,2,432,重要发展客户
14329794,40,1,468.0,4,1,4,414,重要发展客户
14330039,40,4,55.9,4,3,1,431,重要发展客户
14330190,40,2,164.0,4,2,2,422,重要发展客户
14330323,40,3,143.0,4,3,2,432,重要发展客户
14330361,40,1,39.0,4,1,1,411,重要发展客户
14331095,40,2,74.0,4,2,1,421,重要发展客户
14331800,28,3,127.9,4,3,2,432,重要发展客户
14333249,33,2,1610.9,4,2,5,425,重要发展客户
14333520,17,8,634.0,5,4,4,544,重要价值客户
14335520,29,4,126.0,4,3,2,432,重要发展客户
14335823,3,4,64.9,5,3,1,531,重要发展客户
14337091,6,4,226.0,5,3,3,533,重要发展客户
14337259,12,5,195.0,5,3,2,532,重要发展客户
14337680,38,3,228.0,4,3,3,433,重要发展客户
14337892,38,6,210.60000000000002,4,4,3,443,一般客户
14338537,21,10,932.5,4,4,4,444,重要价值客户
14338550,38,5,336.5,4,3,3,433,重要发展客户
14338618,38,1,99.0,4,1,2,412,重要发展客户
14338665,38,1,32.8,4,1,1,411,重要发展客户
14338903,38,1,1078.0,4,1,5,415,重要发展客户
14339534,38,1,116.0,4,1,2,412,重要发展客户
14340360,37,4,86.9,4,3,1,431,重要发展客户
14340369,37,6,174.5,4,4,2,442,一般客户
14340549,37,4,118.3,4,3,2,432,重要发展客户
14340739,37,5,153.9,4,3,2,432,重要发展客户
14340866,37,7,280.59999999999997,4,4,3,443,一般客户
14340904,37,5,203.9,4,3,3,433,重要发展客户
14341125,37,9,377.3,4,4,3,443,一般客户
14341237,37,3,98.5,4,3,2,432,重要发展客户
14341398,37,4,85.0,4,3,1,431,重要发展客户
14342510,12,9,707.0,5,4,4,544,重要价值客户
14343018,37,5,145.9,4,3,2,432,重要发展客户
14343452,36,3,157.60000000000002,4,3,2,432,重要发展客户
14343588,6,9,768.1,5,4,4,544,重要价值客户
14343986,36,3,116.5,4,3,2,432,重要发展客户
14344282,20,2,433.0,4,2,4,424,重要发展客户
14344513,36,2,337.9,4,2,3,423,重要发展客户
14354395,36,3,118.4,4,3,2,432,重要发展客户
14354463,36,1,168.0,4,1,2,412,重要发展客户
14354515,35,4,269.0,4,3,3,433,重要发展客户
14354660,36,1,57.0,4,1,1,411,重要发展客户
14354822,25,10,274.7,4,4,3,443,一般客户
14355151,36,1,49.9,4,1,1,411,重要发展客户
14355413,36,5,82.2,4,3,1,431,重要发展客户
14355471,10,12,523.5,5,4,4,544,重要价值客户
14355498,36,5,245.0,4,3,3,433,重要发展客户
14356393,3,5,297.9,5,3,3,533,重要发展客户
14356698,35,2,217.9,4,2,3,423,重要发展客户
14356705,35,1,21.9,4,1,1,411,重要发展客户
14357172,35,2,52.2,4,2,1,421,重要发展客户
14357447,35,4,136.5,4,3,2,432,重要发展客户
14357542,35,1,99.0,4,1,2,412,重要发展客户
14357614,6,5,9768.0,5,3,5,535,重要发展客户
14357713,35,1,48.0,4,1,1,411,重要发展客户
14357890,35,1,21.9,4,1,1,411,重要发展客户
14357937,35,1,69.0,4,1,1,411,重要发展客户
14357973,35,3,88.5,4,3,2,432,重要发展客户
14358153,3,11,707.6,5,4,4,544,重要价值客户
14358568,13,4,225.9,5,3,3,533,重要发展客户
14359117,34,1,39.2,4,1,1,411,重要发展客户
14359145,34,6,207.5,4,4,3,443,一般客户
14360004,34,5,209.0,4,3,3,433,重要发展客户
14360491,34,3,78.5,4,3,1,431,重要发展客户
14361124,30,3,494.8,4,3,4,434,重要发展客户
14361204,34,5,182.5,4,3,2,432,重要发展客户
14361630,12,7,643.5,5,4,4,544,重要价值客户
14361872,33,1,189.0,4,1,2,412,重要发展客户
14362333,33,4,123.5,4,3,2,432,重要发展客户
14363392,33,1,274.4,4,1,3,413,重要发展客户
14363878,33,6,210.0,4,4,3,443,一般客户
14364371,16,4,561.3,5,3,4,534,重要发展客户
14364517,33,8,421.4,4,4,4,444,重要价值客户
14364957,33,3,258.0,4,3,3,433,重要发展客户
14366079,32,8,520.2,4,4,4,444,重要价值客户
14366779,32,1,21.9,4,1,1,411,重要发展客户
14367025,4,6,738.2,5,4,4,544,重要价值客户
14367285,25,2,36.0,4,2,1,421,重要发展客户
14367547,5,5,401.8,5,3,3,533,重要发展客户
14367971,31,1,21.9,4,1,1,411,重要发展客户
14368065,29,5,601.4,4,3,4,434,重要发展客户
14368138,1,10,594.6,5,4,4,544,重要价值客户
14369884,26,1,9.9,4,1,1,411,重要发展客户
14369902,31,1,95.4,4,1,2,412,重要发展客户
14370833,1,34,3546.7,5,5,5,555,重要价值客户
14371008,31,7,108.4,4,4,2,442,一般客户
14371323,31,1,268.0,4,1,3,413,重要发展客户
14371664,30,2,143.0,4,2,2,422,重要发展客户
14371693,30,3,483.0,4,3,4,434,重要发展客户
14371836,30,1,21.9,4,1,1,411,重要发展客户
14371958,30,1,158.0,4,1,2,412,重要发展客户
14372304,26,6,91.2,4,4,2,442,一般客户
14372344,30,4,206.0,4,3,3,433,重要发展客户
14372423,30,1,85.0,4,1,1,411,重要发展客户
14372518,30,3,193.5,4,3,2,432,重要发展客户
14372604,30,1,142.8,4,1,2,412,重要发展客户
14372767,30,2,68.4,4,2,1,421,重要发展客户
14372830,26,1,19.8,4,1,1,411,重要发展客户
14373444,16,3,136.0,5,3,2,532,重要发展客户
14373561,30,1,368.0,4,1,3,413,重要发展客户
14374793,12,7,231.7,5,4,3,543,一般客户
14374936,29,1,222.0,4,1,3,413,重要发展客户
14374947,20,9,1029.0,4,4,5,445,重要价值客户
14375013,4,7,155.6,5,4,2,542,一般客户
14375140,29,3,76.9,4,3,1,431,重要发展客户
14375172,29,2,54.8,4,2,1,421,重要发展客户
14375248,29,3,88.5,4,3,2,432,重要发展客户
14375257,29,4,311.7,4,3,3,433,重要发展客户
14375470,29,5,169.8,4,3,2,432,重要发展客户
14375599,29,1,348.0,4,1,3,413,重要发展客户
14376076,25,9,131.8,4,4,2,442,一般客户
14376085,29,1,168.0,4,1,2,412,重要发展客户
14376133,29,3,53.5,4,3,1,431,重要发展客户
14376592,3,6,208.3,5,4,3,543,一般客户
14376595,28,4,66.9,4,3,1,431,重要发展客户
14376938,28,1,32.8,4,1,1,411,重要发展客户
14376965,28,3,98.4,4,3,2,432,重要发展客户
14376994,28,1,39.9,4,1,1,411,重要发展客户
14377092,10,6,208.8,5,4,3,543,一般客户
14377303,28,3,80.4,4,3,1,431,重要发展客户
14378001,28,1,1968.0,4,1,5,415,重要发展客户
14378162,28,5,152.5,4,3,2,432,重要发展客户
14378438,28,3,93.5,4,3,2,432,重要发展客户
14379257,28,1,27.2,4,1,1,411,重要发展客户
14379342,28,7,206.4,4,4,3,443,一般客户
14379400,27,3,173.0,4,3,2,432,重要发展客户
14379607,27,4,257.0,4,3,3,433,重要发展客户
14379618,27,1,188.0,4,1,2,412,重要发展客户
14379619,27,1,53.4,4,1,1,411,重要发展客户
14379629,27,1,175.0,4,1,2,412,重要发展客户
14379789,27,5,87.6,4,3,1,431,重要发展客户
14379804,27,4,180.7,4,3,2,432,重要发展客户
14379896,7,7,1641.7,5,4,5,545,重要价值客户
14379934,26,1,8.8,4,1,1,411,重要发展客户
14380134,27,1,99.0,4,1,2,412,重要发展客户
14380179,27,2,95.9,4,2,2,422,重要发展客户
14380702,27,4,432.5,4,3,4,434,重要发展客户
14381012,27,1,54.5,4,1,1,411,重要发展客户
14381375,20,2,98.5,4,2,2,422,重要发展客户
14381696,27,5,157.5,4,3,2,432,重要发展客户
14381702,26,5,322.0,4,3,3,433,重要发展客户
14381739,27,2,527.0,4,2,4,424,重要发展客户
14381904,27,4,48.0,4,3,1,431,重要发展客户
14382056,27,5,45.3,4,3,1,431,重要发展客户
14382083,27,2,49.8,4,2,1,421,重要发展客户
14382188,27,3,91.2,4,3,2,432,重要发展客户
14382914,27,3,126.5,4,3,2,432,重要发展客户
14383024,26,7,540.4,4,4,4,444,重要价值客户
14383169,4,7,389.5,5,4,3,543,一般客户
14383332,26,1,168.0,4,1,2,412,重要发展客户
14383500,19,4,1369.1,4,3,5,435,重要发展客户
14383668,26,3,23.6,4,3,1,431,重要发展客户
14383787,26,1,99.0,4,1,2,412,重要发展客户
14383815,26,2,37.599999999999994,4,2,1,421,重要发展客户
14383860,26,10,433.0,4,4,4,444,重要价值客户
14384070,7,5,784.9,5,3,4,534,重要发展客户
14384260,26,6,146.0,4,4,2,442,一般客户
14384306,26,4,118.4,4,3,2,432,重要发展客户
14384734,26,1,367.2,4,1,3,413,重要发展客户
14384782,26,1,169.0,4,1,2,412,重要发展客户
14384822,26,1,32.0,4,1,1,411,重要发展客户
14384967,26,4,148.5,4,3,2,432,重要发展客户
14385094,16,11,413.5,5,4,4,544,重要价值客户
14385098,26,2,84.8,4,2,1,421,重要发展客户
14385261,26,1,19.0,4,1,1,411,重要发展客户
14385475,26,7,392.5,4,4,3,443,一般客户
14385637,26,10,389.0,4,4,3,443,一般客户
14385667,26,4,159.0,4,3,2,432,重要发展客户
14385933,26,4,236.0,4,3,3,433,重要发展客户
14386766,25,3,321.7,4,3,3,433,重要发展客户
14387129,25,1,79.0,4,1,1,411,重要发展客户
14387331,25,9,729.0,4,4,4,444,重要价值客户
14387699,25,2,148.0,4,2,2,422,重要发展客户
14388223,25,3,99.7,4,3,2,432,重要发展客户
14388620,25,3,177.0,4,3,2,432,重要发展客户
14388639,25,1,40.0,4,1,1,411,重要发展客户
14388643,19,9,257.0,4,4,3,443,一般客户
14388925,25,6,900.9,4,4,4,444,重要价值客户
14389006,25,1,5.0,4,1,1,411,重要发展客户
14389126,11,10,706.3,5,4,4,544,重要价值客户
14389499,24,2,83.8,4,2,1,421,重要发展客户
14390006,15,2,486.0,5,2,4,524,重要发展客户
14390029,24,8,531.0,4,4,4,444,重要价值客户
14391284,24,8,193.4,4,4,2,442,一般客户
14392486,19,8,718.1999999999999,4,4,4,444,重要价值客户
14392683,23,1,49.0,4,1,1,411,重要发展客户
14393403,23,1,84.5,4,1,1,411,重要发展客户
14393467,17,12,385.40000000000003,5,4,3,543,一般客户
14393817,23,2,99.8,4,2,2,422,重要发展客户
14394910,23,1,428.2,4,1,4,414,重要发展客户
14395338,22,2,111.8,4,2,2,422,重要发展客户
14395476,22,2,170.0,4,2,2,422,重要发展客户
14395724,22,5,162.8,4,3,2,432,重要发展客户
14395872,22,6,440.0,4,4,4,444,重要价值客户
14396470,16,10,887.3,5,4,4,544,重要价值客户
14396719,22,1,49.0,4,1,1,411,重要发展客户
14397440,22,2,105.5,4,2,2,422,重要发展客户
14397469,22,3,486.6,4,3,4,434,重要发展客户
14397890,20,14,623.0,4,5,4,454,重要价值客户
14397907,22,1,16.0,4,1,1,411,重要发展客户
14398314,8,2,107.8,5,2,2,522,重要发展客户
14398647,21,1,88.0,4,1,2,412,重要发展客户
14398964,21,2,367.6,4,2,3,423,重要发展客户
14399499,21,1,14.5,4,1,1,411,重要发展客户
14399746,3,3,392.0,5,3,3,533,重要发展客户
14400227,21,2,158.0,4,2,2,422,重要发展客户
14400745,21,1,99.0,4,1,2,412,重要发展客户
14400853,21,2,57.5,4,2,1,421,重要发展客户
14401355,20,4,143.4,4,3,2,432,重要发展客户
14401751,16,2,85.0,5,2,1,521,重要发展客户
14401932,20,1,116.0,4,1,2,412,重要发展客户
14401946,20,1,16.5,4,1,1,411,重要发展客户
14402006,20,6,130.1,4,4,2,442,一般客户
14402122,20,2,71.0,4,2,1,421,重要发展客户
14402507,20,5,432.1,4,3,4,434,重要发展客户
14402531,20,1,13.5,4,1,1,411,重要发展客户
14402671,20,1,47.4,4,1,1,411,重要发展客户
14402855,20,1,40.0,4,1,1,411,重要发展客户
14402947,20,1,25.6,4,1,1,411,重要发展客户
14403008,20,1,99.0,4,1,2,412,重要发展客户
14403029,20,3,116.0,4,3,2,432,重要发展客户
14403335,15,2,61.9,5,2,1,521,重要发展客户
14403383,20,4,144.7,4,3,2,432,重要发展客户
14403508,20,1,15.8,4,1,1,411,重要发展客户
14403740,20,8,435.6,4,4,4,444,重要价值客户
14404311,16,15,704.1,5,5,4,554,重要价值客户
14404315,20,1,29.8,4,1,1,411,重要发展客户
14404494,16,7,243.0,5,4,3,543,一般客户
14405010,19,1,288.0,4,1,3,413,重要发展客户
14405359,19,1,16.0,4,1,1,411,重要发展客户
14405577,19,2,84.69999999999999,4,2,1,421,重要发展客户
14406583,19,3,207.0,4,3,3,433,重要发展客户
14406631,19,3,93.3,4,3,2,432,重要发展客户
14406696,19,2,158.0,4,2,2,422,重要发展客户
14406891,19,5,152.0,4,3,2,432,重要发展客户
14407164,19,4,155.0,4,3,2,432,重要发展客户
14407393,19,3,55.8,4,3,1,431,重要发展客户
14407645,19,1,119.0,4,1,2,412,重要发展客户
14407707,19,6,215.5,4,4,3,443,一般客户
14407859,19,2,177.9,4,2,2,422,重要发展客户
14407913,19,1,148.0,4,1,2,412,重要发展客户
14408018,19,3,92.19999999999999,4,3,2,432,重要发展客户
14408295,19,1,2.0,4,1,1,411,重要发展客户
14408713,18,1,199.0,5,1,3,513,重要发展客户
14408820,18,2,203.9,5,2,3,523,重要发展客户
14409065,18,1,41.4,5,1,1,511,重要发展客户
14409259,18,1,5.9,5,1,1,511,重要发展客户
14409789,18,3,218.0,5,3,3,533,重要发展客户
14410120,18,1,42.0,5,1,1,511,重要发展客户
14410187,18,3,174.6,5,3,2,532,重要发展客户
14410476,18,2,44.9,5,2,1,521,重要发展客户
14410491,6,5,505.9,5,3,4,534,重要发展客户
14410609,12,1,25.8,5,1,1,511,重要发展客户
14410757,18,7,103.5,5,4,2,542,一般客户
14411519,6,7,125.2,5,4,2,542,一般客户
14411577,17,3,247.0,5,3,3,533,重要发展客户
14411616,17,2,119.80000000000001,5,2,2,522,重要发展客户
14411789,17,4,416.3,5,3,4,534,重要发展客户
14412122,17,7,255.4,5,4,3,543,一般客户
14412143,17,2,158.0,5,2,2,522,重要发展客户
14412969,17,3,231.0,5,3,3,533,重要发展客户
14412978,15,1,176.0,5,1,2,512,重要发展客户
14413188,17,2,108.0,5,2,2,522,重要发展客户
14413191,17,1,178.0,5,1,2,512,重要发展客户
14413197,17,1,20.9,5,1,1,511,重要发展客户
14413466,16,6,2981.6000000000004,5,4,5,545,重要价值客户
14413678,17,5,100.0,5,3,2,532,重要发展客户
14414178,16,5,251.3,5,3,3,533,重要发展客户
14414698,16,3,91.2,5,3,2,532,重要发展客户
14414716,16,2,59.2,5,2,1,521,重要发展客户
14415000,16,1,306.0,5,1,3,513,重要发展客户
14415345,16,1,29.0,5,1,1,511,重要发展客户
14415739,16,1,29.8,5,1,1,511,重要发展客户
14415917,16,4,214.6,5,3,3,533,重要发展客户
14416356,16,4,106.0,5,3,2,532,重要发展客户
14416368,16,2,98.0,5,2,2,522,重要发展客户
14416595,16,1,397.0,5,1,3,513,重要发展客户
14416670,16,1,19.9,5,1,1,511,重要发展客户
14417129,15,4,100.0,5,3,2,532,重要发展客户
14418260,15,1,302.4,5,1,3,513,重要发展客户
14418662,1,11,177.2,5,4,2,542,一般客户
14418736,15,9,170.7,5,4,2,542,一般客户
14419268,9,3,53.7,5,3,1,531,重要发展客户
14419399,11,5,234.9,5,3,3,533,重要发展客户
14419582,14,2,44.0,5,2,1,521,重要发展客户
14419708,14,1,135.2,5,1,2,512,重要发展客户
14420305,14,3,97.0,5,3,2,532,重要发展客户
14420474,14,2,108.9,5,2,2,522,重要发展客户
14420721,14,3,87.0,5,3,1,531,重要发展客户
14421302,14,2,863.0,5,2,4,524,重要发展客户
14422896,11,12,396.0,5,4,3,543,一般客户
14423001,13,1,99.0,5,1,2,512,重要发展客户
14423395,13,2,84.0,5,2,1,521,重要发展客户
14423763,13,3,452.0,5,3,4,534,重要发展客户
14424233,13,2,466.0,5,2,4,524,重要发展客户
14424539,1,5,293.8,5,3,3,533,重要发展客户
14424972,13,1,49.0,5,1,1,511,重要发展客户
14425137,13,3,103.5,5,3,2,532,重要发展客户
14425335,13,1,595.2,5,1,4,514,重要发展客户
14425497,13,2,176.0,5,2,2,522,重要发展客户
14425820,13,2,74.0,5,2,1,521,重要发展客户
14425842,13,19,760.5,5,5,4,554,重要价值客户
14425885,8,4,361.0,5,3,3,533,重要发展客户
14426251,12,3,136.0,5,3,2,532,重要发展客户
14426327,12,4,88.0,5,3,2,532,重要发展客户
14426627,12,5,162.9,5,3,2,532,重要发展客户
14426713,12,1,189.0,5,1,2,512,重要发展客户
14426890,12,3,93.0,5,3,2,532,重要发展客户
14427022,11,6,230.7,5,4,3,543,一般客户
14427039,12,1,198.0,5,1,3,513,重要发展客户
14427305,12,3,127.0,5,3,2,532,重要发展客户
14427930,10,8,749.9,5,4,4,544,重要价值客户
14428451,12,2,163.9,5,2,2,522,重要发展客户
14428684,12,5,148.9,5,3,2,532,重要发展客户
14428759,8,4,125.9,5,3,2,532,重要发展客户
14429027,12,3,107.0,5,3,2,532,重要发展客户
14429265,12,2,603.5,5,2,4,524,重要发展客户
14429267,12,1,378.0,5,1,3,513,重要发展客户
14429430,12,3,120.2,5,3,2,532,重要发展客户
14429551,3,2,834.0,5,2,4,524,重要发展客户
14429985,11,9,343.0,5,4,3,543,一般客户
14430121,11,18,751.8,5,5,4,554,重要价值客户
14430520,11,2,55.2,5,2,1,521,重要发展客户
14430870,11,1,148.0,5,1,2,512,重要发展客户
14430952,11,2,64.0,5,2,1,521,重要发展客户
14431003,11,6,192.2,5,4,2,542,一般客户
14431007,11,1,49.9,5,1,1,511,重要发展客户
14431066,11,3,120.8,5,3,2,532,重要发展客户
14431069,11,4,106.60000000000001,5,3,2,532,重要发展客户
14431164,11,4,96.0,5,3,2,532,重要发展客户
14431243,11,1,1232.0,5,1,5,515,重要发展客户
14431358,11,6,247.60000000000002,5,4,3,543,一般客户
14431379,1,9,238.8,5,4,3,543,一般客户
14431763,11,5,125.4,5,3,2,532,重要发展客户
14431901,11,4,117.5,5,3,2,532,重要发展客户
14431902,11,4,218.8,5,3,3,533,重要发展客户
14431964,4,2,68.5,5,2,1,521,重要发展客户
14432108,11,1,109.0,5,1,2,512,重要发展客户
14432321,10,2,95.9,5,2,2,522,重要发展客户
14433076,10,2,393.8,5,2,3,523,重要发展客户
14433489,10,2,399.0,5,2,3,523,重要发展客户
14433518,10,5,195.0,5,3,2,532,重要发展客户
14433583,10,1,23.8,5,1,1,511,重要发展客户
14434092,10,10,354.2,5,4,3,543,一般客户
14434884,9,2,223.5,5,2,3,523,重要发展客户
