client_id,性别,birth_date,district_id,年龄,年龄段,交易笔数,交易总额,账户数,活跃度标签,价值标签,贷款笔数,未结清笔数,持卡数,最长账龄月,负债标签
1,女,1970-12-13,18,28,26-35,239,375192,1,超高频,普通,0.0,0.0,0.0,46.0,无负债
2,男,1945-02-04,1,53,46-55,478,3151514,1,超高频,高价值,1.0,1.0,0.0,71.2,有负债
3,女,1940-10-09,1,58,>55,478,3151514,1,超高频,高价值,1.0,1.0,0.0,71.2,有负债
4,男,1956-12-01,5,42,36-45,117,295030,1,超高频,普通,0.0,0.0,0.0,18.1,无负债
5,女,1960-07-03,5,38,36-45,117,295030,1,超高频,普通,0.0,0.0,0.0,18.1,无负债
6,男,1919-09-22,12,79,>55,186,350986,1,超高频,普通,0.0,0.0,0.0,34.8,无负债
7,男,1929-01-25,15,69,>55,84,166891,1,超高频,普通,0.0,0.0,0.0,19.4,无负债
8,女,1938-02-21,51,60,>55,246,647584,1,超高频,普通,0.0,0.0,0.0,51.9,无负债
9,男,1935-10-16,60,63,>55,130,1192047,1,超高频,优质,0.0,0.0,1.0,25.6,无负债
10,男,1943-05-01,57,55,46-55,254,1712923,1,超高频,优质,0.0,0.0,0.0,39.9,无负债
11,女,1950-08-22,57,48,46-55,254,1712923,1,超高频,优质,0.0,0.0,0.0,39.9,无负债
12,男,1981-02-20,40,17,≤25,361,696458,1,超高频,普通,0.0,0.0,0.0,72.2,无负债
13,女,1974-05-29,54,24,≤25,156,1040615,1,超高频,优质,0.0,0.0,0.0,28.5,无负债
14,女,1942-06-22,76,56,>55,186,258116,1,超高频,普通,0.0,0.0,0.0,39.3,无负债
15,女,1918-08-28,21,80,>55,106,216758,1,超高频,普通,0.0,0.0,0.0,20.9,无负债
16,男,1919-02-25,21,79,>55,106,216758,1,超高频,普通,0.0,0.0,0.0,20.9,无负债
17,男,1934-10-13,76,64,>55,75,208219,1,超高频,普通,0.0,0.0,0.0,16.7,无负债
18,女,1931-04-05,76,67,>55,75,208219,1,超高频,普通,0.0,0.0,0.0,16.7,无负债
19,男,1942-12-28,47,56,>55,124,785868,1,超高频,普通,0.0,0.0,1.0,25.5,无负债
20,男,1979-01-04,46,20,≤25,365,2329599,1,超高频,高价值,0.0,0.0,0.0,63.9,无负债
21,女,1952-10-29,12,46,46-55,60,661407,1,高频,普通,0.0,0.0,0.0,15.5,无负债
22,女,1969-10-11,1,29,26-35,54,413048,1,高频,普通,0.0,0.0,0.0,24.1,无负债
23,男,1973-05-29,1,25,≤25,54,413048,1,高频,普通,0.0,0.0,0.0,24.1,无负债
24,女,1939-07-29,43,59,>55,328,3728704,1,超高频,高价值,0.0,0.0,0.0,68.2,无负债
25,女,1939-04-23,21,59,>55,303,1575532,1,超高频,优质,1.0,0.0,0.0,45.5,无负债
26,女,1969-04-20,74,29,26-35,116,154761,1,超高频,普通,0.0,0.0,0.0,28.7,无负债
27,女,1966-03-26,54,32,26-35,62,298438,1,超高频,普通,0.0,0.0,0.0,13.0,无负债
28,男,1945-09-29,1,53,46-55,310,2099490,1,超高频,优质,0.0,0.0,0.0,58.2,无负债
29,女,1951-09-11,30,47,46-55,370,3195889,1,超高频,高价值,0.0,0.0,0.0,68.3,无负债
30,女,1957-10-09,74,41,36-45,140,688143,1,超高频,普通,0.0,0.0,0.0,25.2,无负债
31,男,1962-02-09,68,36,36-45,274,2958556,1,超高频,高价值,1.0,1.0,0.0,29.6,有负债
32,男,1980-07-28,52,18,≤25,351,3471064,1,超高频,高价值,0.0,0.0,0.0,65.7,无负债
33,女,1948-12-04,73,50,46-55,352,1204982,1,超高频,优质,0.0,0.0,0.0,64.1,无负债
36,女,1978-07-17,7,20,≤25,367,1885951,1,超高频,优质,0.0,0.0,0.0,50.0,无负债
37,男,1970-08-10,7,28,26-35,367,1885951,1,超高频,优质,0.0,0.0,0.0,50.0,无负债
38,女,1973-07-23,36,25,≤25,281,4561821,1,超高频,高价值,0.0,0.0,0.0,46.6,无负债
39,男,1968-01-25,68,30,26-35,383,5807700,1,超高频,高价值,0.0,0.0,0.0,57.0,无负债
40,女,1957-01-22,5,41,36-45,180,1378959,1,超高频,优质,0.0,0.0,0.0,40.7,无负债
41,男,1968-08-27,22,30,26-35,344,3232014,1,超高频,高价值,0.0,0.0,1.0,65.1,无负债
42,男,1935-08-17,68,63,>55,409,4342634,1,超高频,高价值,0.0,0.0,1.0,64.4,无负债
43,男,1920-10-28,75,78,>55,379,697993,1,超高频,普通,0.0,0.0,0.0,66.8,无负债
44,女,1977-01-11,38,21,≤25,388,2793033,1,超高频,高价值,0.0,0.0,0.0,67.0,无负债
45,男,1952-08-26,20,46,46-55,130,948159,1,超高频,优质,1.0,0.0,0.0,16.7,无负债
46,女,1940-01-30,19,58,>55,130,571952,1,超高频,普通,1.0,1.0,0.0,17.0,有负债
47,男,1934-07-14,76,64,>55,399,813566,1,超高频,普通,0.0,0.0,0.0,64.2,无负债
48,男,1940-02-09,16,58,>55,366,906138,1,超高频,优质,0.0,0.0,0.0,63.1,无负债
49,女,1959-05-11,72,39,36-45,71,555123,1,超高频,普通,0.0,0.0,0.0,17.2,无负债
50,女,1978-07-30,39,20,≤25,198,595006,1,超高频,普通,0.0,0.0,0.0,28.9,无负债
51,女,1979-12-02,36,19,≤25,321,2841707,1,超高频,高价值,0.0,0.0,1.0,55.5,无负债
52,男,1924-12-12,32,74,>55,316,549441,1,超高频,普通,0.0,0.0,0.0,68.7,无负债
53,男,1977-05-05,64,21,≤25,69,133404,1,超高频,普通,0.0,0.0,0.0,16.2,无负债
55,女,1948-09-18,45,50,46-55,565,4933924,1,超高频,高价值,0.0,0.0,0.0,65.7,无负债
56,男,1960-03-31,21,38,36-45,151,1197231,1,超高频,优质,0.0,0.0,1.0,25.8,无负债
57,女,1961-12-17,21,37,36-45,151,1197231,1,超高频,优质,0.0,0.0,0.0,25.8,无负债
58,女,1927-04-29,1,71,>55,93,183169,1,超高频,普通,0.0,0.0,0.0,21.2,无负债
59,男,1957-02-18,1,41,36-45,377,1916928,1,超高频,优质,0.0,0.0,0.0,56.7,无负债
60,男,1980-02-19,67,18,≤25,192,1322354,1,超高频,优质,0.0,0.0,1.0,32.2,无负债
61,女,1948-08-06,16,50,46-55,144,1264713,1,超高频,优质,0.0,0.0,0.0,23.4,无负债
62,男,1932-12-08,77,66,>55,197,360136,1,超高频,普通,0.0,0.0,0.0,43.5,无负债
63,男,1959-06-04,4,39,36-45,210,282795,1,超高频,普通,0.0,0.0,0.0,44.7,无负债
64,男,1926-04-22,20,72,>55,150,298757,1,超高频,普通,0.0,0.0,0.0,34.9,无负债
65,女,1943-05-27,50,55,46-55,293,1761931,1,超高频,优质,0.0,0.0,0.0,56.4,无负债
66,女,1951-11-10,1,47,46-55,255,1955880,1,超高频,优质,0.0,0.0,0.0,44.0,无负债
67,女,1932-11-11,29,66,>55,137,317495,1,超高频,普通,0.0,0.0,0.0,28.7,无负债
68,男,1946-12-14,43,52,46-55,385,1802407,1,超高频,优质,0.0,0.0,0.0,58.0,无负债
70,男,1925-12-22,70,73,>55,339,474598,1,超高频,普通,0.0,0.0,0.0,61.6,无负债
71,女,1927-02-06,70,71,>55,339,474598,1,超高频,普通,0.0,0.0,0.0,61.6,无负债
72,男,1923-01-13,47,76,>55,356,698850,1,超高频,普通,0.0,0.0,0.0,70.2,无负债
73,男,1924-02-20,22,74,>55,129,224742,1,超高频,普通,0.0,0.0,0.0,25.9,无负债
74,女,1925-07-26,22,73,>55,129,224742,1,超高频,普通,0.0,0.0,0.0,25.9,无负债
75,女,1977-09-19,64,21,≤25,44,217928,1,高频,普通,0.0,0.0,0.0,22.0,无负债
76,女,1967-10-01,36,31,26-35,181,1357458,1,超高频,优质,0.0,0.0,1.0,26.5,无负债
77,女,1956-02-18,1,42,36-45,316,5879320,1,超高频,高价值,0.0,0.0,1.0,61.8,无负债
78,女,1944-06-13,16,54,46-55,382,4518183,1,超高频,高价值,1.0,1.0,0.0,51.2,有负债
79,女,1969-03-10,37,29,26-35,424,3645529,1,超高频,高价值,0.0,0.0,1.0,49.1,无负债
80,女,1979-02-25,64,19,≤25,196,501152,1,超高频,普通,0.0,0.0,0.0,36.2,无负债
81,男,1976-04-29,8,22,≤25,245,915239,1,超高频,优质,0.0,0.0,0.0,47.1,无负债
82,女,1979-12-25,8,19,≤25,245,915239,1,超高频,优质,0.0,0.0,0.0,47.1,无负债
83,女,1978-12-25,1,20,≤25,496,2695819,1,超高频,高价值,0.0,0.0,1.0,58.8,无负债
84,男,1979-05-05,1,19,≤25,496,2695819,1,超高频,高价值,0.0,0.0,0.0,58.8,无负债
85,男,1961-08-27,1,37,36-45,242,3287346,1,超高频,高价值,0.0,0.0,0.0,30.8,无负债
86,女,1969-07-20,1,29,26-35,242,3287346,1,超高频,高价值,0.0,0.0,0.0,30.8,无负债
87,女,1946-11-17,72,52,46-55,366,2564611,1,超高频,高价值,0.0,0.0,1.0,62.7,无负债
89,女,1951-05-05,1,47,46-55,215,1085901,1,超高频,优质,0.0,0.0,0.0,41.2,无负债
90,男,1975-08-17,52,23,≤25,163,580237,1,超高频,普通,0.0,0.0,0.0,32.0,无负债
91,男,1940-08-07,63,58,>55,104,927958,1,超高频,优质,0.0,0.0,0.0,25.8,无负债
92,女,1966-06-12,74,32,26-35,388,2469502,1,超高频,高价值,0.0,0.0,0.0,66.8,无负债
93,男,1925-02-16,3,73,>55,104,191752,1,超高频,普通,0.0,0.0,0.0,25.4,无负债
94,男,1947-09-09,43,51,46-55,176,243714,1,超高频,普通,0.0,0.0,0.0,39.7,无负债
95,女,1952-08-03,43,46,46-55,176,243714,1,超高频,普通,0.0,0.0,0.0,39.7,无负债
96,男,1972-02-29,74,26,26-35,217,235073,1,超高频,普通,0.0,0.0,0.0,29.9,无负债
97,男,1965-11-28,26,33,26-35,332,4840846,1,超高频,高价值,0.0,0.0,0.0,56.8,无负债
98,女,1973-05-04,33,25,≤25,431,1417985,1,超高频,优质,0.0,0.0,0.0,69.5,无负债
99,男,1973-01-26,33,25,≤25,431,1417985,1,超高频,优质,0.0,0.0,0.0,69.5,无负债
100,女,1942-08-11,44,56,>55,211,2374918,1,超高频,高价值,0.0,0.0,0.0,36.8,无负债
101,男,1943-01-23,68,55,46-55,108,311183,1,超高频,普通,0.0,0.0,0.0,21.6,无负债
102,女,1958-09-10,74,40,36-45,410,444927,1,超高频,普通,0.0,0.0,0.0,70.9,无负债
103,男,1955-07-11,74,43,36-45,410,444927,1,超高频,普通,0.0,0.0,0.0,70.9,无负债
105,男,1980-05-26,31,18,≤25,140,184682,1,超高频,普通,0.0,0.0,0.0,30.4,无负债
106,女,1968-12-30,68,30,26-35,61,159216,1,超高频,普通,0.0,0.0,0.0,15.4,无负债
107,男,1972-06-23,1,26,26-35,457,2839857,1,超高频,高价值,0.0,0.0,0.0,54.4,无负债
108,男,1963-09-13,17,35,26-35,79,537088,1,超高频,普通,0.0,0.0,0.0,26.2,无负债
110,女,1967-04-13,2,31,26-35,143,488783,1,超高频,普通,0.0,0.0,0.0,31.1,无负债
112,男,1935-01-25,1,63,>55,217,2284032,1,超高频,优质,0.0,0.0,1.0,45.8,无负债
113,女,1940-08-15,1,58,>55,217,2284032,1,超高频,优质,0.0,0.0,0.0,45.8,无负债
114,女,1969-06-24,74,29,26-35,661,6749870,1,超高频,高价值,0.0,0.0,1.0,71.4,无负债
115,男,1969-12-24,74,29,26-35,661,6749870,1,超高频,高价值,0.0,0.0,0.0,71.4,无负债
116,男,1942-01-28,74,56,>55,274,1229270,1,超高频,优质,1.0,1.0,1.0,32.4,有负债
117,女,1936-09-20,74,62,>55,274,1229270,1,超高频,优质,1.0,1.0,0.0,32.4,有负债
118,男,1922-07-19,55,76,>55,106,172406,1,超高频,普通,0.0,0.0,0.0,20.3,无负债
119,女,1922-02-28,55,76,>55,106,172406,1,超高频,普通,0.0,0.0,0.0,20.3,无负债
120,男,1976-05-10,1,22,≤25,248,2513988,1,超高频,高价值,0.0,0.0,0.0,42.8,无负债
121,女,1978-10-29,41,20,≤25,405,1691619,1,超高频,优质,0.0,0.0,0.0,61.0,无负债
122,女,1963-11-13,35,35,26-35,208,1278571,1,超高频,优质,0.0,0.0,0.0,33.0,无负债
123,男,1969-02-12,11,29,26-35,319,1768092,1,超高频,优质,0.0,0.0,0.0,63.4,无负债
124,男,1967-09-21,44,31,26-35,185,1714758,1,超高频,优质,1.0,0.0,0.0,34.2,无负债
125,男,1936-10-31,37,62,>55,385,402639,1,超高频,普通,0.0,0.0,0.0,69.6,无负债
126,女,1929-09-27,37,69,>55,385,402639,1,超高频,普通,0.0,0.0,0.0,69.6,无负债
127,女,1950-12-27,21,48,46-55,59,493762,1,高频,普通,1.0,1.0,1.0,18.0,有负债
128,女,1973-04-04,63,25,≤25,282,1854795,1,超高频,优质,0.0,0.0,1.0,49.9,无负债
129,女,1947-05-31,64,51,46-55,476,1058023,1,超高频,优质,0.0,0.0,0.0,62.8,无负债
130,男,1942-02-14,53,56,>55,241,1532849,1,超高频,优质,0.0,0.0,1.0,46.4,无负债
131,女,1977-01-31,53,21,≤25,113,203528,1,超高频,普通,0.0,0.0,1.0,20.7,无负债
132,男,1953-01-26,36,45,36-45,209,1429406,1,超高频,优质,1.0,1.0,1.0,29.9,有负债
134,男,1932-01-18,6,67,>55,356,884722,1,超高频,普通,0.0,0.0,0.0,70.7,无负债
135,女,1938-09-10,6,60,>55,356,884722,1,超高频,普通,0.0,0.0,0.0,70.7,无负债
136,女,1921-01-26,55,77,>55,136,351164,1,超高频,普通,0.0,0.0,0.0,29.8,无负债
137,男,1923-09-14,60,75,>55,103,155718,1,超高频,普通,0.0,0.0,0.0,21.9,无负债
138,女,1972-10-21,54,26,26-35,376,1235603,1,超高频,优质,0.0,0.0,1.0,70.5,无负债
139,女,1959-07-25,8,39,36-45,178,1607845,1,超高频,优质,0.0,0.0,0.0,33.9,无负债
140,男,1961-06-06,8,37,36-45,178,1607845,1,超高频,优质,0.0,0.0,0.0,33.9,无负债
141,男,1925-11-02,31,73,>55,330,623427,1,超高频,普通,0.0,0.0,0.0,64.8,无负债
142,男,1937-06-21,68,61,>55,73,134560,1,超高频,普通,0.0,0.0,0.0,15.7,无负债
143,男,1978-07-09,27,20,≤25,395,3110282,1,超高频,高价值,0.0,0.0,0.0,68.2,无负债
144,男,1958-12-06,65,40,36-45,245,2127817,1,超高频,优质,0.0,0.0,0.0,43.2,无负债
145,男,1978-02-14,55,20,≤25,92,117133,1,超高频,普通,0.0,0.0,0.0,14.9,无负债
146,女,1961-12-19,31,37,36-45,110,1244009,1,超高频,优质,0.0,0.0,1.0,26.4,无负债
147,女,1933-11-02,21,65,>55,334,654464,1,超高频,普通,0.0,0.0,0.0,70.7,无负债
148,男,1940-12-25,21,58,>55,334,654464,1,超高频,普通,0.0,0.0,0.0,70.7,无负债
149,男,1948-06-27,55,50,46-55,70,89506,1,超高频,普通,0.0,0.0,0.0,12.3,无负债
150,女,1980-09-27,2,18,≤25,150,1902747,1,超高频,优质,0.0,0.0,0.0,28.2,无负债
151,女,1971-09-23,51,27,26-35,335,3166496,1,超高频,高价值,0.0,0.0,0.0,63.2,无负债
152,女,1945-12-02,29,53,46-55,274,387668,1,超高频,普通,0.0,0.0,0.0,59.8,无负债
153,女,1981-02-12,13,17,≤25,399,814902,1,超高频,普通,0.0,0.0,1.0,71.4,无负债
154,男,1933-08-27,74,65,>55,67,193880,1,超高频,普通,0.0,0.0,0.0,15.2,无负债
155,女,1939-03-13,74,59,>55,67,193880,1,超高频,普通,0.0,0.0,0.0,15.2,无负债
156,女,1930-07-22,54,68,>55,103,275462,1,超高频,普通,0.0,0.0,0.0,22.9,无负债
157,女,1943-07-09,52,55,46-55,212,955788,1,超高频,优质,0.0,0.0,0.0,43.3,无负债
158,女,1945-07-03,40,53,46-55,198,2535955,1,超高频,高价值,1.0,1.0,1.0,32.2,有负债
159,男,1938-09-10,40,60,>55,198,2535955,1,超高频,高价值,1.0,1.0,0.0,32.2,有负债
160,女,1942-04-26,64,56,>55,113,1341991,1,超高频,优质,0.0,0.0,0.0,14.9,无负债
161,女,1943-10-07,34,55,46-55,48,235738,1,高频,普通,0.0,0.0,1.0,12.9,无负债
162,男,1941-10-17,65,57,>55,326,742512,1,超高频,普通,0.0,0.0,0.0,67.5,无负债
163,男,1933-06-12,74,65,>55,152,374630,1,超高频,普通,0.0,0.0,0.0,32.1,无负债
164,女,1962-04-04,70,36,36-45,181,1422946,1,超高频,优质,0.0,0.0,0.0,29.9,无负债
165,男,1968-11-08,22,30,26-35,24,54000,1,高频,普通,0.0,0.0,0.0,40.0,无负债
166,女,1961-10-22,22,37,36-45,24,54000,1,高频,普通,0.0,0.0,0.0,40.0,无负债
167,女,1978-04-18,38,20,≤25,98,1334277,1,超高频,优质,0.0,0.0,1.0,19.9,无负债
168,女,1976-11-05,24,22,≤25,66,333223,1,超高频,普通,0.0,0.0,0.0,30.7,无负债
169,男,1953-09-12,38,45,36-45,241,2190444,1,超高频,优质,0.0,0.0,0.0,34.4,无负债
170,女,1946-06-16,38,52,46-55,241,2190444,1,超高频,优质,0.0,0.0,0.0,34.4,无负债
171,男,1929-06-25,51,69,>55,349,629147,1,超高频,普通,0.0,0.0,0.0,71.5,无负债
172,女,1935-10-05,51,63,>55,349,629147,1,超高频,普通,0.0,0.0,0.0,71.5,无负债
173,女,1918-12-08,21,80,>55,114,227391,1,超高频,普通,0.0,0.0,0.0,25.5,无负债
174,男,1978-11-10,10,20,≤25,122,1533261,1,超高频,优质,0.0,0.0,1.0,21.3,无负债
175,男,1960-07-13,31,38,36-45,204,658695,1,超高频,普通,0.0,0.0,0.0,36.5,无负债
176,男,1929-03-11,4,69,>55,305,780292,1,超高频,普通,0.0,0.0,0.0,64.9,无负债
178,男,1960-12-22,8,38,36-45,445,440816,1,超高频,普通,0.0,0.0,0.0,67.3,无负债
179,男,1980-12-29,43,18,≤25,62,122918,1,超高频,普通,0.0,0.0,0.0,13.7,无负债
180,男,1982-01-19,73,16,≤25,244,544413,1,超高频,普通,0.0,0.0,0.0,46.2,无负债
181,男,1967-07-06,76,31,26-35,394,722606,1,超高频,普通,0.0,0.0,0.0,64.8,无负债
182,女,1959-07-13,76,39,36-45,394,722606,1,超高频,普通,0.0,0.0,0.0,64.8,无负债
183,女,1978-03-19,1,20,≤25,196,401500,1,超高频,普通,0.0,0.0,0.0,33.1,无负债
184,男,1972-06-05,1,26,26-35,196,401500,1,超高频,普通,0.0,0.0,0.0,33.1,无负债
185,男,1954-05-30,77,44,36-45,336,1887249,1,超高频,优质,0.0,0.0,0.0,64.3,无负债
186,女,1961-02-22,46,37,36-45,316,1594131,1,超高频,优质,0.0,0.0,0.0,55.2,无负债
187,男,1942-08-23,58,56,>55,205,464137,1,超高频,普通,0.0,0.0,0.0,38.4,无负债
188,男,1960-09-02,64,38,36-45,49,84422,1,高频,普通,0.0,0.0,0.0,14.5,无负债
189,男,1919-08-10,11,79,>55,93,260427,1,超高频,普通,0.0,0.0,0.0,21.5,无负债
190,女,1947-10-31,37,51,46-55,260,2405413,1,超高频,高价值,0.0,0.0,0.0,46.3,无负债
191,男,1954-09-03,37,44,36-45,260,2405413,1,超高频,高价值,0.0,0.0,0.0,46.3,无负债
192,男,1971-02-28,70,27,26-35,112,980219,1,超高频,优质,0.0,0.0,1.0,23.0,无负债
193,男,1962-05-01,1,36,36-45,437,1847782,1,超高频,优质,0.0,0.0,0.0,64.8,无负债
194,女,1924-12-20,28,74,>55,304,472972,1,超高频,普通,0.0,0.0,0.0,54.7,无负债
195,男,1919-11-18,74,79,>55,286,655479,1,超高频,普通,0.0,0.0,0.0,65.2,无负债
196,女,1927-06-25,74,71,>55,286,655479,1,超高频,普通,0.0,0.0,0.0,65.2,无负债
197,男,1933-04-25,30,65,>55,434,930544,1,超高频,优质,0.0,0.0,0.0,72.2,无负债
198,男,1976-07-14,60,22,≤25,51,281459,1,高频,普通,0.0,0.0,0.0,28.0,无负债
199,男,1923-06-21,29,75,>55,372,878295,1,超高频,普通,0.0,0.0,0.0,68.0,无负债
200,女,1928-01-13,29,71,>55,372,878295,1,超高频,普通,0.0,0.0,0.0,68.0,无负债
201,女,1930-08-19,17,68,>55,119,240358,1,超高频,普通,0.0,0.0,0.0,28.8,无负债
202,女,1976-11-21,29,22,≤25,177,2755589,1,超高频,高价值,0.0,0.0,1.0,34.7,无负债
203,男,1962-06-10,31,36,36-45,329,404917,1,超高频,普通,0.0,0.0,0.0,69.2,无负债
204,女,1967-06-17,31,31,26-35,329,404917,1,超高频,普通,0.0,0.0,0.0,69.2,无负债
205,女,1942-06-15,4,56,>55,210,1054696,1,超高频,优质,0.0,0.0,0.0,39.7,无负债
206,女,1963-04-13,59,35,26-35,144,1081252,1,超高频,优质,0.0,0.0,0.0,30.4,无负债
207,男,1932-05-20,46,66,>55,153,362107,1,超高频,普通,0.0,0.0,0.0,31.2,无负债
208,女,1940-06-25,13,58,>55,378,3083101,1,超高频,高价值,0.0,0.0,1.0,65.0,无负债
209,男,1935-08-20,13,63,>55,378,3083101,1,超高频,高价值,0.0,0.0,0.0,65.0,无负债
210,男,1939-11-30,66,59,>55,572,2581475,1,超高频,高价值,1.0,1.0,0.0,62.1,有负债
211,女,1945-06-28,66,53,46-55,572,2581475,1,超高频,高价值,1.0,1.0,0.0,62.1,有负债
212,男,1975-02-10,52,23,≤25,121,173376,1,超高频,普通,0.0,0.0,0.0,28.3,无负债
215,男,1967-09-24,71,31,26-35,274,2890719,1,超高频,高价值,1.0,1.0,0.0,29.1,有负债
216,男,1960-01-30,1,38,36-45,59,588666,1,高频,普通,0.0,0.0,0.0,15.4,无负债
217,女,1974-12-22,59,24,≤25,76,80844,1,超高频,普通,0.0,0.0,0.0,16.1,无负债
218,女,1980-01-23,1,18,≤25,119,1242390,1,超高频,优质,0.0,0.0,0.0,15.5,无负债
219,女,1964-04-02,60,34,26-35,331,3209818,1,超高频,高价值,0.0,0.0,1.0,61.5,无负债
221,女,1977-02-25,21,21,≤25,169,709791,1,超高频,普通,0.0,0.0,1.0,31.1,无负债
222,女,1972-06-29,47,26,26-35,9,29400,1,中频,普通,0.0,0.0,0.0,28.7,无负债
223,女,1952-02-27,43,46,46-55,380,1895895,1,超高频,优质,0.0,0.0,0.0,61.5,无负债
224,男,1955-05-11,77,43,36-45,163,1406508,1,超高频,优质,0.0,0.0,0.0,34.8,无负债
225,男,1936-05-10,32,62,>55,96,694322,1,超高频,普通,0.0,0.0,1.0,18.2,无负债
226,男,1942-06-16,1,56,>55,413,5133111,1,超高频,高价值,0.0,0.0,0.0,66.1,无负债
227,女,1926-12-18,52,72,>55,322,564129,1,超高频,普通,0.0,0.0,0.0,70.2,无负债
228,女,1956-03-16,48,42,36-45,403,2817194,1,超高频,高价值,0.0,0.0,0.0,69.4,无负债
229,男,1969-07-22,76,29,26-35,141,862961,1,超高频,普通,0.0,0.0,0.0,20.8,无负债
230,女,1967-03-10,74,31,26-35,385,1726310,1,超高频,优质,0.0,0.0,0.0,46.7,无负债
231,男,1941-02-18,41,57,>55,106,1951562,1,超高频,优质,0.0,0.0,1.0,21.8,无负债
232,女,1921-06-17,55,77,>55,349,816589,1,超高频,普通,0.0,0.0,0.0,72.8,无负债
233,女,1958-12-03,69,40,36-45,123,556325,1,超高频,普通,0.0,0.0,0.0,24.7,无负债
234,男,1955-06-21,69,43,36-45,123,556325,1,超高频,普通,0.0,0.0,0.0,24.7,无负债
235,女,1943-08-28,44,55,46-55,164,289146,1,超高频,普通,0.0,0.0,0.0,29.4,无负债
236,男,1961-09-01,70,37,36-45,114,666565,1,超高频,普通,0.0,0.0,1.0,22.4,无负债
237,女,1969-02-22,70,29,26-35,114,666565,1,超高频,普通,0.0,0.0,0.0,22.4,无负债
238,女,1961-11-28,6,37,36-45,504,1761813,1,超高频,优质,0.0,0.0,1.0,62.5,无负债
239,女,1974-09-10,1,24,≤25,374,3280610,1,超高频,高价值,0.0,0.0,0.0,71.2,无负债
240,女,1929-06-17,34,69,>55,329,522878,1,超高频,普通,0.0,0.0,0.0,63.1,无负债
241,男,1959-01-23,70,39,36-45,105,133207,1,超高频,普通,0.0,0.0,0.0,26.6,无负债
242,女,1961-08-01,17,37,36-45,243,1042562,1,超高频,优质,0.0,0.0,1.0,54.8,无负债
243,男,1954-02-10,63,44,36-45,289,1715259,1,超高频,优质,0.0,0.0,0.0,50.7,无负债
246,女,1970-12-28,67,28,26-35,159,185379,1,超高频,普通,0.0,0.0,0.0,36.1,无负债
247,男,1957-05-08,1,41,36-45,71,222063,1,超高频,普通,0.0,0.0,0.0,15.0,无负债
248,女,1969-12-12,61,29,26-35,256,556118,1,超高频,普通,0.0,0.0,0.0,45.5,无负债
249,男,1970-05-05,61,28,26-35,256,556118,1,超高频,普通,0.0,0.0,0.0,45.5,无负债
250,女,1979-11-25,8,19,≤25,481,819181,1,超高频,普通,0.0,0.0,0.0,66.2,无负债
251,女,1976-03-03,54,22,≤25,274,1083147,1,超高频,优质,0.0,0.0,0.0,33.7,无负债
252,女,1969-09-01,37,29,26-35,175,217282,1,超高频,普通,0.0,0.0,0.0,25.6,无负债
253,女,1947-05-12,48,51,46-55,186,1197490,1,超高频,优质,0.0,0.0,0.0,34.0,无负债
254,男,1963-05-30,28,35,26-35,86,1415763,1,超高频,优质,0.0,0.0,1.0,17.7,无负债
255,女,1951-10-11,27,47,46-55,432,7619103,1,超高频,高价值,0.0,0.0,1.0,72.4,无负债
256,女,1963-02-27,73,35,26-35,235,2092233,1,超高频,优质,0.0,0.0,1.0,40.7,无负债
257,女,1942-11-04,22,56,>55,90,119966,1,超高频,普通,0.0,0.0,0.0,22.1,无负债
258,男,1937-05-31,22,61,>55,90,119966,1,超高频,普通,0.0,0.0,0.0,22.1,无负债
259,男,1966-06-08,31,32,26-35,46,70719,1,高频,普通,0.0,0.0,0.0,13.4,无负债
260,女,1962-02-24,31,36,36-45,46,70719,1,高频,普通,0.0,0.0,0.0,13.4,无负债
261,女,1937-12-07,38,61,>55,343,702235,1,超高频,普通,0.0,0.0,0.0,56.4,无负债
262,男,1945-11-25,77,53,46-55,245,1127287,1,超高频,优质,0.0,0.0,0.0,48.1,无负债
263,男,1962-05-20,68,36,36-45,224,3620109,1,超高频,高价值,0.0,0.0,0.0,35.3,无负债
264,男,1978-08-22,28,20,≤25,255,1488096,1,超高频,优质,0.0,0.0,1.0,40.4,无负债
265,女,1933-01-07,72,66,>55,334,699330,1,超高频,普通,0.0,0.0,0.0,69.8,无负债
266,女,1967-08-28,19,31,26-35,139,1176761,1,超高频,优质,0.0,0.0,0.0,26.4,无负债
267,男,1967-06-12,37,31,26-35,357,5135613,1,超高频,高价值,0.0,0.0,1.0,70.6,无负债
268,女,1982-05-02,39,16,≤25,126,628543,1,超高频,普通,0.0,0.0,1.0,43.3,无负债
269,女,1923-12-03,15,75,>55,122,286529,1,超高频,普通,0.0,0.0,0.0,26.5,无负债
270,男,1947-03-08,46,51,46-55,439,1034081,1,超高频,优质,0.0,0.0,0.0,66.1,无负债
271,女,1945-07-27,46,53,46-55,439,1034081,1,超高频,优质,0.0,0.0,0.0,66.1,无负债
272,女,1944-10-25,70,54,46-55,129,933130,1,超高频,优质,1.0,1.0,1.0,22.6,有负债
273,女,1972-05-15,27,26,26-35,257,4315051,1,超高频,高价值,0.0,0.0,1.0,45.8,无负债
274,女,1970-11-25,17,28,26-35,406,2917884,1,超高频,高价值,0.0,0.0,0.0,64.0,无负债
275,女,1918-11-12,1,80,>55,89,189478,1,超高频,普通,0.0,0.0,0.0,19.1,无负债
276,男,1957-06-11,1,41,36-45,251,1298914,1,超高频,优质,0.0,0.0,0.0,34.7,无负债
277,女,1961-11-28,1,37,36-45,251,1298914,1,超高频,优质,0.0,0.0,0.0,34.7,无负债
278,女,1972-12-27,22,26,26-35,227,270262,1,超高频,普通,0.0,0.0,0.0,45.6,无负债
279,男,1970-05-16,22,28,26-35,227,270262,1,超高频,普通,0.0,0.0,0.0,45.6,无负债
280,女,1969-12-18,45,29,26-35,61,579517,1,超高频,普通,0.0,0.0,1.0,13.3,无负债
282,女,1938-02-24,73,60,>55,320,749289,1,超高频,普通,0.0,0.0,0.0,66.5,无负债
283,男,1933-11-04,73,65,>55,320,749289,1,超高频,普通,0.0,0.0,0.0,66.5,无负债
284,男,1974-08-06,10,24,≤25,368,414599,1,超高频,普通,0.0,0.0,0.0,63.8,无负债
285,男,1954-06-03,72,44,36-45,26,66400,1,高频,普通,0.0,0.0,0.0,34.0,无负债
286,女,1952-04-18,72,46,46-55,26,66400,1,高频,普通,0.0,0.0,0.0,34.0,无负债
287,男,1980-09-09,50,18,≤25,314,325289,1,超高频,普通,0.0,0.0,0.0,58.1,无负债
288,男,1962-04-21,6,36,36-45,315,419534,1,超高频,普通,0.0,0.0,0.0,65.5,无负债
289,男,1958-03-27,54,40,36-45,569,5026142,1,超高频,高价值,0.0,0.0,0.0,71.1,无负债
290,男,1959-01-12,72,39,36-45,104,983269,1,超高频,优质,0.0,0.0,0.0,20.4,无负债
291,女,1955-04-27,72,43,36-45,104,983269,1,超高频,优质,0.0,0.0,0.0,20.4,无负债
292,女,1958-09-06,15,40,36-45,190,255569,1,超高频,普通,0.0,0.0,0.0,27.5,无负债
293,男,1943-09-27,69,55,46-55,178,1382501,1,超高频,优质,0.0,0.0,0.0,28.5,无负债
294,男,1968-03-21,58,30,26-35,363,4925413,1,超高频,高价值,0.0,0.0,0.0,62.7,无负债
295,男,1939-03-27,12,59,>55,547,691540,1,超高频,普通,0.0,0.0,1.0,71.8,无负债
296,男,1974-03-01,65,24,≤25,326,3190212,1,超高频,高价值,0.0,0.0,0.0,62.1,无负债
297,女,1924-03-15,65,74,>55,46,92920,1,高频,普通,0.0,0.0,0.0,12.6,无负债
298,男,1921-06-13,65,77,>55,46,92920,1,高频,普通,0.0,0.0,0.0,12.6,无负债
300,女,1957-07-30,1,41,36-45,208,2415069,1,超高频,高价值,0.0,0.0,0.0,45.7,无负债
301,男,1942-01-10,28,57,>55,155,958841,1,超高频,优质,0.0,0.0,0.0,25.3,无负债
302,男,1971-02-23,56,27,26-35,99,250441,1,超高频,普通,0.0,0.0,0.0,20.0,无负债
303,男,1946-05-06,74,52,46-55,186,691633,1,超高频,普通,0.0,0.0,0.0,33.3,无负债
304,女,1934-03-11,19,64,>55,109,236213,1,超高频,普通,0.0,0.0,0.0,24.5,无负债
305,男,1938-06-08,46,60,>55,177,1721166,1,超高频,优质,0.0,0.0,1.0,37.4,无负债
308,女,1976-06-12,68,22,≤25,154,2089334,1,超高频,优质,0.0,0.0,0.0,26.3,无负债
309,女,1969-12-14,37,29,26-35,206,1783969,1,超高频,优质,0.0,0.0,1.0,44.3,无负债
310,男,1950-04-16,11,48,46-55,167,1630342,1,超高频,优质,0.0,0.0,0.0,38.4,无负债
311,女,1930-09-16,64,68,>55,80,203134,1,超高频,普通,0.0,0.0,0.0,18.0,无负债
312,男,1924-07-03,2,74,>55,378,804480,1,超高频,普通,0.0,0.0,0.0,63.0,无负债
313,女,1942-05-11,24,56,>55,215,807314,1,超高频,普通,0.0,0.0,0.0,39.2,无负债
314,男,1945-03-22,24,53,46-55,215,807314,1,超高频,普通,0.0,0.0,0.0,39.2,无负债
315,男,1967-05-01,54,31,26-35,144,213430,1,超高频,普通,0.0,0.0,0.0,27.2,无负债
316,男,1955-04-28,75,43,36-45,21,59200,1,高频,普通,0.0,0.0,0.0,35.7,无负债
317,女,1957-10-06,64,41,36-45,161,1670939,1,超高频,优质,0.0,0.0,0.0,24.3,无负债
318,女,1943-04-02,15,55,46-55,189,496352,1,超高频,普通,0.0,0.0,0.0,35.2,无负债
319,女,1929-04-04,19,69,>55,149,352659,1,超高频,普通,0.0,0.0,0.0,30.3,无负债
320,男,1934-11-12,19,64,>55,149,352659,1,超高频,普通,0.0,0.0,0.0,30.3,无负债
321,女,1943-10-24,47,55,46-55,325,6031384,1,超高频,高价值,0.0,0.0,1.0,56.5,无负债
322,男,1933-02-01,38,65,>55,211,416838,1,超高频,普通,0.0,0.0,0.0,44.9,无负债
323,女,1938-04-04,38,60,>55,211,416838,1,超高频,普通,0.0,0.0,0.0,44.9,无负债
324,男,1960-12-03,3,38,36-45,169,1764447,1,超高频,优质,0.0,0.0,0.0,31.6,无负债
325,男,1960-02-21,3,38,36-45,177,242773,1,超高频,普通,0.0,0.0,0.0,28.5,无负债
326,女,1967-09-18,27,31,26-35,258,2366879,1,超高频,高价值,0.0,0.0,1.0,48.0,无负债
327,男,1968-10-13,27,30,26-35,258,2366879,1,超高频,高价值,0.0,0.0,0.0,48.0,无负债
328,女,1918-01-24,1,80,>55,142,352298,1,超高频,普通,0.0,0.0,0.0,29.0,无负债
329,男,1964-12-03,11,34,26-35,133,1102201,1,超高频,优质,0.0,0.0,0.0,26.7,无负债
330,女,1944-08-05,65,54,46-55,488,2030125,1,超高频,优质,0.0,0.0,0.0,66.7,无负债
331,男,1942-03-02,1,56,>55,372,2827187,1,超高频,高价值,0.0,0.0,0.0,65.3,无负债
332,男,1978-07-25,29,20,≤25,208,232519,1,超高频,普通,0.0,0.0,0.0,36.5,无负债
333,男,1971-10-19,38,27,26-35,65,725934,1,超高频,普通,1.0,1.0,1.0,13.0,有负债
334,男,1969-10-31,32,29,26-35,299,3246663,1,超高频,高价值,0.0,0.0,1.0,56.9,无负债
335,女,1967-07-22,73,31,26-35,183,1415746,1,超高频,优质,0.0,0.0,1.0,33.3,无负债
336,女,1964-02-11,39,34,26-35,391,389786,1,超高频,普通,0.0,0.0,0.0,69.6,无负债
337,男,1957-05-08,39,41,36-45,391,389786,1,超高频,普通,0.0,0.0,0.0,69.6,无负债
338,女,1951-06-19,8,47,46-55,481,1893125,1,超高频,优质,0.0,0.0,0.0,72.3,无负债
339,男,1966-07-30,1,32,26-35,145,652911,1,超高频,普通,0.0,0.0,1.0,26.5,无负债
340,女,1970-08-19,1,28,26-35,145,652911,1,超高频,普通,0.0,0.0,0.0,26.5,无负债
341,男,1977-03-16,69,21,≤25,113,822108,1,超高频,普通,0.0,0.0,0.0,20.0,无负债
342,女,1972-06-30,69,26,26-35,113,822108,1,超高频,普通,0.0,0.0,0.0,20.0,无负债
343,男,1919-11-19,44,79,>55,148,288583,1,超高频,普通,0.0,0.0,0.0,32.9,无负债
344,女,1963-07-16,54,35,26-35,91,742386,1,超高频,普通,0.0,0.0,0.0,17.7,无负债
345,男,1953-12-07,17,45,36-45,203,1825509,1,超高频,优质,0.0,0.0,0.0,44.5,无负债
346,女,1960-11-02,17,38,36-45,203,1825509,1,超高频,优质,0.0,0.0,0.0,44.5,无负债
347,男,1959-12-13,71,39,36-45,174,1663073,1,超高频,优质,0.0,0.0,1.0,33.7,无负债
348,女,1953-01-24,71,45,36-45,174,1663073,1,超高频,优质,0.0,0.0,0.0,33.7,无负债
349,女,1927-05-27,39,71,>55,357,560302,1,超高频,普通,0.0,0.0,0.0,63.1,无负债
350,女,1925-04-02,25,73,>55,253,462694,1,超高频,普通,0.0,0.0,0.0,46.2,无负债
351,男,1973-05-01,1,25,≤25,381,2140947,1,超高频,优质,0.0,0.0,0.0,58.4,无负债
352,男,1940-08-27,56,58,>55,491,4172379,1,超高频,高价值,1.0,1.0,0.0,61.9,有负债
353,男,1965-10-26,7,33,26-35,169,2604418,1,超高频,高价值,0.0,0.0,0.0,19.1,无负债
354,女,1922-04-27,49,76,>55,93,189684,1,超高频,普通,0.0,0.0,0.0,22.5,无负债
355,男,1930-05-31,49,68,>55,93,189684,1,超高频,普通,0.0,0.0,0.0,22.5,无负债
356,女,1979-12-07,1,19,≤25,139,493807,1,超高频,普通,0.0,0.0,0.0,20.2,无负债
357,男,1979-03-30,1,19,≤25,139,493807,1,超高频,普通,0.0,0.0,0.0,20.2,无负债
358,女,1959-06-26,7,39,36-45,176,743208,1,超高频,普通,0.0,0.0,1.0,24.2,无负债
359,男,1970-02-16,66,28,26-35,64,581860,1,超高频,普通,0.0,0.0,0.0,13.5,无负债
360,男,1943-04-27,49,55,46-55,165,291828,1,超高频,普通,0.0,0.0,0.0,35.1,无负债
361,女,1977-05-25,74,21,≤25,166,377918,1,超高频,普通,0.0,0.0,0.0,28.2,无负债
362,女,1950-04-27,35,48,46-55,52,340278,1,高频,普通,0.0,0.0,0.0,13.2,无负债
363,男,1942-07-01,35,56,>55,52,340278,1,高频,普通,0.0,0.0,0.0,13.2,无负债
364,女,1942-12-05,54,56,>55,368,5390914,1,超高频,高价值,0.0,0.0,0.0,69.9,无负债
365,男,1930-01-09,1,69,>55,369,856234,1,超高频,普通,0.0,0.0,1.0,67.3,无负债
366,女,1936-11-10,1,62,>55,369,856234,1,超高频,普通,0.0,0.0,0.0,67.3,无负债
367,女,1963-09-03,60,35,26-35,174,211550,1,超高频,普通,0.0,0.0,0.0,40.3,无负债
368,男,1968-10-14,60,30,26-35,174,211550,1,超高频,普通,0.0,0.0,0.0,40.3,无负债
369,女,1930-11-06,7,68,>55,166,401817,1,超高频,普通,0.0,0.0,0.0,32.2,无负债
370,女,1956-01-05,71,43,36-45,176,976968,1,超高频,优质,1.0,1.0,1.0,29.7,有负债
371,男,1942-07-16,4,56,>55,112,1510182,1,超高频,优质,0.0,0.0,0.0,21.7,无负债
372,男,1932-04-03,34,66,>55,112,217340,1,超高频,普通,0.0,0.0,0.0,26.8,无负债
373,男,1936-02-28,16,62,>55,345,857167,1,超高频,普通,0.0,0.0,0.0,67.8,无负债
374,男,1967-06-14,26,31,26-35,75,754123,1,超高频,普通,0.0,0.0,1.0,17.1,无负债
375,女,1969-09-29,61,29,26-35,42,95781,1,高频,普通,0.0,0.0,0.0,39.1,无负债
376,女,1973-01-08,14,25,≤25,108,832420,1,超高频,普通,1.0,1.0,0.0,20.5,有负债
378,男,1978-05-15,50,20,≤25,141,555264,1,超高频,普通,0.0,0.0,1.0,17.0,无负债
379,女,1983-10-13,50,15,≤25,141,555264,1,超高频,普通,0.0,0.0,0.0,17.0,无负债
380,男,1973-01-19,41,25,≤25,197,916093,1,超高频,优质,0.0,0.0,0.0,36.5,无负债
381,女,1977-01-26,73,21,≤25,142,186426,1,超高频,普通,0.0,0.0,0.0,30.3,无负债
382,男,1978-06-30,73,20,≤25,142,186426,1,超高频,普通,0.0,0.0,0.0,30.3,无负债
383,女,1939-05-17,15,59,>55,223,2804883,1,超高频,高价值,1.0,1.0,0.0,35.7,有负债
384,男,1935-10-08,15,63,>55,223,2804883,1,超高频,高价值,1.0,1.0,0.0,35.7,有负债
385,男,1948-03-24,45,50,46-55,11,37400,1,中频,普通,0.0,0.0,0.0,13.0,无负债
386,男,1980-08-21,62,18,≤25,111,285369,1,超高频,普通,0.0,0.0,0.0,20.1,无负债
387,男,1927-06-06,76,71,>55,361,806459,1,超高频,普通,0.0,0.0,0.0,70.8,无负债
388,女,1950-10-30,36,48,46-55,290,679608,1,超高频,普通,0.0,0.0,0.0,52.3,无负债
389,女,1974-06-30,47,24,≤25,376,3366562,1,超高频,高价值,1.0,1.0,0.0,39.1,有负债
390,女,1977-01-27,47,21,≤25,141,297224,1,超高频,普通,0.0,0.0,0.0,23.6,无负债
391,女,1933-05-22,47,65,>55,310,626035,1,超高频,普通,0.0,0.0,0.0,62.6,无负债
392,女,1950-04-01,74,48,46-55,399,2528684,1,超高频,高价值,0.0,0.0,0.0,71.4,无负债
393,男,1956-08-31,74,42,36-45,399,2528684,1,超高频,高价值,0.0,0.0,0.0,71.4,无负债
394,女,1924-05-18,52,74,>55,104,284640,1,超高频,普通,0.0,0.0,0.0,22.6,无负债
395,男,1919-07-05,52,79,>55,104,284640,1,超高频,普通,0.0,0.0,0.0,22.6,无负债
396,男,1920-05-02,1,78,>55,154,263185,1,超高频,普通,0.0,0.0,0.0,28.7,无负债
397,男,1930-03-27,75,68,>55,126,300150,1,超高频,普通,0.0,0.0,0.0,27.2,无负债
398,女,1925-03-26,61,73,>55,85,168588,1,超高频,普通,0.0,0.0,0.0,17.1,无负债
399,男,1952-04-14,45,46,46-55,464,2289018,1,超高频,优质,0.0,0.0,0.0,68.0,无负债
400,男,1933-12-27,1,65,>55,79,199165,1,超高频,普通,0.0,0.0,0.0,15.7,无负债
401,女,1928-11-19,1,70,>55,79,199165,1,超高频,普通,0.0,0.0,0.0,15.7,无负债
402,男,1943-12-25,3,55,46-55,158,1296167,1,超高频,优质,0.0,0.0,1.0,26.8,无负债
403,女,1973-05-26,42,25,≤25,130,1213696,1,超高频,优质,1.0,1.0,0.0,25.6,有负债
404,男,1967-04-20,42,31,26-35,130,1213696,1,超高频,优质,1.0,1.0,0.0,25.6,有负债
405,女,1934-10-19,65,64,>55,201,514707,1,超高频,普通,0.0,0.0,0.0,39.6,无负债
406,男,1977-05-15,36,21,≤25,199,324669,1,超高频,普通,0.0,0.0,0.0,36.2,无负债
407,女,1975-05-27,73,23,≤25,142,127663,1,超高频,普通,0.0,0.0,0.0,24.6,无负债
408,女,1978-02-22,35,20,≤25,458,2644368,1,超高频,高价值,0.0,0.0,0.0,68.3,无负债
409,男,1925-06-18,74,73,>55,178,379288,1,超高频,普通,0.0,0.0,0.0,35.9,无负债
410,男,1962-12-20,62,36,36-45,217,1489958,1,超高频,优质,0.0,0.0,0.0,39.1,无负债
411,女,1941-04-14,17,57,>55,188,2135462,1,超高频,优质,0.0,0.0,0.0,37.8,无负债
412,男,1944-04-17,17,54,46-55,188,2135462,1,超高频,优质,0.0,0.0,0.0,37.8,无负债
413,女,1972-11-18,49,26,26-35,176,273729,1,超高频,普通,0.0,0.0,0.0,38.0,无负债
414,女,1947-10-19,46,51,46-55,216,2782005,1,超高频,高价值,1.0,1.0,1.0,28.1,有负债
415,男,1945-04-01,46,53,46-55,216,2782005,1,超高频,高价值,1.0,1.0,0.0,28.1,有负债
416,女,1932-10-07,1,66,>55,393,692479,1,超高频,普通,0.0,0.0,0.0,62.8,无负债
417,男,1930-06-10,1,68,>55,393,692479,1,超高频,普通,0.0,0.0,0.0,62.8,无负债
418,男,1966-10-13,28,32,26-35,106,834297,1,超高频,普通,0.0,0.0,0.0,25.8,无负债
419,女,1970-10-07,64,28,26-35,115,167319,1,超高频,普通,0.0,0.0,0.0,27.0,无负债
420,男,1978-03-13,18,20,≤25,316,494136,1,超高频,普通,0.0,0.0,0.0,57.0,无负债
421,男,1965-07-31,54,33,26-35,399,1841480,1,超高频,优质,1.0,1.0,0.0,61.9,有负债
422,男,1946-12-07,69,52,46-55,361,2177075,1,超高频,优质,0.0,0.0,0.0,62.3,无负债
423,男,1957-06-23,37,41,36-45,419,3061604,1,超高频,高价值,0.0,0.0,0.0,72.7,无负债
424,男,1947-10-08,1,51,46-55,379,3945724,1,超高频,高价值,1.0,0.0,0.0,61.5,无负债
425,男,1948-02-12,25,50,46-55,177,1423649,1,超高频,优质,0.0,0.0,1.0,38.1,无负债
426,男,1937-06-01,72,61,>55,107,341603,1,超高频,普通,1.0,1.0,0.0,19.1,有负债
427,女,1941-09-14,72,57,>55,107,341603,1,超高频,普通,1.0,1.0,0.0,19.1,有负债
428,女,1919-11-16,47,79,>55,120,310862,1,超高频,普通,0.0,0.0,0.0,27.0,无负债
429,女,1981-01-20,50,17,≤25,136,341348,1,超高频,普通,0.0,0.0,1.0,22.8,无负债
430,男,1920-07-28,39,78,>55,273,459288,1,超高频,普通,0.0,0.0,0.0,54.7,无负债
431,女,1927-10-01,24,71,>55,219,479218,1,超高频,普通,0.0,0.0,0.0,40.7,无负债
432,女,1952-03-26,59,46,46-55,364,1538981,1,超高频,优质,0.0,0.0,0.0,63.0,无负债
433,男,1955-02-07,62,43,36-45,232,1101567,1,超高频,优质,0.0,0.0,0.0,35.5,无负债
434,女,1943-01-30,70,55,46-55,178,1273227,1,超高频,优质,0.0,0.0,1.0,34.2,无负债
435,男,1967-10-23,20,31,26-35,181,188925,1,超高频,普通,0.0,0.0,0.0,34.2,无负债
436,男,1955-06-15,2,43,36-45,463,403797,1,超高频,普通,0.0,0.0,0.0,61.6,无负债
437,女,1920-01-17,11,79,>55,208,493051,1,超高频,普通,0.0,0.0,0.0,49.4,无负债
438,男,1938-09-28,32,60,>55,140,1606277,1,超高频,优质,0.0,0.0,1.0,32.1,无负债
439,女,1968-09-12,51,30,26-35,468,3590929,1,超高频,高价值,0.0,0.0,1.0,71.1,无负债
440,女,1970-07-07,15,28,26-35,530,1591560,1,超高频,优质,0.0,0.0,0.0,69.9,无负债
441,男,1959-09-14,1,39,36-45,336,4666576,1,超高频,高价值,0.0,0.0,1.0,56.7,无负债
442,女,1971-12-16,1,27,26-35,93,132088,1,超高频,普通,0.0,0.0,0.0,23.7,无负债
443,男,1971-12-20,1,27,26-35,93,132088,1,超高频,普通,0.0,0.0,0.0,23.7,无负债
444,女,1960-08-01,74,38,36-45,466,2330754,1,超高频,高价值,0.0,0.0,0.0,61.5,无负债
445,女,1947-04-27,1,51,46-55,210,1209028,1,超高频,优质,0.0,0.0,0.0,26.7,无负债
446,男,1952-03-19,1,46,46-55,210,1209028,1,超高频,优质,0.0,0.0,0.0,26.7,无负债
447,男,1946-09-04,23,52,46-55,99,575090,1,超高频,普通,0.0,0.0,1.0,20.1,无负债
448,女,1970-08-15,77,28,26-35,533,1215385,1,超高频,优质,0.0,0.0,0.0,66.8,无负债
450,男,1953-11-27,25,45,36-45,365,350539,1,超高频,普通,0.0,0.0,0.0,59.3,无负债
451,男,1979-04-14,12,19,≤25,131,298051,1,超高频,普通,0.0,0.0,1.0,29.4,无负债
452,女,1953-10-22,55,45,36-45,254,1933271,1,超高频,优质,0.0,0.0,0.0,40.3,无负债
453,男,1969-07-16,67,29,26-35,163,707307,1,超高频,普通,0.0,0.0,1.0,30.8,无负债
454,女,1949-06-15,38,49,46-55,371,3577530,1,超高频,高价值,0.0,0.0,0.0,72.8,无负债
455,男,1920-07-26,68,78,>55,147,344389,1,超高频,普通,0.0,0.0,0.0,31.3,无负债
456,男,1940-02-28,25,58,>55,265,2401259,1,超高频,高价值,0.0,0.0,0.0,46.6,无负债
457,男,1950-09-26,70,48,46-55,332,4330014,1,超高频,高价值,0.0,0.0,1.0,53.2,无负债
458,男,1961-07-24,68,37,36-45,344,3926908,1,超高频,高价值,1.0,1.0,0.0,29.8,有负债
459,女,1967-07-23,32,31,26-35,248,260923,1,超高频,普通,0.0,0.0,0.0,31.9,无负债
461,女,1970-08-13,68,28,26-35,330,1176403,1,超高频,优质,0.0,0.0,0.0,66.9,无负债
462,男,1970-12-21,14,28,26-35,158,169111,1,超高频,普通,0.0,0.0,0.0,28.9,无负债
463,男,1944-04-05,38,54,46-55,75,102203,1,超高频,普通,0.0,0.0,0.0,19.9,无负债
464,女,1959-07-30,24,39,36-45,88,1625513,1,超高频,优质,0.0,0.0,1.0,15.8,无负债
465,男,1952-09-01,5,46,46-55,472,464212,1,超高频,普通,0.0,0.0,0.0,69.8,无负债
466,女,1947-11-19,1,51,46-55,87,594965,1,超高频,普通,0.0,0.0,1.0,16.9,无负债
467,男,1950-04-17,1,48,46-55,87,594965,1,超高频,普通,0.0,0.0,0.0,16.9,无负债
468,男,1959-04-27,72,39,36-45,56,683207,1,高频,普通,0.0,0.0,1.0,15.6,无负债
469,女,1970-10-13,59,28,26-35,263,1133963,1,超高频,优质,0.0,0.0,1.0,47.3,无负债
470,女,1954-04-21,30,44,36-45,408,948667,1,超高频,优质,0.0,0.0,0.0,65.1,无负债
471,男,1977-01-11,44,21,≤25,273,4524449,1,超高频,高价值,0.0,0.0,1.0,35.0,无负债
472,男,1981-12-27,36,17,≤25,379,810792,1,超高频,普通,0.0,0.0,0.0,61.6,无负债
473,女,1939-09-25,1,59,>55,192,890476,1,超高频,普通,0.0,0.0,1.0,30.0,无负债
474,男,1949-05-31,46,49,46-55,295,2513619,1,超高频,高价值,0.0,0.0,1.0,47.6,无负债
476,女,1947-06-01,1,51,46-55,445,3310264,1,超高频,高价值,0.0,0.0,0.0,70.7,无负债
477,男,1954-07-20,1,44,36-45,445,3310264,1,超高频,高价值,0.0,0.0,0.0,70.7,无负债
478,男,1978-06-21,21,20,≤25,596,3468135,1,超高频,高价值,0.0,0.0,0.0,70.8,无负债
479,男,1947-08-20,11,51,46-55,324,4138786,1,超高频,高价值,0.0,0.0,0.0,63.1,无负债
480,女,1946-01-24,11,52,46-55,324,4138786,1,超高频,高价值,0.0,0.0,0.0,63.1,无负债
481,男,1927-01-22,69,71,>55,58,123486,1,高频,普通,0.0,0.0,0.0,14.5,无负债
482,女,1934-01-22,69,64,>55,58,123486,1,高频,普通,0.0,0.0,0.0,14.5,无负债
483,男,1944-06-19,1,54,46-55,157,1779683,1,超高频,优质,0.0,0.0,1.0,28.6,无负债
484,女,1959-09-13,28,39,36-45,359,1948598,1,超高频,优质,0.0,0.0,0.0,66.5,无负债
485,男,1978-05-16,32,20,≤25,441,1970247,1,超高频,优质,0.0,0.0,0.0,72.5,无负债
486,男,1944-04-12,68,54,46-55,89,637541,1,超高频,普通,0.0,0.0,0.0,15.8,无负债
487,女,1922-04-01,1,76,>55,314,669189,1,超高频,普通,0.0,0.0,1.0,66.1,无负债
488,男,1917-08-02,1,81,>55,314,669189,1,超高频,普通,0.0,0.0,0.0,66.1,无负债
489,男,1940-10-07,41,58,>55,312,3102931,1,超高频,高价值,0.0,0.0,1.0,44.8,无负债
490,男,1950-10-23,55,48,46-55,154,1579682,1,超高频,优质,0.0,0.0,1.0,22.0,无负债
491,男,1966-08-05,63,32,26-35,154,163102,1,超高频,普通,0.0,0.0,0.0,28.3,无负债
492,男,1935-10-26,72,63,>55,111,746724,1,超高频,普通,0.0,0.0,0.0,20.8,无负债
493,女,1942-06-04,41,56,>55,389,1871988,1,超高频,优质,0.0,0.0,1.0,66.3,无负债
494,男,1980-05-19,1,18,≤25,164,667452,1,超高频,普通,0.0,0.0,0.0,31.1,无负债
495,女,1937-04-07,49,61,>55,115,284623,1,超高频,普通,0.0,0.0,0.0,26.9,无负债
496,女,1951-05-21,70,47,46-55,416,2842634,1,超高频,高价值,0.0,0.0,1.0,71.9,无负债
497,男,1953-02-02,74,45,36-45,215,2232421,1,超高频,优质,0.0,0.0,1.0,35.9,无负债
498,女,1948-01-15,74,50,46-55,215,2232421,1,超高频,优质,0.0,0.0,0.0,35.9,无负债
499,女,1935-07-08,18,63,>55,138,279064,1,超高频,普通,0.0,0.0,0.0,30.2,无负债
500,男,1971-01-06,1,28,26-35,193,1327553,1,超高频,优质,0.0,0.0,0.0,35.6,无负债
501,男,1937-10-28,62,61,>55,391,2026447,1,超高频,优质,0.0,0.0,0.0,71.0,无负债
502,男,1919-12-08,6,79,>55,162,268685,1,超高频,普通,0.0,0.0,0.0,29.1,无负债
503,男,1959-07-24,73,39,36-45,186,2470786,1,超高频,高价值,0.0,0.0,1.0,35.7,无负债
504,男,1979-08-01,36,19,≤25,227,1805144,1,超高频,优质,0.0,0.0,1.0,40.8,无负债
505,男,1977-12-21,13,21,≤25,308,707040,1,超高频,普通,0.0,0.0,0.0,63.1,无负债
506,男,1946-08-16,75,52,46-55,224,997376,1,超高频,优质,0.0,0.0,0.0,40.8,无负债
507,男,1954-11-16,75,44,36-45,56,231659,1,高频,普通,0.0,0.0,0.0,13.3,无负债
508,男,1971-04-28,53,27,26-35,245,2788859,1,超高频,高价值,0.0,0.0,1.0,52.9,无负债
509,男,1980-05-02,73,18,≤25,333,391376,1,超高频,普通,0.0,0.0,0.0,70.2,无负债
510,男,1976-04-15,12,22,≤25,119,1084655,1,超高频,优质,0.0,0.0,1.0,22.8,无负债
511,男,1959-02-18,9,39,36-45,528,1037537,1,超高频,优质,0.0,0.0,0.0,70.5,无负债
512,女,1965-08-03,60,33,26-35,444,3107455,1,超高频,高价值,1.0,0.0,0.0,62.0,无负债
513,女,1974-01-11,8,24,≤25,313,2609807,1,超高频,高价值,0.0,0.0,1.0,54.1,无负债
514,男,1968-11-15,8,30,26-35,313,2609807,1,超高频,高价值,0.0,0.0,0.0,54.1,无负债
515,男,1932-05-26,1,66,>55,353,890037,1,超高频,普通,0.0,0.0,0.0,71.1,无负债
516,女,1930-04-27,1,68,>55,353,890037,1,超高频,普通,0.0,0.0,0.0,71.1,无负债
517,男,1965-07-25,63,33,26-35,234,1551839,1,超高频,优质,0.0,0.0,0.0,40.5,无负债
518,女,1979-04-28,54,19,≤25,75,95051,1,超高频,普通,0.0,0.0,0.0,40.6,无负债
519,男,1980-04-13,18,18,≤25,158,1020255,1,超高频,优质,0.0,0.0,1.0,26.2,无负债
520,女,1947-09-27,46,51,46-55,315,1030171,1,超高频,优质,0.0,0.0,0.0,67.5,无负债
521,男,1975-12-25,69,23,≤25,209,695473,1,超高频,普通,0.0,0.0,0.0,67.6,无负债
522,女,1956-03-04,1,42,36-45,133,550796,1,超高频,普通,0.0,0.0,0.0,24.6,无负债
523,男,1922-12-17,38,76,>55,339,702674,1,超高频,普通,0.0,0.0,0.0,72.8,无负债
524,女,1963-01-02,30,36,36-45,191,505844,1,超高频,普通,0.0,0.0,0.0,29.2,无负债
525,男,1969-08-14,30,29,26-35,191,505844,1,超高频,普通,0.0,0.0,0.0,29.2,无负债
526,男,1964-02-01,43,34,26-35,424,3108517,1,超高频,高价值,0.0,0.0,0.0,61.8,无负债
527,女,1966-08-18,43,32,26-35,424,3108517,1,超高频,高价值,0.0,0.0,0.0,61.8,无负债
528,男,1977-02-11,37,21,≤25,30,224522,1,高频,普通,0.0,0.0,1.0,18.6,无负债
529,男,1978-11-05,69,20,≤25,154,408096,1,超高频,普通,0.0,0.0,0.0,33.0,无负债
530,女,1957-09-27,29,41,36-45,147,817699,1,超高频,普通,1.0,1.0,0.0,24.7,有负债
531,男,1976-10-04,27,22,≤25,447,5860455,1,超高频,高价值,0.0,0.0,1.0,61.4,无负债
532,女,1980-09-03,27,18,≤25,447,5860455,1,超高频,高价值,0.0,0.0,0.0,61.4,无负债
533,女,1941-05-19,54,57,>55,80,804592,1,超高频,普通,1.0,0.0,0.0,21.4,无负债
534,男,1957-07-22,74,41,36-45,455,425383,1,超高频,普通,0.0,0.0,0.0,72.1,无负债
535,男,1937-09-09,26,61,>55,165,505511,1,超高频,普通,0.0,0.0,0.0,32.2,无负债
536,男,1939-08-25,47,59,>55,408,2688845,1,超高频,高价值,0.0,0.0,0.0,66.1,无负债
537,男,1935-01-16,1,64,>55,394,3432069,1,超高频,高价值,0.0,0.0,1.0,67.5,无负债
538,女,1948-05-10,5,50,46-55,144,1190318,1,超高频,优质,0.0,0.0,0.0,29.0,无负债
540,男,1921-07-28,19,77,>55,276,430345,1,超高频,普通,0.0,0.0,0.0,50.0,无负债
541,女,1927-03-09,19,71,>55,276,430345,1,超高频,普通,0.0,0.0,0.0,50.0,无负债
542,女,1921-02-09,59,77,>55,140,261501,1,超高频,普通,0.0,0.0,0.0,31.6,无负债
543,女,1958-04-15,11,40,36-45,102,124188,1,超高频,普通,0.0,0.0,0.0,56.7,无负债
544,男,1948-11-16,63,50,46-55,251,2519526,1,超高频,高价值,0.0,0.0,0.0,37.6,无负债
545,女,1973-10-11,75,25,≤25,110,991039,1,超高频,优质,0.0,0.0,0.0,20.6,无负债
546,男,1953-08-25,7,45,36-45,254,913914,1,超高频,优质,0.0,0.0,0.0,44.5,无负债
547,男,1949-03-31,54,49,46-55,235,1218018,1,超高频,优质,0.0,0.0,0.0,45.0,无负债
548,男,1937-12-04,49,61,>55,387,7338642,1,超高频,高价值,0.0,0.0,1.0,72.4,无负债
550,男,1961-11-30,7,37,36-45,239,1495795,1,超高频,优质,0.0,0.0,0.0,43.2,无负债
551,女,1976-07-05,47,22,≤25,49,83500,1,高频,普通,0.0,0.0,0.0,72.4,无负债
552,女,1934-05-08,1,64,>55,258,632127,1,超高频,普通,0.0,0.0,0.0,57.3,无负债
553,男,1941-04-07,1,57,>55,258,632127,1,超高频,普通,0.0,0.0,0.0,57.3,无负债
554,女,1925-04-19,30,73,>55,394,843331,1,超高频,普通,0.0,0.0,0.0,71.4,无负债
555,男,1926-10-21,30,72,>55,394,843331,1,超高频,普通,0.0,0.0,0.0,71.4,无负债
556,男,1946-07-08,29,52,46-55,356,2758831,1,超高频,高价值,0.0,0.0,0.0,62.6,无负债
557,男,1939-07-17,51,59,>55,256,2134170,1,超高频,优质,0.0,0.0,0.0,44.5,无负债
558,女,1920-07-05,43,78,>55,83,186495,1,超高频,普通,0.0,0.0,0.0,19.4,无负债
559,女,1972-09-05,32,26,26-35,370,2107532,1,超高频,优质,0.0,0.0,0.0,71.9,无负债
560,女,1967-12-16,71,31,26-35,34,93700,1,高频,普通,0.0,0.0,0.0,34.9,无负债
561,女,1962-11-10,74,36,36-45,415,1493688,1,超高频,优质,0.0,0.0,0.0,64.2,无负债
562,女,1975-09-22,49,23,≤25,209,1574385,1,超高频,优质,0.0,0.0,1.0,33.9,无负债
563,女,1961-09-09,72,37,36-45,85,176627,1,超高频,普通,0.0,0.0,0.0,17.9,无负债
564,男,1955-01-24,72,43,36-45,85,176627,1,超高频,普通,0.0,0.0,0.0,17.9,无负债
565,女,1959-07-03,64,39,36-45,438,1070457,1,超高频,优质,0.0,0.0,0.0,58.2,无负债
566,女,1946-03-05,47,52,46-55,360,950436,1,超高频,优质,0.0,0.0,1.0,43.5,无负债
567,男,1950-05-02,47,48,46-55,360,950436,1,超高频,优质,0.0,0.0,0.0,43.5,无负债
568,女,1960-07-19,8,38,36-45,159,2791008,1,超高频,高价值,1.0,0.0,0.0,27.1,无负债
569,男,1962-06-15,73,36,36-45,205,653205,1,超高频,普通,0.0,0.0,0.0,26.8,无负债
570,女,1941-01-31,61,57,>55,238,331079,1,超高频,普通,0.0,0.0,0.0,37.4,无负债
571,男,1924-09-27,3,74,>55,78,154096,1,超高频,普通,0.0,0.0,0.0,20.0,无负债
572,女,1920-08-04,3,78,>55,78,154096,1,超高频,普通,0.0,0.0,0.0,20.0,无负债
573,男,1967-08-10,69,31,26-35,19,49400,1,中频,普通,0.0,0.0,0.0,21.0,无负债
574,男,1972-12-25,1,26,26-35,543,2506704,1,超高频,高价值,0.0,0.0,0.0,72.2,无负债
575,男,1970-04-04,58,28,26-35,282,2657419,1,超高频,高价值,0.0,0.0,1.0,54.3,无负债
576,女,1974-05-12,58,24,≤25,282,2657419,1,超高频,高价值,0.0,0.0,0.0,54.3,无负债
577,女,1963-12-05,1,35,26-35,170,223915,1,超高频,普通,0.0,0.0,0.0,38.4,无负债
578,女,1977-07-07,23,21,≤25,120,1193251,1,超高频,优质,0.0,0.0,0.0,23.7,无负债
579,女,1933-05-31,72,65,>55,189,377801,1,超高频,普通,0.0,0.0,0.0,32.8,无负债
581,女,1949-02-04,70,49,46-55,68,89605,1,超高频,普通,0.0,0.0,0.0,17.8,无负债
582,男,1950-09-26,1,48,46-55,392,972663,1,超高频,优质,0.0,0.0,0.0,48.1,无负债
583,女,1965-01-01,75,34,26-35,605,5547438,1,超高频,高价值,0.0,0.0,0.0,72.9,无负债
584,女,1976-05-13,33,22,≤25,185,537772,1,超高频,普通,0.0,0.0,1.0,37.9,无负债
585,女,1942-02-21,40,56,>55,182,1889162,1,超高频,优质,0.0,0.0,0.0,38.1,无负债
586,男,1947-11-03,40,51,46-55,182,1889162,1,超高频,优质,0.0,0.0,0.0,38.1,无负债
587,女,1945-07-08,25,53,46-55,31,76900,1,高频,普通,0.0,0.0,0.0,30.8,无负债
588,女,1960-10-20,61,38,36-45,382,2367304,1,超高频,高价值,0.0,0.0,1.0,68.5,无负债
589,男,1961-09-17,45,37,36-45,199,254108,1,超高频,普通,0.0,0.0,0.0,44.0,无负债
590,男,1949-02-15,44,49,46-55,178,1323266,1,超高频,优质,0.0,0.0,1.0,32.1,无负债
591,女,1974-10-29,65,24,≤25,306,808507,1,超高频,普通,0.0,0.0,0.0,63.6,无负债
592,男,1965-07-18,26,33,26-35,284,2121920,1,超高频,优质,0.0,0.0,1.0,57.7,无负债
593,女,1954-07-10,60,44,36-45,471,4308226,1,超高频,高价值,0.0,0.0,1.0,70.7,无负债
596,男,1948-10-24,69,50,46-55,401,1009446,1,超高频,优质,0.0,0.0,0.0,71.2,无负债
597,男,1943-02-22,55,55,46-55,396,3173808,1,超高频,高价值,0.0,0.0,1.0,69.6,无负债
598,男,1970-12-31,1,28,26-35,309,2852288,1,超高频,高价值,0.0,0.0,0.0,62.2,无负债
599,女,1977-05-18,1,21,≤25,309,2852288,1,超高频,高价值,0.0,0.0,0.0,62.2,无负债
601,男,1966-03-12,56,32,26-35,206,2034425,1,超高频,优质,0.0,0.0,0.0,32.6,无负债
602,女,1965-01-16,56,33,26-35,206,2034425,1,超高频,优质,0.0,0.0,0.0,32.6,无负债
603,女,1966-03-09,13,32,26-35,233,2600969,1,超高频,高价值,1.0,1.0,0.0,38.9,有负债
604,女,1965-07-31,1,33,26-35,68,130154,1,超高频,普通,0.0,0.0,0.0,14.8,无负债
605,女,1970-08-27,1,28,26-35,159,887262,1,超高频,普通,0.0,0.0,1.0,29.2,无负债
606,女,1949-01-25,10,49,46-55,331,459457,1,超高频,普通,0.0,0.0,0.0,69.4,无负债
607,男,1964-03-30,64,34,26-35,125,145568,1,超高频,普通,0.0,0.0,0.0,24.9,无负债
608,男,1972-08-31,67,26,26-35,249,1046003,1,超高频,优质,0.0,0.0,1.0,30.2,无负债
609,男,1962-09-02,52,36,36-45,139,416268,1,超高频,普通,0.0,0.0,0.0,30.9,无负债
610,女,1979-08-10,74,19,≤25,139,234770,1,超高频,普通,0.0,0.0,0.0,25.8,无负债
611,男,1952-10-13,36,46,46-55,78,515530,1,超高频,普通,0.0,0.0,0.0,16.8,无负债
612,女,1960-11-10,36,38,36-45,78,515530,1,超高频,普通,0.0,0.0,0.0,16.8,无负债
613,女,1977-08-10,1,21,≤25,456,3293486,1,超高频,高价值,0.0,0.0,0.0,68.0,无负债
614,女,1947-02-03,14,51,46-55,110,919178,1,超高频,优质,0.0,0.0,0.0,26.1,无负债
615,女,1949-09-13,68,49,46-55,123,1033336,1,超高频,优质,0.0,0.0,1.0,23.9,无负债
616,男,1975-01-01,58,24,≤25,138,712467,1,超高频,普通,0.0,0.0,0.0,25.7,无负债
617,男,1974-03-14,70,24,≤25,168,860151,1,超高频,普通,0.0,0.0,0.0,33.6,无负债
618,女,1932-03-16,57,66,>55,211,373419,1,超高频,普通,0.0,0.0,0.0,47.4,无负债
619,男,1920-09-07,6,78,>55,173,451216,1,超高频,普通,0.0,0.0,0.0,35.3,无负债
620,女,1918-02-13,6,80,>55,173,451216,1,超高频,普通,0.0,0.0,0.0,35.3,无负债
621,男,1939-03-17,54,59,>55,357,3222907,1,超高频,高价值,0.0,0.0,0.0,64.2,无负债
622,女,1931-11-23,74,67,>55,293,585987,1,超高频,普通,0.0,0.0,0.0,52.5,无负债
623,男,1925-09-04,24,73,>55,323,839110,1,超高频,普通,0.0,0.0,0.0,62.5,无负债
624,女,1932-07-26,24,66,>55,323,839110,1,超高频,普通,0.0,0.0,0.0,62.5,无负债
625,女,1978-11-24,60,20,≤25,281,413028,1,超高频,普通,0.0,0.0,0.0,62.8,无负债
626,男,1980-04-13,9,18,≤25,334,5187518,1,超高频,高价值,0.0,0.0,1.0,39.4,无负债
627,男,1972-04-11,17,26,26-35,225,846235,1,超高频,普通,0.0,0.0,0.0,36.9,无负债
628,女,1970-05-27,17,28,26-35,225,846235,1,超高频,普通,0.0,0.0,0.0,36.9,无负债
629,男,1976-03-10,16,22,≤25,320,1623854,1,超高频,优质,0.0,0.0,1.0,65.6,无负债
630,男,1952-03-03,61,46,46-55,308,2297883,1,超高频,优质,0.0,0.0,0.0,56.8,无负债
631,女,1956-03-22,70,42,36-45,188,1810540,1,超高频,优质,1.0,1.0,0.0,33.9,有负债
632,男,1946-03-16,67,52,46-55,162,1004004,1,超高频,优质,0.0,0.0,0.0,30.0,无负债
633,女,1938-06-12,67,60,>55,162,1004004,1,超高频,优质,0.0,0.0,0.0,30.0,无负债
635,女,1927-06-29,17,71,>55,99,202062,1,超高频,普通,0.0,0.0,0.0,24.4,无负债
636,男,1935-02-17,17,63,>55,99,202062,1,超高频,普通,0.0,0.0,0.0,24.4,无负债
637,女,1970-12-15,39,28,26-35,86,224659,1,超高频,普通,0.0,0.0,0.0,16.7,无负债
638,女,1961-02-03,54,37,36-45,127,1344443,1,超高频,优质,0.0,0.0,1.0,25.8,无负债
639,男,1978-08-02,31,20,≤25,185,232331,1,超高频,普通,0.0,0.0,0.0,41.1,无负债
640,男,1979-04-15,26,19,≤25,199,3332298,1,超高频,高价值,0.0,0.0,0.0,40.6,无负债
641,女,1962-07-04,40,36,36-45,256,747936,1,超高频,普通,0.0,0.0,0.0,44.5,无负债
642,男,1963-10-25,40,35,26-35,256,747936,1,超高频,普通,0.0,0.0,0.0,44.5,无负债
643,女,1949-06-13,1,49,46-55,130,564083,1,超高频,普通,0.0,0.0,0.0,19.5,无负债
644,女,1961-04-23,35,37,36-45,414,2459113,1,超高频,高价值,0.0,0.0,0.0,56.1,无负债
645,男,1925-12-21,14,73,>55,137,239993,1,超高频,普通,0.0,0.0,0.0,27.0,无负债
646,女,1922-09-29,34,76,>55,108,232873,1,超高频,普通,0.0,0.0,1.0,24.1,无负债
647,男,1929-04-06,34,69,>55,108,232873,1,超高频,普通,0.0,0.0,0.0,24.1,无负债
648,女,1935-09-28,70,63,>55,250,429444,1,超高频,普通,0.0,0.0,0.0,55.6,无负债
649,女,1978-05-02,13,20,≤25,353,4099494,1,超高频,高价值,0.0,0.0,1.0,71.5,无负债
651,女,1976-01-27,54,22,≤25,367,1152988,1,超高频,优质,0.0,0.0,0.0,63.4,无负债
652,男,1938-12-08,61,60,>55,481,2794742,1,超高频,高价值,0.0,0.0,1.0,65.6,无负债
653,女,1930-11-21,1,68,>55,282,504203,1,超高频,普通,0.0,0.0,0.0,62.9,无负债
654,女,1942-05-17,64,56,>55,412,475292,1,超高频,普通,0.0,0.0,0.0,56.8,无负债
655,男,1942-12-10,32,56,>55,254,2191786,1,超高频,优质,1.0,1.0,1.0,44.2,有负债
656,男,1956-06-06,1,42,36-45,331,1489805,1,超高频,优质,0.0,0.0,0.0,62.1,无负债
657,女,1926-07-10,8,72,>55,102,211774,1,超高频,普通,0.0,0.0,0.0,25.6,无负债
658,男,1926-12-21,8,72,>55,102,211774,1,超高频,普通,0.0,0.0,0.0,25.6,无负债
659,男,1965-12-07,24,33,26-35,71,101857,1,超高频,普通,0.0,0.0,0.0,17.4,无负债
660,男,1923-03-22,16,75,>55,353,703084,1,超高频,普通,0.0,0.0,0.0,55.6,无负债
661,女,1919-01-15,16,80,>55,353,703084,1,超高频,普通,0.0,0.0,0.0,55.6,无负债
662,男,1945-08-07,5,53,46-55,154,748926,1,超高频,普通,0.0,0.0,1.0,25.5,无负债
663,男,1923-01-20,24,76,>55,69,148551,1,超高频,普通,0.0,0.0,0.0,14.7,无负债
664,女,1980-03-19,77,18,≤25,279,726380,1,超高频,普通,0.0,0.0,0.0,68.8,无负债
665,女,1932-04-05,62,66,>55,337,654213,1,超高频,普通,0.0,0.0,0.0,65.3,无负债
666,男,1982-05-23,26,16,≤25,270,506940,1,超高频,普通,0.0,0.0,1.0,43.5,无负债
667,女,1981-07-20,26,17,≤25,209,446044,1,超高频,普通,0.0,0.0,1.0,35.7,无负债
668,女,1942-12-25,1,56,>55,503,3306321,1,超高频,高价值,0.0,0.0,0.0,68.6,无负债
669,女,1956-12-19,12,42,36-45,85,679435,1,超高频,普通,0.0,0.0,0.0,18.5,无负债
670,男,1959-01-21,1,39,36-45,167,214185,1,超高频,普通,0.0,0.0,0.0,37.7,无负债
671,女,1971-02-27,10,27,26-35,195,599966,1,超高频,普通,0.0,0.0,0.0,31.0,无负债
672,女,1929-11-09,46,69,>55,362,779823,1,超高频,普通,0.0,0.0,0.0,70.9,无负债
673,男,1939-10-29,36,59,>55,231,879606,1,超高频,普通,0.0,0.0,0.0,41.0,无负债
674,女,1927-01-11,11,72,>55,137,272045,1,超高频,普通,0.0,0.0,0.0,25.0,无负债
675,男,1975-11-12,50,23,≤25,441,1279093,1,超高频,优质,0.0,0.0,0.0,71.2,无负债
676,男,1953-02-07,70,45,36-45,356,1356612,1,超高频,优质,0.0,0.0,0.0,66.1,无负债
677,男,1963-05-24,5,35,26-35,61,466330,1,超高频,普通,0.0,0.0,0.0,12.5,无负债
678,女,1933-05-28,39,65,>55,162,357037,1,超高频,普通,0.0,0.0,0.0,37.8,无负债
679,男,1940-03-19,8,58,>55,88,1386977,1,超高频,优质,0.0,0.0,1.0,13.8,无负债
680,女,1940-05-09,8,58,>55,88,1386977,1,超高频,优质,0.0,0.0,0.0,13.8,无负债
681,男,1977-01-15,15,21,≤25,154,407419,1,超高频,普通,0.0,0.0,0.0,30.9,无负债
682,男,1979-10-21,18,19,≤25,214,1163191,1,超高频,优质,0.0,0.0,0.0,45.8,无负债
683,女,1945-08-29,76,53,46-55,144,239672,1,超高频,普通,0.0,0.0,0.0,27.4,无负债
684,女,1976-04-10,3,22,≤25,123,517927,1,超高频,普通,0.0,0.0,0.0,25.9,无负债
685,女,1930-12-13,72,68,>55,126,261756,1,超高频,普通,0.0,0.0,0.0,30.0,无负债
686,女,1971-10-03,32,27,26-35,439,2419062,1,超高频,高价值,0.0,0.0,0.0,58.0,无负债
687,男,1975-01-28,32,23,≤25,439,2419062,1,超高频,高价值,0.0,0.0,0.0,58.0,无负债
688,男,1954-05-04,1,44,36-45,89,848942,1,超高频,普通,0.0,0.0,1.0,30.1,无负债
689,男,1964-08-02,70,34,26-35,370,5774256,1,超高频,高价值,0.0,0.0,0.0,66.0,无负债
690,男,1942-11-07,38,56,>55,341,1122846,1,超高频,优质,0.0,0.0,0.0,57.0,无负债
691,女,1944-01-13,38,55,46-55,341,1122846,1,超高频,优质,0.0,0.0,0.0,57.0,无负债
692,女,1936-01-11,74,63,>55,358,875653,1,超高频,普通,0.0,0.0,0.0,73.0,无负债
693,男,1935-03-17,74,63,>55,358,875653,1,超高频,普通,0.0,0.0,0.0,73.0,无负债
694,男,1936-02-28,29,62,>55,294,1269848,1,超高频,优质,0.0,0.0,1.0,52.1,无负债
695,男,1955-06-27,28,43,36-45,161,848876,1,超高频,普通,0.0,0.0,0.0,21.7,无负债
696,女,1952-12-01,28,46,46-55,161,848876,1,超高频,普通,0.0,0.0,0.0,21.7,无负债
697,男,1974-05-01,1,24,≤25,62,163131,1,超高频,普通,0.0,0.0,0.0,12.7,无负债
698,男,1954-02-27,75,44,36-45,185,579969,1,超高频,普通,0.0,0.0,0.0,31.9,无负债
699,女,1922-04-22,26,76,>55,106,209980,1,超高频,普通,0.0,0.0,0.0,27.0,无负债
700,男,1929-11-20,12,69,>55,243,434875,1,超高频,普通,0.0,0.0,0.0,53.7,无负债
702,女,1968-11-07,31,30,26-35,138,216418,1,超高频,普通,0.0,0.0,0.0,30.0,无负债
703,男,1959-04-26,4,39,36-45,20,55764,1,中频,普通,0.0,0.0,0.0,16.1,无负债
704,男,1975-05-01,54,23,≤25,217,636157,1,超高频,普通,0.0,0.0,0.0,46.2,无负债
705,男,1938-12-10,19,60,>55,28,70700,1,高频,普通,0.0,0.0,0.0,30.8,无负债
706,男,1948-08-05,1,50,46-55,508,1198366,1,超高频,优质,0.0,0.0,0.0,70.6,无负债
707,男,1941-12-14,1,57,>55,105,861314,1,超高频,普通,0.0,0.0,1.0,20.5,无负债
708,女,1977-11-27,50,21,≤25,146,860484,1,超高频,普通,0.0,0.0,0.0,34.7,无负债
709,男,1934-12-29,1,64,>55,59,114190,1,高频,普通,0.0,0.0,0.0,16.9,无负债
710,男,1925-11-28,23,73,>55,132,260657,1,超高频,普通,0.0,0.0,0.0,24.5,无负债
711,女,1963-08-16,48,35,26-35,139,839277,1,超高频,普通,0.0,0.0,0.0,30.0,无负债
712,男,1962-12-04,54,36,36-45,233,286448,1,超高频,普通,0.0,0.0,0.0,49.5,无负债
713,女,1980-03-29,20,18,≤25,159,1940356,1,超高频,优质,0.0,0.0,0.0,24.7,无负债
714,男,1970-10-08,31,28,26-35,248,2056734,1,超高频,优质,0.0,0.0,1.0,51.4,无负债
715,女,1952-01-15,1,46,46-55,348,2593683,1,超高频,高价值,0.0,0.0,0.0,61.8,无负债
716,女,1954-12-04,1,44,36-45,117,572489,1,超高频,普通,0.0,0.0,1.0,23.1,无负债
717,男,1968-05-02,54,30,26-35,148,635201,1,超高频,普通,0.0,0.0,0.0,25.3,无负债
718,女,1960-02-28,54,38,36-45,148,635201,1,超高频,普通,0.0,0.0,0.0,25.3,无负债
719,男,1974-08-09,46,24,≤25,111,759182,1,超高频,普通,0.0,0.0,1.0,22.0,无负债
720,男,1954-09-06,29,44,36-45,326,427876,1,超高频,普通,0.0,0.0,0.0,65.9,无负债
721,男,1940-02-15,43,58,>55,180,410942,1,超高频,普通,0.0,0.0,0.0,38.7,无负债
722,女,1970-11-25,62,28,26-35,171,814989,1,超高频,普通,0.0,0.0,1.0,31.1,无负债
723,女,1957-07-26,12,41,36-45,292,1109971,1,超高频,优质,0.0,0.0,0.0,62.1,无负债
724,女,1953-02-02,65,45,36-45,112,507110,1,超高频,普通,0.0,0.0,0.0,23.2,无负债
725,男,1956-12-11,75,42,36-45,75,652667,1,超高频,普通,0.0,0.0,1.0,14.1,无负债
726,男,1935-02-13,16,63,>55,212,279618,1,超高频,普通,0.0,0.0,0.0,47.1,无负债
727,女,1930-07-20,32,68,>55,208,400621,1,超高频,普通,0.0,0.0,0.0,45.9,无负债
728,男,1932-01-20,32,66,>55,208,400621,1,超高频,普通,0.0,0.0,0.0,45.9,无负债
729,女,1969-03-17,63,29,26-35,361,309201,1,超高频,普通,0.0,0.0,0.0,56.4,无负债
730,男,1973-08-14,63,25,≤25,361,309201,1,超高频,普通,0.0,0.0,0.0,56.4,无负债
731,女,1979-01-22,74,19,≤25,253,2914228,1,超高频,高价值,0.0,0.0,1.0,53.5,无负债
732,男,1978-07-05,74,20,≤25,253,2914228,1,超高频,高价值,0.0,0.0,0.0,53.5,无负债
733,男,1978-07-28,46,20,≤25,69,105878,1,超高频,普通,0.0,0.0,0.0,17.6,无负债
734,女,1985-01-14,46,13,≤25,69,105878,1,超高频,普通,0.0,0.0,0.0,17.6,无负债
735,男,1973-11-26,1,25,≤25,134,165698,1,超高频,普通,0.0,0.0,0.0,31.6,无负债
736,女,1977-04-26,1,21,≤25,134,165698,1,超高频,普通,0.0,0.0,0.0,31.6,无负债
737,男,1952-11-04,74,46,46-55,124,753543,1,超高频,普通,0.0,0.0,0.0,29.1,无负债
738,男,1920-03-26,25,78,>55,89,184173,1,超高频,普通,0.0,0.0,0.0,19.1,无负债
739,男,1942-04-16,72,56,>55,182,188760,1,超高频,普通,0.0,0.0,0.0,33.2,无负债
740,男,1923-11-07,55,75,>55,334,834209,1,超高频,普通,0.0,0.0,0.0,63.5,无负债
741,男,1941-07-09,74,57,>55,160,1594534,1,超高频,优质,0.0,0.0,0.0,28.7,无负债
742,女,1951-10-15,1,47,46-55,161,1449531,1,超高频,优质,0.0,0.0,1.0,27.4,无负债
743,男,1941-02-17,1,57,>55,260,2167152,1,超高频,优质,0.0,0.0,0.0,40.3,无负债
744,男,1940-07-18,26,58,>55,35,83300,1,高频,普通,0.0,0.0,0.0,34.9,无负债
745,女,1966-02-14,52,32,26-35,191,1630861,1,超高频,优质,0.0,0.0,0.0,31.5,无负债
746,男,1962-04-16,52,36,36-45,191,1630861,1,超高频,优质,0.0,0.0,0.0,31.5,无负债
747,女,1953-08-20,24,45,36-45,131,899483,1,超高频,优质,0.0,0.0,0.0,18.6,无负债
748,男,1936-10-15,25,62,>55,404,423286,1,超高频,普通,0.0,0.0,0.0,70.3,无负债
749,女,1933-07-29,25,65,>55,404,423286,1,超高频,普通,0.0,0.0,0.0,70.3,无负债
750,女,1956-09-29,70,42,36-45,392,5643718,1,超高频,高价值,0.0,0.0,0.0,63.6,无负债
751,男,1959-03-09,70,39,36-45,213,3182180,1,超高频,高价值,0.0,0.0,0.0,42.3,无负债
752,男,1944-12-20,72,54,46-55,366,1043158,1,超高频,优质,0.0,0.0,0.0,62.6,无负债
753,女,1940-09-24,72,58,>55,366,1043158,1,超高频,优质,0.0,0.0,0.0,62.6,无负债
754,女,1947-06-04,63,51,46-55,426,3389138,1,超高频,高价值,0.0,0.0,0.0,71.9,无负债
755,男,1947-11-21,72,51,46-55,324,694768,1,超高频,普通,0.0,0.0,0.0,60.8,无负债
756,男,1920-05-13,31,78,>55,304,481118,1,超高频,普通,0.0,0.0,0.0,54.0,无负债
757,女,1970-12-20,71,28,26-35,349,512903,1,超高频,普通,0.0,0.0,0.0,67.1,无负债
758,女,1961-07-26,68,37,36-45,185,303038,1,超高频,普通,0.0,0.0,0.0,33.7,无负债
759,男,1955-05-20,29,43,36-45,194,182258,1,超高频,普通,0.0,0.0,0.0,32.1,无负债
760,女,1936-08-25,57,62,>55,176,359971,1,超高频,普通,0.0,0.0,0.0,37.4,无负债
762,男,1937-04-20,21,61,>55,425,3544777,1,超高频,高价值,0.0,0.0,0.0,53.1,无负债
763,女,1927-08-24,75,71,>55,83,173207,1,超高频,普通,0.0,0.0,0.0,20.6,无负债
764,女,1955-10-13,49,43,36-45,142,202628,1,超高频,普通,0.0,0.0,0.0,28.6,无负债
765,男,1969-12-31,65,29,26-35,293,1565603,1,超高频,优质,0.0,0.0,0.0,42.8,无负债
766,女,1926-07-03,1,72,>55,56,101161,1,高频,普通,0.0,0.0,0.0,14.1,无负债
767,男,1923-06-16,1,75,>55,56,101161,1,高频,普通,0.0,0.0,0.0,14.1,无负债
768,女,1931-09-23,32,67,>55,305,561190,1,超高频,普通,0.0,0.0,0.0,68.0,无负债
769,男,1977-12-15,40,21,≤25,97,923700,1,超高频,优质,0.0,0.0,1.0,18.6,无负债
772,男,1944-12-10,64,54,46-55,58,207981,1,高频,普通,0.0,0.0,0.0,14.3,无负债
773,男,1935-10-30,4,63,>55,64,68900,1,超高频,普通,0.0,0.0,0.0,14.0,无负债
774,男,1973-03-03,70,25,≤25,105,1762589,1,超高频,优质,0.0,0.0,0.0,16.6,无负债
775,女,1940-11-30,51,58,>55,189,738873,1,超高频,普通,0.0,0.0,0.0,36.4,无负债
776,女,1953-05-03,1,45,36-45,105,555607,1,超高频,普通,0.0,0.0,0.0,20.4,无负债
777,男,1961-05-20,1,37,36-45,105,555607,1,超高频,普通,0.0,0.0,0.0,20.4,无负债
778,男,1940-06-04,13,58,>55,354,2578868,1,超高频,高价值,0.0,0.0,1.0,62.6,无负债
779,女,1944-06-12,69,54,46-55,322,3981441,1,超高频,高价值,0.0,0.0,0.0,56.3,无负债
780,男,1924-02-26,3,74,>55,259,634112,1,超高频,普通,0.0,0.0,0.0,47.8,无负债
781,男,1945-09-20,72,53,46-55,388,2665833,1,超高频,高价值,0.0,0.0,0.0,62.0,无负债
782,女,1963-03-18,5,35,26-35,400,2218730,1,超高频,优质,0.0,0.0,0.0,72.9,无负债
783,女,1971-03-25,27,27,26-35,75,511353,1,超高频,普通,0.0,0.0,0.0,16.7,无负债
784,男,1964-12-28,27,34,26-35,75,511353,1,超高频,普通,0.0,0.0,0.0,16.7,无负债
785,男,1934-09-09,63,64,>55,241,577727,1,超高频,普通,0.0,0.0,0.0,51.3,无负债
786,男,1978-09-06,53,20,≤25,606,3520117,1,超高频,高价值,0.0,0.0,1.0,70.3,无负债
787,男,1947-12-08,3,51,46-55,152,796980,1,超高频,普通,0.0,0.0,0.0,28.9,无负债
788,男,1974-09-03,47,24,≤25,441,859857,1,超高频,普通,0.0,0.0,0.0,65.7,无负债
789,男,1931-09-21,4,67,>55,167,313419,1,超高频,普通,0.0,0.0,0.0,36.2,无负债
790,女,1967-05-09,63,31,26-35,150,198713,1,超高频,普通,0.0,0.0,0.0,24.9,无负债
791,女,1950-09-29,68,48,46-55,233,1223449,1,超高频,优质,0.0,0.0,1.0,35.9,无负债
793,男,1978-02-04,21,20,≤25,258,612651,1,超高频,普通,0.0,0.0,0.0,54.3,无负债
794,女,1979-07-16,21,19,≤25,258,612651,1,超高频,普通,0.0,0.0,0.0,54.3,无负债
796,男,1919-08-30,1,79,>55,119,296458,1,超高频,普通,0.0,0.0,0.0,25.1,无负债
797,男,1948-01-27,8,50,46-55,234,819514,1,超高频,普通,0.0,0.0,1.0,40.5,无负债
798,女,1940-02-12,27,58,>55,276,1072934,1,超高频,优质,1.0,1.0,1.0,34.1,有负债
799,男,1936-02-19,27,62,>55,276,1072934,1,超高频,优质,1.0,1.0,0.0,34.1,有负债
803,男,1951-02-15,35,47,46-55,144,166853,1,超高频,普通,0.0,0.0,0.0,31.3,无负债
804,女,1956-01-23,35,42,36-45,144,166853,1,超高频,普通,0.0,0.0,0.0,31.3,无负债
806,男,1980-04-22,60,18,≤25,55,164701,1,高频,普通,0.0,0.0,0.0,14.3,无负债
807,女,1969-10-21,53,29,26-35,18,58000,1,中频,普通,0.0,0.0,0.0,18.6,无负债
808,男,1963-11-28,31,35,26-35,60,411700,1,高频,普通,0.0,0.0,1.0,13.0,无负债
809,男,1919-10-15,49,79,>55,199,364948,1,超高频,普通,0.0,0.0,0.0,40.6,无负债
810,女,1945-09-24,58,53,46-55,263,987969,1,超高频,优质,1.0,1.0,1.0,41.6,有负债
811,男,1940-05-28,58,58,>55,263,987969,1,超高频,优质,1.0,1.0,0.0,41.6,有负债
812,男,1940-12-06,39,58,>55,213,503040,1,超高频,普通,0.0,0.0,0.0,39.9,无负债
813,男,1964-01-29,70,34,26-35,62,687229,1,超高频,普通,0.0,0.0,0.0,15.8,无负债
814,男,1959-10-01,19,39,36-45,443,1051990,1,超高频,优质,0.0,0.0,0.0,63.7,无负债
815,女,1964-10-27,22,34,26-35,120,575360,1,超高频,普通,0.0,0.0,0.0,17.9,无负债
816,女,1958-02-01,17,40,36-45,87,526218,1,超高频,普通,0.0,0.0,1.0,17.7,无负债
818,男,1966-04-27,54,32,26-35,96,97518,1,超高频,普通,0.0,0.0,0.0,19.1,无负债
819,男,1958-07-08,74,40,36-45,156,1431605,1,超高频,优质,0.0,0.0,1.0,29.8,无负债
820,女,1960-11-06,74,38,36-45,156,1431605,1,超高频,优质,0.0,0.0,0.0,29.8,无负债
821,男,1948-05-12,49,50,46-55,137,167360,1,超高频,普通,0.0,0.0,0.0,32.1,无负债
822,女,1959-05-08,37,39,36-45,219,2812760,1,超高频,高价值,0.0,0.0,1.0,48.6,无负债
823,男,1956-10-24,41,42,36-45,506,1609238,1,超高频,优质,0.0,0.0,0.0,69.9,无负债
824,男,1952-09-05,27,46,46-55,191,854866,1,超高频,普通,0.0,0.0,0.0,31.4,无负债
825,男,1977-04-02,74,21,≤25,351,540366,1,超高频,普通,0.0,0.0,0.0,62.1,无负债
826,男,1978-01-23,1,20,≤25,289,2437769,1,超高频,高价值,0.0,0.0,1.0,32.7,无负债
827,女,1965-09-04,10,33,26-35,150,1165448,1,超高频,优质,0.0,0.0,0.0,30.1,无负债
828,男,1958-12-10,10,40,36-45,150,1165448,1,超高频,优质,0.0,0.0,0.0,30.1,无负债
829,男,1957-05-19,24,41,36-45,154,376272,1,超高频,普通,0.0,0.0,0.0,34.8,无负债
830,男,1948-08-27,69,50,46-55,160,1055241,1,超高频,优质,0.0,0.0,0.0,27.4,无负债
831,男,1948-05-02,2,50,46-55,311,2094239,1,超高频,优质,0.0,0.0,0.0,55.7,无负债
832,女,1923-12-23,67,75,>55,134,319166,1,超高频,普通,0.0,0.0,0.0,28.3,无负债
833,男,1960-06-11,5,38,36-45,174,1612049,1,超高频,优质,0.0,0.0,0.0,32.8,无负债
834,男,1922-12-17,54,76,>55,62,128363,1,超高频,普通,0.0,0.0,1.0,13.9,无负债
835,女,1943-10-20,28,55,46-55,399,3299898,1,超高频,高价值,0.0,0.0,0.0,71.3,无负债
836,男,1948-06-14,28,50,46-55,399,3299898,1,超高频,高价值,0.0,0.0,0.0,71.3,无负债
837,男,1974-10-14,71,24,≤25,142,879245,1,超高频,普通,0.0,0.0,0.0,27.5,无负债
838,女,1968-02-04,71,30,26-35,142,879245,1,超高频,普通,0.0,0.0,0.0,27.5,无负债
839,女,1955-05-18,47,43,36-45,347,4886634,1,超高频,高价值,0.0,0.0,0.0,64.4,无负债
840,男,1937-04-26,20,61,>55,357,623055,1,超高频,普通,0.0,0.0,0.0,55.8,无负债
841,男,1981-02-10,69,17,≤25,344,861577,1,超高频,普通,0.0,0.0,0.0,67.8,无负债
842,女,1933-07-03,12,65,>55,298,549101,1,超高频,普通,0.0,0.0,0.0,67.3,无负债
843,女,1957-09-03,54,41,36-45,55,103801,1,高频,普通,0.0,0.0,0.0,12.5,无负债
844,男,1945-01-14,22,54,46-55,479,2674921,1,超高频,高价值,0.0,0.0,0.0,73.0,无负债
845,女,1953-01-30,22,45,36-45,479,2674921,1,超高频,高价值,0.0,0.0,0.0,73.0,无负债
846,男,1949-12-01,35,49,46-55,90,249560,1,超高频,普通,0.0,0.0,0.0,17.9,无负债
847,男,1979-12-25,49,19,≤25,135,1233215,1,超高频,优质,0.0,0.0,0.0,32.3,无负债
849,女,1939-06-06,26,59,>55,30,70800,1,高频,普通,0.0,0.0,0.0,33.6,无负债
850,男,1969-09-21,19,29,26-35,281,2868898,1,超高频,高价值,0.0,0.0,0.0,54.0,无负债
851,男,1919-06-16,25,79,>55,244,482002,1,超高频,普通,0.0,0.0,0.0,52.7,无负债
852,女,1916-06-04,25,82,>55,244,482002,1,超高频,普通,0.0,0.0,0.0,52.7,无负债
853,男,1949-06-02,70,49,46-55,312,1276542,1,超高频,优质,0.0,0.0,0.0,54.7,无负债
854,女,1941-11-02,72,57,>55,149,2250726,1,超高频,优质,0.0,0.0,0.0,25.4,无负债
855,男,1930-01-28,58,68,>55,113,285407,1,超高频,普通,0.0,0.0,0.0,26.9,无负债
856,男,1919-01-22,23,79,>55,117,285168,1,超高频,普通,0.0,0.0,0.0,26.3,无负债
857,男,1948-02-21,32,50,46-55,205,961351,1,超高频,优质,0.0,0.0,0.0,29.2,无负债
858,女,1959-03-29,47,39,36-45,250,2134707,1,超高频,优质,0.0,0.0,1.0,52.0,无负债
859,女,1968-07-29,1,30,26-35,391,3020929,1,超高频,高价值,0.0,0.0,1.0,69.3,无负债
860,男,1967-12-08,1,31,26-35,391,3020929,1,超高频,高价值,0.0,0.0,0.0,69.3,无负债
861,女,1956-09-13,1,42,36-45,281,2782388,1,超高频,高价值,1.0,1.0,1.0,34.5,有负债
862,男,1952-01-05,30,47,46-55,357,493457,1,超高频,普通,0.0,0.0,0.0,61.2,无负债
863,女,1968-11-29,54,30,26-35,213,568409,1,超高频,普通,0.0,0.0,0.0,42.0,无负债
864,男,1953-03-27,11,45,36-45,309,409320,1,超高频,普通,0.0,0.0,0.0,65.0,无负债
865,女,1946-11-03,11,52,46-55,309,409320,1,超高频,普通,0.0,0.0,0.0,65.0,无负债
866,女,1975-11-24,38,23,≤25,98,921580,1,超高频,优质,0.0,0.0,0.0,20.2,无负债
870,男,1957-05-06,70,41,36-45,169,274381,1,超高频,普通,0.0,0.0,0.0,30.2,无负债
871,男,1974-03-11,76,24,≤25,307,756347,1,超高频,普通,0.0,0.0,0.0,59.8,无负债
872,男,1963-02-22,35,35,26-35,11,35400,1,中频,普通,0.0,0.0,0.0,12.4,无负债
873,男,1944-01-05,60,55,46-55,223,658435,1,超高频,普通,0.0,0.0,0.0,37.7,无负债
874,女,1952-09-05,14,46,46-55,127,116909,1,超高频,普通,0.0,0.0,0.0,22.8,无负债
875,男,1956-12-07,14,42,36-45,127,116909,1,超高频,普通,0.0,0.0,0.0,22.8,无负债
876,男,1960-11-25,1,38,36-45,413,5678844,1,超高频,高价值,0.0,0.0,1.0,65.1,无负债
877,女,1927-01-21,5,71,>55,190,330034,1,超高频,普通,0.0,0.0,0.0,42.3,无负债
878,男,1920-04-17,5,78,>55,190,330034,1,超高频,普通,0.0,0.0,0.0,42.3,无负债
879,女,1943-12-08,38,55,46-55,171,1123151,1,超高频,优质,0.0,0.0,0.0,31.3,无负债
880,男,1960-02-17,49,38,36-45,274,3936513,1,超高频,高价值,0.0,0.0,0.0,44.2,无负债
881,女,1975-02-22,5,23,≤25,156,212382,1,超高频,普通,0.0,0.0,0.0,33.3,无负债
882,女,1933-09-09,70,65,>55,68,154438,1,超高频,普通,0.0,0.0,0.0,15.7,无负债
883,女,1920-01-06,75,79,>55,47,84255,1,高频,普通,0.0,0.0,0.0,13.0,无负债
884,男,1918-10-14,75,80,>55,47,84255,1,高频,普通,0.0,0.0,0.0,13.0,无负债
885,男,1923-02-08,34,75,>55,278,538730,1,超高频,普通,0.0,0.0,0.0,61.7,无负债
886,男,1948-02-02,34,50,46-55,512,3315800,1,超高频,高价值,0.0,0.0,1.0,67.3,无负债
887,女,1973-11-28,66,25,≤25,178,1659851,1,超高频,优质,0.0,0.0,1.0,34.0,无负债
888,男,1973-10-26,28,25,≤25,104,119319,1,超高频,普通,0.0,0.0,0.0,57.8,无负债
889,女,1981-10-24,54,17,≤25,309,987503,1,超高频,优质,0.0,0.0,0.0,54.4,无负债
890,男,1919-03-30,77,79,>55,288,486894,1,超高频,普通,0.0,0.0,0.0,60.0,无负债
891,男,1931-01-31,33,67,>55,296,538291,1,超高频,普通,0.0,0.0,0.0,62.8,无负债
892,女,1922-05-24,42,76,>55,364,777780,1,超高频,普通,0.0,0.0,0.0,70.9,无负债
893,女,1935-10-23,43,63,>55,64,121330,1,超高频,普通,0.0,0.0,0.0,15.0,无负债
894,男,1934-08-18,75,64,>55,196,419207,1,超高频,普通,0.0,0.0,0.0,44.4,无负债
895,男,1970-07-03,39,28,26-35,369,732539,1,超高频,普通,0.0,0.0,0.0,65.7,无负债
896,女,1973-04-24,36,25,≤25,403,1674065,1,超高频,优质,0.0,0.0,0.0,69.8,无负债
897,男,1981-03-25,36,17,≤25,403,1674065,1,超高频,优质,0.0,0.0,0.0,69.8,无负债
898,女,1943-04-27,38,55,46-55,165,420138,1,超高频,普通,0.0,0.0,0.0,21.6,无负债
899,男,1944-02-13,38,54,46-55,165,420138,1,超高频,普通,0.0,0.0,0.0,21.6,无负债
900,男,1977-04-10,73,21,≤25,372,2311774,1,超高频,高价值,0.0,0.0,1.0,64.6,无负债
901,男,1919-12-21,39,79,>55,334,576524,1,超高频,普通,0.0,0.0,0.0,68.7,无负债
902,男,1950-08-15,23,48,46-55,122,568238,1,超高频,普通,0.0,0.0,0.0,24.0,无负债
903,男,1934-03-06,31,64,>55,152,361149,1,超高频,普通,0.0,0.0,0.0,29.0,无负债
904,男,1932-02-08,1,66,>55,247,512770,1,超高频,普通,0.0,0.0,0.0,43.4,无负债
905,男,1940-10-23,38,58,>55,83,758815,1,超高频,普通,0.0,0.0,0.0,15.4,无负债
906,男,1978-06-16,65,20,≤25,64,109618,1,超高频,普通,0.0,0.0,1.0,48.3,无负债
907,男,1948-03-11,51,50,46-55,408,1073894,1,超高频,优质,0.0,0.0,1.0,66.4,无负债
908,女,1961-03-07,51,37,36-45,12,42800,1,中频,普通,0.0,0.0,0.0,12.6,无负债
909,男,1975-09-07,23,23,≤25,392,557274,1,超高频,普通,0.0,0.0,0.0,66.0,无负债
910,男,1961-09-27,1,37,36-45,127,432026,1,超高频,普通,0.0,0.0,0.0,19.6,无负债
911,男,1939-11-28,43,59,>55,93,135619,1,超高频,普通,0.0,0.0,0.0,57.6,无负债
912,男,1920-10-29,76,78,>55,183,447447,1,超高频,普通,0.0,0.0,0.0,39.0,无负债
913,男,1938-11-18,1,60,>55,260,1184602,1,超高频,优质,0.0,0.0,0.0,46.9,无负债
914,女,1921-01-19,1,78,>55,359,879895,1,超高频,普通,0.0,0.0,0.0,72.8,无负债
915,男,1975-05-03,12,23,≤25,115,252250,1,超高频,普通,0.0,0.0,0.0,24.7,无负债
916,男,1958-06-29,3,40,36-45,180,1357516,1,超高频,优质,0.0,0.0,0.0,32.8,无负债
917,女,1973-09-16,25,25,≤25,390,1834232,1,超高频,优质,0.0,0.0,0.0,45.9,无负债
918,男,1964-12-23,26,34,26-35,89,203881,1,超高频,普通,0.0,0.0,0.0,18.2,无负债
921,女,1954-02-13,7,44,36-45,121,538827,1,超高频,普通,0.0,0.0,0.0,27.6,无负债
922,女,1972-08-16,22,26,26-35,225,1498413,1,超高频,优质,0.0,0.0,0.0,35.8,无负债
923,男,1978-08-22,22,20,≤25,225,1498413,1,超高频,优质,0.0,0.0,0.0,35.8,无负债
924,男,1953-07-12,1,45,36-45,558,3661859,1,超高频,高价值,0.0,0.0,0.0,72.4,无负债
925,男,1959-08-13,54,39,36-45,456,1883471,1,超高频,优质,0.0,0.0,0.0,67.4,无负债
926,男,1981-01-22,1,17,≤25,418,996536,1,超高频,优质,0.0,0.0,0.0,67.8,无负债
927,男,1974-10-26,1,24,≤25,320,2052018,1,超高频,优质,0.0,0.0,0.0,49.2,无负债
928,女,1951-10-10,66,47,46-55,233,1249727,1,超高频,优质,0.0,0.0,1.0,31.9,无负债
929,男,1935-04-23,30,63,>55,79,1255287,1,超高频,优质,0.0,0.0,0.0,12.3,无负债
930,女,1959-08-25,68,39,36-45,27,77800,1,高频,普通,0.0,0.0,0.0,26.6,无负债
931,男,1968-06-07,16,30,26-35,129,941125,1,超高频,优质,0.0,0.0,0.0,29.0,无负债
932,男,1947-09-27,3,51,46-55,178,1385307,1,超高频,优质,0.0,0.0,0.0,32.7,无负债
933,女,1978-03-11,33,20,≤25,222,276598,1,超高频,普通,0.0,0.0,0.0,47.1,无负债
934,男,1982-08-19,33,16,≤25,222,276598,1,超高频,普通,0.0,0.0,0.0,47.1,无负债
935,女,1946-05-17,42,52,46-55,77,719871,1,超高频,普通,0.0,0.0,0.0,14.3,无负债
936,男,1943-07-30,42,55,46-55,77,719871,1,超高频,普通,0.0,0.0,0.0,14.3,无负债
937,男,1931-11-14,1,67,>55,53,123108,1,高频,普通,0.0,0.0,0.0,16.0,无负债
938,女,1944-08-07,59,54,46-55,476,2815509,1,超高频,高价值,0.0,0.0,0.0,57.3,无负债
939,男,1952-08-03,21,46,46-55,108,944040,1,超高频,优质,1.0,1.0,0.0,17.0,有负债
940,男,1960-08-11,53,38,36-45,270,1480497,1,超高频,优质,0.0,0.0,0.0,41.3,无负债
941,男,1935-10-05,10,63,>55,372,932547,1,超高频,优质,0.0,0.0,0.0,62.5,无负债
942,女,1931-09-02,12,67,>55,141,305126,1,超高频,普通,0.0,0.0,0.0,30.7,无负债
943,男,1936-09-26,12,62,>55,141,305126,1,超高频,普通,0.0,0.0,0.0,30.7,无负债
944,男,1970-12-18,39,28,26-35,294,594484,1,超高频,普通,1.0,1.0,0.0,47.5,有负债
945,女,1977-01-10,39,21,≤25,294,594484,1,超高频,普通,1.0,1.0,0.0,47.5,有负债
946,男,1951-08-06,54,47,46-55,406,3769526,1,超高频,高价值,1.0,0.0,1.0,68.7,无负债
948,男,1924-04-22,49,74,>55,162,331048,1,超高频,普通,0.0,0.0,0.0,37.1,无负债
949,男,1976-07-27,3,22,≤25,104,139761,1,超高频,普通,0.0,0.0,0.0,16.9,无负债
950,女,1965-04-12,76,33,26-35,497,484736,1,超高频,普通,0.0,0.0,0.0,73.0,无负债
951,男,1960-09-17,76,38,36-45,497,484736,1,超高频,普通,0.0,0.0,0.0,73.0,无负债
952,女,1951-05-01,63,47,46-55,92,106747,1,超高频,普通,0.0,0.0,0.0,20.6,无负债
953,男,1937-10-17,25,61,>55,266,652127,1,超高频,普通,0.0,0.0,0.0,47.8,无负债
954,女,1942-10-20,1,56,>55,57,374100,1,高频,普通,0.0,0.0,1.0,22.9,无负债
955,男,1970-01-28,57,28,26-35,130,1856854,1,超高频,优质,0.0,0.0,0.0,25.7,无负债
956,男,1966-10-21,1,32,26-35,182,276063,1,超高频,普通,0.0,0.0,0.0,32.8,无负债
957,女,1941-12-23,56,57,>55,39,71550,1,高频,普通,0.0,0.0,0.0,63.6,无负债
958,男,1942-05-04,56,56,>55,39,71550,1,高频,普通,0.0,0.0,0.0,63.6,无负债
959,女,1962-09-12,11,36,36-45,70,138156,1,超高频,普通,0.0,0.0,0.0,13.0,无负债
960,女,1957-04-13,16,41,36-45,95,234254,1,超高频,普通,0.0,0.0,0.0,17.6,无负债
961,女,1931-10-04,15,67,>55,240,484727,1,超高频,普通,0.0,0.0,0.0,49.1,无负债
962,男,1966-02-19,19,32,26-35,206,2584437,1,超高频,高价值,0.0,0.0,0.0,40.3,无负债
963,女,1966-12-17,64,32,26-35,214,617088,1,超高频,普通,0.0,0.0,1.0,35.3,无负债
964,女,1953-10-21,10,45,36-45,123,860935,1,超高频,普通,0.0,0.0,0.0,25.3,无负债
965,女,1972-12-01,13,26,26-35,112,163906,1,超高频,普通,0.0,0.0,0.0,26.5,无负债
966,男,1978-09-02,13,20,≤25,112,163906,1,超高频,普通,0.0,0.0,0.0,26.5,无负债
967,男,1979-06-20,76,19,≤25,251,2084297,1,超高频,优质,0.0,0.0,1.0,43.3,无负债
968,男,1957-02-17,69,41,36-45,286,1387906,1,超高频,优质,1.0,0.0,0.0,43.3,无负债
970,男,1957-03-29,36,41,36-45,192,1499462,1,超高频,优质,0.0,0.0,0.0,36.9,无负债
971,女,1919-01-01,46,80,>55,185,340481,1,超高频,普通,0.0,0.0,0.0,38.2,无负债
972,男,1917-05-06,46,81,>55,185,340481,1,超高频,普通,0.0,0.0,0.0,38.2,无负债
973,女,1970-10-06,14,28,26-35,90,1100801,1,超高频,优质,0.0,0.0,0.0,17.3,无负债
974,男,1963-06-24,14,35,26-35,90,1100801,1,超高频,优质,0.0,0.0,0.0,17.3,无负债
975,女,1959-07-12,1,39,36-45,157,1184547,1,超高频,优质,0.0,0.0,0.0,28.5,无负债
976,女,1955-11-19,16,43,36-45,392,1922382,1,超高频,优质,1.0,1.0,0.0,71.7,有负债
977,女,1926-05-10,76,72,>55,156,352713,1,超高频,普通,0.0,0.0,0.0,27.2,无负债
978,女,1968-06-09,56,30,26-35,312,367062,1,超高频,普通,0.0,0.0,0.0,65.2,无负债
979,男,1966-11-18,56,32,26-35,312,367062,1,超高频,普通,0.0,0.0,0.0,65.2,无负债
980,男,1961-09-30,40,37,36-45,493,5550776,1,超高频,高价值,1.0,1.0,0.0,65.8,有负债
981,男,1960-06-28,5,38,36-45,361,2622729,1,超高频,高价值,1.0,1.0,0.0,58.3,有负债
984,男,1949-07-03,20,49,46-55,214,1809300,1,超高频,优质,0.0,0.0,1.0,45.0,无负债
985,女,1947-01-13,20,52,46-55,214,1809300,1,超高频,优质,0.0,0.0,0.0,45.0,无负债
986,男,1955-05-16,74,43,36-45,244,1004995,1,超高频,优质,0.0,0.0,0.0,38.5,无负债
987,男,1952-05-20,60,46,46-55,221,298005,1,超高频,普通,0.0,0.0,0.0,34.0,无负债
988,女,1939-10-01,40,59,>55,125,347800,1,超高频,普通,0.0,0.0,0.0,27.3,无负债
989,男,1933-08-15,40,65,>55,125,347800,1,超高频,普通,0.0,0.0,0.0,27.3,无负债
990,男,1961-12-24,71,37,36-45,72,77485,1,超高频,普通,0.0,0.0,0.0,15.6,无负债
991,男,1941-06-27,32,57,>55,180,618035,1,超高频,普通,0.0,0.0,0.0,33.9,无负债
992,男,1948-05-21,19,50,46-55,218,1206351,1,超高频,优质,1.0,1.0,1.0,34.4,有负债
993,女,1969-10-31,44,29,26-35,179,506242,1,超高频,普通,0.0,0.0,0.0,27.3,无负债
994,男,1971-04-27,36,27,26-35,151,208740,1,超高频,普通,0.0,0.0,0.0,34.8,无负债
995,女,1973-10-30,36,25,≤25,151,208740,1,超高频,普通,0.0,0.0,0.0,34.8,无负债
996,女,1980-06-26,1,18,≤25,121,656581,1,超高频,普通,0.0,0.0,1.0,22.9,无负债
997,男,1950-11-11,59,48,46-55,106,139981,1,超高频,普通,0.0,0.0,0.0,26.1,无负债
998,女,1953-06-28,59,45,36-45,106,139981,1,超高频,普通,0.0,0.0,0.0,26.1,无负债
999,女,1966-09-01,74,32,26-35,318,2505469,1,超高频,高价值,0.0,0.0,1.0,71.8,无负债
1000,男,1961-10-27,74,37,36-45,318,2505469,1,超高频,高价值,0.0,0.0,0.0,71.8,无负债
1001,男,1947-04-14,44,51,46-55,115,173302,1,超高频,普通,0.0,0.0,0.0,27.8,无负债
1002,女,1944-03-08,42,54,46-55,142,183873,1,超高频,普通,0.0,0.0,0.0,31.7,无负债
1003,女,1937-10-31,31,61,>55,123,291667,1,超高频,普通,0.0,0.0,0.0,28.5,无负债
1004,男,1957-09-25,3,41,36-45,86,154918,1,超高频,普通,0.0,0.0,0.0,19.6,无负债
1006,女,1942-06-28,46,56,>55,164,436832,1,超高频,普通,0.0,0.0,0.0,29.6,无负债
1007,男,1938-01-05,46,61,>55,164,436832,1,超高频,普通,0.0,0.0,0.0,29.6,无负债
1008,男,1956-07-06,6,42,36-45,366,2915891,1,超高频,高价值,0.0,0.0,0.0,64.4,无负债
1009,女,1962-04-27,33,36,36-45,68,124028,1,超高频,普通,0.0,0.0,0.0,63.2,无负债
1010,男,1955-08-16,33,43,36-45,68,124028,1,超高频,普通,0.0,0.0,0.0,63.2,无负债
1011,男,1939-07-13,16,59,>55,254,2466118,1,超高频,高价值,0.0,0.0,1.0,48.2,无负债
1012,女,1966-02-13,70,32,26-35,186,1759610,1,超高频,优质,0.0,0.0,0.0,34.2,无负债
1013,男,1973-03-12,70,25,≤25,186,1759610,1,超高频,优质,0.0,0.0,0.0,34.2,无负债
1014,男,1931-02-08,1,67,>55,331,689989,1,超高频,普通,0.0,0.0,0.0,62.8,无负债
1015,男,1934-03-13,62,64,>55,205,431726,1,超高频,普通,0.0,0.0,0.0,45.5,无负债
1016,女,1940-07-21,62,58,>55,205,431726,1,超高频,普通,0.0,0.0,0.0,45.5,无负债
1017,女,1943-02-12,6,55,46-55,137,147278,1,超高频,普通,0.0,0.0,0.0,21.1,无负债
1018,男,1945-02-28,53,53,46-55,375,5667838,1,超高频,高价值,0.0,0.0,1.0,57.0,无负债
1019,女,1946-12-22,14,52,46-55,56,579282,1,高频,普通,0.0,0.0,1.0,12.3,无负债
1020,女,1977-05-10,72,21,≤25,229,2848825,1,超高频,高价值,1.0,1.0,1.0,34.3,有负债
1021,男,1977-08-05,2,21,≤25,147,428598,1,超高频,普通,0.0,0.0,0.0,29.8,无负债
1022,男,1940-07-23,31,58,>55,212,607533,1,超高频,普通,0.0,0.0,0.0,31.0,无负债
1023,男,1938-12-28,1,60,>55,136,1046093,1,超高频,优质,0.0,0.0,0.0,36.5,无负债
1024,男,1956-03-29,25,42,36-45,115,1342901,1,超高频,优质,0.0,0.0,0.0,22.2,无负债
1025,男,1964-07-08,15,34,26-35,358,3371308,1,超高频,高价值,0.0,0.0,0.0,52.0,无负债
1026,男,1979-08-12,57,19,≤25,58,72879,1,高频,普通,0.0,0.0,0.0,14.5,无负债
1027,女,1940-11-04,1,58,>55,215,1181700,1,超高频,优质,0.0,0.0,1.0,33.9,无负债
1028,男,1934-10-02,1,64,>55,215,1181700,1,超高频,优质,0.0,0.0,0.0,33.9,无负债
1029,女,1954-03-16,1,44,36-45,511,1414497,1,超高频,优质,1.0,1.0,0.0,64.3,有负债
1030,男,1947-10-11,1,51,46-55,332,1774412,1,超高频,优质,0.0,0.0,1.0,58.0,无负债
1031,女,1968-12-11,2,30,26-35,261,931946,1,超高频,优质,0.0,0.0,1.0,34.5,无负债
1032,女,1938-10-30,1,60,>55,283,560345,1,超高频,普通,0.0,0.0,0.0,64.4,无负债
1033,男,1937-10-14,1,61,>55,283,560345,1,超高频,普通,0.0,0.0,0.0,64.4,无负债
1034,女,1974-11-11,52,24,≤25,162,1416399,1,超高频,优质,0.0,0.0,0.0,30.1,无负债
1035,女,1971-03-28,13,27,26-35,117,368041,1,超高频,普通,0.0,0.0,0.0,16.4,无负债
1036,男,1976-12-06,13,22,≤25,117,368041,1,超高频,普通,0.0,0.0,0.0,16.4,无负债
1037,女,1965-11-01,1,33,26-35,397,1993210,1,超高频,优质,0.0,0.0,0.0,70.5,无负债
1038,女,1961-09-23,69,37,36-45,413,2506398,1,超高频,高价值,0.0,0.0,0.0,64.5,无负债
1039,女,1980-10-11,70,18,≤25,446,6774351,1,超高频,高价值,0.0,0.0,1.0,72.0,无负债
1040,男,1960-06-17,1,38,36-45,491,5897580,1,超高频,高价值,0.0,0.0,1.0,68.5,无负债
1041,男,1961-07-05,72,37,36-45,86,227893,1,超高频,普通,0.0,0.0,0.0,18.1,无负债
1042,女,1966-09-25,17,32,26-35,166,212844,1,超高频,普通,0.0,0.0,0.0,34.0,无负债
1043,男,1963-11-16,17,35,26-35,166,212844,1,超高频,普通,0.0,0.0,0.0,34.0,无负债
1044,女,1971-09-13,9,27,26-35,628,1977972,1,超高频,优质,0.0,0.0,0.0,72.7,无负债
1045,女,1947-12-24,60,51,46-55,83,747202,1,超高频,普通,0.0,0.0,0.0,13.9,无负债
1046,男,1975-08-24,1,23,≤25,99,394388,1,超高频,普通,0.0,0.0,0.0,19.5,无负债
1047,女,1963-07-11,16,35,26-35,16,41300,1,中频,普通,0.0,0.0,0.0,30.0,无负债
1048,女,1974-10-03,70,24,≤25,240,709758,1,超高频,普通,0.0,0.0,0.0,45.9,无负债
1049,男,1942-11-11,1,56,>55,145,1516451,1,超高频,优质,0.0,0.0,1.0,28.4,无负债
1050,女,1971-07-01,27,27,26-35,123,302423,1,超高频,普通,0.0,0.0,0.0,23.8,无负债
1051,女,1971-08-26,73,27,26-35,150,355603,1,超高频,普通,1.0,1.0,0.0,20.5,有负债
1052,男,1964-03-11,56,34,26-35,205,1204573,1,超高频,优质,0.0,0.0,0.0,33.8,无负债
1053,女,1958-06-03,56,40,36-45,205,1204573,1,超高频,优质,0.0,0.0,0.0,33.8,无负债
1054,男,1924-08-20,63,74,>55,205,536518,1,超高频,普通,0.0,0.0,0.0,44.2,无负债
1055,男,1919-05-17,4,79,>55,56,165585,1,高频,普通,0.0,0.0,0.0,14.4,无负债
1056,男,1963-06-19,1,35,26-35,192,440715,1,超高频,普通,0.0,0.0,1.0,31.6,无负债
1057,男,1939-02-21,52,59,>55,174,1496447,1,超高频,优质,0.0,0.0,1.0,30.5,无负债
1058,女,1975-08-01,9,23,≤25,79,106292,1,超高频,普通,0.0,0.0,0.0,19.2,无负债
1059,男,1960-06-03,26,38,36-45,129,908543,1,超高频,优质,0.0,0.0,1.0,25.1,无负债
1060,女,1957-12-17,26,41,36-45,129,908543,1,超高频,优质,0.0,0.0,0.0,25.1,无负债
1062,男,1975-01-08,16,23,≤25,386,1724129,1,超高频,优质,0.0,0.0,1.0,70.9,无负债
1063,女,1976-06-12,16,22,≤25,386,1724129,1,超高频,优质,0.0,0.0,0.0,70.9,无负债
1064,女,1951-02-03,1,47,46-55,436,2143675,1,超高频,优质,0.0,0.0,0.0,61.4,无负债
1065,男,1957-11-26,2,41,36-45,299,404035,1,超高频,普通,0.0,0.0,0.0,61.7,无负债
1066,男,1940-10-18,1,58,>55,444,2959780,1,超高频,高价值,0.0,0.0,1.0,67.2,无负债
1067,男,1952-05-14,1,46,46-55,385,2625536,1,超高频,高价值,0.0,0.0,1.0,67.3,无负债
1068,女,1926-10-20,13,72,>55,304,607122,1,超高频,普通,0.0,0.0,0.0,68.9,无负债
1069,女,1938-02-21,54,60,>55,128,304120,1,超高频,普通,0.0,0.0,0.0,26.5,无负债
1070,男,1938-12-02,54,60,>55,128,304120,1,超高频,普通,0.0,0.0,0.0,26.5,无负债
1071,男,1925-01-25,43,73,>55,49,96436,1,高频,普通,0.0,0.0,0.0,12.5,无负债
1072,女,1966-12-08,60,32,26-35,380,1127723,1,超高频,优质,0.0,0.0,0.0,71.9,无负债
1073,男,1924-04-10,34,74,>55,148,335593,1,超高频,普通,0.0,0.0,0.0,31.8,无负债
1074,女,1928-08-25,34,70,>55,148,335593,1,超高频,普通,0.0,0.0,0.0,31.8,无负债
1075,女,1934-06-04,65,64,>55,416,814792,1,超高频,普通,0.0,0.0,0.0,70.4,无负债
1076,女,1979-05-11,53,19,≤25,215,2065024,1,超高频,优质,0.0,0.0,0.0,45.3,无负债
1077,男,1920-06-23,46,78,>55,191,525362,1,超高频,普通,0.0,0.0,0.0,40.8,无负债
1078,女,1978-12-15,24,20,≤25,181,189439,1,超高频,普通,0.0,0.0,0.0,34.2,无负债
1079,男,1961-07-15,3,37,36-45,225,902056,1,超高频,优质,0.0,0.0,0.0,43.3,无负债
1080,女,1950-10-06,54,48,46-55,491,4782168,1,超高频,高价值,0.0,0.0,1.0,69.2,无负债
1081,男,1970-12-16,71,28,26-35,217,1262740,1,超高频,优质,0.0,0.0,0.0,33.7,无负债
1082,男,1967-02-23,9,31,26-35,306,2303857,1,超高频,优质,0.0,0.0,0.0,67.3,无负债
1083,男,1937-12-15,48,61,>55,296,1107844,1,超高频,优质,0.0,0.0,0.0,57.0,无负债
1084,女,1944-04-09,48,54,46-55,296,1107844,1,超高频,优质,0.0,0.0,0.0,57.0,无负债
1085,女,1932-12-19,60,66,>55,271,468816,1,超高频,普通,0.0,0.0,0.0,54.5,无负债
1086,男,1973-05-04,74,25,≤25,488,1182671,1,超高频,优质,0.0,0.0,0.0,67.1,无负债
1087,女,1978-07-30,74,20,≤25,488,1182671,1,超高频,优质,0.0,0.0,0.0,67.1,无负债
1088,女,1969-08-23,47,29,26-35,325,512332,1,超高频,普通,0.0,0.0,0.0,61.6,无负债
1089,男,1939-12-09,1,59,>55,270,2233595,1,超高频,优质,0.0,0.0,1.0,58.3,无负债
1090,女,1939-06-20,35,59,>55,150,478118,1,超高频,普通,0.0,0.0,0.0,25.0,无负债
1091,女,1940-06-27,59,58,>55,43,65877,1,高频,普通,0.0,0.0,0.0,12.3,无负债
1092,女,1962-07-20,41,36,36-45,353,510658,1,超高频,普通,0.0,0.0,0.0,66.7,无负债
1093,女,1976-07-28,62,22,≤25,271,605103,1,超高频,普通,0.0,0.0,0.0,56.9,无负债
1094,女,1960-10-04,30,38,36-45,64,75748,1,超高频,普通,0.0,0.0,0.0,16.2,无负债
1095,男,1954-02-16,30,44,36-45,64,75748,1,超高频,普通,0.0,0.0,0.0,16.2,无负债
1096,女,1926-03-03,1,72,>55,104,207717,1,超高频,普通,0.0,0.0,0.0,23.2,无负债
1097,男,1930-09-02,1,68,>55,104,207717,1,超高频,普通,0.0,0.0,0.0,23.2,无负债
1098,女,1948-09-10,60,50,46-55,162,1224156,1,超高频,优质,0.0,0.0,1.0,29.1,无负债
1099,女,1979-11-21,65,19,≤25,87,124567,1,超高频,普通,0.0,0.0,0.0,20.5,无负债
1100,男,1951-07-04,59,47,46-55,230,963165,1,超高频,优质,0.0,0.0,0.0,32.2,无负债
1101,男,1946-06-22,74,52,46-55,290,404145,1,超高频,普通,0.0,0.0,0.0,62.5,无负债
1102,男,1935-01-29,72,63,>55,330,3941759,1,超高频,高价值,1.0,1.0,0.0,48.1,有负债
1103,男,1951-08-18,1,47,46-55,155,938245,1,超高频,优质,0.0,0.0,0.0,29.0,无负债
1104,女,1955-02-09,1,43,36-45,155,938245,1,超高频,优质,0.0,0.0,0.0,29.0,无负债
1105,男,1942-01-03,56,57,>55,207,681620,1,超高频,普通,0.0,0.0,0.0,39.2,无负债
1106,女,1940-02-25,56,58,>55,207,681620,1,超高频,普通,0.0,0.0,0.0,39.2,无负债
1107,男,1961-04-26,60,37,36-45,128,894329,1,超高频,优质,0.0,0.0,0.0,28.7,无负债
1108,女,1955-12-22,62,43,36-45,116,502762,1,超高频,普通,0.0,0.0,0.0,22.3,无负债
1109,女,1931-09-01,58,67,>55,140,287507,1,超高频,普通,0.0,0.0,0.0,28.3,无负债
1110,女,1928-03-24,10,70,>55,159,339166,1,超高频,普通,0.0,0.0,0.0,27.2,无负债
1111,男,1979-06-04,61,19,≤25,334,613157,1,超高频,普通,0.0,0.0,0.0,44.8,无负债
1112,女,1930-07-25,13,68,>55,182,376183,1,超高频,普通,0.0,0.0,0.0,35.3,无负债
1113,男,1976-08-20,11,22,≤25,202,264512,1,超高频,普通,0.0,0.0,0.0,37.3,无负债
1114,男,1980-06-18,59,18,≤25,372,2789298,1,超高频,高价值,0.0,0.0,0.0,71.3,无负债
1115,女,1920-08-24,36,78,>55,120,226166,1,超高频,普通,0.0,0.0,0.0,26.4,无负债
1116,女,1973-04-19,69,25,≤25,111,513715,1,超高频,普通,0.0,0.0,0.0,21.0,无负债
1117,女,1976-11-01,20,22,≤25,404,1273737,1,超高频,优质,0.0,0.0,0.0,69.2,无负债
1118,男,1969-11-03,20,29,26-35,404,1273737,1,超高频,优质,0.0,0.0,0.0,69.2,无负债
1119,女,1980-01-05,54,19,≤25,368,1307451,1,超高频,优质,0.0,0.0,0.0,66.9,无负债
1120,女,1973-10-21,41,25,≤25,392,2075428,1,超高频,优质,0.0,0.0,0.0,65.9,无负债
1121,男,1939-03-02,59,59,>55,499,788014,1,超高频,普通,0.0,0.0,0.0,63.5,无负债
1122,男,1921-02-18,20,77,>55,137,264213,1,超高频,普通,0.0,0.0,0.0,30.2,无负债
1123,女,1922-08-26,20,76,>55,137,264213,1,超高频,普通,0.0,0.0,0.0,30.2,无负债
1124,男,1928-04-12,21,70,>55,192,465938,1,超高频,普通,0.0,0.0,0.0,38.0,无负债
1125,女,1934-03-30,9,64,>55,45,124867,1,高频,普通,0.0,0.0,0.0,13.3,无负债
1126,男,1935-10-23,9,63,>55,45,124867,1,高频,普通,0.0,0.0,0.0,13.3,无负债
1127,男,1974-11-12,23,24,≤25,103,139498,1,超高频,普通,0.0,0.0,0.0,24.6,无负债
1128,男,1930-07-16,7,68,>55,184,289727,1,超高频,普通,0.0,0.0,0.0,34.5,无负债
1129,男,1931-09-24,43,67,>55,195,332311,1,超高频,普通,0.0,0.0,0.0,40.8,无负债
1130,女,1940-11-26,70,58,>55,63,141875,1,超高频,普通,1.0,1.0,0.0,12.8,有负债
1131,女,1947-10-28,55,51,46-55,246,311049,1,超高频,普通,0.0,0.0,0.0,51.7,无负债
1132,男,1948-03-21,55,50,46-55,246,311049,1,超高频,普通,0.0,0.0,0.0,51.7,无负债
1133,女,1958-09-15,37,40,36-45,297,4031951,1,超高频,高价值,1.0,1.0,1.0,50.3,有负债
1134,男,1959-10-01,37,39,36-45,297,4031951,1,超高频,高价值,1.0,1.0,0.0,50.3,有负债
1135,男,1952-07-21,8,46,46-55,278,737362,1,超高频,普通,0.0,0.0,0.0,55.6,无负债
1136,女,1976-09-18,9,22,≤25,393,784244,1,超高频,普通,0.0,0.0,0.0,65.5,无负债
1137,女,1977-03-05,1,21,≤25,347,442689,1,超高频,普通,0.0,0.0,0.0,71.9,无负债
1138,女,1970-09-30,70,28,26-35,410,2559037,1,超高频,高价值,0.0,0.0,0.0,70.8,无负债
1139,男,1973-09-22,70,25,≤25,410,2559037,1,超高频,高价值,0.0,0.0,0.0,70.8,无负债
1140,男,1946-02-24,18,52,46-55,92,579660,1,超高频,普通,0.0,0.0,1.0,28.9,无负债
1141,女,1941-04-22,21,57,>55,174,1348691,1,超高频,优质,0.0,0.0,0.0,36.5,无负债
1142,女,1946-11-19,59,52,46-55,437,835709,1,超高频,普通,0.0,0.0,0.0,68.5,无负债
1143,男,1946-05-15,59,52,46-55,437,835709,1,超高频,普通,0.0,0.0,0.0,68.5,无负债
1145,女,1968-09-14,58,30,26-35,167,1000663,1,超高频,优质,0.0,0.0,0.0,35.1,无负债
1146,男,1965-11-14,54,33,26-35,359,2939331,1,超高频,高价值,0.0,0.0,1.0,65.1,无负债
1147,男,1930-05-12,3,68,>55,147,273157,1,超高频,普通,0.0,0.0,0.0,32.6,无负债
1148,男,1941-05-15,41,57,>55,64,291233,1,超高频,普通,0.0,0.0,0.0,13.9,无负债
1149,女,1976-09-25,14,22,≤25,269,312460,1,超高频,普通,0.0,0.0,0.0,42.0,无负债
1150,女,1945-06-24,74,53,46-55,258,498339,1,超高频,普通,0.0,0.0,0.0,36.3,无负债
1151,男,1973-03-06,59,25,≤25,160,875318,1,超高频,普通,0.0,0.0,0.0,30.2,无负债
1152,男,1981-03-12,74,17,≤25,321,865489,1,超高频,普通,0.0,0.0,0.0,61.8,无负债
1153,女,1980-11-15,70,18,≤25,204,301401,1,超高频,普通,0.0,0.0,0.0,36.9,无负债
1154,男,1924-01-31,72,74,>55,153,391474,1,超高频,普通,0.0,0.0,0.0,31.3,无负债
1155,女,1922-07-10,72,76,>55,153,391474,1,超高频,普通,0.0,0.0,0.0,31.3,无负债
1156,女,1933-11-11,1,65,>55,180,302287,1,超高频,普通,0.0,0.0,0.0,34.8,无负债
1157,女,1958-12-30,4,40,36-45,369,4387312,1,超高频,高价值,1.0,1.0,1.0,50.7,有负债
1158,女,1954-08-21,1,44,36-45,62,402127,1,超高频,普通,0.0,0.0,0.0,14.7,无负债
1159,男,1944-02-03,64,54,46-55,140,766607,1,超高频,普通,0.0,0.0,0.0,30.7,无负债
1160,女,1938-07-28,64,60,>55,140,766607,1,超高频,普通,0.0,0.0,0.0,30.7,无负债
1161,男,1973-05-25,7,25,≤25,142,1072858,1,超高频,优质,0.0,0.0,0.0,29.2,无负债
1162,女,1975-02-19,26,23,≤25,253,617376,1,超高频,普通,0.0,0.0,0.0,54.6,无负债
1163,男,1964-08-28,20,34,26-35,354,715098,1,超高频,普通,0.0,0.0,0.0,65.2,无负债
1164,女,1959-09-14,15,39,36-45,48,70434,1,高频,普通,0.0,0.0,0.0,14.8,无负债
1165,女,1942-10-02,15,56,>55,115,1085168,1,超高频,优质,0.0,0.0,1.0,28.9,无负债
1166,男,1959-06-27,74,39,36-45,200,894495,1,超高频,优质,0.0,0.0,0.0,38.2,无负债
1167,女,1954-03-17,74,44,36-45,200,894495,1,超高频,优质,0.0,0.0,0.0,38.2,无负债
1168,男,1978-05-31,19,20,≤25,347,899988,1,超高频,优质,0.0,0.0,1.0,60.6,无负债
1169,女,1941-01-24,18,57,>55,93,588354,1,超高频,普通,0.0,0.0,1.0,17.7,无负债
1170,男,1977-04-28,12,21,≤25,162,623778,1,超高频,普通,0.0,0.0,0.0,29.9,无负债
1171,女,1974-03-28,46,24,≤25,133,149541,1,超高频,普通,0.0,0.0,0.0,27.5,无负债
1172,女,1923-06-13,54,75,>55,239,565266,1,超高频,普通,0.0,0.0,0.0,50.6,无负债
1173,男,1922-06-02,54,76,>55,239,565266,1,超高频,普通,0.0,0.0,0.0,50.6,无负债
1174,女,1970-03-13,29,28,26-35,279,3086592,1,超高频,高价值,0.0,0.0,0.0,59.0,无负债
1175,男,1925-10-25,1,73,>55,116,261377,1,超高频,普通,0.0,0.0,0.0,26.8,无负债
1176,女,1918-08-31,1,80,>55,116,261377,1,超高频,普通,0.0,0.0,0.0,26.8,无负债
1177,女,1939-06-21,77,59,>55,194,1558161,1,超高频,优质,0.0,0.0,0.0,35.7,无负债
1178,女,1971-10-04,1,27,26-35,398,2145181,1,超高频,优质,0.0,0.0,0.0,69.2,无负债
1179,女,1930-10-05,1,68,>55,321,782343,1,超高频,普通,0.0,0.0,1.0,65.4,无负债
1180,男,1944-10-06,21,54,46-55,404,2702581,1,超高频,高价值,0.0,0.0,0.0,71.5,无负债
1181,男,1939-11-12,1,59,>55,147,575472,1,超高频,普通,0.0,0.0,0.0,25.0,无负债
1182,女,1946-10-16,66,52,46-55,299,2187796,1,超高频,优质,0.0,0.0,1.0,45.9,无负债
1183,男,1942-11-29,54,56,>55,599,903139,1,超高频,优质,0.0,0.0,0.0,71.9,无负债
1186,女,1947-08-05,2,51,46-55,163,726387,1,超高频,普通,0.0,0.0,0.0,30.2,无负债
1187,女,1961-09-06,32,37,36-45,259,356330,1,超高频,普通,0.0,0.0,0.0,55.9,无负债
1188,男,1968-09-19,32,30,26-35,259,356330,1,超高频,普通,0.0,0.0,0.0,55.9,无负债
1189,女,1932-02-15,74,66,>55,163,371454,1,超高频,普通,0.0,0.0,0.0,32.5,无负债
1190,女,1976-04-12,15,22,≤25,159,729224,1,超高频,普通,0.0,0.0,0.0,28.6,无负债
1191,男,1977-06-02,15,21,≤25,159,729224,1,超高频,普通,0.0,0.0,0.0,28.6,无负债
1192,女,1925-01-01,10,74,>55,263,664008,1,超高频,普通,0.0,0.0,0.0,51.1,无负债
1193,男,1926-01-29,19,72,>55,329,574960,1,超高频,普通,0.0,0.0,0.0,58.5,无负债
1194,女,1939-06-14,17,59,>55,215,1555726,1,超高频,优质,0.0,0.0,1.0,39.3,无负债
1195,女,1939-01-22,39,59,>55,390,3078154,1,超高频,高价值,0.0,0.0,0.0,68.5,无负债
1196,男,1943-04-16,22,55,46-55,299,904062,1,超高频,优质,0.0,0.0,0.0,39.6,无负债
1197,女,1966-10-02,6,32,26-35,105,1188251,1,超高频,优质,1.0,1.0,1.0,25.9,有负债
1198,女,1975-02-17,72,23,≤25,237,720640,1,超高频,普通,0.0,0.0,0.0,40.1,无负债
1199,女,1976-10-24,64,22,≤25,219,255610,1,超高频,普通,0.0,0.0,0.0,40.9,无负债
1200,女,1931-11-17,47,67,>55,78,189607,1,超高频,普通,0.0,0.0,0.0,16.7,无负债
1201,男,1945-09-10,54,53,46-55,148,172816,1,超高频,普通,0.0,0.0,0.0,20.1,无负债
1202,女,1980-10-11,47,18,≤25,341,3323377,1,超高频,高价值,0.0,0.0,1.0,62.6,无负债
1204,女,1974-11-09,77,24,≤25,584,4779772,1,超高频,高价值,0.0,0.0,0.0,72.2,无负债
1206,男,1957-06-21,50,41,36-45,166,264413,1,超高频,普通,0.0,0.0,0.0,27.9,无负债
1207,女,1939-09-17,28,59,>55,162,1182167,1,超高频,优质,0.0,0.0,0.0,27.1,无负债
1208,女,1975-09-01,70,23,≤25,210,3070262,1,超高频,高价值,1.0,1.0,0.0,30.4,有负债
1209,女,1957-04-09,36,41,36-45,420,5339154,1,超高频,高价值,0.0,0.0,0.0,71.3,无负债
1210,男,1961-10-12,6,37,36-45,613,647143,1,超高频,普通,0.0,0.0,0.0,71.8,无负债
1211,男,1978-07-14,1,20,≤25,185,618933,1,超高频,普通,0.0,0.0,1.0,30.6,无负债
1212,女,1927-09-19,13,71,>55,131,305789,1,超高频,普通,0.0,0.0,0.0,27.3,无负债
1213,男,1966-04-28,1,32,26-35,252,3872823,1,超高频,高价值,0.0,0.0,1.0,41.6,无负债
1214,男,1940-11-15,61,58,>55,289,3551897,1,超高频,高价值,0.0,0.0,0.0,44.7,无负债
1215,男,1944-05-06,45,54,46-55,323,2172135,1,超高频,优质,1.0,1.0,0.0,49.2,有负债
1216,女,1945-06-12,65,53,46-55,412,3092212,1,超高频,高价值,1.0,1.0,0.0,54.6,有负债
1217,男,1937-04-17,59,61,>55,137,174525,1,超高频,普通,0.0,0.0,0.0,32.1,无负债
1218,男,1980-05-27,74,18,≤25,160,392667,1,超高频,普通,0.0,0.0,0.0,33.9,无负债
1219,男,1944-07-31,1,54,46-55,88,255871,1,超高频,普通,0.0,0.0,0.0,18.9,无负债
1220,女,1953-12-16,40,45,36-45,428,2830889,1,超高频,高价值,0.0,0.0,1.0,64.0,无负债
1221,女,1973-05-18,14,25,≤25,351,2367788,1,超高频,高价值,0.0,0.0,0.0,53.5,无负债
1222,女,1939-11-30,7,59,>55,417,594341,1,超高频,普通,0.0,0.0,0.0,67.9,无负债
1223,女,1955-08-13,14,43,36-45,557,3049994,1,超高频,高价值,0.0,0.0,1.0,72.4,无负债
1224,男,1938-05-12,56,60,>55,223,218728,1,超高频,普通,0.0,0.0,0.0,33.2,无负债
1225,男,1946-08-21,42,52,46-55,103,150141,1,超高频,普通,0.0,0.0,0.0,25.8,无负债
1226,女,1951-04-14,33,47,46-55,287,3370390,1,超高频,高价值,0.0,0.0,0.0,53.8,无负债
1227,男,1955-10-02,33,43,36-45,287,3370390,1,超高频,高价值,0.0,0.0,0.0,53.8,无负债
1228,女,1949-08-28,21,49,46-55,280,2524519,1,超高频,高价值,0.0,0.0,1.0,65.6,无负债
1229,男,1971-02-02,19,27,26-35,87,107640,1,超高频,普通,0.0,0.0,0.0,20.3,无负债
1231,女,1965-09-27,20,33,26-35,86,567004,1,超高频,普通,0.0,0.0,1.0,16.2,无负债
1232,男,1959-04-13,20,39,36-45,86,567004,1,超高频,普通,0.0,0.0,0.0,16.2,无负债
1233,男,1942-10-22,68,56,>55,78,132597,1,超高频,普通,0.0,0.0,0.0,17.7,无负债
1234,男,1975-01-15,23,23,≤25,30,63000,1,高频,普通,0.0,0.0,0.0,33.9,无负债
1235,女,1979-07-12,23,19,≤25,30,63000,1,高频,普通,0.0,0.0,0.0,33.9,无负债
1236,女,1967-04-28,26,31,26-35,268,3496135,1,超高频,高价值,0.0,0.0,0.0,30.7,无负债
1237,男,1923-11-07,57,75,>55,221,434600,1,超高频,普通,0.0,0.0,0.0,38.2,无负债
1238,男,1935-09-01,74,63,>55,320,1555973,1,超高频,优质,0.0,0.0,0.0,43.0,无负债
1239,女,1976-09-09,11,22,≤25,401,7327524,1,超高频,高价值,0.0,0.0,1.0,69.2,无负债
1240,女,1976-08-24,32,22,≤25,26,94933,1,高频,普通,0.0,0.0,0.0,17.1,无负债
1241,女,1942-12-17,73,56,>55,110,325529,1,超高频,普通,0.0,0.0,0.0,21.2,无负债
1242,女,1944-08-21,73,54,46-55,125,791632,1,超高频,普通,0.0,0.0,1.0,20.8,无负债
1243,女,1974-10-05,11,24,≤25,199,1774240,1,超高频,优质,0.0,0.0,1.0,36.0,无负债
1244,男,1964-05-02,1,34,26-35,171,821118,1,超高频,普通,0.0,0.0,1.0,22.7,无负债
1245,男,1979-08-13,64,19,≤25,247,268021,1,超高频,普通,0.0,0.0,0.0,45.1,无负债
1246,男,1962-11-19,70,36,36-45,420,5955595,1,超高频,高价值,0.0,0.0,1.0,68.7,无负债
1247,女,1969-10-09,70,29,26-35,420,5955595,1,超高频,高价值,0.0,0.0,0.0,68.7,无负债
1248,男,1971-06-24,19,27,26-35,171,2133665,1,超高频,优质,0.0,0.0,0.0,31.9,无负债
1250,女,1952-08-01,43,46,46-55,281,1478645,1,超高频,优质,0.0,0.0,0.0,57.8,无负债
1251,男,1959-05-30,1,39,36-45,78,784194,1,超高频,普通,0.0,0.0,1.0,16.9,无负债
1252,女,1953-08-19,1,45,36-45,78,784194,1,超高频,普通,0.0,0.0,0.0,16.9,无负债
1253,女,1967-08-28,14,31,26-35,242,1218467,1,超高频,优质,0.0,0.0,1.0,38.3,无负债
1254,女,1939-08-31,3,59,>55,170,394407,1,超高频,普通,0.0,0.0,0.0,32.2,无负债
1255,女,1966-08-07,1,32,26-35,256,1126184,1,超高频,优质,0.0,0.0,0.0,45.3,无负债
1256,女,1955-11-13,46,43,36-45,288,804591,1,超高频,普通,0.0,0.0,0.0,55.4,无负债
1257,女,1928-09-01,35,70,>55,344,810901,1,超高频,普通,0.0,0.0,0.0,68.9,无负债
1258,男,1924-09-20,35,74,>55,344,810901,1,超高频,普通,0.0,0.0,0.0,68.9,无负债
1259,男,1966-09-29,18,32,26-35,69,102201,1,超高频,普通,0.0,0.0,0.0,13.1,无负债
1260,女,1945-01-03,57,54,46-55,421,3806548,1,超高频,高价值,0.0,0.0,0.0,71.2,无负债
1261,男,1951-09-28,57,47,46-55,421,3806548,1,超高频,高价值,0.0,0.0,0.0,71.2,无负债
1262,男,1952-04-03,35,46,46-55,296,1760680,1,超高频,优质,0.0,0.0,0.0,63.3,无负债
1263,女,1959-02-25,35,39,36-45,296,1760680,1,超高频,优质,0.0,0.0,0.0,63.3,无负债
1264,女,1976-10-03,61,22,≤25,282,920529,1,超高频,优质,0.0,0.0,0.0,64.1,无负债
1265,女,1958-12-21,57,40,36-45,366,1198986,1,超高频,优质,0.0,0.0,0.0,56.1,无负债
1266,女,1952-11-24,71,46,46-55,403,1502857,1,超高频,优质,0.0,0.0,0.0,71.4,无负债
1267,女,1954-02-11,29,44,36-45,101,131943,1,超高频,普通,0.0,0.0,0.0,25.0,无负债
1268,男,1949-03-30,29,49,46-55,101,131943,1,超高频,普通,0.0,0.0,0.0,25.0,无负债
1269,女,1948-12-31,1,50,46-55,79,674055,1,超高频,普通,0.0,0.0,0.0,24.5,无负债
1270,男,1930-05-16,13,68,>55,300,579037,1,超高频,普通,0.0,0.0,0.0,65.2,无负债
1271,男,1935-11-29,47,63,>55,198,1513377,1,超高频,优质,0.0,0.0,1.0,31.1,无负债
1272,男,1944-04-15,8,54,46-55,238,269948,1,超高频,普通,0.0,0.0,0.0,43.7,无负债
1273,男,1978-06-15,6,20,≤25,39,276452,1,高频,普通,0.0,0.0,0.0,26.8,无负债
1274,男,1976-01-25,44,22,≤25,61,185452,1,超高频,普通,0.0,0.0,0.0,14.7,无负债
1275,女,1951-10-10,1,47,46-55,360,3265771,1,超高频,高价值,0.0,0.0,0.0,66.7,无负债
1276,女,1942-04-26,68,56,>55,125,417552,1,超高频,普通,0.0,0.0,0.0,27.8,无负债
1277,男,1931-04-07,70,67,>55,65,157364,1,超高频,普通,0.0,0.0,0.0,15.3,无负债
1278,男,1978-09-12,72,20,≤25,350,840741,1,超高频,普通,0.0,0.0,0.0,70.2,无负债
1279,男,1956-07-11,16,42,36-45,165,2670734,1,超高频,高价值,0.0,0.0,0.0,27.9,无负债
1280,男,1952-05-08,34,46,46-55,187,2845629,1,超高频,高价值,0.0,0.0,1.0,28.1,无负债
1281,女,1949-12-28,34,49,46-55,187,2845629,1,超高频,高价值,0.0,0.0,0.0,28.1,无负债
1282,男,1936-11-27,52,62,>55,158,867309,1,超高频,普通,1.0,1.0,0.0,22.8,有负债
1283,女,1939-02-09,66,59,>55,306,586181,1,超高频,普通,0.0,0.0,0.0,66.2,无负债
1284,男,1943-08-04,66,55,46-55,306,586181,1,超高频,普通,0.0,0.0,0.0,66.2,无负债
1285,男,1939-11-26,62,59,>55,177,1124435,1,超高频,优质,0.0,0.0,0.0,32.8,无负债
1286,女,1950-03-13,52,48,46-55,393,3758239,1,超高频,高价值,1.0,1.0,0.0,68.7,有负债
1287,女,1944-08-09,65,54,46-55,58,318887,1,高频,普通,0.0,0.0,0.0,12.9,无负债
1288,男,1972-05-20,73,26,26-35,337,1037590,1,超高频,优质,0.0,0.0,0.0,59.0,无负债
1289,男,1946-09-18,59,52,46-55,148,1411169,1,超高频,优质,0.0,0.0,1.0,32.0,无负债
1290,男,1976-01-29,35,22,≤25,255,656729,1,超高频,普通,0.0,0.0,0.0,42.3,无负债
1291,女,1964-04-18,1,34,26-35,335,1315882,1,超高频,优质,0.0,0.0,0.0,50.8,无负债
1292,男,1977-04-28,14,21,≤25,372,1019769,1,超高频,优质,0.0,0.0,1.0,71.0,无负债
1293,男,1927-01-29,1,71,>55,148,381158,1,超高频,普通,0.0,0.0,0.0,30.1,无负债
1294,女,1930-05-29,1,68,>55,148,381158,1,超高频,普通,0.0,0.0,0.0,30.1,无负债
1295,女,1944-02-09,74,54,46-55,374,3724874,1,超高频,高价值,0.0,0.0,0.0,64.5,无负债
1296,女,1959-08-01,55,39,36-45,353,3101983,1,超高频,高价值,0.0,0.0,1.0,61.0,无负债
1297,女,1918-01-28,64,80,>55,103,193044,1,超高频,普通,0.0,0.0,0.0,24.7,无负债
1298,男,1921-03-15,64,77,>55,103,193044,1,超高频,普通,0.0,0.0,0.0,24.7,无负债
1299,女,1920-10-16,2,78,>55,133,298437,1,超高频,普通,0.0,0.0,0.0,31.2,无负债
1300,男,1979-10-27,45,19,≤25,192,672485,1,超高频,普通,1.0,1.0,0.0,25.2,有负债
1303,女,1940-08-16,42,58,>55,80,420829,1,超高频,普通,0.0,0.0,0.0,15.9,无负债
1304,男,1936-07-28,37,62,>55,183,154360,1,超高频,普通,0.0,0.0,0.0,30.9,无负债
1305,女,1945-04-28,55,53,46-55,143,1104903,1,超高频,优质,0.0,0.0,0.0,30.6,无负债
1306,女,1922-10-08,32,76,>55,301,656486,1,超高频,普通,0.0,0.0,0.0,61.3,无负债
1307,男,1953-04-08,74,45,36-45,249,1109813,1,超高频,优质,0.0,0.0,0.0,39.3,无负债
1308,男,1954-02-18,69,44,36-45,144,387164,1,超高频,普通,0.0,0.0,0.0,26.8,无负债
1309,男,1975-06-17,1,23,≤25,105,143903,1,超高频,普通,0.0,0.0,0.0,64.7,无负债
1310,女,1977-09-24,41,21,≤25,235,1096229,1,超高频,优质,0.0,0.0,1.0,43.5,无负债
1311,女,1956-12-18,54,42,36-45,243,3633407,1,超高频,高价值,1.0,1.0,0.0,36.1,有负债
1312,女,1935-04-03,35,63,>55,169,338549,1,超高频,普通,0.0,0.0,0.0,30.2,无负债
1313,男,1970-11-20,54,28,26-35,139,786550,1,超高频,普通,0.0,0.0,0.0,18.7,无负债
1314,女,1975-06-09,54,23,≤25,139,786550,1,超高频,普通,0.0,0.0,0.0,18.7,无负债
1315,男,1923-02-26,34,75,>55,108,262321,1,超高频,普通,0.0,0.0,0.0,22.3,无负债
1316,女,1946-11-13,67,52,46-55,247,1219334,1,超高频,优质,0.0,0.0,1.0,30.8,无负债
1317,男,1945-05-18,67,53,46-55,247,1219334,1,超高频,优质,0.0,0.0,0.0,30.8,无负债
1318,男,1931-03-10,47,67,>55,339,647341,1,超高频,普通,0.0,0.0,0.0,61.0,无负债
1321,女,1977-11-09,35,21,≤25,156,164609,1,超高频,普通,0.0,0.0,0.0,27.7,无负债
1322,女,1945-09-22,4,53,46-55,69,673765,1,超高频,普通,0.0,0.0,1.0,15.5,无负债
1323,男,1944-01-06,70,55,46-55,182,539923,1,超高频,普通,0.0,0.0,0.0,34.9,无负债
1324,女,1956-08-07,66,42,36-45,189,1897570,1,超高频,优质,0.0,0.0,0.0,42.4,无负债
1325,男,1945-09-19,39,53,46-55,204,1231199,1,超高频,优质,0.0,0.0,0.0,37.4,无负债
1326,女,1956-05-12,55,42,36-45,308,970798,1,超高频,优质,0.0,0.0,0.0,52.8,无负债
1327,女,1963-12-31,20,35,26-35,379,3544932,1,超高频,高价值,1.0,0.0,0.0,65.0,无负债
1328,女,1937-06-05,42,61,>55,354,800144,1,超高频,普通,0.0,0.0,0.0,64.7,无负债
1329,男,1918-02-16,26,80,>55,241,384677,1,超高频,普通,0.0,0.0,1.0,46.5,无负债
1330,男,1968-09-17,66,30,26-35,238,1911987,1,超高频,优质,0.0,0.0,0.0,50.9,无负债
1331,男,1963-11-24,54,35,26-35,91,499064,1,超高频,普通,0.0,0.0,0.0,18.0,无负债
1332,女,1957-11-27,5,41,36-45,182,1500465,1,超高频,优质,0.0,0.0,0.0,35.0,无负债
1333,男,1949-04-20,48,49,46-55,227,1861325,1,超高频,优质,0.0,0.0,1.0,47.6,无负债
1334,男,1978-02-06,8,20,≤25,164,552433,1,超高频,普通,0.0,0.0,0.0,27.7,无负债
1335,女,1961-01-25,1,37,36-45,324,3047229,1,超高频,高价值,0.0,0.0,0.0,62.5,无负债
1336,男,1962-11-04,1,36,36-45,324,3047229,1,超高频,高价值,0.0,0.0,0.0,62.5,无负债
1337,女,1979-03-29,56,19,≤25,337,461330,1,超高频,普通,0.0,0.0,0.0,70.2,无负债
1338,男,1983-07-26,56,15,≤25,337,461330,1,超高频,普通,0.0,0.0,0.0,70.2,无负债
1339,男,1959-05-04,22,39,36-45,358,1769580,1,超高频,优质,0.0,0.0,1.0,66.4,无负债
1340,女,1939-03-20,68,59,>55,150,284954,1,超高频,普通,0.0,0.0,0.0,28.5,无负债
1341,女,1962-06-17,69,36,36-45,399,1096635,1,超高频,优质,0.0,0.0,0.0,66.9,无负债
1343,女,1939-08-16,1,59,>55,360,654925,1,超高频,普通,0.0,0.0,0.0,63.8,无负债
1344,男,1935-02-18,1,63,>55,360,654925,1,超高频,普通,0.0,0.0,0.0,63.8,无负债
1345,男,1968-05-22,32,30,26-35,158,1187387,1,超高频,优质,0.0,0.0,1.0,33.0,无负债
1346,男,1954-08-29,13,44,36-45,184,845443,1,超高频,普通,0.0,0.0,0.0,41.3,无负债
1347,男,1970-03-06,13,28,26-35,405,2189248,1,超高频,优质,0.0,0.0,0.0,62.9,无负债
1348,女,1975-06-07,13,23,≤25,405,2189248,1,超高频,优质,0.0,0.0,0.0,62.9,无负债
1349,女,1968-01-07,26,31,26-35,261,3283503,1,超高频,高价值,0.0,0.0,0.0,31.4,无负债
1350,男,1959-04-28,1,39,36-45,120,1418629,1,超高频,优质,0.0,0.0,0.0,13.5,无负债
1351,女,1951-09-24,1,47,46-55,120,1418629,1,超高频,优质,0.0,0.0,0.0,13.5,无负债
1352,女,1971-04-01,54,27,26-35,396,872832,1,超高频,普通,0.0,0.0,0.0,70.8,无负债
1353,男,1959-02-13,27,39,36-45,412,3579862,1,超高频,高价值,0.0,0.0,1.0,72.2,无负债
1354,男,1921-01-14,64,78,>55,311,711752,1,超高频,普通,0.0,0.0,0.0,62.2,无负债
1355,女,1976-02-01,35,22,≤25,310,2416845,1,超高频,高价值,0.0,0.0,0.0,46.7,无负债
1356,男,1932-09-18,1,66,>55,90,216653,1,超高频,普通,0.0,0.0,0.0,20.0,无负债
1359,女,1951-09-04,1,47,46-55,414,7386444,1,超高频,高价值,0.0,0.0,1.0,71.9,无负债
1360,男,1946-08-19,1,52,46-55,414,7386444,1,超高频,高价值,0.0,0.0,0.0,71.9,无负债
1361,女,1922-09-29,1,76,>55,328,547768,1,超高频,普通,0.0,0.0,0.0,62.9,无负债
1362,男,1929-01-03,1,70,>55,328,547768,1,超高频,普通,0.0,0.0,0.0,62.9,无负债
1363,女,1979-12-27,6,19,≤25,454,1848717,1,超高频,优质,0.0,0.0,0.0,71.7,无负债
1364,男,1933-12-28,1,65,>55,210,381882,1,超高频,普通,0.0,0.0,0.0,42.1,无负债
1365,女,1938-02-23,1,60,>55,210,381882,1,超高频,普通,0.0,0.0,0.0,42.1,无负债
1366,女,1980-03-02,12,18,≤25,438,4295231,1,超高频,高价值,0.0,0.0,0.0,65.8,无负债
1367,女,1965-10-27,60,33,26-35,166,214715,1,超高频,普通,0.0,0.0,0.0,37.0,无负债
1368,男,1957-12-30,60,41,36-45,166,214715,1,超高频,普通,0.0,0.0,0.0,37.0,无负债
1369,男,1978-10-23,41,20,≤25,29,85218,1,高频,普通,0.0,0.0,0.0,21.1,无负债
1370,女,1965-01-11,34,33,26-35,266,2920947,1,超高频,高价值,0.0,0.0,0.0,35.9,无负债
1371,女,1948-10-22,49,50,46-55,63,143926,1,超高频,普通,0.0,0.0,0.0,14.0,无负债
1372,女,1976-12-07,28,22,≤25,151,173304,1,超高频,普通,0.0,0.0,0.0,22.8,无负债
1373,女,1975-02-08,74,23,≤25,211,302422,1,超高频,普通,0.0,0.0,0.0,39.0,无负债
1375,男,1977-01-27,69,21,≤25,349,465376,1,超高频,普通,0.0,0.0,0.0,72.1,无负债
1376,男,1958-09-03,18,40,36-45,381,370087,1,超高频,普通,0.0,0.0,0.0,66.9,无负债
1377,女,1951-07-23,18,47,46-55,381,370087,1,超高频,普通,0.0,0.0,0.0,66.9,无负债
1378,女,1941-11-25,74,57,>55,428,3040758,1,超高频,高价值,0.0,0.0,1.0,64.6,无负债
1379,男,1937-02-18,74,61,>55,428,3040758,1,超高频,高价值,0.0,0.0,0.0,64.6,无负债
1380,女,1953-07-29,44,45,36-45,341,3338242,1,超高频,高价值,0.0,0.0,1.0,69.7,无负债
1382,女,1979-11-23,18,19,≤25,93,337832,1,超高频,普通,0.0,0.0,1.0,40.4,无负债
1383,男,1982-10-05,29,16,≤25,62,124391,1,超高频,普通,0.0,0.0,0.0,15.0,无负债
1384,女,1953-04-24,40,45,36-45,250,2113854,1,超高频,优质,0.0,0.0,1.0,42.9,无负债
1385,男,1953-08-30,22,45,36-45,330,435678,1,超高频,普通,0.0,0.0,0.0,69.6,无负债
1386,女,1956-08-09,22,42,36-45,330,435678,1,超高频,普通,0.0,0.0,0.0,69.6,无负债
1387,女,1977-02-22,1,21,≤25,381,1532825,1,超高频,优质,0.0,0.0,0.0,61.0,无负债
1388,女,1962-09-06,5,36,36-45,124,1793609,1,超高频,优质,0.0,0.0,1.0,16.3,无负债
1389,女,1927-03-04,43,71,>55,131,311106,1,超高频,普通,0.0,0.0,0.0,27.3,无负债
1390,女,1979-05-27,59,19,≤25,49,496694,1,高频,普通,0.0,0.0,1.0,12.9,无负债
1391,男,1965-11-22,41,33,26-35,326,869087,1,超高频,普通,0.0,0.0,0.0,70.2,无负债
1392,男,1932-02-06,50,66,>55,310,696959,1,超高频,普通,0.0,0.0,0.0,57.8,无负债
1393,女,1934-05-01,50,64,>55,310,696959,1,超高频,普通,0.0,0.0,0.0,57.8,无负债
1394,女,1942-08-22,49,56,>55,336,1440223,1,超高频,优质,0.0,0.0,0.0,59.6,无负债
1395,男,1941-10-18,49,57,>55,336,1440223,1,超高频,优质,0.0,0.0,0.0,59.6,无负债
1396,女,1946-03-14,39,52,46-55,204,1777459,1,超高频,优质,0.0,0.0,1.0,29.5,无负债
1397,女,1921-12-25,66,77,>55,322,777331,1,超高频,普通,0.0,0.0,0.0,68.8,无负债
1401,男,1981-07-24,35,17,≤25,369,873169,1,超高频,普通,0.0,0.0,0.0,60.4,无负债
1402,男,1936-11-25,44,62,>55,102,597324,1,超高频,普通,0.0,0.0,0.0,21.6,无负债
1403,女,1944-01-02,44,55,46-55,102,597324,1,超高频,普通,0.0,0.0,0.0,21.6,无负债
1404,女,1968-12-20,11,30,26-35,447,2752895,1,超高频,高价值,1.0,1.0,0.0,69.4,有负债
1406,女,1948-11-12,29,50,46-55,415,1070320,1,超高频,优质,0.0,0.0,0.0,50.7,无负债
1407,男,1941-08-04,29,57,>55,415,1070320,1,超高频,优质,0.0,0.0,0.0,50.7,无负债
1408,男,1969-08-07,49,29,26-35,424,4087580,1,超高频,高价值,0.0,0.0,0.0,58.9,无负债
1409,男,1951-04-30,25,47,46-55,189,1743686,1,超高频,优质,0.0,0.0,0.0,33.7,无负债
1410,男,1944-02-03,18,54,46-55,54,397043,1,高频,普通,0.0,0.0,0.0,12.6,无负债
1411,女,1939-08-06,18,59,>55,54,397043,1,高频,普通,0.0,0.0,0.0,12.6,无负债
1412,男,1979-11-05,6,19,≤25,26,176848,1,高频,普通,0.0,0.0,0.0,14.4,无负债
1413,女,1969-07-16,11,29,26-35,144,180406,1,超高频,普通,0.0,0.0,0.0,27.7,无负债
1414,女,1974-11-13,70,24,≤25,343,2090005,1,超高频,优质,0.0,0.0,0.0,46.1,无负债
1416,男,1927-12-02,19,71,>55,111,229033,1,超高频,普通,0.0,0.0,0.0,26.6,无负债
1417,女,1966-11-12,27,32,26-35,68,501457,1,超高频,普通,0.0,0.0,0.0,12.6,无负债
1418,女,1974-06-16,41,24,≤25,109,864966,1,超高频,普通,0.0,0.0,1.0,20.2,无负债
1419,女,1918-01-25,74,80,>55,332,592112,1,超高频,普通,0.0,0.0,0.0,72.3,无负债
1420,男,1916-01-20,74,83,>55,332,592112,1,超高频,普通,0.0,0.0,0.0,72.3,无负债
1421,女,1956-02-10,20,42,36-45,330,2176254,1,超高频,优质,0.0,0.0,0.0,68.4,无负债
1422,女,1976-02-23,69,22,≤25,106,249927,1,超高频,普通,0.0,0.0,0.0,16.6,无负债
1423,男,1982-04-11,69,16,≤25,106,249927,1,超高频,普通,0.0,0.0,0.0,16.6,无负债
1424,男,1952-01-05,8,47,46-55,99,781555,1,超高频,普通,0.0,0.0,1.0,23.0,无负债
1425,男,1968-08-27,12,30,26-35,268,506422,1,超高频,普通,0.0,0.0,0.0,44.5,无负债
1426,女,1964-04-30,12,34,26-35,268,506422,1,超高频,普通,0.0,0.0,0.0,44.5,无负债
1427,女,1965-12-16,14,33,26-35,299,4467834,1,超高频,高价值,0.0,0.0,0.0,56.7,无负债
1428,男,1920-04-23,12,78,>55,85,135447,1,超高频,普通,0.0,0.0,0.0,19.1,无负债
1429,女,1927-09-04,12,71,>55,85,135447,1,超高频,普通,0.0,0.0,0.0,19.1,无负债
1430,女,1982-05-29,64,16,≤25,70,204161,1,超高频,普通,0.0,0.0,0.0,12.7,无负债
1431,女,1930-11-08,55,68,>55,148,349617,1,超高频,普通,0.0,0.0,0.0,29.6,无负债
1432,女,1961-08-17,16,37,36-45,151,464919,1,超高频,普通,0.0,0.0,0.0,29.8,无负债
1433,女,1959-07-10,72,39,36-45,404,456287,1,超高频,普通,0.0,0.0,0.0,70.5,无负债
1434,男,1967-03-25,72,31,26-35,404,456287,1,超高频,普通,0.0,0.0,0.0,70.5,无负债
1435,男,1953-06-25,52,45,36-45,144,760490,1,超高频,普通,0.0,0.0,0.0,28.1,无负债
1438,女,1963-10-25,29,35,26-35,143,794336,1,超高频,普通,0.0,0.0,1.0,32.5,无负债
1439,男,1974-09-10,29,24,≤25,324,1887259,1,超高频,优质,0.0,0.0,0.0,60.7,无负债
1440,男,1978-01-17,1,20,≤25,332,2648988,1,超高频,高价值,0.0,0.0,1.0,57.4,无负债
1441,女,1931-12-05,42,67,>55,127,271880,1,超高频,普通,0.0,0.0,0.0,24.5,无负债
1442,男,1933-04-18,42,65,>55,127,271880,1,超高频,普通,0.0,0.0,0.0,24.5,无负债
1443,男,1935-01-25,29,63,>55,194,2476469,1,超高频,高价值,0.0,0.0,0.0,36.0,无负债
1444,女,1942-07-14,29,56,>55,194,2476469,1,超高频,高价值,0.0,0.0,0.0,36.0,无负债
1445,男,1941-07-24,68,57,>55,380,588957,1,超高频,普通,0.0,0.0,1.0,64.7,无负债
1446,男,1954-07-29,70,44,36-45,100,825443,1,超高频,普通,0.0,0.0,0.0,20.7,无负债
1447,女,1952-06-21,70,46,46-55,100,825443,1,超高频,普通,0.0,0.0,0.0,20.7,无负债
1448,女,1957-10-09,50,41,36-45,127,260405,1,超高频,普通,0.0,0.0,0.0,21.8,无负债
1449,男,1949-06-29,41,49,46-55,520,3429823,1,超高频,高价值,0.0,0.0,0.0,68.8,无负债
1450,女,1969-03-17,61,29,26-35,442,2110585,1,超高频,优质,0.0,0.0,0.0,66.3,无负债
1452,女,1940-05-28,72,58,>55,348,1768407,1,超高频,优质,0.0,0.0,1.0,41.4,无负债
1453,女,1966-03-29,29,32,26-35,410,3091268,1,超高频,高价值,0.0,0.0,1.0,61.8,无负债
1454,男,1925-10-03,73,73,>55,257,513118,1,超高频,普通,0.0,0.0,0.0,51.5,无负债
1455,女,1927-09-02,73,71,>55,257,513118,1,超高频,普通,0.0,0.0,0.0,51.5,无负债
1456,男,1928-04-24,70,70,>55,172,398901,1,超高频,普通,0.0,0.0,0.0,38.9,无负债
1457,女,1934-10-12,70,64,>55,172,398901,1,超高频,普通,0.0,0.0,0.0,38.9,无负债
1458,男,1938-04-08,67,60,>55,394,2781968,1,超高频,高价值,0.0,0.0,0.0,67.8,无负债
1459,男,1976-09-08,4,22,≤25,74,472750,1,超高频,普通,0.0,0.0,1.0,13.9,无负债
1460,女,1933-03-13,23,65,>55,59,134855,1,高频,普通,0.0,0.0,0.0,14.5,无负债
1461,男,1969-12-21,28,29,26-35,147,1344465,1,超高频,优质,0.0,0.0,1.0,31.8,无负债
1462,男,1941-03-02,49,57,>55,212,473792,1,超高频,普通,0.0,0.0,0.0,29.2,无负债
1463,女,1936-01-26,70,62,>55,169,486221,1,超高频,普通,0.0,0.0,0.0,37.0,无负债
1464,女,1928-04-01,36,70,>55,148,292232,1,超高频,普通,0.0,0.0,0.0,32.3,无负债
1465,男,1931-01-06,36,68,>55,148,292232,1,超高频,普通,0.0,0.0,0.0,32.3,无负债
1466,男,1953-08-22,39,45,36-45,115,786101,1,超高频,普通,0.0,0.0,0.0,23.7,无负债
1467,男,1924-09-30,65,74,>55,99,205092,1,超高频,普通,0.0,0.0,0.0,22.3,无负债
1468,女,1940-04-16,77,58,>55,174,287549,1,超高频,普通,0.0,0.0,0.0,34.5,无负债
1469,女,1966-09-14,54,32,26-35,358,374297,1,超高频,普通,0.0,0.0,0.0,63.1,无负债
1470,男,1942-05-04,1,56,>55,121,1710331,1,超高频,优质,0.0,0.0,0.0,25.0,无负债
1471,女,1938-09-15,1,60,>55,121,1710331,1,超高频,优质,0.0,0.0,0.0,25.0,无负债
1472,女,1967-09-10,1,31,26-35,164,475256,1,超高频,普通,0.0,0.0,0.0,31.2,无负债
1473,女,1931-12-06,1,67,>55,195,421011,1,超高频,普通,0.0,0.0,1.0,42.2,无负债
1474,女,1971-12-15,45,27,26-35,121,1535343,1,超高频,优质,0.0,0.0,0.0,24.3,无负债
1475,男,1932-03-31,19,66,>55,367,895861,1,超高频,优质,0.0,0.0,0.0,72.4,无负债
1476,男,1970-11-30,70,28,26-35,190,767202,1,超高频,普通,0.0,0.0,0.0,29.1,无负债
1478,男,1969-08-21,4,29,26-35,302,2419372,1,超高频,高价值,0.0,0.0,1.0,61.5,无负债
1479,男,1956-06-22,1,42,36-45,125,338156,1,超高频,普通,0.0,0.0,0.0,26.7,无负债
1480,男,1943-05-28,69,55,46-55,278,1076183,1,超高频,优质,0.0,0.0,1.0,36.1,无负债
1481,女,1933-11-23,62,65,>55,226,432861,1,超高频,普通,0.0,0.0,0.0,45.4,无负债
1482,女,1950-03-28,46,48,46-55,59,411244,1,高频,普通,0.0,0.0,0.0,12.9,无负债
1483,女,1951-05-10,1,47,46-55,105,1525053,1,超高频,优质,0.0,0.0,1.0,20.3,无负债
1484,男,1952-06-18,1,46,46-55,105,1525053,1,超高频,优质,0.0,0.0,0.0,20.3,无负债
1485,男,1978-05-14,7,20,≤25,327,2193041,1,超高频,优质,0.0,0.0,0.0,60.3,无负债
1486,女,1974-09-13,7,24,≤25,327,2193041,1,超高频,优质,0.0,0.0,0.0,60.3,无负债
1487,女,1976-08-27,48,22,≤25,67,223731,1,超高频,普通,0.0,0.0,0.0,30.3,无负债
1488,男,1961-01-09,31,38,36-45,165,228866,1,超高频,普通,0.0,0.0,0.0,35.3,无负债
1489,男,1928-01-24,6,70,>55,328,805120,1,超高频,普通,0.0,0.0,0.0,64.5,无负债
1490,男,1928-04-20,42,70,>55,341,522202,1,超高频,普通,0.0,0.0,0.0,62.2,无负债
1491,男,1982-04-21,19,16,≤25,328,776189,1,超高频,普通,0.0,0.0,0.0,68.9,无负债
1492,女,1968-05-09,9,30,26-35,348,4565131,1,超高频,高价值,0.0,0.0,1.0,58.5,无负债
1493,男,1922-12-29,1,76,>55,185,431891,1,超高频,普通,0.0,0.0,0.0,38.7,无负债
1494,女,1915-03-22,1,83,>55,185,431891,1,超高频,普通,0.0,0.0,0.0,38.7,无负债
1495,女,1931-02-10,1,67,>55,332,902965,1,超高频,优质,0.0,0.0,0.0,69.7,无负债
1496,女,1942-06-08,1,56,>55,71,352248,1,超高频,普通,0.0,0.0,0.0,15.9,无负债
1497,女,1948-08-03,53,50,46-55,202,403669,1,超高频,普通,0.0,0.0,0.0,30.4,无负债
1498,男,1941-02-09,53,57,>55,202,403669,1,超高频,普通,0.0,0.0,0.0,30.4,无负债
1499,女,1951-11-29,74,47,46-55,230,1753242,1,超高频,优质,1.0,1.0,0.0,25.6,有负债
1500,男,1981-12-12,1,17,≤25,74,357872,1,超高频,普通,0.0,0.0,1.0,36.3,无负债
1501,男,1946-01-22,68,52,46-55,254,386661,1,超高频,普通,1.0,1.0,0.0,32.3,有负债
1502,男,1973-01-24,68,25,≤25,60,283601,1,高频,普通,0.0,0.0,0.0,13.8,无负债
1503,男,1922-09-01,58,76,>55,249,611351,1,超高频,普通,0.0,0.0,0.0,53.2,无负债
1504,女,1918-01-16,58,81,>55,249,611351,1,超高频,普通,0.0,0.0,0.0,53.2,无负债
1505,女,1971-06-25,65,27,26-35,429,4873649,1,超高频,高价值,1.0,0.0,0.0,67.8,无负债
1506,男,1931-06-25,22,67,>55,221,543681,1,超高频,普通,0.0,0.0,0.0,44.8,无负债
1507,女,1929-11-22,22,69,>55,221,543681,1,超高频,普通,0.0,0.0,0.0,44.8,无负债
1508,女,1954-06-30,67,44,36-45,339,422795,1,超高频,普通,0.0,0.0,0.0,45.8,无负债
1509,女,1942-04-19,62,56,>55,221,1636320,1,超高频,优质,1.0,1.0,0.0,33.6,有负债
1510,女,1948-01-30,34,50,46-55,206,1792350,1,超高频,优质,0.0,0.0,0.0,42.1,无负债
1511,女,1962-03-06,13,36,36-45,240,2160305,1,超高频,优质,1.0,1.0,0.0,41.8,有负债
1512,女,1942-08-11,5,56,>55,123,753621,1,超高频,普通,0.0,0.0,1.0,20.9,无负债
1513,男,1959-08-21,74,39,36-45,268,3472154,1,超高频,高价值,0.0,0.0,0.0,45.8,无负债
1514,男,1957-08-02,68,41,36-45,104,1318287,1,超高频,优质,0.0,0.0,0.0,18.3,无负债
1516,女,1946-10-17,38,52,46-55,409,1860783,1,超高频,优质,1.0,1.0,0.0,57.2,有负债
1517,男,1956-10-02,66,42,36-45,215,1502732,1,超高频,优质,0.0,0.0,1.0,39.3,无负债
1518,女,1960-07-28,3,38,36-45,153,149019,1,超高频,普通,0.0,0.0,0.0,28.4,无负债
1519,男,1959-07-06,3,39,36-45,153,149019,1,超高频,普通,0.0,0.0,0.0,28.4,无负债
1520,男,1956-11-05,72,42,36-45,157,641394,1,超高频,普通,0.0,0.0,0.0,21.0,无负债
1521,男,1979-10-10,5,19,≤25,137,739975,1,超高频,普通,0.0,0.0,0.0,25.8,无负债
1522,女,1968-05-14,52,30,26-35,262,2175978,1,超高频,优质,0.0,0.0,1.0,46.2,无负债
1523,女,1931-08-30,29,67,>55,107,280355,1,超高频,普通,0.0,0.0,0.0,23.7,无负债
1524,女,1962-01-13,30,36,36-45,193,2320714,1,超高频,高价值,0.0,0.0,0.0,36.3,无负债
1525,男,1943-03-09,1,55,46-55,116,777024,1,超高频,普通,0.0,0.0,1.0,22.8,无负债
1526,女,1935-03-15,1,63,>55,116,777024,1,超高频,普通,0.0,0.0,0.0,22.8,无负债
1527,男,1934-12-18,49,64,>55,159,425325,1,超高频,普通,0.0,0.0,0.0,34.7,无负债
1528,男,1964-03-20,57,34,26-35,173,1321116,1,超高频,优质,0.0,0.0,0.0,30.5,无负债
1529,女,1972-06-20,43,26,26-35,231,1186674,1,超高频,优质,0.0,0.0,1.0,29.3,无负债
1530,女,1945-08-06,74,53,46-55,386,555174,1,超高频,普通,0.0,0.0,0.0,66.2,无负债
1531,女,1960-06-28,52,38,36-45,381,1527375,1,超高频,优质,0.0,0.0,0.0,58.0,无负债
1532,男,1962-10-30,52,36,36-45,381,1527375,1,超高频,优质,0.0,0.0,0.0,58.0,无负债
1533,男,1960-12-22,55,38,36-45,186,842841,1,超高频,普通,1.0,1.0,0.0,31.3,有负债
1534,女,1952-12-22,17,46,46-55,164,475949,1,超高频,普通,0.0,0.0,0.0,30.9,无负债
1535,男,1936-10-28,40,62,>55,260,1653678,1,超高频,优质,0.0,0.0,0.0,68.2,无负债
1536,女,1967-10-13,37,31,26-35,327,2488324,1,超高频,高价值,0.0,0.0,1.0,58.1,无负债
1537,男,1979-12-07,54,19,≤25,177,2292016,1,超高频,优质,0.0,0.0,0.0,28.8,无负债
1539,男,1923-11-19,32,75,>55,146,313908,1,超高频,普通,0.0,0.0,0.0,30.6,无负债
1540,男,1937-11-07,36,61,>55,551,1198342,1,超高频,优质,0.0,0.0,0.0,72.8,无负债
1541,女,1933-03-06,36,65,>55,551,1198342,1,超高频,优质,0.0,0.0,0.0,72.8,无负债
1542,男,1919-12-08,31,79,>55,345,822453,1,超高频,普通,0.0,0.0,0.0,67.4,无负债
1543,女,1927-06-02,31,71,>55,345,822453,1,超高频,普通,0.0,0.0,0.0,67.4,无负债
1546,男,1930-04-13,28,68,>55,56,139295,1,高频,普通,0.0,0.0,0.0,14.8,无负债
1547,女,1927-12-20,28,71,>55,56,139295,1,高频,普通,0.0,0.0,0.0,14.8,无负债
1548,男,1923-03-04,70,75,>55,207,406662,1,超高频,普通,0.0,0.0,0.0,44.6,无负债
1549,女,1928-11-14,70,70,>55,207,406662,1,超高频,普通,0.0,0.0,0.0,44.6,无负债
1550,女,1946-11-21,8,52,46-55,92,549223,1,超高频,普通,0.0,0.0,0.0,20.9,无负债
1554,男,1944-12-15,55,54,46-55,91,1097774,1,超高频,优质,1.0,1.0,0.0,18.3,有负债
1555,男,1950-09-14,30,48,46-55,393,2757802,1,超高频,高价值,0.0,0.0,0.0,67.9,无负债
1556,男,1950-04-02,66,48,46-55,468,6610669,1,超高频,高价值,0.0,0.0,0.0,62.2,无负债
1557,女,1959-12-14,35,39,36-45,353,2175222,1,超高频,优质,0.0,0.0,0.0,46.6,无负债
1558,女,1927-01-25,11,71,>55,317,724534,1,超高频,普通,0.0,0.0,0.0,62.0,无负债
1559,男,1940-10-20,72,58,>55,168,1456223,1,超高频,优质,0.0,0.0,0.0,30.3,无负债
1561,女,1923-09-16,1,75,>55,328,507553,1,超高频,普通,0.0,0.0,0.0,54.7,无负债
1562,男,1919-08-14,1,79,>55,328,507553,1,超高频,普通,0.0,0.0,0.0,54.7,无负债
1563,男,1978-08-06,3,20,≤25,403,1341921,1,超高频,优质,0.0,0.0,0.0,52.7,无负债
1564,女,1947-06-25,40,51,46-55,155,1370176,1,超高频,优质,0.0,0.0,0.0,28.3,无负债
1565,男,1960-05-19,71,38,36-45,306,1501151,1,超高频,优质,0.0,0.0,0.0,49.9,无负债
1566,女,1966-10-20,15,32,26-35,265,638343,1,超高频,普通,0.0,0.0,0.0,50.9,无负债
1567,男,1930-04-19,50,68,>55,112,221312,1,超高频,普通,0.0,0.0,0.0,25.3,无负债
1568,女,1927-06-29,50,71,>55,112,221312,1,超高频,普通,0.0,0.0,0.0,25.3,无负债
1569,女,1956-07-17,54,42,36-45,444,2823617,1,超高频,高价值,0.0,0.0,0.0,66.1,无负债
1570,男,1958-06-17,54,40,36-45,444,2823617,1,超高频,高价值,0.0,0.0,0.0,66.1,无负债
1571,女,1967-10-15,7,31,26-35,199,934584,1,超高频,优质,0.0,0.0,0.0,35.9,无负债
1572,女,1963-12-12,1,35,26-35,386,545839,1,超高频,普通,0.0,0.0,0.0,67.3,无负债
1574,男,1979-02-18,18,19,≤25,133,475928,1,超高频,普通,0.0,0.0,0.0,52.3,无负债
1575,女,1923-10-06,55,75,>55,292,720382,1,超高频,普通,0.0,0.0,0.0,62.2,无负债
1576,男,1919-05-02,55,79,>55,292,720382,1,超高频,普通,0.0,0.0,0.0,62.2,无负债
1577,男,1944-04-19,23,54,46-55,70,187391,1,超高频,普通,0.0,0.0,0.0,16.0,无负债
1578,女,1971-08-15,40,27,26-35,148,1519431,1,超高频,优质,0.0,0.0,1.0,32.6,无负债
1579,男,1963-10-13,27,35,26-35,324,1403021,1,超高频,优质,0.0,0.0,1.0,65.2,无负债
1580,女,1968-06-18,1,30,26-35,346,1663269,1,超高频,优质,0.0,0.0,0.0,46.0,无负债
1581,女,1963-04-15,56,35,26-35,269,665770,1,超高频,普通,0.0,0.0,0.0,49.6,无负债
1582,男,1934-02-14,54,64,>55,111,250162,1,超高频,普通,0.0,0.0,0.0,27.6,无负债
1583,女,1972-01-08,1,27,26-35,257,3786419,1,超高频,高价值,0.0,0.0,1.0,45.2,无负债
1584,女,1962-01-29,1,36,36-45,158,513101,1,超高频,普通,0.0,0.0,0.0,34.8,无负债
1585,男,1935-07-20,60,63,>55,194,1125785,1,超高频,优质,0.0,0.0,0.0,36.5,无负债
1586,女,1934-01-12,60,65,>55,194,1125785,1,超高频,优质,0.0,0.0,0.0,36.5,无负债
1587,男,1928-05-05,23,70,>55,254,552388,1,超高频,普通,0.0,0.0,0.0,51.3,无负债
1588,男,1950-10-29,45,48,46-55,102,1758535,1,超高频,优质,0.0,0.0,0.0,15.2,无负债
1589,女,1951-11-27,48,47,46-55,324,2190069,1,超高频,优质,0.0,0.0,1.0,61.8,无负债
1590,女,1940-08-10,13,58,>55,335,977995,1,超高频,优质,0.0,0.0,0.0,45.2,无负债
1591,女,1953-07-07,42,45,36-45,144,127554,1,超高频,普通,0.0,0.0,0.0,25.0,无负债
1592,男,1928-04-11,56,70,>55,298,775446,1,超高频,普通,0.0,0.0,0.0,59.3,无负债
1593,女,1925-05-31,56,73,>55,298,775446,1,超高频,普通,0.0,0.0,0.0,59.3,无负债
1594,男,1939-09-29,56,59,>55,57,378128,1,高频,普通,1.0,1.0,0.0,12.5,有负债
1595,女,1954-12-16,56,44,36-45,90,799354,1,超高频,普通,0.0,0.0,0.0,17.0,无负债
1596,女,1978-10-22,58,20,≤25,186,721839,1,超高频,普通,0.0,0.0,0.0,25.8,无负债
1597,男,1956-05-10,60,42,36-45,111,240997,1,超高频,普通,0.0,0.0,0.0,21.5,无负债
1598,男,1925-04-25,67,73,>55,374,572871,1,超高频,普通,0.0,0.0,0.0,66.9,无负债
1599,男,1964-10-08,43,34,26-35,175,1369673,1,超高频,优质,0.0,0.0,0.0,31.9,无负债
1600,女,1965-06-15,43,33,26-35,175,1369673,1,超高频,优质,0.0,0.0,0.0,31.9,无负债
1601,女,1969-03-29,42,29,26-35,152,997583,1,超高频,优质,0.0,0.0,0.0,26.2,无负债
1602,男,1968-12-30,42,30,26-35,152,997583,1,超高频,优质,0.0,0.0,0.0,26.2,无负债
1603,男,1968-08-27,26,30,26-35,150,167847,1,超高频,普通,0.0,0.0,0.0,29.2,无负债
1604,女,1969-07-21,26,29,26-35,150,167847,1,超高频,普通,0.0,0.0,0.0,29.2,无负债
1605,女,1980-09-21,52,18,≤25,189,300490,1,超高频,普通,0.0,0.0,0.0,26.0,无负债
1606,男,1982-09-02,65,16,≤25,268,651147,1,超高频,普通,0.0,0.0,0.0,53.0,无负债
1607,女,1941-05-26,8,57,>55,168,2245669,1,超高频,优质,0.0,0.0,1.0,32.4,无负债
1608,男,1941-11-11,53,57,>55,175,711373,1,超高频,普通,1.0,1.0,0.0,27.9,有负债
1609,女,1944-05-30,53,54,46-55,175,711373,1,超高频,普通,1.0,1.0,0.0,27.9,有负债
1610,女,1942-04-23,68,56,>55,152,2095571,1,超高频,优质,0.0,0.0,1.0,26.7,无负债
1611,女,1963-12-02,59,35,26-35,279,1132811,1,超高频,优质,0.0,0.0,0.0,48.6,无负债
1612,男,1959-06-30,59,39,36-45,279,1132811,1,超高频,优质,0.0,0.0,0.0,48.6,无负债
1613,男,1961-01-15,50,37,36-45,407,3307159,1,超高频,高价值,0.0,0.0,0.0,70.3,无负债
1614,男,1938-05-18,21,60,>55,279,1098874,1,超高频,优质,0.0,0.0,0.0,51.8,无负债
1615,女,1952-04-28,74,46,46-55,327,858006,1,超高频,普通,0.0,0.0,0.0,68.6,无负债
1616,男,1938-05-23,54,60,>55,239,1244515,1,超高频,优质,0.0,0.0,1.0,39.9,无负债
1617,女,1950-04-30,5,48,46-55,125,814584,1,超高频,普通,0.0,0.0,0.0,22.5,无负债
1618,女,1979-12-07,17,19,≤25,376,934134,1,超高频,优质,0.0,0.0,0.0,64.9,无负债
1619,女,1942-01-27,74,56,>55,592,4791816,1,超高频,高价值,0.0,0.0,0.0,72.7,无负债
1620,男,1936-05-15,74,62,>55,592,4791816,1,超高频,高价值,0.0,0.0,0.0,72.7,无负债
1621,女,1952-04-05,76,46,46-55,64,774056,1,超高频,普通,0.0,0.0,0.0,18.1,无负债
1622,男,1950-10-12,52,48,46-55,87,132082,1,超高频,普通,0.0,0.0,0.0,14.3,无负债
1623,男,1963-07-09,36,35,26-35,172,222285,1,超高频,普通,0.0,0.0,0.0,37.9,无负债
1624,男,1965-09-10,9,33,26-35,105,728665,1,超高频,普通,0.0,0.0,0.0,15.0,无负债
1625,女,1973-07-12,9,25,≤25,105,728665,1,超高频,普通,0.0,0.0,0.0,15.0,无负债
1628,女,1957-03-25,12,41,36-45,219,3443314,1,超高频,高价值,0.0,0.0,0.0,42.2,无负债
1629,男,1966-09-01,28,32,26-35,420,3057288,1,超高频,高价值,0.0,0.0,1.0,63.3,无负债
1630,女,1964-02-19,28,34,26-35,420,3057288,1,超高频,高价值,0.0,0.0,0.0,63.3,无负债
1631,男,1976-04-30,74,22,≤25,105,137239,1,超高频,普通,0.0,0.0,0.0,18.3,无负债
1632,女,1943-02-20,8,55,46-55,105,145205,1,超高频,普通,0.0,0.0,0.0,25.6,无负债
1633,女,1972-08-28,55,26,26-35,80,256977,1,超高频,普通,0.0,0.0,0.0,13.8,无负债
1634,男,1969-11-10,55,29,26-35,80,256977,1,超高频,普通,0.0,0.0,0.0,13.8,无负债
1635,女,1930-09-02,75,68,>55,196,433688,1,超高频,普通,0.0,0.0,0.0,34.4,无负债
1636,男,1932-09-12,75,66,>55,196,433688,1,超高频,普通,0.0,0.0,0.0,34.4,无负债
1637,男,1943-10-20,21,55,46-55,146,1317228,1,超高频,优质,0.0,0.0,0.0,28.6,无负债
1638,女,1954-01-30,40,44,36-45,138,197128,1,超高频,普通,0.0,0.0,0.0,33.6,无负债
1639,女,1959-05-01,1,39,36-45,432,2714418,1,超高频,高价值,0.0,0.0,0.0,52.0,无负债
1640,女,1953-06-13,51,45,36-45,346,1949883,1,超高频,优质,0.0,0.0,0.0,57.2,无负债
1641,女,1923-01-28,31,75,>55,76,157091,1,超高频,普通,0.0,0.0,0.0,18.6,无负债
1642,女,1959-10-10,1,39,36-45,85,613326,1,超高频,普通,0.0,0.0,0.0,16.8,无负债
1643,女,1976-04-17,39,22,≤25,107,266455,1,超高频,普通,0.0,0.0,0.0,23.3,无负债
1644,男,1976-06-06,56,22,≤25,211,324917,1,超高频,普通,0.0,0.0,0.0,37.9,无负债
1645,女,1961-03-10,39,37,36-45,182,421051,1,超高频,普通,0.0,0.0,0.0,32.8,无负债
1646,男,1966-03-17,8,32,26-35,120,132717,1,超高频,普通,0.0,0.0,0.0,61.9,无负债
1647,女,1978-03-26,71,20,≤25,279,749644,1,超高频,普通,0.0,0.0,1.0,53.4,无负债
1648,男,1952-03-12,46,46,46-55,125,1052513,1,超高频,优质,0.0,0.0,0.0,25.1,无负债
1649,女,1950-03-16,46,48,46-55,125,1052513,1,超高频,优质,0.0,0.0,0.0,25.1,无负债
1650,男,1953-03-29,1,45,36-45,83,743970,1,超高频,普通,0.0,0.0,0.0,24.8,无负债
1651,女,1966-07-10,11,32,26-35,158,1057500,1,超高频,优质,0.0,0.0,0.0,21.6,无负债
1653,男,1944-06-19,42,54,46-55,185,293317,1,超高频,普通,0.0,0.0,0.0,34.1,无负债
1654,男,1963-12-08,60,35,26-35,534,1270761,1,超高频,优质,0.0,0.0,0.0,71.2,无负债
1655,男,1972-02-04,74,26,26-35,224,727392,1,超高频,普通,0.0,0.0,0.0,28.8,无负债
1656,女,1968-06-18,22,30,26-35,125,836091,1,超高频,普通,0.0,0.0,0.0,25.0,无负债
1657,男,1935-10-02,32,63,>55,215,902656,1,超高频,优质,0.0,0.0,0.0,33.8,无负债
1658,女,1929-08-21,52,69,>55,125,281249,1,超高频,普通,0.0,0.0,0.0,27.6,无负债
1659,女,1937-12-15,1,61,>55,256,500465,1,超高频,普通,0.0,0.0,0.0,57.0,无负债
1660,女,1982-12-11,1,16,≤25,389,1164876,1,超高频,优质,0.0,0.0,0.0,70.6,无负债
1661,女,1953-04-16,47,45,36-45,361,385419,1,超高频,普通,0.0,0.0,0.0,67.6,无负债
1662,男,1967-09-07,53,31,26-35,166,2851979,1,超高频,高价值,1.0,1.0,0.0,27.6,有负债
1663,男,1957-04-29,19,41,36-45,358,2428534,1,超高频,高价值,1.0,1.0,0.0,57.0,有负债
1664,女,1918-11-10,64,80,>55,167,303598,1,超高频,普通,0.0,0.0,0.0,40.0,无负债
1665,男,1912-03-02,64,86,>55,167,303598,1,超高频,普通,0.0,0.0,0.0,40.0,无负债
1666,男,1941-08-31,1,57,>55,122,173752,1,超高频,普通,0.0,0.0,0.0,27.6,无负债
1667,女,1940-08-13,1,58,>55,122,173752,1,超高频,普通,0.0,0.0,0.0,27.6,无负债
1668,女,1949-08-17,20,49,46-55,600,3655529,1,超高频,高价值,0.0,0.0,1.0,71.0,无负债
1669,男,1952-10-25,47,46,46-55,69,316783,1,超高频,普通,0.0,0.0,1.0,15.2,无负债
1670,男,1961-05-07,53,37,36-45,224,1714713,1,超高频,优质,0.0,0.0,0.0,34.9,无负债
1671,女,1931-09-15,57,67,>55,287,494316,1,超高频,普通,0.0,0.0,0.0,62.9,无负债
1672,男,1928-01-07,57,71,>55,287,494316,1,超高频,普通,0.0,0.0,0.0,62.9,无负债
1673,男,1972-07-09,48,26,26-35,324,388386,1,超高频,普通,0.0,0.0,0.0,65.9,无负债
1674,女,1920-10-27,11,78,>55,172,420475,1,超高频,普通,0.0,0.0,0.0,33.0,无负债
1675,男,1940-02-15,74,58,>55,168,2229144,1,超高频,优质,0.0,0.0,0.0,33.6,无负债
1676,男,1953-02-03,53,45,36-45,106,712398,1,超高频,普通,0.0,0.0,0.0,20.1,无负债
1677,女,1946-09-07,53,52,46-55,106,712398,1,超高频,普通,0.0,0.0,0.0,20.1,无负债
1679,女,1942-04-17,67,56,>55,43,61892,1,高频,普通,0.0,0.0,0.0,24.3,无负债
1680,女,1975-03-28,29,23,≤25,243,2547115,1,超高频,高价值,0.0,0.0,1.0,56.8,无负债
1681,男,1940-11-25,34,58,>55,126,1336003,1,超高频,优质,1.0,1.0,0.0,17.1,有负债
1682,男,1956-09-07,69,42,36-45,150,589751,1,超高频,普通,0.0,0.0,0.0,24.4,无负债
1683,女,1951-12-24,15,47,46-55,131,806934,1,超高频,普通,0.0,0.0,0.0,24.7,无负债
1684,男,1946-10-25,15,52,46-55,131,806934,1,超高频,普通,0.0,0.0,0.0,24.7,无负债
1685,女,1944-04-21,61,54,46-55,441,3428860,1,超高频,高价值,0.0,0.0,0.0,69.1,无负债
1686,女,1947-11-08,1,51,46-55,123,454346,1,超高频,普通,0.0,0.0,0.0,25.6,无负债
1687,男,1947-02-27,1,51,46-55,123,454346,1,超高频,普通,0.0,0.0,0.0,25.6,无负债
1688,男,1923-08-10,32,75,>55,270,558394,1,超高频,普通,0.0,0.0,0.0,48.9,无负债
1689,男,1936-12-04,1,62,>55,207,526885,1,超高频,普通,0.0,0.0,0.0,37.9,无负债
1690,女,1947-08-17,46,51,46-55,196,2559364,1,超高频,高价值,0.0,0.0,1.0,30.6,无负债
1691,女,1978-02-08,21,20,≤25,403,2607210,1,超高频,高价值,0.0,0.0,1.0,70.4,无负债
1692,男,1972-02-07,62,26,26-35,67,103604,1,超高频,普通,0.0,0.0,0.0,53.2,无负债
1693,女,1980-07-06,45,18,≤25,249,634625,1,超高频,普通,0.0,0.0,0.0,31.9,无负债
1694,男,1979-12-27,45,19,≤25,249,634625,1,超高频,普通,0.0,0.0,0.0,31.9,无负债
1696,女,1923-03-21,1,75,>55,353,853265,1,超高频,普通,0.0,0.0,0.0,65.6,无负债
1697,女,1964-01-10,55,35,26-35,589,1401870,1,超高频,优质,0.0,0.0,0.0,70.2,无负债
1698,男,1967-11-21,55,31,26-35,589,1401870,1,超高频,优质,0.0,0.0,0.0,70.2,无负债
1699,男,1955-03-11,17,43,36-45,203,1282111,1,超高频,优质,0.0,0.0,0.0,38.5,无负债
1700,男,1949-03-09,7,49,46-55,559,3675552,1,超高频,高价值,0.0,0.0,0.0,64.2,无负债
1701,女,1945-06-11,7,53,46-55,559,3675552,1,超高频,高价值,0.0,0.0,0.0,64.2,无负债
1702,女,1973-04-07,53,25,≤25,191,281493,1,超高频,普通,0.0,0.0,0.0,31.4,无负债
1703,男,1918-01-11,50,81,>55,318,473807,1,超高频,普通,0.0,0.0,0.0,58.8,无负债
1704,女,1914-10-03,50,84,>55,318,473807,1,超高频,普通,0.0,0.0,0.0,58.8,无负债
1705,女,1946-07-01,19,52,46-55,182,2589206,1,超高频,高价值,1.0,1.0,0.0,21.0,有负债
1706,男,1944-07-19,19,54,46-55,182,2589206,1,超高频,高价值,1.0,1.0,0.0,21.0,有负债
1707,男,1951-02-18,10,47,46-55,139,2175227,1,超高频,优质,0.0,0.0,1.0,28.2,无负债
1709,女,1952-12-13,74,46,46-55,380,2845706,1,超高频,高价值,0.0,0.0,0.0,64.6,无负债
1710,男,1944-02-11,54,54,46-55,393,1896596,1,超高频,优质,0.0,0.0,0.0,66.7,无负债
1711,女,1962-06-14,64,36,36-45,511,2076356,1,超高频,优质,0.0,0.0,0.0,68.5,无负债
1712,男,1964-01-01,64,35,26-35,511,2076356,1,超高频,优质,0.0,0.0,0.0,68.5,无负债
1713,男,1935-04-21,65,63,>55,294,1279463,1,超高频,优质,0.0,0.0,0.0,43.5,无负债
1714,男,1945-05-22,58,53,46-55,346,1606158,1,超高频,优质,0.0,0.0,0.0,48.2,无负债
1717,女,1979-03-07,73,19,≤25,344,4174281,1,超高频,高价值,0.0,0.0,0.0,66.6,无负债
1718,男,1938-07-27,75,60,>55,279,2461501,1,超高频,高价值,0.0,0.0,1.0,49.1,无负债
1719,男,1970-08-09,35,28,26-35,119,519780,1,超高频,普通,0.0,0.0,0.0,23.0,无负债
1720,女,1934-02-24,33,64,>55,308,705572,1,超高频,普通,0.0,0.0,0.0,61.2,无负债
1721,男,1934-07-02,33,64,>55,308,705572,1,超高频,普通,0.0,0.0,0.0,61.2,无负债
1722,男,1933-10-01,68,65,>55,217,415714,1,超高频,普通,0.0,0.0,0.0,43.4,无负债
1723,女,1981-02-28,71,17,≤25,302,725109,1,超高频,普通,0.0,0.0,0.0,51.6,无负债
1724,女,1934-10-21,68,64,>55,363,770319,1,超高频,普通,0.0,0.0,0.0,69.8,无负债
1725,女,1959-01-18,76,39,36-45,225,477732,1,超高频,普通,0.0,0.0,0.0,40.4,无负债
1726,男,1952-06-03,76,46,46-55,225,477732,1,超高频,普通,0.0,0.0,0.0,40.4,无负债
1727,男,1951-01-21,32,47,46-55,101,720434,1,超高频,普通,0.0,0.0,0.0,19.7,无负债
1728,女,1946-08-18,32,52,46-55,101,720434,1,超高频,普通,0.0,0.0,0.0,19.7,无负债
1729,男,1947-05-16,76,51,46-55,395,1180153,1,超高频,优质,0.0,0.0,0.0,66.8,无负债
1730,男,1932-12-15,40,66,>55,165,288186,1,超高频,普通,0.0,0.0,0.0,38.7,无负债
1731,女,1968-11-30,17,30,26-35,210,1012201,1,超高频,优质,0.0,0.0,0.0,39.4,无负债
1733,女,1974-07-20,57,24,≤25,316,407252,1,超高频,普通,0.0,0.0,0.0,66.0,无负债
1734,男,1975-11-10,26,23,≤25,12,36800,1,中频,普通,0.0,0.0,0.0,22.9,无负债
1735,女,1976-05-31,26,22,≤25,12,36800,1,中频,普通,0.0,0.0,0.0,22.9,无负债
1736,女,1979-04-17,41,19,≤25,181,431688,1,超高频,普通,0.0,0.0,1.0,31.1,无负债
1737,男,1955-07-30,27,43,36-45,87,1193059,1,超高频,优质,0.0,0.0,0.0,17.7,无负债
1738,女,1963-01-25,27,35,26-35,87,1193059,1,超高频,优质,0.0,0.0,0.0,17.7,无负债
1741,男,1932-07-02,70,66,>55,73,145059,1,超高频,普通,0.0,0.0,0.0,17.0,无负债
1742,男,1954-06-06,1,44,36-45,135,1179072,1,超高频,优质,0.0,0.0,0.0,25.4,无负债
1743,男,1959-07-27,3,39,36-45,274,603066,1,超高频,普通,0.0,0.0,0.0,49.5,无负债
1744,女,1969-12-28,50,29,26-35,358,343600,1,超高频,普通,0.0,0.0,0.0,48.3,无负债
1745,女,1959-10-18,23,39,36-45,78,631143,1,超高频,普通,0.0,0.0,0.0,15.7,无负债
1746,女,1959-09-10,11,39,36-45,161,208687,1,超高频,普通,0.0,0.0,0.0,35.7,无负债
1747,男,1956-02-20,11,42,36-45,161,208687,1,超高频,普通,0.0,0.0,0.0,35.7,无负债
1748,男,1976-12-31,64,22,≤25,466,495628,1,超高频,普通,0.0,0.0,0.0,64.2,无负债
1749,女,1928-11-17,50,70,>55,270,603962,1,超高频,普通,0.0,0.0,0.0,51.0,无负债
1750,男,1964-12-31,23,34,26-35,384,2638206,1,超高频,高价值,0.0,0.0,0.0,68.3,无负债
1751,男,1959-01-24,54,39,36-45,73,623032,1,超高频,普通,0.0,0.0,0.0,15.4,无负债
1752,男,1978-11-23,70,20,≤25,171,244720,1,超高频,普通,0.0,0.0,0.0,31.0,无负债
1753,女,1979-02-26,60,19,≤25,266,534104,1,超高频,普通,0.0,0.0,0.0,34.0,无负债
1754,男,1979-05-29,57,19,≤25,270,1754037,1,超高频,优质,0.0,0.0,1.0,48.1,无负债
1755,女,1965-08-18,65,33,26-35,127,608138,1,超高频,普通,1.0,1.0,0.0,22.7,有负债
1756,男,1936-07-08,1,62,>55,62,88605,1,超高频,普通,0.0,0.0,0.0,39.4,无负债
1757,女,1937-09-30,1,61,>55,62,88605,1,超高频,普通,0.0,0.0,0.0,39.4,无负债
1758,男,1947-11-13,35,51,46-55,441,932396,1,超高频,优质,0.0,0.0,1.0,65.1,无负债
1759,女,1923-01-16,63,76,>55,160,385678,1,超高频,普通,0.0,0.0,1.0,33.3,无负债
1760,男,1923-03-07,77,75,>55,348,848837,1,超高频,普通,0.0,0.0,0.0,67.2,无负债
1761,男,1948-04-23,45,50,46-55,185,1618077,1,超高频,优质,0.0,0.0,0.0,40.1,无负债
1762,男,1956-12-30,61,42,36-45,434,5975505,1,超高频,高价值,0.0,0.0,1.0,64.1,无负债
1763,男,1967-12-07,46,31,26-35,17,45000,1,中频,普通,0.0,0.0,0.0,17.5,无负债
1764,男,1971-07-09,66,27,26-35,173,570772,1,超高频,普通,0.0,0.0,0.0,36.5,无负债
1765,男,1975-08-03,9,23,≤25,222,3965454,1,超高频,高价值,0.0,0.0,1.0,33.1,无负债
1768,男,1951-04-27,29,47,46-55,353,2153532,1,超高频,优质,0.0,0.0,0.0,60.8,无负债
1769,男,1949-08-05,12,49,46-55,101,122255,1,超高频,普通,0.0,0.0,0.0,21.5,无负债
1770,女,1951-10-15,12,47,46-55,101,122255,1,超高频,普通,0.0,0.0,0.0,21.5,无负债
1771,女,1927-10-20,54,71,>55,106,241228,1,超高频,普通,0.0,0.0,0.0,25.4,无负债
1772,女,1979-09-21,73,19,≤25,202,2987433,1,超高频,高价值,0.0,0.0,0.0,33.3,无负债
1774,女,1971-10-05,32,27,26-35,167,241190,1,超高频,普通,0.0,0.0,0.0,27.6,无负债
1775,男,1943-12-08,73,55,46-55,169,2845271,1,超高频,高价值,0.0,0.0,0.0,26.7,无负债
1776,女,1954-10-24,30,44,36-45,278,368071,1,超高频,普通,0.0,0.0,0.0,43.4,无负债
1777,女,1963-01-08,69,36,36-45,40,128345,1,高频,普通,0.0,0.0,1.0,21.5,无负债
1778,男,1968-09-02,69,30,26-35,40,128345,1,高频,普通,0.0,0.0,0.0,21.5,无负债
1779,男,1935-11-26,37,63,>55,297,2342328,1,超高频,高价值,0.0,0.0,1.0,57.0,无负债
1780,女,1954-12-09,54,44,36-45,356,382308,1,超高频,普通,0.0,0.0,0.0,63.6,无负债
1781,男,1924-08-16,67,74,>55,172,425070,1,超高频,普通,0.0,0.0,0.0,37.1,无负债
1782,男,1948-12-24,19,50,46-55,313,1555930,1,超高频,优质,0.0,0.0,0.0,59.5,无负债
1783,女,1946-10-05,1,52,46-55,197,1121059,1,超高频,优质,0.0,0.0,0.0,29.8,无负债
1784,女,1980-11-02,2,18,≤25,251,813327,1,超高频,普通,0.0,0.0,0.0,42.0,无负债
1785,男,1975-11-25,39,23,≤25,141,175361,1,超高频,普通,0.0,0.0,0.0,33.0,无负债
1786,女,1934-06-25,63,64,>55,115,202984,1,超高频,普通,0.0,0.0,0.0,28.0,无负债
1787,男,1931-11-28,63,67,>55,115,202984,1,超高频,普通,0.0,0.0,0.0,28.0,无负债
1788,男,1950-03-23,1,48,46-55,390,3289272,1,超高频,高价值,0.0,0.0,0.0,67.6,无负债
1789,女,1933-08-07,61,65,>55,348,865026,1,超高频,普通,0.0,0.0,0.0,69.2,无负债
1790,男,1953-05-28,1,45,36-45,345,437257,1,超高频,普通,0.0,0.0,0.0,71.8,无负债
1791,女,1966-05-12,5,32,26-35,145,1596813,1,超高频,优质,0.0,0.0,1.0,26.4,无负债
1792,男,1975-09-01,54,23,≤25,253,358324,1,超高频,普通,0.0,0.0,0.0,45.6,无负债
1793,女,1945-03-17,41,53,46-55,162,2083468,1,超高频,优质,1.0,1.0,1.0,30.4,有负债
1794,女,1940-03-30,54,58,>55,348,432802,1,超高频,普通,0.0,0.0,0.0,72.5,无负债
1795,女,1960-02-28,38,38,36-45,169,1136251,1,超高频,优质,0.0,0.0,1.0,25.1,无负债
1796,男,1938-11-23,10,60,>55,230,658968,1,超高频,普通,0.0,0.0,0.0,36.3,无负债
1797,女,1941-11-04,10,57,>55,230,658968,1,超高频,普通,0.0,0.0,0.0,36.3,无负债
1798,男,1933-07-08,70,65,>55,146,328540,1,超高频,普通,0.0,0.0,0.0,27.7,无负债
1799,男,1959-06-26,36,39,36-45,441,3420704,1,超高频,高价值,0.0,0.0,1.0,63.9,无负债
1800,女,1943-09-28,63,55,46-55,244,1728799,1,超高频,优质,0.0,0.0,1.0,36.1,无负债
1801,男,1970-01-01,66,29,26-35,324,408325,1,超高频,普通,0.0,0.0,0.0,64.6,无负债
1802,女,1964-10-16,66,34,26-35,324,408325,1,超高频,普通,0.0,0.0,0.0,64.6,无负债
1803,女,1946-05-12,25,52,46-55,122,467999,1,超高频,普通,0.0,0.0,0.0,20.4,无负债
1806,男,1952-01-03,5,47,46-55,160,2086055,1,超高频,优质,0.0,0.0,0.0,29.7,无负债
1807,男,1935-06-30,47,63,>55,102,568634,1,超高频,普通,0.0,0.0,1.0,19.0,无负债
1808,女,1933-06-26,47,65,>55,102,568634,1,超高频,普通,0.0,0.0,0.0,19.0,无负债
1809,男,1931-05-12,24,67,>55,113,222014,1,超高频,普通,0.0,0.0,0.0,26.9,无负债
1810,男,1919-06-30,41,79,>55,411,715233,1,超高频,普通,0.0,0.0,0.0,72.8,无负债
1811,男,1939-03-29,1,59,>55,63,713598,1,超高频,普通,0.0,0.0,1.0,15.0,无负债
1812,女,1947-05-17,36,51,46-55,407,3290725,1,超高频,高价值,0.0,0.0,1.0,62.9,无负债
1813,男,1949-09-28,36,49,46-55,407,3290725,1,超高频,高价值,0.0,0.0,0.0,62.9,无负债
1814,男,1940-03-12,57,58,>55,334,1489270,1,超高频,优质,0.0,0.0,0.0,47.5,无负债
1815,女,1977-02-24,16,21,≤25,380,1224778,1,超高频,优质,0.0,0.0,0.0,66.5,无负债
1816,男,1951-07-24,62,47,46-55,132,1258375,1,超高频,优质,1.0,1.0,0.0,23.1,有负债
1817,女,1953-12-06,47,45,36-45,357,1001411,1,超高频,优质,0.0,0.0,0.0,62.0,无负债
1818,男,1956-10-02,47,42,36-45,357,1001411,1,超高频,优质,0.0,0.0,0.0,62.0,无负债
1819,女,1979-04-20,43,19,≤25,148,1261388,1,超高频,优质,0.0,0.0,1.0,27.4,无负债
1820,女,1928-11-20,50,70,>55,131,304125,1,超高频,普通,0.0,0.0,0.0,29.1,无负债
1821,男,1941-04-24,1,57,>55,101,1085921,1,超高频,优质,0.0,0.0,0.0,27.4,无负债
1822,女,1922-09-13,71,76,>55,141,287934,1,超高频,普通,0.0,0.0,0.0,33.2,无负债
1823,女,1978-08-07,1,20,≤25,173,1459489,1,超高频,优质,0.0,0.0,0.0,28.6,无负债
1824,男,1960-08-03,69,38,36-45,288,1414615,1,超高频,优质,0.0,0.0,0.0,69.3,无负债
1825,女,1974-04-24,51,24,≤25,56,201261,1,高频,普通,0.0,0.0,0.0,14.8,无负债
1826,男,1937-09-12,13,61,>55,379,2981314,1,超高频,高价值,0.0,0.0,1.0,65.9,无负债
1827,女,1941-08-16,13,57,>55,379,2981314,1,超高频,高价值,0.0,0.0,0.0,65.9,无负债
1828,男,1962-11-14,69,36,36-45,157,2094565,1,超高频,优质,0.0,0.0,0.0,35.8,无负债
1829,女,1942-08-16,51,56,>55,349,1703640,1,超高频,优质,0.0,0.0,0.0,56.3,无负债
1830,男,1952-02-03,33,46,46-55,176,1515556,1,超高频,优质,0.0,0.0,0.0,34.2,无负债
1831,男,1976-10-09,51,22,≤25,335,4931198,1,超高频,高价值,0.0,0.0,1.0,58.5,无负债
1832,女,1966-07-31,1,32,26-35,337,1833034,1,超高频,优质,0.0,0.0,0.0,60.6,无负债
1833,男,1966-11-15,30,32,26-35,553,2081461,1,超高频,优质,0.0,0.0,1.0,65.2,无负债
1834,男,1927-02-19,7,71,>55,93,197630,1,超高频,普通,0.0,0.0,0.0,18.3,无负债
1835,女,1928-03-11,7,70,>55,93,197630,1,超高频,普通,0.0,0.0,0.0,18.3,无负债
1836,女,1944-03-07,36,54,46-55,540,3950631,1,超高频,高价值,0.0,0.0,1.0,67.7,无负债
1837,男,1957-01-13,67,41,36-45,274,398922,1,超高频,普通,0.0,0.0,0.0,63.7,无负债
1838,女,1959-11-27,67,39,36-45,274,398922,1,超高频,普通,0.0,0.0,0.0,63.7,无负债
1839,女,1936-12-18,5,62,>55,127,245086,1,超高频,普通,0.0,0.0,0.0,28.7,无负债
1840,男,1935-10-28,5,63,>55,127,245086,1,超高频,普通,0.0,0.0,0.0,28.7,无负债
1841,女,1953-03-23,67,45,36-45,342,2487211,1,超高频,高价值,0.0,0.0,0.0,69.4,无负债
1842,男,1943-09-13,9,55,46-55,245,1862784,1,超高频,优质,0.0,0.0,1.0,43.2,无负债
1843,女,1939-01-25,48,59,>55,208,449600,1,超高频,普通,0.0,0.0,0.0,41.4,无负债
1844,女,1922-02-03,74,76,>55,149,287324,1,超高频,普通,0.0,0.0,0.0,33.4,无负债
1845,男,1918-11-14,74,80,>55,149,287324,1,超高频,普通,0.0,0.0,0.0,33.4,无负债
1846,男,1980-12-12,48,18,≤25,79,208817,1,超高频,普通,0.0,0.0,0.0,17.2,无负债
1847,女,1979-01-30,52,19,≤25,75,1003996,1,超高频,优质,0.0,0.0,0.0,13.4,无负债
1848,女,1924-07-02,6,74,>55,96,171625,1,超高频,普通,0.0,0.0,0.0,22.7,无负债
1849,女,1922-09-24,57,76,>55,139,245888,1,超高频,普通,0.0,0.0,0.0,28.3,无负债
1850,女,1942-07-05,52,56,>55,248,744026,1,超高频,普通,0.0,0.0,1.0,48.0,无负债
1851,女,1975-09-12,31,23,≤25,389,3678761,1,超高频,高价值,1.0,0.0,0.0,62.4,无负债
1852,男,1962-09-05,50,36,36-45,193,1201815,1,超高频,优质,1.0,1.0,0.0,31.2,有负债
1853,男,1965-08-18,1,33,26-35,226,298578,1,超高频,普通,0.0,0.0,0.0,32.6,无负债
1854,女,1932-05-27,70,66,>55,193,466865,1,超高频,普通,0.0,0.0,0.0,43.8,无负债
1856,女,1968-08-22,54,30,26-35,148,823945,1,超高频,普通,0.0,0.0,0.0,27.8,无负债
1857,男,1964-03-16,54,34,26-35,148,823945,1,超高频,普通,0.0,0.0,0.0,27.8,无负债
1860,女,1964-10-31,1,34,26-35,450,2208404,1,超高频,优质,0.0,0.0,0.0,68.3,无负债
1861,男,1957-07-15,29,41,36-45,403,937860,1,超高频,优质,0.0,0.0,1.0,70.4,无负债
1862,女,1977-10-09,50,21,≤25,427,4318741,1,超高频,高价值,0.0,0.0,0.0,72.3,无负债
1863,男,1952-02-16,54,46,46-55,76,412682,1,超高频,普通,0.0,0.0,0.0,19.1,无负债
1864,男,1948-03-14,22,50,46-55,199,3545804,1,超高频,高价值,0.0,0.0,1.0,27.8,无负债
1865,女,1949-06-09,22,49,46-55,199,3545804,1,超高频,高价值,0.0,0.0,0.0,27.8,无负债
1866,女,1942-06-11,64,56,>55,452,3634526,1,超高频,高价值,0.0,0.0,0.0,73.0,无负债
1867,女,1944-09-24,1,54,46-55,296,2209460,1,超高频,优质,0.0,0.0,0.0,45.8,无负债
1868,男,1980-02-16,60,18,≤25,142,415562,1,超高频,普通,0.0,0.0,0.0,26.8,无负债
1869,女,1933-02-14,1,65,>55,155,432116,1,超高频,普通,0.0,0.0,0.0,32.7,无负债
1870,男,1935-04-29,1,63,>55,155,432116,1,超高频,普通,0.0,0.0,0.0,32.7,无负债
1871,女,1980-02-20,1,18,≤25,182,503461,1,超高频,普通,0.0,0.0,0.0,33.1,无负债
1872,女,1963-01-24,52,35,26-35,451,2677871,1,超高频,高价值,0.0,0.0,0.0,66.6,无负债
1873,男,1968-10-26,52,30,26-35,451,2677871,1,超高频,高价值,0.0,0.0,0.0,66.6,无负债
1874,男,1946-10-20,1,52,46-55,429,3278742,1,超高频,高价值,0.0,0.0,0.0,70.8,无负债
1875,男,1976-10-19,15,22,≤25,123,439021,1,超高频,普通,0.0,0.0,0.0,25.7,无负债
1876,男,1951-07-01,1,47,46-55,299,3113698,1,超高频,高价值,0.0,0.0,1.0,64.5,无负债
1877,女,1957-08-21,47,41,36-45,206,282253,1,超高频,普通,0.0,0.0,0.0,47.8,无负债
1878,男,1963-09-02,47,35,26-35,206,282253,1,超高频,普通,0.0,0.0,0.0,47.8,无负债
1879,女,1944-04-02,21,54,46-55,136,745560,1,超高频,普通,0.0,0.0,0.0,25.7,无负债
1880,男,1974-08-08,1,24,≤25,176,569143,1,超高频,普通,0.0,0.0,0.0,33.0,无负债
1881,男,1934-01-24,72,64,>55,98,219123,1,超高频,普通,0.0,0.0,0.0,18.7,无负债
1882,女,1932-05-24,72,66,>55,98,219123,1,超高频,普通,0.0,0.0,0.0,18.7,无负债
1883,女,1961-10-27,18,37,36-45,337,3153128,1,超高频,高价值,0.0,0.0,1.0,60.8,无负债
1884,女,1976-01-26,59,22,≤25,111,367846,1,超高频,普通,0.0,0.0,0.0,24.7,无负债
1885,女,1970-01-07,47,29,26-35,286,1868029,1,超高频,优质,0.0,0.0,1.0,50.3,无负债
1886,男,1920-04-07,34,78,>55,109,275269,1,超高频,普通,0.0,0.0,1.0,26.1,无负债
1887,男,1926-07-15,54,72,>55,123,274969,1,超高频,普通,0.0,0.0,0.0,27.9,无负债
1888,女,1918-09-24,66,80,>55,108,247387,1,超高频,普通,0.0,0.0,0.0,25.0,无负债
1889,女,1957-07-28,32,41,36-45,161,375682,1,超高频,普通,0.0,0.0,0.0,27.2,无负债
1890,女,1955-08-14,14,43,36-45,293,2520041,1,超高频,高价值,0.0,0.0,1.0,51.5,无负债
1891,女,1959-03-04,62,39,36-45,141,339991,1,超高频,普通,0.0,0.0,0.0,20.9,无负债
1892,男,1928-03-26,66,70,>55,272,448622,1,超高频,普通,0.0,0.0,0.0,45.7,无负债
1893,女,1934-02-11,66,64,>55,272,448622,1,超高频,普通,0.0,0.0,0.0,45.7,无负债
1894,女,1947-11-05,1,51,46-55,178,219786,1,超高频,普通,0.0,0.0,0.0,40.7,无负债
1895,女,1965-11-03,47,33,26-35,12,33400,1,中频,普通,0.0,0.0,0.0,29.0,无负债
1896,男,1982-02-08,48,16,≤25,203,485823,1,超高频,普通,0.0,0.0,0.0,34.4,无负债
1897,女,1969-03-07,36,29,26-35,470,899110,1,超高频,优质,0.0,0.0,0.0,63.3,无负债
1898,男,1961-08-01,73,37,36-45,564,2161551,1,超高频,优质,0.0,0.0,0.0,66.8,无负债
1899,男,1941-07-03,10,57,>55,110,699369,1,超高频,普通,0.0,0.0,1.0,16.7,无负债
1900,男,1965-11-22,23,33,26-35,308,1208397,1,超高频,优质,0.0,0.0,1.0,42.2,无负债
1901,女,1962-11-07,23,36,36-45,308,1208397,1,超高频,优质,0.0,0.0,0.0,42.2,无负债
1903,女,1939-08-30,1,59,>55,263,478114,1,超高频,普通,0.0,0.0,0.0,58.5,无负债
1904,男,1941-02-22,66,57,>55,144,858084,1,超高频,普通,0.0,0.0,0.0,29.5,无负债
1905,女,1949-05-18,72,49,46-55,65,420777,1,超高频,普通,0.0,0.0,0.0,14.6,无负债
1906,男,1922-07-07,63,76,>55,48,122038,1,高频,普通,0.0,0.0,0.0,12.3,无负债
1907,女,1928-09-08,75,70,>55,74,129718,1,超高频,普通,0.0,0.0,0.0,19.4,无负债
1908,男,1920-01-17,33,79,>55,349,740994,1,超高频,普通,0.0,0.0,0.0,71.1,无负债
1909,女,1944-03-16,35,54,46-55,149,1336401,1,超高频,优质,0.0,0.0,0.0,29.3,无负债
1910,男,1946-11-08,67,52,46-55,189,239130,1,超高频,普通,0.0,0.0,0.0,26.9,无负债
1911,女,1938-04-21,48,60,>55,231,367104,1,超高频,普通,0.0,0.0,0.0,49.7,无负债
1912,男,1972-02-26,57,26,26-35,310,1348482,1,超高频,优质,0.0,0.0,1.0,53.5,无负债
1913,男,1968-04-15,69,30,26-35,208,2358466,1,超高频,高价值,1.0,1.0,1.0,36.3,有负债
1914,女,1942-06-20,39,56,>55,216,856239,1,超高频,普通,0.0,0.0,1.0,39.2,无负债
1915,男,1939-09-09,39,59,>55,216,856239,1,超高频,普通,0.0,0.0,0.0,39.2,无负债
1916,男,1926-07-19,28,72,>55,171,369897,1,超高频,普通,0.0,0.0,0.0,32.5,无负债
1917,女,1969-03-13,69,29,26-35,339,3824772,1,超高频,高价值,1.0,0.0,0.0,50.2,无负债
1919,男,1949-05-04,30,49,46-55,289,380488,1,超高频,普通,0.0,0.0,0.0,68.2,无负债
1920,男,1975-08-07,42,23,≤25,83,309746,1,超高频,普通,0.0,0.0,0.0,34.8,无负债
1921,女,1946-10-26,1,52,46-55,143,962037,1,超高频,优质,0.0,0.0,0.0,27.3,无负债
1922,男,1949-04-03,1,49,46-55,143,962037,1,超高频,优质,0.0,0.0,0.0,27.3,无负债
1923,女,1958-05-07,1,40,36-45,105,768346,1,超高频,普通,0.0,0.0,0.0,25.0,无负债
1924,男,1938-05-29,67,60,>55,317,542663,1,超高频,普通,0.0,0.0,0.0,61.6,无负债
1925,男,1938-06-23,37,60,>55,96,108614,1,超高频,普通,0.0,0.0,0.0,65.8,无负债
1926,女,1935-02-08,37,63,>55,96,108614,1,超高频,普通,0.0,0.0,0.0,65.8,无负债
1927,男,1952-04-26,77,46,46-55,375,1177740,1,超高频,优质,0.0,0.0,0.0,45.5,无负债
1928,女,1952-08-14,77,46,46-55,375,1177740,1,超高频,优质,0.0,0.0,0.0,45.5,无负债
1929,女,1955-08-15,65,43,36-45,180,1708750,1,超高频,优质,0.0,0.0,1.0,36.2,无负债
1930,女,1934-02-21,38,64,>55,294,413365,1,超高频,普通,0.0,0.0,1.0,53.2,无负债
1931,女,1942-11-14,16,56,>55,120,155486,1,超高频,普通,0.0,0.0,0.0,28.7,无负债
1932,女,1940-01-21,15,58,>55,140,804330,1,超高频,普通,0.0,0.0,0.0,21.2,无负债
1934,女,1933-11-21,70,65,>55,70,125968,1,超高频,普通,0.0,0.0,0.0,15.1,无负债
1935,女,1929-05-12,68,69,>55,229,541465,1,超高频,普通,0.0,0.0,0.0,42.6,无负债
1936,女,1955-10-16,15,43,36-45,125,1701258,1,超高频,优质,0.0,0.0,0.0,21.0,无负债
1937,男,1960-03-27,15,38,36-45,125,1701258,1,超高频,优质,0.0,0.0,0.0,21.0,无负债
1938,女,1939-09-30,57,59,>55,239,1954387,1,超高频,优质,0.0,0.0,1.0,38.3,无负债
1939,男,1925-08-14,1,73,>55,118,340749,1,超高频,普通,0.0,0.0,0.0,28.0,无负债
1940,女,1923-01-22,1,75,>55,118,340749,1,超高频,普通,0.0,0.0,0.0,28.0,无负债
1941,女,1921-07-12,10,77,>55,326,560290,1,超高频,普通,0.0,0.0,0.0,71.7,无负债
1942,男,1915-05-10,10,83,>55,326,560290,1,超高频,普通,0.0,0.0,0.0,71.7,无负债
1943,男,1926-02-11,39,72,>55,317,603273,1,超高频,普通,0.0,0.0,0.0,64.3,无负债
1944,女,1957-01-22,31,41,36-45,499,1626611,1,超高频,优质,1.0,1.0,0.0,68.8,有负债
1945,男,1954-06-03,54,44,36-45,351,2273921,1,超高频,优质,0.0,0.0,0.0,61.4,无负债
1946,男,1935-07-19,72,63,>55,441,6027830,1,超高频,高价值,0.0,0.0,1.0,61.4,无负债
1947,男,1981-02-08,23,17,≤25,185,474186,1,超高频,普通,0.0,0.0,1.0,34.3,无负债
1948,女,1939-02-19,71,59,>55,169,1619112,1,超高频,优质,0.0,0.0,0.0,32.9,无负债
1949,男,1942-06-23,71,56,>55,169,1619112,1,超高频,优质,0.0,0.0,0.0,32.9,无负债
1950,男,1929-07-06,26,69,>55,61,135381,1,超高频,普通,0.0,0.0,0.0,15.0,无负债
1951,男,1971-04-29,41,27,26-35,138,162152,1,超高频,普通,0.0,0.0,0.0,30.3,无负债
1952,女,1971-03-09,52,27,26-35,408,3871848,1,超高频,高价值,0.0,0.0,0.0,68.5,无负债
1953,男,1965-09-22,52,33,26-35,408,3871848,1,超高频,高价值,0.0,0.0,0.0,68.5,无负债
1954,男,1952-07-28,69,46,46-55,216,845685,1,超高频,普通,0.0,0.0,1.0,35.2,无负债
1955,女,1971-10-28,66,27,26-35,160,1536835,1,超高频,优质,0.0,0.0,0.0,35.1,无负债
1956,女,1925-07-09,1,73,>55,175,468258,1,超高频,普通,0.0,0.0,0.0,40.2,无负债
1957,男,1972-03-04,63,26,26-35,195,1708972,1,超高频,优质,0.0,0.0,0.0,32.3,无负债
1958,女,1977-11-21,63,21,≤25,195,1708972,1,超高频,优质,0.0,0.0,0.0,32.3,无负债
1959,男,1920-12-26,1,78,>55,60,176506,1,高频,普通,0.0,0.0,0.0,14.6,无负债
1960,男,1946-08-23,22,52,46-55,112,205952,1,超高频,普通,0.0,0.0,0.0,23.1,无负债
1961,女,1920-06-04,31,78,>55,358,792597,1,超高频,普通,0.0,0.0,0.0,68.0,无负债
1962,男,1950-11-18,6,48,46-55,133,233546,1,超高频,普通,0.0,0.0,0.0,24.8,无负债
1963,男,1945-06-12,38,53,46-55,119,296856,1,超高频,普通,0.0,0.0,0.0,22.5,无负债
1964,男,1931-08-05,17,67,>55,213,478196,1,超高频,普通,0.0,0.0,0.0,43.4,无负债
1965,男,1939-08-10,75,59,>55,353,2090398,1,超高频,优质,0.0,0.0,0.0,61.9,无负债
1966,女,1948-07-01,19,50,46-55,210,480081,1,超高频,普通,0.0,0.0,0.0,33.1,无负债
1967,女,1963-11-15,1,35,26-35,200,1847322,1,超高频,优质,0.0,0.0,0.0,35.4,无负债
1968,男,1960-08-13,1,38,36-45,200,1847322,1,超高频,优质,0.0,0.0,0.0,35.4,无负债
1969,女,1926-08-26,53,72,>55,191,380643,1,超高频,普通,0.0,0.0,0.0,32.8,无负债
1970,女,1947-11-05,1,51,46-55,385,1246562,1,超高频,优质,0.0,0.0,0.0,48.2,无负债
1971,女,1969-03-14,3,29,26-35,264,2444847,1,超高频,高价值,0.0,0.0,1.0,58.4,无负债
1972,女,1946-04-29,1,52,46-55,284,975140,1,超高频,优质,0.0,0.0,0.0,60.2,无负债
1973,女,1931-09-13,60,67,>55,332,608005,1,超高频,普通,0.0,0.0,0.0,72.7,无负债
1974,男,1918-07-14,10,80,>55,177,377477,1,超高频,普通,0.0,0.0,0.0,38.5,无负债
1975,女,1915-09-27,10,83,>55,177,377477,1,超高频,普通,0.0,0.0,0.0,38.5,无负债
1976,男,1918-10-12,72,80,>55,325,746451,1,超高频,普通,0.0,0.0,0.0,66.1,无负债
1977,女,1935-10-25,10,63,>55,111,203702,1,超高频,普通,0.0,0.0,0.0,27.5,无负债
1978,女,1952-05-22,18,46,46-55,221,3506505,1,超高频,高价值,0.0,0.0,0.0,36.1,无负债
1979,女,1926-03-19,51,72,>55,228,467373,1,超高频,普通,0.0,0.0,0.0,47.0,无负债
1980,男,1959-04-30,77,39,36-45,275,1715597,1,超高频,优质,0.0,0.0,1.0,55.7,无负债
1981,女,1970-09-22,19,28,26-35,348,2350994,1,超高频,高价值,0.0,0.0,0.0,61.0,无负债
1982,男,1977-07-08,53,21,≤25,109,962172,1,超高频,优质,0.0,0.0,0.0,21.1,无负债
1983,女,1982-02-05,53,16,≤25,109,962172,1,超高频,优质,0.0,0.0,0.0,21.1,无负债
1984,男,1926-08-29,1,72,>55,426,802939,1,超高频,普通,0.0,0.0,0.0,72.8,无负债
1985,男,1937-12-13,6,61,>55,110,751567,1,超高频,普通,1.0,1.0,0.0,26.0,有负债
1986,女,1942-08-13,6,56,>55,110,751567,1,超高频,普通,1.0,1.0,0.0,26.0,有负债
1988,男,1952-05-04,13,46,46-55,223,1716630,1,超高频,优质,0.0,0.0,0.0,40.6,无负债
1989,女,1939-01-13,50,60,>55,292,3621261,1,超高频,高价值,0.0,0.0,0.0,32.8,无负债
1990,男,1943-11-25,50,55,46-55,292,3621261,1,超高频,高价值,0.0,0.0,0.0,32.8,无负债
1991,男,1918-11-09,64,80,>55,216,546394,1,超高频,普通,0.0,0.0,0.0,43.8,无负债
1993,男,1975-06-21,1,23,≤25,528,2224142,1,超高频,优质,0.0,0.0,0.0,68.8,无负债
1994,女,1967-07-06,1,31,26-35,528,2224142,1,超高频,优质,0.0,0.0,0.0,68.8,无负债
1995,女,1941-04-10,50,57,>55,142,795288,1,超高频,普通,0.0,0.0,0.0,26.9,无负债
1996,男,1937-03-20,1,61,>55,267,3273199,1,超高频,高价值,0.0,0.0,0.0,31.6,无负债
1997,女,1977-11-09,1,21,≤25,118,237930,1,超高频,普通,0.0,0.0,0.0,18.0,无负债
1998,女,1978-12-15,40,20,≤25,97,209402,1,超高频,普通,0.0,0.0,0.0,17.0,无负债
1999,女,1982-02-10,74,16,≤25,188,791885,1,超高频,普通,0.0,0.0,1.0,72.2,无负债
2000,女,1942-05-09,39,56,>55,71,480173,1,超高频,普通,0.0,0.0,0.0,13.0,无负债
2001,女,1977-08-05,34,21,≤25,90,977185,1,超高频,优质,0.0,0.0,0.0,23.6,无负债
2002,女,1918-11-26,70,80,>55,333,823162,1,超高频,普通,0.0,0.0,0.0,68.4,无负债
2003,男,1921-06-15,70,77,>55,333,823162,1,超高频,普通,0.0,0.0,0.0,68.4,无负债
2004,女,1974-02-03,1,24,≤25,276,2640546,1,超高频,高价值,0.0,0.0,0.0,52.2,无负债
2005,男,1979-10-03,30,19,≤25,155,1239891,1,超高频,优质,0.0,0.0,1.0,29.3,无负债
2006,女,1962-08-22,41,36,36-45,207,1147957,1,超高频,优质,0.0,0.0,0.0,33.0,无负债
2007,男,1958-09-13,41,40,36-45,207,1147957,1,超高频,优质,0.0,0.0,0.0,33.0,无负债
2008,男,1940-06-07,47,58,>55,144,1180871,1,超高频,优质,1.0,1.0,0.0,23.3,有负债
2009,男,1936-01-16,12,63,>55,52,69802,1,高频,普通,0.0,0.0,0.0,14.1,无负债
2010,男,1952-08-12,37,46,46-55,384,413567,1,超高频,普通,0.0,0.0,0.0,68.7,无负债
2011,女,1925-11-18,46,73,>55,105,255037,1,超高频,普通,0.0,0.0,0.0,24.6,无负债
2012,男,1923-06-27,46,75,>55,105,255037,1,超高频,普通,0.0,0.0,0.0,24.6,无负债
2013,女,1940-07-10,1,58,>55,203,2551638,1,超高频,高价值,0.0,0.0,1.0,39.9,无负债
2015,女,1968-11-15,1,30,26-35,89,762267,1,超高频,普通,0.0,0.0,1.0,16.9,无负债
2016,男,1934-10-09,55,64,>55,145,284773,1,超高频,普通,0.0,0.0,0.0,26.3,无负债
2017,女,1931-01-23,55,67,>55,145,284773,1,超高频,普通,0.0,0.0,0.0,26.3,无负债
2018,女,1945-08-25,56,53,46-55,344,2931976,1,超高频,高价值,0.0,0.0,0.0,62.4,无负债
2019,男,1932-09-28,73,66,>55,88,233099,1,超高频,普通,0.0,0.0,0.0,20.9,无负债
2020,女,1925-12-20,73,73,>55,88,233099,1,超高频,普通,0.0,0.0,0.0,20.9,无负债
2021,男,1919-12-08,67,79,>55,321,729666,1,超高频,普通,0.0,0.0,0.0,63.0,无负债
2022,男,1939-11-12,56,59,>55,129,308025,1,超高频,普通,0.0,0.0,0.0,28.9,无负债
2023,女,1931-09-02,56,67,>55,129,308025,1,超高频,普通,0.0,0.0,0.0,28.9,无负债
2024,男,1934-04-15,62,64,>55,93,205002,1,超高频,普通,0.0,0.0,0.0,22.2,无负债
2025,男,1941-12-31,39,57,>55,134,502265,1,超高频,普通,0.0,0.0,0.0,27.8,无负债
2026,女,1934-12-03,39,64,>55,134,502265,1,超高频,普通,0.0,0.0,0.0,27.8,无负债
2027,男,1930-01-22,12,68,>55,188,276054,1,超高频,普通,0.0,0.0,0.0,36.5,无负债
2028,女,1924-10-17,12,74,>55,188,276054,1,超高频,普通,0.0,0.0,0.0,36.5,无负债
2029,女,1923-09-19,5,75,>55,416,889348,1,超高频,普通,0.0,0.0,0.0,68.9,无负债
2030,女,1980-08-04,5,18,≤25,186,1294223,1,超高频,优质,0.0,0.0,0.0,32.3,无负债
2031,男,1926-12-15,54,72,>55,292,525098,1,超高频,普通,0.0,0.0,0.0,61.7,无负债
2032,男,1943-03-21,1,55,46-55,220,662601,1,超高频,普通,0.0,0.0,0.0,40.1,无负债
2033,女,1937-07-02,1,61,>55,220,662601,1,超高频,普通,0.0,0.0,0.0,40.1,无负债
2034,男,1926-06-12,13,72,>55,347,606097,1,超高频,普通,0.0,0.0,0.0,72.0,无负债
2035,女,1928-07-27,13,70,>55,347,606097,1,超高频,普通,0.0,0.0,0.0,72.0,无负债
2037,女,1948-08-26,69,50,46-55,129,485087,1,超高频,普通,0.0,0.0,0.0,24.1,无负债
2038,女,1980-03-29,1,18,≤25,479,3475489,1,超高频,高价值,0.0,0.0,1.0,71.3,无负债
2039,女,1969-01-20,68,29,26-35,153,786119,1,超高频,普通,0.0,0.0,0.0,28.3,无负债
2040,男,1944-08-07,59,54,46-55,350,2535491,1,超高频,高价值,0.0,0.0,0.0,61.6,无负债
2041,男,1956-08-11,68,42,36-45,123,838862,1,超高频,普通,0.0,0.0,0.0,18.0,无负债
2042,男,1982-07-04,49,16,≤25,181,431015,1,超高频,普通,0.0,0.0,0.0,36.9,无负债
2043,女,1954-09-15,77,44,36-45,182,604332,1,超高频,普通,0.0,0.0,0.0,26.4,无负债
2044,女,1961-09-18,32,37,36-45,304,3238242,1,超高频,高价值,0.0,0.0,0.0,66.7,无负债
2045,男,1956-08-22,28,42,36-45,143,1265881,1,超高频,优质,0.0,0.0,1.0,37.2,无负债
2046,女,1952-08-26,28,46,46-55,143,1265881,1,超高频,优质,0.0,0.0,0.0,37.2,无负债
2047,女,1943-07-25,11,55,46-55,407,765888,1,超高频,普通,0.0,0.0,0.0,62.3,无负债
2048,女,1928-06-03,23,70,>55,85,156754,1,超高频,普通,0.0,0.0,0.0,20.8,无负债
2049,男,1927-02-20,70,71,>55,355,741246,1,超高频,普通,0.0,0.0,0.0,71.1,无负债
2050,女,1932-05-23,70,66,>55,355,741246,1,超高频,普通,0.0,0.0,0.0,71.1,无负债
2051,女,1918-12-07,74,80,>55,319,634234,1,超高频,普通,0.0,0.0,0.0,64.7,无负债
2052,男,1914-05-19,74,84,>55,319,634234,1,超高频,普通,0.0,0.0,0.0,64.7,无负债
2053,男,1918-02-07,16,80,>55,198,501515,1,超高频,普通,0.0,0.0,0.0,39.4,无负债
2054,男,1948-12-06,48,50,46-55,207,202393,1,超高频,普通,0.0,0.0,0.0,38.3,无负债
2055,女,1976-08-31,56,22,≤25,196,1661469,1,超高频,优质,0.0,0.0,0.0,45.8,无负债
2056,男,1978-12-09,1,20,≤25,97,1150433,1,超高频,优质,0.0,0.0,0.0,20.4,无负债
2057,女,1976-01-02,6,23,≤25,371,5169796,1,超高频,高价值,0.0,0.0,0.0,65.0,无负债
2058,男,1971-03-02,76,27,26-35,459,6288996,1,超高频,高价值,0.0,0.0,1.0,73.0,无负债
2059,男,1972-06-30,43,26,26-35,209,261895,1,超高频,普通,0.0,0.0,0.0,43.4,无负债
2060,女,1971-06-04,43,27,26-35,209,261895,1,超高频,普通,0.0,0.0,0.0,43.4,无负债
2061,男,1953-07-27,63,45,36-45,106,113408,1,超高频,普通,0.0,0.0,0.0,19.8,无负债
2062,女,1954-05-22,63,44,36-45,106,113408,1,超高频,普通,0.0,0.0,0.0,19.8,无负债
2063,女,1950-09-26,68,48,46-55,213,1354835,1,超高频,优质,1.0,1.0,1.0,34.1,有负债
2064,男,1926-07-30,53,72,>55,405,727648,1,超高频,普通,0.0,0.0,0.0,72.6,无负债
2065,男,1978-08-20,64,20,≤25,201,1782819,1,超高频,优质,0.0,0.0,1.0,38.0,无负债
2066,男,1972-10-27,1,26,26-35,389,4288597,1,超高频,高价值,0.0,0.0,0.0,65.7,无负债
2067,男,1979-10-20,56,19,≤25,264,879166,1,超高频,普通,0.0,0.0,0.0,46.8,无负债
2068,女,1930-05-24,72,68,>55,59,137709,1,高频,普通,0.0,0.0,0.0,14.2,无负债
2069,女,1923-01-01,70,76,>55,198,527274,1,超高频,普通,0.0,0.0,0.0,39.9,无负债
2070,女,1972-07-23,70,26,26-35,320,2052803,1,超高频,优质,0.0,0.0,0.0,64.5,无负债
2071,男,1973-12-19,1,25,≤25,275,387688,1,超高频,普通,0.0,0.0,0.0,48.6,无负债
2072,女,1944-02-09,75,54,46-55,105,591347,1,超高频,普通,0.0,0.0,0.0,23.9,无负债
2073,男,1956-02-08,22,42,36-45,299,1527749,1,超高频,优质,0.0,0.0,0.0,50.1,无负债
2074,女,1961-09-16,24,37,36-45,180,1212697,1,超高频,优质,0.0,0.0,1.0,32.8,无负债
2075,男,1922-01-29,74,76,>55,89,218169,1,超高频,普通,0.0,0.0,0.0,19.5,无负债
2076,女,1957-02-07,63,41,36-45,257,325773,1,超高频,普通,0.0,0.0,0.0,36.4,无负债
2077,女,1930-03-01,44,68,>55,115,270690,1,超高频,普通,0.0,0.0,0.0,25.6,无负债
2078,女,1978-08-03,10,20,≤25,317,907761,1,超高频,优质,0.0,0.0,0.0,71.0,无负债
2079,女,1925-05-29,72,73,>55,245,484763,1,超高频,普通,0.0,0.0,0.0,52.5,无负债
2080,男,1963-12-26,60,35,26-35,165,1949058,1,超高频,优质,0.0,0.0,0.0,31.7,无负债
2081,女,1972-11-06,46,26,26-35,186,1017299,1,超高频,优质,0.0,0.0,0.0,32.5,无负债
2082,男,1933-02-04,67,65,>55,52,150054,1,高频,普通,0.0,0.0,0.0,13.2,无负债
2083,男,1943-03-12,71,55,46-55,83,1345651,1,超高频,优质,1.0,1.0,0.0,15.5,有负债
2084,女,1929-02-16,1,69,>55,281,519190,1,超高频,普通,0.0,0.0,0.0,64.8,无负债
2085,男,1928-11-28,1,70,>55,281,519190,1,超高频,普通,0.0,0.0,0.0,64.8,无负债
2086,女,1954-10-29,35,44,36-45,16,33400,1,中频,普通,0.0,0.0,0.0,44.2,无负债
2087,男,1977-09-29,68,21,≤25,69,124100,1,超高频,普通,0.0,0.0,0.0,70.3,无负债
2088,女,1948-08-26,32,50,46-55,192,1513308,1,超高频,优质,0.0,0.0,0.0,34.2,无负债
2089,女,1967-06-09,70,31,26-35,94,640080,1,超高频,普通,0.0,0.0,0.0,14.1,无负债
2090,男,1970-10-07,70,28,26-35,94,640080,1,超高频,普通,0.0,0.0,0.0,14.1,无负债
2091,女,1928-01-17,48,71,>55,99,236039,1,超高频,普通,0.0,0.0,0.0,19.1,无负债
2092,男,1945-03-21,72,53,46-55,237,4352251,1,超高频,高价值,0.0,0.0,0.0,42.6,无负债
2093,男,1970-06-24,48,28,26-35,602,2231036,1,超高频,优质,0.0,0.0,0.0,73.0,无负债
2094,女,1975-09-06,48,23,≤25,602,2231036,1,超高频,优质,0.0,0.0,0.0,73.0,无负债
2095,男,1974-04-30,9,24,≤25,83,733453,1,超高频,普通,0.0,0.0,0.0,14.9,无负债
2096,女,1974-09-06,74,24,≤25,219,797021,1,超高频,普通,0.0,0.0,0.0,42.9,无负债
2097,男,1936-11-11,53,62,>55,77,340181,1,超高频,普通,0.0,0.0,0.0,16.0,无负债
2098,女,1939-05-28,53,59,>55,77,340181,1,超高频,普通,0.0,0.0,0.0,16.0,无负债
2099,男,1918-01-16,1,81,>55,372,907114,1,超高频,优质,0.0,0.0,0.0,72.8,无负债
2100,女,1931-09-29,33,67,>55,342,658284,1,超高频,普通,0.0,0.0,0.0,72.6,无负债
2101,男,1935-06-24,33,63,>55,342,658284,1,超高频,普通,0.0,0.0,0.0,72.6,无负债
2102,男,1941-05-27,51,57,>55,176,1593798,1,超高频,优质,0.0,0.0,1.0,34.9,无负债
2103,女,1944-02-04,18,54,46-55,161,1964611,1,超高频,优质,0.0,0.0,0.0,32.9,无负债
2104,男,1948-01-08,37,51,46-55,116,1035186,1,超高频,优质,0.0,0.0,1.0,21.0,无负债
2105,女,1947-07-18,42,51,46-55,20,42534,1,中频,普通,0.0,0.0,0.0,25.3,无负债
2106,女,1921-03-21,74,77,>55,95,250221,1,超高频,普通,0.0,0.0,0.0,22.5,无负债
2107,男,1923-04-18,74,75,>55,95,250221,1,超高频,普通,0.0,0.0,0.0,22.5,无负债
2108,女,1945-04-21,77,53,46-55,206,893073,1,超高频,优质,0.0,0.0,0.0,35.1,无负债
2109,女,1950-05-14,15,48,46-55,130,164273,1,超高频,普通,0.0,0.0,0.0,29.3,无负债
2110,女,1967-11-03,3,31,26-35,156,1356412,1,超高频,优质,0.0,0.0,0.0,30.2,无负债
2111,女,1924-05-29,57,74,>55,87,159596,1,超高频,普通,0.0,0.0,0.0,22.0,无负债
2112,男,1927-09-15,21,71,>55,199,387539,1,超高频,普通,0.0,0.0,0.0,44.4,无负债
2113,男,1937-04-04,68,61,>55,218,1938222,1,超高频,优质,0.0,0.0,0.0,39.4,无负债
2114,男,1918-08-21,51,80,>55,316,540365,1,超高频,普通,0.0,0.0,0.0,67.9,无负债
2115,女,1914-03-01,51,84,>55,316,540365,1,超高频,普通,0.0,0.0,0.0,67.9,无负债
2116,男,1930-06-14,76,68,>55,165,378193,1,超高频,普通,0.0,0.0,0.0,35.3,无负债
2117,男,1945-02-28,53,53,46-55,130,1932198,1,超高频,优质,0.0,0.0,1.0,26.8,无负债
2118,男,1970-11-12,1,28,26-35,96,852908,1,超高频,普通,0.0,0.0,0.0,22.0,无负债
2119,女,1960-05-18,30,38,36-45,71,77088,1,超高频,普通,0.0,0.0,0.0,16.8,无负债
2121,男,1979-09-25,64,19,≤25,233,3747285,1,超高频,高价值,0.0,0.0,1.0,39.2,无负债
2122,女,1970-07-17,1,28,26-35,490,3906299,1,超高频,高价值,0.0,0.0,1.0,72.2,无负债
2123,男,1982-05-17,53,16,≤25,135,300653,1,超高频,普通,0.0,0.0,0.0,27.3,无负债
2124,女,1949-01-14,68,49,46-55,148,1151176,1,超高频,优质,0.0,0.0,1.0,32.3,无负债
2125,男,1975-04-12,71,23,≤25,38,300086,1,高频,普通,0.0,0.0,1.0,18.9,无负债
2126,女,1975-03-28,52,23,≤25,147,2347336,1,超高频,高价值,0.0,0.0,1.0,25.4,无负债
2128,女,1955-08-13,38,43,36-45,210,1474591,1,超高频,优质,0.0,0.0,1.0,38.8,无负债
2129,男,1962-12-07,75,36,36-45,241,4297877,1,超高频,高价值,0.0,0.0,0.0,45.9,无负债
2130,女,1945-10-29,21,53,46-55,199,1570583,1,超高频,优质,0.0,0.0,0.0,30.2,无负债
2131,女,1975-02-11,39,23,≤25,207,716399,1,超高频,普通,0.0,0.0,0.0,35.7,无负债
2132,男,1969-02-06,39,29,26-35,207,716399,1,超高频,普通,0.0,0.0,0.0,35.7,无负债
2133,女,1921-11-28,53,77,>55,206,320612,1,超高频,普通,0.0,0.0,1.0,38.2,无负债
2134,男,1917-12-14,53,81,>55,206,320612,1,超高频,普通,0.0,0.0,0.0,38.2,无负债
2135,女,1940-08-08,24,58,>55,478,1711911,1,超高频,优质,0.0,0.0,0.0,65.2,无负债
2136,女,1940-07-24,28,58,>55,490,2516447,1,超高频,高价值,1.0,1.0,0.0,61.6,有负债
2137,女,1962-11-09,73,36,36-45,219,1643380,1,超高频,优质,0.0,0.0,1.0,34.4,无负债
2138,男,1980-12-19,68,18,≤25,84,369732,1,超高频,普通,0.0,0.0,1.0,16.1,无负债
2139,女,1932-03-06,18,66,>55,139,288410,1,超高频,普通,0.0,0.0,0.0,29.8,无负债
2140,男,1926-10-18,18,72,>55,139,288410,1,超高频,普通,0.0,0.0,0.0,29.8,无负债
2141,男,1951-09-06,28,47,46-55,483,2192315,1,超高频,优质,1.0,1.0,1.0,52.7,有负债
2142,女,1941-12-20,21,57,>55,448,2588886,1,超高频,高价值,0.0,0.0,0.0,63.3,无负债
2143,男,1948-11-12,21,50,46-55,448,2588886,1,超高频,高价值,0.0,0.0,0.0,63.3,无负债
2144,女,1960-01-28,15,38,36-45,295,1504326,1,超高频,优质,0.0,0.0,0.0,61.3,无负债
2145,女,1968-12-24,39,30,26-35,209,560629,1,超高频,普通,0.0,0.0,0.0,47.9,无负债
2146,男,1973-01-04,65,26,26-35,347,2669912,1,超高频,高价值,0.0,0.0,1.0,59.6,无负债
2147,女,1963-08-14,69,35,26-35,411,921628,1,超高频,优质,0.0,0.0,0.0,70.2,无负债
2148,女,1953-07-20,31,45,36-45,330,4837991,1,超高频,高价值,1.0,1.0,0.0,47.0,有负债
2149,女,1923-04-09,33,75,>55,313,578970,1,超高频,普通,0.0,0.0,0.0,69.4,无负债
2150,男,1941-04-17,61,57,>55,132,168262,1,超高频,普通,0.0,0.0,0.0,28.1,无负债
2151,女,1945-12-30,61,53,46-55,132,168262,1,超高频,普通,0.0,0.0,0.0,28.1,无负债
2152,女,1929-09-07,17,69,>55,377,963081,1,超高频,优质,0.0,0.0,0.0,71.1,无负债
2153,女,1949-05-16,36,49,46-55,103,481563,1,超高频,普通,1.0,1.0,0.0,17.4,有负债
2154,女,1957-11-28,60,41,36-45,186,1208906,1,超高频,优质,0.0,0.0,1.0,27.1,无负债
2155,男,1958-06-10,15,40,36-45,268,1536372,1,超高频,优质,0.0,0.0,1.0,46.9,无负债
2156,女,1966-12-27,33,32,26-35,507,3330456,1,超高频,高价值,0.0,0.0,1.0,65.5,无负债
2157,男,1945-11-17,11,53,46-55,414,3758411,1,超高频,高价值,0.0,0.0,1.0,70.0,无负债
2158,男,1981-05-06,10,17,≤25,154,405621,1,超高频,普通,0.0,0.0,0.0,30.7,无负债
2159,女,1930-01-23,74,68,>55,343,818681,1,超高频,普通,0.0,0.0,0.0,68.7,无负债
2160,男,1945-05-31,70,53,46-55,73,294701,1,超高频,普通,0.0,0.0,0.0,15.9,无负债
2161,女,1920-03-06,1,78,>55,357,892213,1,超高频,优质,0.0,0.0,0.0,68.8,无负债
2162,男,1913-09-12,1,85,>55,357,892213,1,超高频,优质,0.0,0.0,0.0,68.8,无负债
2163,男,1918-04-08,52,80,>55,119,222977,1,超高频,普通,0.0,0.0,0.0,26.6,无负债
2164,男,1941-10-29,47,57,>55,389,2628700,1,超高频,高价值,0.0,0.0,1.0,68.2,无负债
2165,女,1945-03-02,47,53,46-55,389,2628700,1,超高频,高价值,0.0,0.0,0.0,68.2,无负债
2166,女,1947-07-22,30,51,46-55,403,4108893,1,超高频,高价值,1.0,0.0,0.0,70.4,无负债
2167,男,1981-12-13,1,17,≤25,263,535480,1,超高频,普通,0.0,0.0,0.0,60.8,无负债
2168,女,1963-07-12,46,35,26-35,74,135745,1,超高频,普通,0.0,0.0,1.0,63.2,无负债
2169,男,1971-01-01,46,28,26-35,74,135745,1,超高频,普通,0.0,0.0,0.0,63.2,无负债
2170,男,1942-04-30,70,56,>55,94,369279,1,超高频,普通,0.0,0.0,0.0,16.0,无负债
2171,男,1958-11-28,1,40,36-45,196,997399,1,超高频,优质,0.0,0.0,0.0,35.4,无负债
2172,女,1929-08-21,7,69,>55,309,717890,1,超高频,普通,0.0,0.0,0.0,61.4,无负债
2173,女,1951-12-17,56,47,46-55,249,1135668,1,超高频,优质,0.0,0.0,0.0,43.4,无负债
2174,女,1952-08-08,74,46,46-55,120,286594,1,超高频,普通,0.0,0.0,0.0,17.6,无负债
2175,女,1942-01-03,53,57,>55,83,634110,1,超高频,普通,0.0,0.0,1.0,16.6,无负债
2176,男,1946-07-16,18,52,46-55,254,1622900,1,超高频,优质,0.0,0.0,0.0,39.2,无负债
2177,女,1942-05-30,24,56,>55,331,1759101,1,超高频,优质,0.0,0.0,1.0,53.8,无负债
2178,男,1939-08-09,46,59,>55,76,573622,1,超高频,普通,0.0,0.0,0.0,13.3,无负债
2179,女,1939-10-27,9,59,>55,128,265584,1,超高频,普通,0.0,0.0,0.0,28.0,无负债
2180,女,1972-10-17,51,26,26-35,206,1345465,1,超高频,优质,0.0,0.0,0.0,34.1,无负债
2181,男,1968-07-22,46,30,26-35,633,4751851,1,超高频,高价值,1.0,1.0,0.0,71.6,有负债
2182,女,1929-12-01,75,69,>55,266,440571,1,超高频,普通,0.0,0.0,0.0,46.4,无负债
2183,男,1931-08-21,75,67,>55,266,440571,1,超高频,普通,0.0,0.0,0.0,46.4,无负债
2184,男,1970-07-07,24,28,26-35,276,381758,1,超高频,普通,0.0,0.0,1.0,41.7,无负债
2185,女,1957-06-20,20,41,36-45,351,3919168,1,超高频,高价值,0.0,0.0,0.0,64.2,无负债
2186,女,1942-07-26,48,56,>55,386,3677246,1,超高频,高价值,0.0,0.0,0.0,72.0,无负债
2187,男,1933-03-12,40,65,>55,349,709705,1,超高频,普通,0.0,0.0,0.0,72.4,无负债
2188,女,1925-08-25,40,73,>55,349,709705,1,超高频,普通,0.0,0.0,0.0,72.4,无负债
2189,女,1962-11-15,21,36,36-45,64,575769,1,超高频,普通,0.0,0.0,0.0,14.8,无负债
2190,男,1974-10-22,28,24,≤25,101,1226571,1,超高频,优质,1.0,1.0,0.0,19.8,有负债
2191,女,1979-08-04,28,19,≤25,101,1226571,1,超高频,优质,1.0,1.0,0.0,19.8,有负债
2192,女,1956-04-12,1,42,36-45,459,2870508,1,超高频,高价值,0.0,0.0,0.0,62.5,无负债
2193,男,1952-07-26,1,46,46-55,459,2870508,1,超高频,高价值,0.0,0.0,0.0,62.5,无负债
2194,女,1961-08-22,50,37,36-45,228,1538139,1,超高频,优质,0.0,0.0,0.0,40.5,无负债
2195,女,1942-09-13,68,56,>55,470,3371937,1,超高频,高价值,1.0,1.0,0.0,64.2,有负债
2196,女,1955-02-16,31,43,36-45,140,169132,1,超高频,普通,0.0,0.0,0.0,27.2,无负债
2197,女,1962-12-10,47,36,36-45,478,6083706,1,超高频,高价值,0.0,0.0,0.0,59.5,无负债
2198,女,1920-02-22,17,78,>55,61,145253,1,超高频,普通,0.0,0.0,0.0,15.5,无负债
2199,男,1911-12-09,17,87,>55,61,145253,1,超高频,普通,0.0,0.0,0.0,15.5,无负债
2200,男,1953-07-31,66,45,36-45,464,2642249,1,超高频,高价值,0.0,0.0,0.0,69.5,无负债
2201,男,1929-02-23,44,69,>55,298,525755,1,超高频,普通,0.0,0.0,0.0,63.7,无负债
2202,女,1928-08-17,44,70,>55,298,525755,1,超高频,普通,0.0,0.0,0.0,63.7,无负债
2203,男,1939-10-01,10,59,>55,132,999228,1,超高频,优质,0.0,0.0,1.0,24.9,无负债
2204,女,1946-08-19,54,52,46-55,95,777159,1,超高频,普通,0.0,0.0,0.0,22.5,无负债
2205,男,1952-12-12,55,46,46-55,184,1577252,1,超高频,优质,1.0,1.0,0.0,26.7,有负债
2206,女,1964-06-04,10,34,26-35,297,2041753,1,超高频,优质,0.0,0.0,0.0,57.2,无负债
2207,女,1961-02-17,70,37,36-45,238,1979634,1,超高频,优质,0.0,0.0,0.0,45.5,无负债
2208,男,1959-01-09,70,40,36-45,238,1979634,1,超高频,优质,0.0,0.0,0.0,45.5,无负债
2209,女,1927-06-13,30,71,>55,347,683757,1,超高频,普通,0.0,0.0,0.0,68.9,无负债
2210,男,1933-04-23,30,65,>55,347,683757,1,超高频,普通,0.0,0.0,0.0,68.9,无负债
2211,女,1920-02-24,3,78,>55,117,252095,1,超高频,普通,0.0,0.0,0.0,27.5,无负债
2212,男,1972-05-27,52,26,26-35,397,3034034,1,超高频,高价值,0.0,0.0,0.0,60.3,无负债
2213,男,1968-11-07,3,30,26-35,241,697867,1,超高频,普通,0.0,0.0,0.0,37.4,无负债
2214,男,1946-11-07,5,52,46-55,301,2332697,1,超高频,高价值,0.0,0.0,1.0,56.2,无负债
2215,男,1925-01-29,10,73,>55,313,589137,1,超高频,普通,0.0,0.0,0.0,64.8,无负债
2216,女,1972-07-04,1,26,26-35,464,4602285,1,超高频,高价值,0.0,0.0,0.0,51.9,无负债
2217,男,1974-02-20,1,24,≤25,464,4602285,1,超高频,高价值,0.0,0.0,0.0,51.9,无负债
2218,男,1968-11-08,43,30,26-35,370,1169908,1,超高频,优质,0.0,0.0,0.0,71.1,无负债
2219,女,1964-11-28,43,34,26-35,370,1169908,1,超高频,优质,0.0,0.0,0.0,71.1,无负债
2220,女,1952-02-17,20,46,46-55,360,1779736,1,超高频,优质,0.0,0.0,0.0,71.8,无负债
2221,男,1945-03-15,20,53,46-55,360,1779736,1,超高频,优质,0.0,0.0,0.0,71.8,无负债
2222,女,1934-08-03,1,64,>55,343,805592,1,超高频,普通,0.0,0.0,0.0,64.3,无负债
2223,女,1943-05-24,70,55,46-55,273,1502268,1,超高频,优质,0.0,0.0,0.0,33.5,无负债
2224,男,1932-10-04,54,66,>55,52,141392,1,高频,普通,0.0,0.0,0.0,13.7,无负债
2225,女,1960-11-06,4,38,36-45,390,2553934,1,超高频,高价值,0.0,0.0,0.0,65.9,无负债
2226,女,1964-10-09,74,34,26-35,306,1633926,1,超高频,优质,0.0,0.0,1.0,49.0,无负债
2227,男,1975-07-25,42,23,≤25,227,1285388,1,超高频,优质,0.0,0.0,0.0,35.0,无负债
2228,女,1940-03-20,43,58,>55,394,3162970,1,超高频,高价值,0.0,0.0,0.0,67.2,无负债
2229,男,1944-09-07,68,54,46-55,261,2595653,1,超高频,高价值,0.0,0.0,0.0,56.0,无负债
2230,男,1969-05-31,5,29,26-35,89,468182,1,超高频,普通,0.0,0.0,0.0,18.6,无负债
2231,女,1971-10-13,21,27,26-35,102,433711,1,超高频,普通,0.0,0.0,0.0,23.6,无负债
2232,男,1967-05-27,36,31,26-35,100,217940,1,超高频,普通,0.0,0.0,1.0,18.9,无负债
2233,女,1964-12-24,36,34,26-35,100,217940,1,超高频,普通,0.0,0.0,0.0,18.9,无负债
2235,女,1940-04-20,14,58,>55,462,2764477,1,超高频,高价值,1.0,1.0,1.0,72.1,有负债
2236,女,1978-06-27,44,20,≤25,321,441466,1,超高频,普通,0.0,0.0,0.0,72.9,无负债
2237,男,1958-10-03,47,40,36-45,88,1009622,1,超高频,优质,0.0,0.0,0.0,16.6,无负债
2238,女,1954-02-19,47,44,36-45,88,1009622,1,超高频,优质,0.0,0.0,0.0,16.6,无负债
2239,女,1976-01-09,6,22,≤25,181,242016,1,超高频,普通,0.0,0.0,0.0,43.1,无负债
2240,女,1932-03-12,47,66,>55,163,334117,1,超高频,普通,0.0,0.0,0.0,33.4,无负债
2241,男,1926-12-30,47,72,>55,163,334117,1,超高频,普通,0.0,0.0,0.0,33.4,无负债
2242,女,1976-06-05,1,22,≤25,263,620459,1,超高频,普通,0.0,0.0,0.0,53.7,无负债
2243,男,1980-07-04,1,18,≤25,263,620459,1,超高频,普通,0.0,0.0,0.0,53.7,无负债
2246,女,1953-08-01,55,45,36-45,399,1102601,1,超高频,优质,0.0,0.0,0.0,68.3,无负债
2247,女,1978-01-13,35,20,≤25,335,456623,1,超高频,普通,0.0,0.0,0.0,66.9,无负债
2248,男,1975-10-24,7,23,≤25,132,292413,1,超高频,普通,0.0,0.0,0.0,23.4,无负债
2249,女,1945-12-07,32,53,46-55,126,868013,1,超高频,普通,0.0,0.0,0.0,23.3,无负债
2250,女,1938-12-08,34,60,>55,114,247072,1,超高频,普通,0.0,0.0,0.0,26.5,无负债
2251,女,1971-10-13,26,27,26-35,286,332880,1,超高频,普通,0.0,0.0,0.0,55.2,无负债
2252,男,1965-11-15,37,33,26-35,91,252184,1,超高频,普通,0.0,0.0,0.0,16.7,无负债
2253,女,1957-09-09,37,41,36-45,91,252184,1,超高频,普通,0.0,0.0,0.0,16.7,无负债
2254,女,1927-12-09,72,71,>55,234,597099,1,超高频,普通,0.0,0.0,0.0,47.1,无负债
2255,女,1923-08-24,50,75,>55,182,466700,1,超高频,普通,0.0,0.0,0.0,35.5,无负债
2256,男,1974-06-05,70,24,≤25,105,139993,1,超高频,普通,0.0,0.0,0.0,24.3,无负债
2257,女,1979-08-31,62,19,≤25,425,2164196,1,超高频,优质,0.0,0.0,0.0,67.0,无负债
2258,男,1979-11-03,62,19,≤25,425,2164196,1,超高频,优质,0.0,0.0,0.0,67.0,无负债
2259,女,1950-01-02,19,49,46-55,275,3798563,1,超高频,高价值,1.0,1.0,1.0,45.2,有负债
2260,女,1962-04-22,62,36,36-45,143,378772,1,超高频,普通,0.0,0.0,0.0,21.3,无负债
2261,男,1956-11-13,62,42,36-45,143,378772,1,超高频,普通,0.0,0.0,0.0,21.3,无负债
2263,男,1934-08-17,1,64,>55,313,693329,1,超高频,普通,0.0,0.0,0.0,56.8,无负债
2264,男,1943-05-08,4,55,46-55,73,377888,1,超高频,普通,0.0,0.0,0.0,13.7,无负债
2265,男,1977-09-18,52,21,≤25,178,1952035,1,超高频,优质,0.0,0.0,1.0,38.1,无负债
2266,男,1939-01-23,16,59,>55,24,128795,1,高频,普通,0.0,0.0,0.0,13.3,无负债
2267,女,1966-04-10,1,32,26-35,169,1528098,1,超高频,优质,1.0,1.0,1.0,31.0,有负债
2268,男,1938-12-26,10,60,>55,237,2479069,1,超高频,高价值,0.0,0.0,1.0,55.0,无负债
2269,女,1963-11-10,48,35,26-35,286,2802350,1,超高频,高价值,0.0,0.0,0.0,56.6,无负债
2270,女,1960-04-21,61,38,36-45,85,397457,1,超高频,普通,0.0,0.0,0.0,15.7,无负债
2271,男,1964-11-07,61,34,26-35,85,397457,1,超高频,普通,0.0,0.0,0.0,15.7,无负债
2274,男,1964-10-14,9,34,26-35,346,421697,1,超高频,普通,0.0,0.0,0.0,70.2,无负债
2275,女,1965-07-24,9,33,26-35,346,421697,1,超高频,普通,0.0,0.0,0.0,70.2,无负债
2276,女,1932-04-27,44,66,>55,298,581480,1,超高频,普通,0.0,0.0,0.0,65.3,无负债
2277,男,1979-03-25,1,19,≤25,92,590499,1,超高频,普通,1.0,1.0,1.0,15.6,有负债
2278,男,1921-07-01,76,77,>55,388,747079,1,超高频,普通,0.0,0.0,0.0,61.5,无负债
2279,男,1953-11-06,52,45,36-45,243,2256657,1,超高频,优质,0.0,0.0,0.0,52.4,无负债
2280,女,1974-04-24,10,24,≤25,319,332138,1,超高频,普通,0.0,0.0,0.0,56.5,无负债
2281,女,1978-06-06,76,20,≤25,360,763973,1,超高频,普通,0.0,0.0,0.0,59.0,无负债
2282,男,1973-03-11,60,25,≤25,88,286258,1,超高频,普通,0.0,0.0,0.0,16.7,无负债
2283,男,1961-08-09,1,37,36-45,404,792866,1,超高频,普通,0.0,0.0,0.0,61.2,无负债
2286,女,1966-11-26,54,32,26-35,100,500259,1,超高频,普通,0.0,0.0,0.0,24.6,无负债
2287,男,1979-10-21,47,19,≤25,174,494803,1,超高频,普通,0.0,0.0,1.0,29.0,无负债
2288,女,1957-08-23,32,41,36-45,209,1966190,1,超高频,优质,1.0,1.0,0.0,34.4,有负债
2289,男,1954-08-21,32,44,36-45,209,1966190,1,超高频,优质,1.0,1.0,0.0,34.4,有负债
2290,女,1954-05-30,31,44,36-45,377,1301079,1,超高频,优质,0.0,0.0,0.0,68.8,无负债
2291,男,1957-09-19,6,41,36-45,249,1674921,1,超高频,优质,1.0,0.0,0.0,26.7,无负债
2292,男,1921-11-10,59,77,>55,225,507724,1,超高频,普通,0.0,0.0,0.0,47.5,无负债
2293,男,1969-11-22,1,29,26-35,89,1247408,1,超高频,优质,0.0,0.0,0.0,17.7,无负债
2294,女,1952-12-27,32,46,46-55,532,662122,1,超高频,普通,0.0,0.0,0.0,69.7,无负债
2295,女,1939-02-28,22,59,>55,315,588659,1,超高频,普通,0.0,0.0,0.0,66.6,无负债
2296,男,1942-06-13,22,56,>55,315,588659,1,超高频,普通,0.0,0.0,0.0,66.6,无负债
2297,男,1965-01-18,48,33,26-35,185,2605725,1,超高频,高价值,0.0,0.0,0.0,29.8,无负债
2298,女,1969-05-15,48,29,26-35,185,2605725,1,超高频,高价值,0.0,0.0,0.0,29.8,无负债
2299,女,1940-02-20,6,58,>55,134,1417671,1,超高频,优质,0.0,0.0,1.0,28.5,无负债
2300,女,1961-07-07,35,37,36-45,159,1125145,1,超高频,优质,0.0,0.0,0.0,30.1,无负债
2301,男,1960-12-19,35,38,36-45,159,1125145,1,超高频,优质,0.0,0.0,0.0,30.1,无负债
2302,男,1957-01-26,74,41,36-45,371,3984640,1,超高频,高价值,0.0,0.0,0.0,63.8,无负债
2303,女,1939-04-01,61,59,>55,278,3522653,1,超高频,高价值,0.0,0.0,0.0,34.4,无负债
2304,男,1939-02-11,61,59,>55,278,3522653,1,超高频,高价值,0.0,0.0,0.0,34.4,无负债
2305,女,1949-06-10,70,49,46-55,304,1560290,1,超高频,优质,0.0,0.0,0.0,70.0,无负债
2306,男,1943-08-21,70,55,46-55,304,1560290,1,超高频,优质,0.0,0.0,0.0,70.0,无负债
2307,男,1923-09-06,26,75,>55,115,226874,1,超高频,普通,0.0,0.0,0.0,26.2,无负债
2308,女,1974-10-31,27,24,≤25,163,1497825,1,超高频,优质,0.0,0.0,1.0,29.6,无负债
2309,女,1976-05-13,15,22,≤25,206,1453778,1,超高频,优质,0.0,0.0,0.0,37.6,无负债
2310,男,1939-07-23,40,59,>55,292,1568148,1,超高频,优质,0.0,0.0,0.0,66.5,无负债
2311,女,1935-10-01,40,63,>55,292,1568148,1,超高频,优质,0.0,0.0,0.0,66.5,无负债
2312,女,1975-02-15,11,23,≤25,193,268077,1,超高频,普通,0.0,0.0,1.0,30.3,无负债
2313,男,1980-10-29,70,18,≤25,208,602983,1,超高频,普通,0.0,0.0,0.0,31.9,无负债
2314,女,1959-12-16,34,39,36-45,224,1020864,1,超高频,优质,0.0,0.0,0.0,31.7,无负债
2315,男,1963-10-08,34,35,26-35,224,1020864,1,超高频,优质,0.0,0.0,0.0,31.7,无负债
2316,男,1970-03-25,1,28,26-35,216,1763968,1,超高频,优质,1.0,1.0,0.0,29.4,有负债
2317,男,1976-02-22,1,22,≤25,130,789214,1,超高频,普通,0.0,0.0,0.0,21.6,无负债
2318,女,1923-09-19,20,75,>55,267,655435,1,超高频,普通,0.0,0.0,0.0,52.4,无负债
2319,女,1970-05-16,40,28,26-35,486,449763,1,超高频,普通,0.0,0.0,0.0,72.7,无负债
2320,男,1951-05-23,60,47,46-55,173,1133627,1,超高频,优质,0.0,0.0,1.0,28.2,无负债
2321,女,1968-01-12,68,30,26-35,259,1843813,1,超高频,优质,0.0,0.0,0.0,53.1,无负债
2322,男,1928-06-11,15,70,>55,325,783499,1,超高频,普通,0.0,0.0,0.0,65.5,无负债
2323,女,1942-06-29,48,56,>55,161,294871,1,超高频,普通,0.0,0.0,0.0,31.3,无负债
2324,男,1978-07-16,27,20,≤25,313,762247,1,超高频,普通,0.0,0.0,1.0,47.9,无负债
2325,女,1955-02-03,2,43,36-45,112,421766,1,超高频,普通,0.0,0.0,0.0,20.9,无负债
2326,女,1945-12-14,72,53,46-55,177,517759,1,超高频,普通,0.0,0.0,0.0,35.0,无负债
2327,男,1919-10-27,73,79,>55,160,302820,1,超高频,普通,0.0,0.0,0.0,37.2,无负债
2328,男,1968-10-02,24,30,26-35,296,827990,1,超高频,普通,0.0,0.0,0.0,57.6,无负债
2329,男,1973-01-02,18,26,26-35,333,2655980,1,超高频,高价值,0.0,0.0,1.0,49.6,无负债
2330,女,1948-11-17,40,50,46-55,172,536317,1,超高频,普通,0.0,0.0,0.0,33.3,无负债
2331,女,1957-05-31,42,41,36-45,98,136326,1,超高频,普通,0.0,0.0,0.0,18.4,无负债
2332,女,1949-12-22,60,49,46-55,167,1331641,1,超高频,优质,0.0,0.0,1.0,35.2,无负债
2333,男,1949-10-12,60,49,46-55,167,1331641,1,超高频,优质,0.0,0.0,0.0,35.2,无负债
2335,女,1934-03-28,66,64,>55,130,266603,1,超高频,普通,0.0,0.0,1.0,32.0,无负债
2336,男,1922-07-17,12,76,>55,302,743536,1,超高频,普通,0.0,0.0,0.0,65.9,无负债
2337,女,1917-04-09,12,81,>55,302,743536,1,超高频,普通,0.0,0.0,0.0,65.9,无负债
2338,女,1957-07-25,58,41,36-45,447,814011,1,超高频,普通,0.0,0.0,0.0,72.9,无负债
2339,男,1956-12-06,58,42,36-45,447,814011,1,超高频,普通,0.0,0.0,0.0,72.9,无负债
2340,男,1953-05-02,42,45,36-45,194,264882,1,超高频,普通,0.0,0.0,0.0,41.5,无负债
2341,女,1947-07-13,42,51,46-55,194,264882,1,超高频,普通,0.0,0.0,0.0,41.5,无负债
2342,男,1948-12-18,70,50,46-55,119,735249,1,超高频,普通,1.0,1.0,0.0,22.3,有负债
2343,男,1959-03-18,1,39,36-45,95,170273,1,超高频,普通,0.0,0.0,1.0,18.1,无负债
2344,女,1924-04-27,3,74,>55,358,839521,1,超高频,普通,0.0,0.0,0.0,67.1,无负债
2345,男,1942-07-19,33,56,>55,450,1315083,1,超高频,优质,0.0,0.0,0.0,62.2,无负债
2346,女,1947-10-25,33,51,46-55,450,1315083,1,超高频,优质,0.0,0.0,0.0,62.2,无负债
2347,女,1943-12-17,35,55,46-55,173,1012935,1,超高频,优质,0.0,0.0,0.0,33.4,无负债
2348,男,1933-04-24,35,65,>55,97,229364,1,超高频,普通,0.0,0.0,0.0,21.2,无负债
2349,女,1968-07-10,46,30,26-35,441,1395399,1,超高频,优质,0.0,0.0,0.0,51.6,无负债
2350,男,1967-06-09,46,31,26-35,441,1395399,1,超高频,优质,0.0,0.0,0.0,51.6,无负债
2351,男,1965-04-17,38,33,26-35,143,3011964,1,超高频,高价值,0.0,0.0,0.0,29.0,无负债
2352,女,1977-09-29,70,21,≤25,193,245952,1,超高频,普通,0.0,0.0,0.0,42.1,无负债
2353,女,1929-09-17,4,69,>55,339,651105,1,超高频,普通,0.0,0.0,0.0,68.5,无负债
2354,男,1967-12-21,1,31,26-35,315,2781702,1,超高频,高价值,0.0,0.0,0.0,55.0,无负债
2355,女,1948-06-30,6,50,46-55,228,3411757,1,超高频,高价值,0.0,0.0,0.0,32.9,无负债
2356,男,1930-07-10,52,68,>55,270,549739,1,超高频,普通,0.0,0.0,0.0,61.2,无负债
2357,女,1937-01-10,52,62,>55,270,549739,1,超高频,普通,0.0,0.0,0.0,61.2,无负债
2358,女,1946-10-16,74,52,46-55,248,2171235,1,超高频,优质,0.0,0.0,0.0,62.4,无负债
2359,男,1953-07-01,74,45,36-45,248,2171235,1,超高频,优质,0.0,0.0,0.0,62.4,无负债
2361,男,1968-09-24,9,30,26-35,196,896322,1,超高频,优质,0.0,0.0,1.0,25.5,无负债
2362,女,1974-09-02,9,24,≤25,196,896322,1,超高频,优质,0.0,0.0,0.0,25.5,无负债
2363,男,1947-06-18,43,51,46-55,411,2717190,1,超高频,高价值,0.0,0.0,1.0,71.6,无负债
2364,女,1971-04-26,56,27,26-35,166,1320055,1,超高频,优质,0.0,0.0,0.0,38.3,无负债
2365,女,1953-06-26,46,45,36-45,74,588705,1,超高频,普通,0.0,0.0,0.0,15.7,无负债
2366,男,1930-01-01,35,69,>55,308,795898,1,超高频,普通,0.0,0.0,0.0,62.5,无负债
2367,女,1931-04-05,35,67,>55,308,795898,1,超高频,普通,0.0,0.0,0.0,62.5,无负债
2368,女,1943-12-22,64,55,46-55,255,2877912,1,超高频,高价值,0.0,0.0,0.0,33.3,无负债
2369,男,1940-12-19,64,58,>55,255,2877912,1,超高频,高价值,0.0,0.0,0.0,33.3,无负债
2370,女,1956-08-21,41,42,36-45,480,1499919,1,超高频,优质,0.0,0.0,0.0,56.8,无负债
2371,女,1956-02-07,70,42,36-45,90,451853,1,超高频,普通,0.0,0.0,0.0,17.3,无负债
2372,女,1971-04-09,23,27,26-35,116,706321,1,超高频,普通,0.0,0.0,0.0,17.1,无负债
2373,男,1954-01-19,15,44,36-45,302,2018298,1,超高频,优质,0.0,0.0,0.0,62.0,无负债
2374,男,1968-07-27,9,30,26-35,109,1837380,1,超高频,优质,0.0,0.0,1.0,19.9,无负债
2375,女,1965-07-25,72,33,26-35,146,184911,1,超高频,普通,0.0,0.0,0.0,31.3,无负债
2376,男,1964-08-19,72,34,26-35,146,184911,1,超高频,普通,0.0,0.0,0.0,31.3,无负债
2377,男,1950-11-17,49,48,46-55,218,265058,1,超高频,普通,0.0,0.0,0.0,48.5,无负债
2378,女,1953-03-13,63,45,36-45,102,339477,1,超高频,普通,0.0,0.0,0.0,19.6,无负债
2379,女,1964-06-19,33,34,26-35,169,241609,1,超高频,普通,0.0,0.0,0.0,27.8,无负债
2380,男,1927-08-17,40,71,>55,221,501558,1,超高频,普通,0.0,0.0,0.0,51.0,无负债
2381,女,1931-10-11,40,67,>55,221,501558,1,超高频,普通,0.0,0.0,0.0,51.0,无负债
2382,女,1927-10-25,62,71,>55,368,800795,1,超高频,普通,0.0,0.0,0.0,61.1,无负债
2383,女,1947-01-01,31,52,46-55,56,66597,1,高频,普通,0.0,0.0,0.0,13.1,无负债
2384,男,1946-12-17,31,52,46-55,56,66597,1,高频,普通,0.0,0.0,0.0,13.1,无负债
2385,男,1933-05-05,13,65,>55,204,446023,1,超高频,普通,0.0,0.0,0.0,40.7,无负债
2386,女,1934-03-10,13,64,>55,204,446023,1,超高频,普通,0.0,0.0,0.0,40.7,无负债
2387,女,1945-07-16,77,53,46-55,258,3351085,1,超高频,高价值,0.0,0.0,0.0,34.7,无负债
2388,男,1971-07-29,42,27,26-35,204,1689595,1,超高频,优质,0.0,0.0,1.0,35.4,无负债
2389,男,1924-07-20,25,74,>55,172,436997,1,超高频,普通,0.0,0.0,0.0,35.1,无负债
2390,男,1938-05-13,57,60,>55,441,4724354,1,超高频,高价值,0.0,0.0,0.0,71.8,无负债
2391,男,1942-01-24,1,56,>55,423,3138253,1,超高频,高价值,0.0,0.0,0.0,71.6,无负债
2392,男,1955-05-21,26,43,36-45,302,3681220,1,超高频,高价值,1.0,1.0,0.0,47.3,有负债
2393,女,1976-08-23,16,22,≤25,51,373000,1,高频,普通,0.0,0.0,0.0,14.8,无负债
2394,男,1962-06-04,5,36,36-45,302,1320506,1,超高频,优质,0.0,0.0,0.0,57.8,无负债
2395,男,1953-03-11,8,45,36-45,412,2924550,1,超高频,高价值,0.0,0.0,1.0,61.7,无负债
2396,女,1949-08-29,41,49,46-55,241,952412,1,超高频,优质,0.0,0.0,0.0,41.5,无负债
2397,男,1918-07-14,46,80,>55,369,752588,1,超高频,普通,0.0,0.0,0.0,73.0,无负债
2398,女,1955-08-25,71,43,36-45,168,167495,1,超高频,普通,0.0,0.0,0.0,31.3,无负债
2399,女,1943-05-02,42,55,46-55,63,70913,1,超高频,普通,0.0,0.0,0.0,43.7,无负债
2400,男,1959-04-10,19,39,36-45,443,1617548,1,超高频,优质,0.0,0.0,0.0,52.6,无负债
2401,女,1948-01-26,26,50,46-55,128,637991,1,超高频,普通,0.0,0.0,1.0,21.6,无负债
2402,男,1948-10-26,41,50,46-55,167,655397,1,超高频,普通,0.0,0.0,0.0,35.4,无负债
2403,女,1963-01-25,1,35,26-35,564,4863115,1,超高频,高价值,1.0,1.0,0.0,67.7,有负债
2404,女,1977-07-05,27,21,≤25,358,422227,1,超高频,普通,0.0,0.0,0.0,72.7,无负债
2405,男,1975-08-21,27,23,≤25,358,422227,1,超高频,普通,0.0,0.0,0.0,72.7,无负债
2406,女,1956-10-06,49,42,36-45,185,782133,1,超高频,普通,0.0,0.0,0.0,34.0,无负债
2407,男,1975-08-27,51,23,≤25,346,387919,1,超高频,普通,0.0,0.0,0.0,63.7,无负债
2408,女,1940-04-28,6,58,>55,105,593775,1,超高频,普通,0.0,0.0,0.0,20.1,无负债
2409,男,1964-05-27,54,34,26-35,49,522170,1,高频,普通,0.0,0.0,0.0,12.4,无负债
2410,女,1973-02-08,73,25,≤25,303,1749831,1,超高频,优质,0.0,0.0,0.0,62.7,无负债
2411,男,1968-08-17,73,30,26-35,303,1749831,1,超高频,优质,0.0,0.0,0.0,62.7,无负债
2412,男,1980-10-26,20,18,≤25,127,317255,1,超高频,普通,0.0,0.0,0.0,29.5,无负债
2413,男,1961-08-09,46,37,36-45,255,1189115,1,超高频,优质,0.0,0.0,0.0,45.6,无负债
2414,女,1950-07-13,54,48,46-55,280,2339957,1,超高频,高价值,0.0,0.0,0.0,58.4,无负债
2415,男,1957-04-24,54,41,36-45,280,2339957,1,超高频,高价值,0.0,0.0,0.0,58.4,无负债
2416,女,1954-12-23,72,44,36-45,127,256692,1,超高频,普通,0.0,0.0,0.0,24.4,无负债
2417,女,1938-06-21,48,60,>55,238,410211,1,超高频,普通,0.0,0.0,0.0,52.1,无负债
2418,女,1953-12-27,1,45,36-45,331,416654,1,超高频,普通,0.0,0.0,0.0,67.7,无负债
2419,女,1954-06-23,1,44,36-45,176,1135170,1,超高频,优质,0.0,0.0,0.0,25.9,无负债
2420,女,1972-06-06,48,26,26-35,70,217008,1,超高频,普通,0.0,0.0,0.0,15.4,无负债
2421,男,1970-11-10,48,28,26-35,70,217008,1,超高频,普通,0.0,0.0,0.0,15.4,无负债
2422,女,1976-06-09,68,22,≤25,243,2170219,1,超高频,优质,1.0,0.0,0.0,50.8,无负债
2423,男,1957-07-09,42,41,36-45,355,2921917,1,超高频,高价值,0.0,0.0,1.0,42.1,无负债
2424,男,1920-11-10,54,78,>55,73,166710,1,超高频,普通,0.0,0.0,0.0,17.7,无负债
2425,女,1977-07-18,6,21,≤25,163,1671656,1,超高频,优质,0.0,0.0,1.0,32.3,无负债
2426,男,1927-06-09,74,71,>55,165,373426,1,超高频,普通,0.0,0.0,0.0,28.3,无负债
2427,女,1934-11-30,74,64,>55,165,373426,1,超高频,普通,0.0,0.0,0.0,28.3,无负债
2428,女,1946-06-27,1,52,46-55,332,3314487,1,超高频,高价值,0.0,0.0,1.0,67.5,无负债
2429,男,1973-11-22,70,25,≤25,450,3382191,1,超高频,高价值,0.0,0.0,1.0,67.8,无负债
2430,男,1937-10-28,5,61,>55,128,657159,1,超高频,普通,1.0,1.0,1.0,17.1,有负债
2431,男,1966-10-10,75,32,26-35,339,4647160,1,超高频,高价值,0.0,0.0,1.0,56.3,无负债
2432,女,1924-03-08,27,74,>55,328,799652,1,超高频,普通,0.0,0.0,0.0,69.8,无负债
2433,男,1964-06-19,32,34,26-35,206,3757367,1,超高频,高价值,0.0,0.0,0.0,37.7,无负债
2434,女,1945-05-24,42,53,46-55,164,1458492,1,超高频,优质,0.0,0.0,1.0,29.3,无负债
2435,女,1943-10-18,16,55,46-55,130,171741,1,超高频,普通,0.0,0.0,0.0,20.0,无负债
2436,女,1934-08-06,25,64,>55,87,168249,1,超高频,普通,0.0,0.0,0.0,18.8,无负债
2437,男,1936-12-27,45,62,>55,102,1516895,1,超高频,优质,0.0,0.0,0.0,15.3,无负债
2438,女,1946-09-19,52,52,46-55,465,1856225,1,超高频,优质,0.0,0.0,0.0,69.5,无负债
2439,男,1944-11-26,52,54,46-55,465,1856225,1,超高频,优质,0.0,0.0,0.0,69.5,无负债
2440,男,1935-09-09,17,63,>55,361,2794234,1,超高频,高价值,0.0,0.0,1.0,57.4,无负债
2441,男,1928-10-06,1,70,>55,287,683781,1,超高频,普通,0.0,0.0,0.0,61.0,无负债
2442,女,1927-07-08,1,71,>55,287,683781,1,超高频,普通,0.0,0.0,0.0,61.0,无负债
2443,男,1949-05-23,75,49,46-55,446,403572,1,超高频,普通,0.0,0.0,0.0,70.3,无负债
2444,男,1934-08-26,4,64,>55,157,421537,1,超高频,普通,0.0,0.0,0.0,33.3,无负债
2445,男,1969-02-26,54,29,26-35,105,1246313,1,超高频,优质,0.0,0.0,1.0,29.0,无负债
2447,男,1972-10-07,68,26,26-35,195,625626,1,超高频,普通,0.0,0.0,0.0,37.8,无负债
2448,女,1971-07-01,68,27,26-35,195,625626,1,超高频,普通,0.0,0.0,0.0,37.8,无负债
2449,男,1967-12-28,1,31,26-35,159,173186,1,超高频,普通,0.0,0.0,0.0,22.6,无负债
2450,女,1975-05-17,54,23,≤25,220,394754,1,超高频,普通,0.0,0.0,0.0,34.8,无负债
2451,男,1939-12-06,42,59,>55,244,568057,1,超高频,普通,1.0,1.0,0.0,43.6,有负债
2452,女,1952-06-07,64,46,46-55,104,105539,1,超高频,普通,0.0,0.0,0.0,19.0,无负债
2453,男,1924-01-13,13,75,>55,304,666942,1,超高频,普通,0.0,0.0,0.0,64.8,无负债
2454,女,1940-09-04,69,58,>55,16,47100,1,中频,普通,0.0,0.0,0.0,23.2,无负债
2455,男,1919-11-04,72,79,>55,334,593220,1,超高频,普通,0.0,0.0,0.0,67.7,无负债
2456,女,1923-12-04,72,75,>55,334,593220,1,超高频,普通,0.0,0.0,0.0,67.7,无负债
2457,男,1940-08-17,68,58,>55,610,3567988,1,超高频,高价值,0.0,0.0,0.0,72.2,无负债
2458,女,1932-08-09,68,66,>55,610,3567988,1,超高频,高价值,0.0,0.0,0.0,72.2,无负债
2459,女,1974-07-22,20,24,≤25,112,503713,1,超高频,普通,0.0,0.0,0.0,22.3,无负债
2460,女,1963-01-05,19,36,36-45,268,1661754,1,超高频,优质,0.0,0.0,0.0,51.7,无负债
2461,男,1967-04-02,64,31,26-35,170,773698,1,超高频,普通,0.0,0.0,0.0,28.0,无负债
2462,男,1934-06-06,19,64,>55,225,488503,1,超高频,普通,0.0,0.0,0.0,49.8,无负债
2463,男,1944-12-17,7,54,46-55,217,2423687,1,超高频,高价值,0.0,0.0,0.0,49.9,无负债
2464,男,1945-09-01,30,53,46-55,36,69100,1,高频,普通,0.0,0.0,0.0,68.1,无负债
2465,男,1973-10-17,51,25,≤25,275,2454843,1,超高频,高价值,0.0,0.0,0.0,52.4,无负债
2467,女,1946-05-16,36,52,46-55,171,433603,1,超高频,普通,0.0,0.0,0.0,25.9,无负债
2468,男,1965-03-18,71,33,26-35,186,793149,1,超高频,普通,0.0,0.0,0.0,33.9,无负债
2469,女,1957-09-10,54,41,36-45,158,1340964,1,超高频,优质,0.0,0.0,1.0,28.8,无负债
2470,男,1943-06-14,53,55,46-55,282,1959694,1,超高频,优质,1.0,1.0,0.0,32.2,有负债
2471,女,1942-01-05,53,57,>55,282,1959694,1,超高频,优质,1.0,1.0,0.0,32.2,有负债
2472,女,1976-03-29,70,22,≤25,72,194938,1,超高频,普通,0.0,0.0,0.0,15.2,无负债
2473,女,1976-10-17,20,22,≤25,438,2443602,1,超高频,高价值,0.0,0.0,0.0,68.9,无负债
2474,男,1957-04-06,42,41,36-45,407,894782,1,超高频,优质,0.0,0.0,0.0,65.8,无负债
2475,女,1982-02-02,44,16,≤25,226,897025,1,超高频,优质,0.0,0.0,1.0,70.7,无负债
2476,女,1957-02-16,75,41,36-45,153,568752,1,超高频,普通,0.0,0.0,1.0,30.7,无负债
2477,男,1952-06-14,75,46,46-55,153,568752,1,超高频,普通,0.0,0.0,0.0,30.7,无负债
2478,女,1940-05-24,48,58,>55,200,478457,1,超高频,普通,0.0,0.0,1.0,42.5,无负债
2479,女,1959-03-31,31,39,36-45,108,135182,1,超高频,普通,0.0,0.0,0.0,22.9,无负债
2480,女,1976-12-08,46,22,≤25,201,575081,1,超高频,普通,0.0,0.0,0.0,37.7,无负债
2481,男,1948-06-22,6,50,46-55,266,1942569,1,超高频,优质,0.0,0.0,1.0,50.0,无负债
2482,男,1925-01-07,34,74,>55,132,330371,1,超高频,普通,0.0,0.0,0.0,28.1,无负债
2483,女,1929-12-30,34,69,>55,132,330371,1,超高频,普通,0.0,0.0,0.0,28.1,无负债
2484,男,1969-12-21,68,29,26-35,156,208802,1,超高频,普通,0.0,0.0,0.0,26.9,无负债
2485,男,1933-05-15,20,65,>55,209,404998,1,超高频,普通,0.0,0.0,0.0,47.0,无负债
2486,女,1961-10-05,76,37,36-45,134,637232,1,超高频,普通,0.0,0.0,0.0,21.4,无负债
2487,女,1967-09-25,67,31,26-35,65,226806,1,超高频,普通,0.0,0.0,0.0,12.6,无负债
2488,女,1980-09-22,9,18,≤25,536,2209471,1,超高频,优质,0.0,0.0,1.0,63.2,无负债
2489,女,1975-01-28,64,23,≤25,224,2893258,1,超高频,高价值,1.0,0.0,1.0,38.3,无负债
2490,女,1961-03-26,61,37,36-45,467,1357557,1,超高频,优质,0.0,0.0,1.0,63.3,无负债
2491,女,1939-03-20,5,59,>55,67,213435,1,超高频,普通,0.0,0.0,0.0,14.7,无负债
2492,男,1943-12-13,5,55,46-55,67,213435,1,超高频,普通,0.0,0.0,0.0,14.7,无负债
2493,男,1962-10-09,1,36,36-45,333,2013510,1,超高频,优质,0.0,0.0,1.0,47.9,无负债
2494,男,1971-01-06,37,28,26-35,99,460548,1,超高频,普通,1.0,1.0,0.0,20.8,有负债
2495,女,1939-12-14,58,59,>55,311,2991336,1,超高频,高价值,0.0,0.0,0.0,69.8,无负债
2496,男,1972-07-07,1,26,26-35,129,779281,1,超高频,普通,0.0,0.0,1.0,18.7,无负债
2497,女,1962-04-06,34,36,36-45,216,308907,1,超高频,普通,0.0,0.0,0.0,28.1,无负债
2498,男,1980-03-12,37,18,≤25,238,1224677,1,超高频,优质,0.0,0.0,1.0,51.5,无负债
2499,男,1944-08-04,13,54,46-55,130,816972,1,超高频,普通,0.0,0.0,0.0,25.2,无负债
2500,女,1946-08-20,24,52,46-55,414,685714,1,超高频,普通,0.0,0.0,0.0,68.7,无负债
2501,女,1940-12-04,70,58,>55,269,3174065,1,超高频,高价值,1.0,1.0,1.0,34.4,有负债
2502,女,1935-03-13,1,63,>55,326,695202,1,超高频,普通,0.0,0.0,1.0,61.8,无负债
2503,女,1977-09-23,54,21,≤25,128,701757,1,超高频,普通,1.0,1.0,0.0,24.4,有负债
2504,男,1950-01-09,61,49,46-55,149,1138322,1,超高频,优质,0.0,0.0,0.0,28.5,无负债
2505,女,1960-04-30,25,38,36-45,145,252638,1,超高频,普通,0.0,0.0,0.0,29.2,无负债
2506,男,1976-09-27,76,22,≤25,294,761867,1,超高频,普通,0.0,0.0,0.0,57.7,无负债
2507,女,1952-08-26,37,46,46-55,490,595977,1,超高频,普通,0.0,0.0,0.0,68.0,无负债
2508,女,1965-08-07,72,33,26-35,104,498061,1,超高频,普通,0.0,0.0,1.0,15.0,无负债
2509,男,1971-02-06,72,27,26-35,104,498061,1,超高频,普通,0.0,0.0,0.0,15.0,无负债
2510,女,1959-06-10,72,39,36-45,410,1953888,1,超高频,优质,0.0,0.0,0.0,72.1,无负债
2511,女,1975-03-27,35,23,≤25,113,642458,1,超高频,普通,0.0,0.0,0.0,20.1,无负债
2512,男,1974-07-27,35,24,≤25,113,642458,1,超高频,普通,0.0,0.0,0.0,20.1,无负债
2513,男,1941-05-08,41,57,>55,339,3251588,1,超高频,高价值,0.0,0.0,1.0,63.4,无负债
2514,男,1957-02-11,59,41,36-45,83,576538,1,超高频,普通,1.0,1.0,0.0,16.8,有负债
2515,男,1958-06-03,12,40,36-45,208,1668863,1,超高频,优质,0.0,0.0,0.0,34.9,无负债
2516,女,1942-01-05,33,57,>55,234,224305,1,超高频,普通,0.0,0.0,0.0,36.5,无负债
2517,男,1924-09-09,18,74,>55,153,323572,1,超高频,普通,0.0,0.0,0.0,27.9,无负债
2518,女,1921-05-07,18,77,>55,153,323572,1,超高频,普通,0.0,0.0,0.0,27.9,无负债
2519,女,1970-08-06,29,28,26-35,235,491322,1,超高频,普通,0.0,0.0,0.0,48.6,无负债
2520,男,1944-07-30,62,54,46-55,380,2069919,1,超高频,优质,0.0,0.0,0.0,66.8,无负债
2521,女,1947-03-30,55,51,46-55,72,548055,1,超高频,普通,0.0,0.0,0.0,16.1,无负债
2522,男,1937-09-08,74,61,>55,128,2093484,1,超高频,优质,1.0,1.0,1.0,20.5,有负债
2523,女,1937-12-02,74,61,>55,128,2093484,1,超高频,优质,1.0,1.0,0.0,20.5,有负债
2524,男,1959-07-31,36,39,36-45,95,150491,1,超高频,普通,0.0,0.0,0.0,18.3,无负债
2525,女,1952-07-10,36,46,46-55,435,2933612,1,超高频,高价值,0.0,0.0,0.0,64.9,无负债
2526,男,1964-07-26,1,34,26-35,136,1404420,1,超高频,优质,0.0,0.0,0.0,27.5,无负债
2527,女,1947-07-31,44,51,46-55,147,1186884,1,超高频,优质,0.0,0.0,1.0,28.2,无负债
2528,男,1977-02-16,25,21,≤25,150,473489,1,超高频,普通,0.0,0.0,0.0,22.9,无负债
2529,男,1939-06-22,70,59,>55,160,2766711,1,超高频,高价值,0.0,0.0,1.0,29.2,无负债
2530,男,1950-02-11,8,48,46-55,380,3951963,1,超高频,高价值,0.0,0.0,0.0,72.8,无负债
2531,女,1954-01-24,5,44,36-45,348,783153,1,超高频,普通,0.0,0.0,0.0,66.1,无负债
2532,男,1937-05-09,29,61,>55,115,1303179,1,超高频,优质,0.0,0.0,1.0,22.2,无负债
2533,女,1929-07-17,40,69,>55,102,242121,1,超高频,普通,0.0,0.0,0.0,25.5,无负债
2534,男,1943-01-10,1,56,>55,124,306264,1,超高频,普通,0.0,0.0,0.0,27.6,无负债
2535,男,1945-01-10,1,54,46-55,290,2944862,1,超高频,高价值,0.0,0.0,0.0,56.9,无负债
2536,男,1961-10-22,64,37,36-45,77,570079,1,超高频,普通,0.0,0.0,1.0,18.1,无负债
2537,男,1957-10-10,73,41,36-45,128,179235,1,超高频,普通,0.0,0.0,0.0,28.7,无负债
2538,男,1980-02-23,56,18,≤25,172,1525013,1,超高频,优质,0.0,0.0,1.0,37.0,无负债
2539,女,1972-01-21,32,26,26-35,274,1354582,1,超高频,优质,0.0,0.0,0.0,43.1,无负债
2540,男,1981-06-26,46,17,≤25,80,159952,1,超高频,普通,0.0,0.0,1.0,14.9,无负债
2542,男,1944-12-19,3,54,46-55,393,4869955,1,超高频,高价值,0.0,0.0,1.0,72.7,无负债
2543,女,1952-08-27,3,46,46-55,393,4869955,1,超高频,高价值,0.0,0.0,0.0,72.7,无负债
2545,女,1953-09-28,9,45,36-45,201,250210,1,超高频,普通,0.0,0.0,0.0,29.3,无负债
2546,女,1961-12-03,41,37,36-45,180,729277,1,超高频,普通,0.0,0.0,0.0,29.3,无负债
2547,女,1953-10-29,48,45,36-45,129,282655,1,超高频,普通,0.0,0.0,0.0,23.3,无负债
2548,男,1953-10-06,48,45,36-45,166,793135,1,超高频,普通,0.0,0.0,1.0,31.1,无负债
2549,女,1923-05-05,70,75,>55,168,311298,1,超高频,普通,0.0,0.0,0.0,34.3,无负债
2550,女,1976-10-12,1,22,≤25,185,926467,1,超高频,优质,1.0,1.0,0.0,35.5,有负债
2551,女,1939-08-11,70,59,>55,152,591062,1,超高频,普通,0.0,0.0,0.0,26.1,无负债
2552,女,1964-01-24,74,34,26-35,162,920303,1,超高频,优质,0.0,0.0,0.0,30.3,无负债
2553,男,1976-11-24,34,22,≤25,88,361252,1,超高频,普通,0.0,0.0,0.0,35.5,无负债
2554,男,1941-09-20,64,57,>55,320,424464,1,超高频,普通,0.0,0.0,0.0,71.3,无负债
2555,男,1963-09-23,42,35,26-35,298,3931484,1,超高频,高价值,0.0,0.0,1.0,47.9,无负债
2556,女,1951-02-10,44,47,46-55,167,664684,1,超高频,普通,0.0,0.0,0.0,30.1,无负债
2557,男,1957-02-18,7,41,36-45,126,621349,1,超高频,普通,0.0,0.0,0.0,28.5,无负债
2558,男,1959-01-18,30,39,36-45,176,675085,1,超高频,普通,0.0,0.0,0.0,29.1,无负债
2559,女,1965-03-31,8,33,26-35,108,135872,1,超高频,普通,0.0,0.0,0.0,25.2,无负债
2560,女,1974-06-20,70,24,≤25,224,1641828,1,超高频,优质,1.0,1.0,1.0,32.5,有负债
2561,男,1945-07-26,48,53,46-55,158,743547,1,超高频,普通,0.0,0.0,0.0,29.2,无负债
2562,男,1952-11-01,42,46,46-55,108,919749,1,超高频,优质,0.0,0.0,1.0,20.0,无负债
2563,男,1971-09-08,74,27,26-35,213,794736,1,超高频,普通,0.0,0.0,0.0,39.9,无负债
2565,男,1946-05-22,64,52,46-55,309,2364256,1,超高频,高价值,0.0,0.0,0.0,49.6,无负债
2566,女,1963-03-25,29,35,26-35,470,5550802,1,超高频,高价值,0.0,0.0,0.0,72.8,无负债
2567,男,1943-05-30,64,55,46-55,295,413125,1,超高频,普通,0.0,0.0,0.0,66.2,无负债
2568,女,1938-06-11,64,60,>55,295,413125,1,超高频,普通,0.0,0.0,0.0,66.2,无负债
2569,男,1948-04-01,69,50,46-55,476,3210802,1,超高频,高价值,0.0,0.0,1.0,71.4,无负债
2570,女,1947-06-19,69,51,46-55,476,3210802,1,超高频,高价值,0.0,0.0,0.0,71.4,无负债
2571,女,1979-04-25,43,19,≤25,75,883074,1,超高频,普通,0.0,0.0,0.0,13.6,无负债
2572,男,1953-10-08,1,45,36-45,123,2017312,1,超高频,优质,0.0,0.0,1.0,23.0,无负债
2573,女,1965-03-10,1,33,26-35,99,141828,1,超高频,普通,0.0,0.0,0.0,20.1,无负债
2574,女,1932-04-22,29,66,>55,294,653554,1,超高频,普通,0.0,0.0,0.0,61.6,无负债
2576,女,1979-05-16,46,19,≤25,121,1328065,1,超高频,优质,0.0,0.0,0.0,26.3,无负债
2577,男,1918-01-07,70,81,>55,160,325211,1,超高频,普通,0.0,0.0,0.0,30.1,无负债
2578,男,1954-07-08,76,44,36-45,309,2917017,1,超高频,高价值,0.0,0.0,0.0,63.7,无负债
2579,女,1935-01-02,11,64,>55,63,114405,1,超高频,普通,0.0,0.0,0.0,15.0,无负债
2580,男,1935-03-07,11,63,>55,63,114405,1,超高频,普通,0.0,0.0,0.0,15.0,无负债
2581,女,1953-11-19,52,45,36-45,204,762203,1,超高频,普通,1.0,1.0,0.0,29.3,有负债
2582,男,1938-12-15,51,60,>55,102,407930,1,超高频,普通,0.0,0.0,0.0,18.8,无负债
2583,男,1937-06-17,75,61,>55,60,289997,1,高频,普通,0.0,0.0,0.0,15.2,无负债
2584,女,1944-12-15,4,54,46-55,332,2778362,1,超高频,高价值,0.0,0.0,0.0,65.4,无负债
2585,女,1971-08-28,75,27,26-35,89,857029,1,超高频,普通,0.0,0.0,1.0,16.9,无负债
2586,男,1966-05-14,8,32,26-35,335,2649392,1,超高频,高价值,0.0,0.0,0.0,43.4,无负债
2587,女,1973-01-03,8,26,26-35,335,2649392,1,超高频,高价值,0.0,0.0,0.0,43.4,无负债
2588,男,1958-05-19,33,40,36-45,368,544003,1,超高频,普通,0.0,0.0,0.0,63.3,无负债
2589,男,1963-02-17,21,35,26-35,107,980727,1,超高频,优质,0.0,0.0,0.0,20.1,无负债
2590,女,1964-10-19,42,34,26-35,91,647479,1,超高频,普通,1.0,1.0,0.0,16.2,有负债
2591,男,1960-02-27,42,38,36-45,91,647479,1,超高频,普通,1.0,1.0,0.0,16.2,有负债
2592,女,1980-08-31,1,18,≤25,228,1711447,1,超高频,优质,1.0,1.0,1.0,36.1,有负债
2593,男,1977-06-10,1,21,≤25,228,1711447,1,超高频,优质,1.0,1.0,0.0,36.1,有负债
2594,男,1963-07-31,55,35,26-35,220,2470249,1,超高频,高价值,0.0,0.0,0.0,42.0,无负债
2596,男,1961-10-08,31,37,36-45,428,2865745,1,超高频,高价值,0.0,0.0,0.0,67.9,无负债
2597,女,1969-08-06,28,29,26-35,131,283409,1,超高频,普通,0.0,0.0,0.0,30.2,无负债
2598,男,1965-10-25,28,33,26-35,131,283409,1,超高频,普通,0.0,0.0,0.0,30.2,无负债
2599,男,1946-01-09,1,53,46-55,225,295809,1,超高频,普通,0.0,0.0,0.0,39.9,无负债
2600,女,1923-04-17,7,75,>55,128,297031,1,超高频,普通,0.0,0.0,0.0,29.1,无负债
2601,男,1961-07-25,37,37,36-45,309,424745,1,超高频,普通,0.0,0.0,0.0,64.6,无负债
2602,女,1966-08-20,37,32,26-35,309,424745,1,超高频,普通,0.0,0.0,0.0,64.6,无负债
2603,女,1972-11-03,38,26,26-35,333,1043207,1,超高频,优质,0.0,0.0,0.0,47.4,无负债
2604,男,1926-07-11,22,72,>55,50,116663,1,高频,普通,0.0,0.0,0.0,14.5,无负债
2605,女,1925-04-17,22,73,>55,50,116663,1,高频,普通,0.0,0.0,0.0,14.5,无负债
2606,男,1943-01-04,31,56,>55,274,2347133,1,超高频,高价值,1.0,1.0,1.0,36.3,有负债
2607,男,1943-03-27,63,55,46-55,267,349401,1,超高频,普通,0.0,0.0,0.0,57.2,无负债
2608,女,1943-09-15,58,55,46-55,353,432408,1,超高频,普通,0.0,0.0,0.0,55.6,无负债
2609,男,1977-05-09,1,21,≤25,146,1392151,1,超高频,优质,0.0,0.0,1.0,28.1,无负债
2610,女,1980-05-03,1,18,≤25,146,1392151,1,超高频,优质,0.0,0.0,0.0,28.1,无负债
2611,男,1938-11-09,77,60,>55,200,1134636,1,超高频,优质,0.0,0.0,0.0,38.3,无负债
2612,男,1975-02-03,38,23,≤25,102,353239,1,超高频,普通,0.0,0.0,0.0,21.4,无负债
2613,男,1977-10-26,1,21,≤25,233,1746878,1,超高频,优质,0.0,0.0,0.0,36.5,无负债
2614,男,1946-03-14,72,52,46-55,135,521594,1,超高频,普通,0.0,0.0,0.0,26.1,无负债
2615,女,1945-08-26,64,53,46-55,341,1831741,1,超高频,优质,0.0,0.0,0.0,60.9,无负债
2616,男,1970-07-07,50,28,26-35,82,949554,1,超高频,优质,0.0,0.0,1.0,13.5,无负债
2617,女,1962-06-26,50,36,36-45,82,949554,1,超高频,优质,0.0,0.0,0.0,13.5,无负债
2618,男,1942-08-14,17,56,>55,316,1936432,1,超高频,优质,0.0,0.0,0.0,48.6,无负债
2619,女,1969-07-09,63,29,26-35,145,1210884,1,超高频,优质,0.0,0.0,1.0,28.0,无负债
2620,男,1968-07-18,63,30,26-35,145,1210884,1,超高频,优质,0.0,0.0,0.0,28.0,无负债
2621,男,1956-05-09,51,42,36-45,124,925416,1,超高频,优质,1.0,1.0,0.0,21.1,有负债
2622,男,1973-06-07,71,25,≤25,129,541486,1,超高频,普通,0.0,0.0,0.0,21.0,无负债
2623,女,1965-07-16,16,33,26-35,412,3352147,1,超高频,高价值,1.0,1.0,1.0,65.7,有负债
2625,男,1972-10-07,57,26,26-35,111,860057,1,超高频,普通,0.0,0.0,0.0,18.0,无负债
2626,男,1940-02-14,1,58,>55,442,6188137,1,超高频,高价值,0.0,0.0,1.0,56.3,无负债
2628,女,1931-11-05,1,67,>55,65,139617,1,超高频,普通,0.0,0.0,0.0,16.2,无负债
2629,男,1931-12-03,1,67,>55,65,139617,1,超高频,普通,0.0,0.0,0.0,16.2,无负债
2630,女,1937-08-20,64,61,>55,99,208823,1,超高频,普通,0.0,0.0,0.0,20.3,无负债
2631,男,1970-05-21,18,28,26-35,54,421794,1,高频,普通,0.0,0.0,0.0,14.5,无负债
2632,女,1963-02-25,18,35,26-35,54,421794,1,高频,普通,0.0,0.0,0.0,14.5,无负债
2633,女,1967-07-12,1,31,26-35,401,4853348,1,超高频,高价值,0.0,0.0,0.0,69.2,无负债
2635,女,1966-12-10,67,32,26-35,471,4076300,1,超高频,高价值,1.0,0.0,0.0,67.8,无负债
2636,男,1918-10-24,28,80,>55,348,719257,1,超高频,普通,0.0,0.0,0.0,72.9,无负债
2637,男,1935-06-06,64,63,>55,252,2099664,1,超高频,优质,0.0,0.0,0.0,44.2,无负债
2638,男,1942-01-07,1,57,>55,396,2986159,1,超高频,高价值,0.0,0.0,0.0,60.4,无负债
2639,女,1950-03-04,45,48,46-55,41,78500,1,高频,普通,0.0,0.0,0.0,63.1,无负债
2640,男,1951-01-29,45,47,46-55,41,78500,1,高频,普通,0.0,0.0,0.0,63.1,无负债
2642,男,1973-09-04,22,25,≤25,88,335563,1,超高频,普通,0.0,0.0,0.0,17.9,无负债
2643,女,1946-01-07,54,53,46-55,80,574446,1,超高频,普通,0.0,0.0,0.0,17.8,无负债
2644,女,1964-03-23,6,34,26-35,107,1038836,1,超高频,优质,0.0,0.0,1.0,20.1,无负债
2645,男,1920-04-22,67,78,>55,236,476545,1,超高频,普通,0.0,0.0,0.0,48.1,无负债
2646,女,1937-06-07,63,61,>55,340,709507,1,超高频,普通,0.0,0.0,0.0,66.8,无负债
2647,男,1940-03-26,9,58,>55,222,3016414,1,超高频,高价值,1.0,1.0,0.0,34.7,有负债
2648,女,1934-10-10,9,64,>55,222,3016414,1,超高频,高价值,1.0,1.0,0.0,34.7,有负债
2650,男,1975-03-05,75,23,≤25,491,3049325,1,超高频,高价值,0.0,0.0,1.0,69.3,无负债
2651,女,1969-11-27,75,29,26-35,491,3049325,1,超高频,高价值,0.0,0.0,0.0,69.3,无负债
2652,女,1949-05-09,41,49,46-55,238,2443137,1,超高频,高价值,0.0,0.0,0.0,31.4,无负债
2653,男,1950-01-25,1,48,46-55,160,819701,1,超高频,普通,0.0,0.0,0.0,29.2,无负债
2654,女,1939-10-08,59,59,>55,232,1516342,1,超高频,优质,0.0,0.0,0.0,33.8,无负债
2655,男,1963-08-12,44,35,26-35,129,346956,1,超高频,普通,0.0,0.0,0.0,26.3,无负债
2656,男,1955-09-15,54,43,36-45,117,906834,1,超高频,优质,0.0,0.0,0.0,22.5,无负债
2657,男,1948-07-09,73,50,46-55,245,1804511,1,超高频,优质,0.0,0.0,1.0,51.5,无负债
2658,男,1933-01-21,11,65,>55,77,175505,1,超高频,普通,0.0,0.0,0.0,17.5,无负债
2659,男,1941-05-24,46,57,>55,90,470528,1,超高频,普通,0.0,0.0,1.0,17.5,无负债
2661,女,1961-10-17,1,37,36-45,444,600994,1,超高频,普通,0.0,0.0,0.0,65.9,无负债
2662,男,1978-08-29,1,20,≤25,74,404819,1,超高频,普通,0.0,0.0,1.0,18.5,无负债
2663,男,1976-10-01,8,22,≤25,422,388263,1,超高频,普通,0.0,0.0,0.0,63.8,无负债
2666,女,1935-07-06,47,63,>55,247,591917,1,超高频,普通,0.0,0.0,0.0,45.6,无负债
2667,男,1972-01-01,9,27,26-35,90,267642,1,超高频,普通,0.0,0.0,0.0,17.7,无负债
2668,女,1975-02-09,9,23,≤25,90,267642,1,超高频,普通,0.0,0.0,0.0,17.7,无负债
2669,男,1927-05-08,51,71,>55,140,341776,1,超高频,普通,0.0,0.0,0.0,33.1,无负债
2670,男,1936-09-13,45,62,>55,224,691819,1,超高频,普通,0.0,0.0,0.0,41.3,无负债
2671,女,1972-04-22,35,26,26-35,163,1662535,1,超高频,优质,0.0,0.0,0.0,35.7,无负债
2672,女,1940-03-26,7,58,>55,77,101062,1,超高频,普通,0.0,0.0,0.0,18.3,无负债
2673,男,1959-07-16,65,39,36-45,251,3454806,1,超高频,高价值,0.0,0.0,0.0,29.0,无负债
2674,女,1952-10-03,65,46,46-55,251,3454806,1,超高频,高价值,0.0,0.0,0.0,29.0,无负债
2675,男,1924-01-22,31,74,>55,133,292636,1,超高频,普通,0.0,0.0,0.0,29.0,无负债
2676,男,1961-06-01,61,37,36-45,65,1354773,1,超高频,优质,0.0,0.0,0.0,13.9,无负债
2677,男,1922-05-24,33,76,>55,160,347763,1,超高频,普通,0.0,0.0,0.0,35.1,无负债
2678,女,1918-05-15,33,80,>55,160,347763,1,超高频,普通,0.0,0.0,0.0,35.1,无负债
2679,男,1938-09-30,1,60,>55,384,1485188,1,超高频,优质,0.0,0.0,0.0,66.7,无负债
2680,女,1945-09-02,1,53,46-55,384,1485188,1,超高频,优质,0.0,0.0,0.0,66.7,无负债
2681,女,1971-01-04,45,28,26-35,168,1006235,1,超高频,优质,0.0,0.0,0.0,35.7,无负债
2682,男,1975-01-14,45,23,≤25,168,1006235,1,超高频,优质,0.0,0.0,0.0,35.7,无负债
2683,女,1929-06-13,48,69,>55,56,150217,1,高频,普通,0.0,0.0,0.0,14.7,无负债
2684,女,1953-02-11,74,45,36-45,454,5374365,1,超高频,高价值,0.0,0.0,0.0,69.5,无负债
2685,女,1969-06-21,73,29,26-35,36,95300,1,高频,普通,0.0,0.0,0.0,35.7,无负债
2686,女,1951-03-24,19,47,46-55,306,4380635,1,超高频,高价值,1.0,1.0,1.0,50.1,有负债
2687,男,1949-08-22,19,49,46-55,306,4380635,1,超高频,高价值,1.0,1.0,0.0,50.1,有负债
2688,女,1967-10-24,60,31,26-35,488,7333057,1,超高频,高价值,0.0,0.0,1.0,70.7,无负债
2689,男,1923-01-17,16,76,>55,361,858599,1,超高频,普通,0.0,0.0,0.0,71.7,无负债
2690,女,1971-12-25,58,27,26-35,55,70200,1,高频,普通,0.0,0.0,0.0,13.7,无负债
2691,男,1964-05-17,47,34,26-35,343,3733184,1,超高频,高价值,0.0,0.0,0.0,69.0,无负债
2692,男,1925-05-30,44,73,>55,164,308490,1,超高频,普通,0.0,0.0,0.0,36.4,无负债
2693,女,1976-08-04,46,22,≤25,97,1002640,1,超高频,优质,0.0,0.0,0.0,22.1,无负债
2694,女,1927-10-06,15,71,>55,163,288223,1,超高频,普通,0.0,0.0,0.0,35.8,无负债
2695,男,1929-05-16,15,69,>55,163,288223,1,超高频,普通,0.0,0.0,0.0,35.8,无负债
2696,男,1947-09-04,2,51,46-55,222,1429634,1,超高频,优质,0.0,0.0,0.0,35.0,无负债
2697,女,1948-08-14,2,50,46-55,222,1429634,1,超高频,优质,0.0,0.0,0.0,35.0,无负债
2698,女,1970-10-07,31,28,26-35,420,5462150,1,超高频,高价值,1.0,1.0,1.0,56.2,有负债
2699,男,1977-02-23,31,21,≤25,420,5462150,1,超高频,高价值,1.0,1.0,0.0,56.2,有负债
2700,男,1945-02-22,34,53,46-55,356,3214904,1,超高频,高价值,1.0,1.0,0.0,58.3,有负债
2701,男,1952-03-29,1,46,46-55,128,755504,1,超高频,普通,0.0,0.0,0.0,23.5,无负债
2702,男,1919-02-26,7,79,>55,160,335088,1,超高频,普通,0.0,0.0,0.0,35.2,无负债
2703,女,1973-03-12,2,25,≤25,74,182879,1,超高频,普通,0.0,0.0,0.0,14.8,无负债
2704,女,1949-05-22,1,49,46-55,180,654671,1,超高频,普通,0.0,0.0,0.0,32.3,无负债
2705,男,1924-04-30,43,74,>55,167,387479,1,超高频,普通,0.0,0.0,0.0,36.5,无负债
2706,男,1967-07-02,3,31,26-35,140,133251,1,超高频,普通,0.0,0.0,0.0,25.7,无负债
2707,男,1969-05-23,45,29,26-35,180,748201,1,超高频,普通,0.0,0.0,0.0,38.9,无负债
2708,男,1958-08-12,73,40,36-45,171,1307145,1,超高频,优质,1.0,0.0,0.0,40.8,无负债
2709,男,1946-06-14,26,52,46-55,255,1387323,1,超高频,优质,0.0,0.0,1.0,37.2,无负债
2712,男,1956-01-17,25,42,36-45,320,1526489,1,超高频,优质,0.0,0.0,0.0,48.6,无负债
2713,男,1962-09-02,36,36,36-45,161,2104118,1,超高频,优质,0.0,0.0,1.0,27.2,无负债
2714,女,1970-03-06,6,28,26-35,541,1822797,1,超高频,优质,0.0,0.0,0.0,71.8,无负债
2715,男,1957-07-04,7,41,36-45,426,6546131,1,超高频,高价值,0.0,0.0,1.0,71.2,无负债
2716,女,1969-07-13,25,29,26-35,231,1083624,1,超高频,优质,0.0,0.0,0.0,35.8,无负债
2717,男,1930-04-28,46,68,>55,223,552646,1,超高频,普通,0.0,0.0,0.0,42.1,无负债
2718,女,1932-12-22,46,66,>55,223,552646,1,超高频,普通,0.0,0.0,0.0,42.1,无负债
2719,女,1964-10-30,29,34,26-35,408,4887089,1,超高频,高价值,1.0,1.0,0.0,70.1,有负债
2720,女,1949-09-05,1,49,46-55,189,2448294,1,超高频,高价值,1.0,1.0,0.0,32.7,有负债
2721,女,1950-06-26,24,48,46-55,300,1614473,1,超高频,优质,1.0,1.0,0.0,33.1,有负债
2724,男,1975-03-01,35,23,≤25,350,2861954,1,超高频,高价值,0.0,0.0,1.0,62.9,无负债
2726,女,1973-07-28,1,25,≤25,140,157843,1,超高频,普通,0.0,0.0,0.0,27.3,无负债
2727,男,1968-02-05,1,30,26-35,140,157843,1,超高频,普通,0.0,0.0,0.0,27.3,无负债
2728,男,1922-08-13,74,76,>55,345,774838,1,超高频,普通,0.0,0.0,0.0,66.2,无负债
2729,男,1966-08-28,1,32,26-35,244,2748672,1,超高频,高价值,0.0,0.0,0.0,33.0,无负债
2730,男,1947-03-18,52,51,46-55,171,222013,1,超高频,普通,0.0,0.0,0.0,39.2,无负债
2731,男,1927-12-08,38,71,>55,339,667400,1,超高频,普通,0.0,0.0,0.0,71.8,无负债
2732,女,1953-09-16,57,45,36-45,288,398032,1,超高频,普通,0.0,0.0,0.0,61.2,无负债
2733,女,1927-11-11,3,71,>55,119,299010,1,超高频,普通,0.0,0.0,0.0,26.0,无负债
2734,男,1934-11-12,3,64,>55,119,299010,1,超高频,普通,0.0,0.0,0.0,26.0,无负债
2735,男,1928-07-31,64,70,>55,265,480271,1,超高频,普通,0.0,0.0,0.0,56.4,无负债
2736,女,1958-02-15,1,40,36-45,281,1074366,1,超高频,优质,0.0,0.0,0.0,55.6,无负债
2738,男,1951-04-25,1,47,46-55,96,991416,1,超高频,优质,0.0,0.0,0.0,24.5,无负债
2739,男,1950-01-26,13,48,46-55,162,2552463,1,超高频,高价值,1.0,1.0,1.0,23.1,有负债
2740,女,1967-11-23,36,31,26-35,186,1227987,1,超高频,优质,0.0,0.0,1.0,34.2,无负债
2741,女,1930-11-29,41,68,>55,111,208650,1,超高频,普通,0.0,0.0,0.0,25.7,无负债
2742,女,1948-08-27,65,50,46-55,245,3517909,1,超高频,高价值,0.0,0.0,0.0,41.6,无负债
2743,女,1939-10-04,50,59,>55,125,1017743,1,超高频,优质,0.0,0.0,0.0,29.9,无负债
2744,男,1943-02-22,50,55,46-55,125,1017743,1,超高频,优质,0.0,0.0,0.0,29.9,无负债
2745,女,1939-08-07,54,59,>55,277,2682423,1,超高频,高价值,0.0,0.0,0.0,52.1,无负债
2746,男,1971-02-25,1,27,26-35,286,2311217,1,超高频,高价值,1.0,1.0,0.0,47.3,有负债
2747,男,1936-10-14,6,62,>55,357,1361370,1,超高频,优质,0.0,0.0,0.0,62.8,无负债
2748,女,1936-10-06,6,62,>55,357,1361370,1,超高频,优质,0.0,0.0,0.0,62.8,无负债
2749,女,1921-03-04,14,77,>55,88,210534,1,超高频,普通,0.0,0.0,0.0,22.1,无负债
2750,男,1913-07-13,14,85,>55,88,210534,1,超高频,普通,0.0,0.0,0.0,22.1,无负债
2751,女,1957-01-24,68,41,36-45,291,356039,1,超高频,普通,0.0,0.0,0.0,62.5,无负债
2752,男,1971-08-09,48,27,26-35,65,202405,1,超高频,普通,0.0,0.0,0.0,15.0,无负债
2754,女,1978-05-24,66,20,≤25,183,371795,1,超高频,普通,0.0,0.0,0.0,35.9,无负债
2755,女,1970-03-23,1,28,26-35,129,748034,1,超高频,普通,0.0,0.0,0.0,27.9,无负债
2756,女,1919-09-28,31,79,>55,314,560440,1,超高频,普通,0.0,0.0,0.0,63.2,无负债
2758,男,1946-07-14,1,52,46-55,188,887135,1,超高频,普通,0.0,0.0,0.0,29.4,无负债
2759,男,1974-01-26,2,24,≤25,147,2172715,1,超高频,优质,1.0,1.0,1.0,26.4,有负债
2760,女,1975-12-12,68,23,≤25,228,1503290,1,超高频,优质,0.0,0.0,0.0,41.1,无负债
2761,女,1977-09-29,1,21,≤25,233,1280013,1,超高频,优质,0.0,0.0,0.0,42.3,无负债
2762,女,1953-04-23,29,45,36-45,421,6391717,1,超高频,高价值,0.0,0.0,1.0,64.4,无负债
2765,女,1981-04-20,36,17,≤25,130,377792,1,超高频,普通,0.0,0.0,0.0,25.7,无负债
2766,男,1959-09-15,70,39,36-45,144,558794,1,超高频,普通,0.0,0.0,0.0,25.2,无负债
2767,女,1954-06-04,70,44,36-45,144,558794,1,超高频,普通,0.0,0.0,0.0,25.2,无负债
2768,男,1964-04-02,1,34,26-35,175,1619591,1,超高频,优质,0.0,0.0,1.0,32.8,无负债
2769,男,1937-05-15,69,61,>55,199,1594625,1,超高频,优质,0.0,0.0,0.0,36.5,无负债
2770,男,1954-07-08,1,44,36-45,185,1123107,1,超高频,优质,0.0,0.0,0.0,34.3,无负债
2771,男,1920-10-25,37,78,>55,121,318530,1,超高频,普通,0.0,0.0,0.0,26.7,无负债
2772,女,1923-01-08,37,76,>55,121,318530,1,超高频,普通,0.0,0.0,0.0,26.7,无负债
2773,女,1919-09-13,49,79,>55,134,369686,1,超高频,普通,0.0,0.0,0.0,29.6,无负债
2774,男,1921-02-23,49,77,>55,134,369686,1,超高频,普通,0.0,0.0,0.0,29.6,无负债
2775,女,1978-07-09,41,20,≤25,320,344348,1,超高频,普通,0.0,0.0,0.0,42.7,无负债
2776,女,1934-06-07,31,64,>55,354,917012,1,超高频,优质,0.0,0.0,0.0,71.6,无负债
2777,女,1970-03-28,46,28,26-35,139,810877,1,超高频,普通,0.0,0.0,0.0,27.5,无负债
2778,男,1964-05-16,57,34,26-35,176,2295269,1,超高频,优质,0.0,0.0,0.0,30.7,无负债
2779,男,1948-05-04,29,50,46-55,66,646836,1,超高频,普通,0.0,0.0,1.0,14.1,无负债
2780,女,1947-01-16,29,51,46-55,66,646836,1,超高频,普通,0.0,0.0,0.0,14.1,无负债
2781,女,1960-11-22,46,38,36-45,276,437127,1,超高频,普通,0.0,0.0,0.0,43.1,无负债
2782,男,1940-09-13,31,58,>55,363,3084188,1,超高频,高价值,0.0,0.0,1.0,66.9,无负债
2783,男,1940-06-20,1,58,>55,107,407126,1,超高频,普通,0.0,0.0,0.0,23.7,无负债
2784,女,1958-07-25,36,40,36-45,15,37700,1,中频,普通,0.0,0.0,0.0,23.9,无负债
2785,男,1962-07-29,22,36,36-45,214,1651184,1,超高频,优质,0.0,0.0,1.0,39.3,无负债
2786,男,1951-11-02,24,47,46-55,413,1741495,1,超高频,优质,0.0,0.0,0.0,64.6,无负债
2787,女,1976-10-14,41,22,≤25,134,1059293,1,超高频,优质,0.0,0.0,0.0,25.6,无负债
2788,女,1951-10-21,49,47,46-55,130,1584512,1,超高频,优质,0.0,0.0,0.0,34.9,无负债
2789,女,1951-12-25,1,47,46-55,299,519163,1,超高频,普通,0.0,0.0,0.0,61.6,无负债
2790,男,1975-02-10,16,23,≤25,413,1701423,1,超高频,优质,0.0,0.0,0.0,61.7,无负债
2791,男,1921-10-10,60,77,>55,229,420099,1,超高频,普通,0.0,0.0,0.0,42.3,无负债
2794,男,1965-01-22,18,33,26-35,203,1338487,1,超高频,优质,0.0,0.0,0.0,37.5,无负债
2795,女,1968-04-13,18,30,26-35,203,1338487,1,超高频,优质,0.0,0.0,0.0,37.5,无负债
2796,男,1974-06-25,15,24,≤25,230,741528,1,超高频,普通,0.0,0.0,1.0,42.1,无负债
2797,男,1950-11-05,28,48,46-55,70,602958,1,超高频,普通,0.0,0.0,0.0,14.6,无负债
2798,男,1931-06-27,65,67,>55,59,153677,1,高频,普通,0.0,0.0,0.0,15.4,无负债
2799,女,1961-12-02,4,37,36-45,453,1919372,1,超高频,优质,0.0,0.0,0.0,69.6,无负债
2800,男,1949-08-26,2,49,46-55,125,719183,1,超高频,普通,0.0,0.0,0.0,28.2,无负债
2801,男,1919-02-18,75,79,>55,287,493267,1,超高频,普通,0.0,0.0,0.0,59.4,无负债
2802,女,1966-11-29,1,32,26-35,112,141118,1,超高频,普通,0.0,0.0,0.0,17.6,无负债
2803,男,1931-10-12,68,67,>55,77,149750,1,超高频,普通,0.0,0.0,0.0,16.4,无负债
2804,女,1936-11-10,68,62,>55,77,149750,1,超高频,普通,0.0,0.0,0.0,16.4,无负债
2805,男,1964-07-13,73,34,26-35,536,3103948,1,超高频,高价值,0.0,0.0,0.0,62.7,无负债
2806,女,1955-07-01,58,43,36-45,152,1732616,1,超高频,优质,0.0,0.0,0.0,30.4,无负债
2808,女,1974-03-31,8,24,≤25,424,5911093,1,超高频,高价值,0.0,0.0,1.0,68.6,无负债
2809,男,1979-02-14,33,19,≤25,460,3132797,1,超高频,高价值,1.0,1.0,0.0,48.7,有负债
2810,男,1971-07-28,72,27,26-35,256,2098270,1,超高频,优质,0.0,0.0,0.0,44.5,无负债
2811,女,1946-12-07,1,52,46-55,97,573806,1,超高频,普通,0.0,0.0,0.0,19.6,无负债
2812,女,1970-05-02,55,28,26-35,153,796627,1,超高频,普通,0.0,0.0,0.0,22.5,无负债
2813,男,1941-04-10,70,57,>55,321,2285574,1,超高频,优质,0.0,0.0,0.0,60.1,无负债
2814,女,1973-02-10,19,25,≤25,330,2305062,1,超高频,优质,0.0,0.0,0.0,67.8,无负债
2815,男,1930-06-30,35,68,>55,227,521297,1,超高频,普通,0.0,0.0,1.0,43.2,无负债
2816,女,1938-03-15,35,60,>55,227,521297,1,超高频,普通,0.0,0.0,0.0,43.2,无负债
2817,女,1977-02-19,1,21,≤25,139,389199,1,超高频,普通,0.0,0.0,0.0,29.2,无负债
2818,男,1963-04-12,54,35,26-35,399,470581,1,超高频,普通,0.0,0.0,0.0,72.4,无负债
2819,男,1980-08-12,8,18,≤25,230,266355,1,超高频,普通,0.0,0.0,0.0,44.8,无负债
2820,男,1966-12-17,77,32,26-35,139,520429,1,超高频,普通,0.0,0.0,1.0,27.6,无负债
2821,女,1980-11-01,45,18,≤25,276,833504,1,超高频,普通,0.0,0.0,0.0,51.5,无负债
2822,男,1958-10-19,50,40,36-45,214,1163658,1,超高频,优质,1.0,1.0,0.0,33.9,有负债
2823,女,1946-12-18,70,52,46-55,329,1033923,1,超高频,优质,1.0,0.0,0.0,33.4,无负债
2824,男,1941-09-05,39,57,>55,376,862829,1,超高频,普通,0.0,0.0,0.0,66.8,无负债
2825,男,1958-03-29,65,40,36-45,106,757231,1,超高频,普通,0.0,0.0,0.0,18.1,无负债
2826,男,1935-01-28,59,63,>55,80,1196881,1,超高频,优质,0.0,0.0,0.0,17.0,无负债
2827,男,1923-02-13,63,75,>55,124,303096,1,超高频,普通,0.0,0.0,0.0,27.7,无负债
2828,女,1949-07-10,14,49,46-55,83,318633,1,超高频,普通,0.0,0.0,0.0,18.6,无负债
2829,女,1939-12-27,33,59,>55,203,211631,1,超高频,普通,0.0,0.0,0.0,37.8,无负债
2830,男,1974-11-14,51,24,≤25,343,438734,1,超高频,普通,0.0,0.0,0.0,71.7,无负债
2831,女,1980-07-09,68,18,≤25,303,1261106,1,超高频,优质,1.0,1.0,0.0,49.5,有负债
2832,男,1927-07-23,13,71,>55,165,274624,1,超高频,普通,0.0,0.0,0.0,30.4,无负债
2833,女,1923-07-09,13,75,>55,165,274624,1,超高频,普通,0.0,0.0,0.0,30.4,无负债
2834,男,1949-05-23,52,49,46-55,400,2685005,1,超高频,高价值,1.0,1.0,0.0,63.1,有负债
2835,男,1966-01-27,27,32,26-35,193,1069381,1,超高频,优质,0.0,0.0,0.0,32.3,无负债
2836,女,1919-09-21,38,79,>55,137,357649,1,超高频,普通,0.0,0.0,0.0,28.5,无负债
2837,男,1927-05-21,38,71,>55,137,357649,1,超高频,普通,0.0,0.0,0.0,28.5,无负债
2838,男,1965-03-09,65,33,26-35,204,1108469,1,超高频,优质,0.0,0.0,0.0,35.4,无负债
2839,女,1928-07-05,72,70,>55,122,325914,1,超高频,普通,0.0,0.0,0.0,28.1,无负债
2840,男,1934-05-14,72,64,>55,122,325914,1,超高频,普通,0.0,0.0,0.0,28.1,无负债
2841,女,1973-04-10,18,25,≤25,199,2190582,1,超高频,优质,1.0,1.0,1.0,29.3,有负债
2842,男,1958-06-17,74,40,36-45,81,634774,1,超高频,普通,0.0,0.0,0.0,16.0,无负债
2843,女,1966-10-06,70,32,26-35,400,2037026,1,超高频,优质,1.0,1.0,0.0,48.0,有负债
2844,男,1962-11-19,51,36,36-45,247,1285065,1,超高频,优质,0.0,0.0,0.0,39.9,无负债
2845,男,1952-09-02,7,46,46-55,105,812798,1,超高频,普通,0.0,0.0,1.0,21.8,无负债
2846,女,1969-03-17,1,29,26-35,258,4351470,1,超高频,高价值,0.0,0.0,0.0,48.6,无负债
2847,女,1942-07-25,34,56,>55,101,845446,1,超高频,普通,0.0,0.0,0.0,24.6,无负债
2848,男,1939-02-20,34,59,>55,101,845446,1,超高频,普通,0.0,0.0,0.0,24.6,无负债
2849,男,1928-04-02,19,70,>55,357,904009,1,超高频,优质,0.0,0.0,0.0,72.9,无负债
2850,男,1970-08-20,7,28,26-35,192,806628,1,超高频,普通,0.0,0.0,0.0,40.2,无负债
2851,男,1939-08-10,54,59,>55,165,380115,1,超高频,普通,0.0,0.0,0.0,30.0,无负债
2852,女,1942-06-28,26,56,>55,161,1176326,1,超高频,优质,0.0,0.0,0.0,28.6,无负债
2853,女,1956-04-25,28,42,36-45,367,1193235,1,超高频,优质,1.0,1.0,0.0,59.0,有负债
2854,男,1949-06-01,16,49,46-55,102,141632,1,超高频,普通,0.0,0.0,0.0,24.4,无负债
2855,女,1957-07-26,16,41,36-45,102,141632,1,超高频,普通,0.0,0.0,0.0,24.4,无负债
2856,男,1923-11-11,47,75,>55,307,681424,1,超高频,普通,0.0,0.0,0.0,51.6,无负债
2857,男,1927-02-03,33,71,>55,235,508031,1,超高频,普通,0.0,0.0,0.0,44.6,无负债
2858,女,1926-02-12,42,72,>55,241,490514,1,超高频,普通,0.0,0.0,0.0,50.6,无负债
2859,女,1928-09-24,68,70,>55,99,188409,1,超高频,普通,0.0,0.0,0.0,19.7,无负债
2860,男,1958-03-31,28,40,36-45,291,1942337,1,超高频,优质,0.0,0.0,0.0,46.6,无负债
2862,女,1964-10-07,49,34,26-35,94,530310,1,超高频,普通,0.0,0.0,0.0,17.7,无负债
2863,男,1968-03-05,49,30,26-35,94,530310,1,超高频,普通,0.0,0.0,0.0,17.7,无负债
2864,女,1952-04-09,51,46,46-55,72,530871,1,超高频,普通,0.0,0.0,1.0,15.2,无负债
2865,男,1948-11-18,15,50,46-55,62,472173,1,超高频,普通,0.0,0.0,1.0,14.5,无负债
2866,女,1949-10-30,15,49,46-55,62,472173,1,超高频,普通,0.0,0.0,0.0,14.5,无负债
2867,女,1960-01-23,1,38,36-45,128,152052,1,超高频,普通,0.0,0.0,0.0,18.8,无负债
2868,男,1933-12-14,14,65,>55,118,248350,1,超高频,普通,0.0,0.0,0.0,27.5,无负债
2869,男,1975-08-05,1,23,≤25,164,235616,1,超高频,普通,0.0,0.0,0.0,37.4,无负债
2870,男,1959-11-28,29,39,36-45,358,2751637,1,超高频,高价值,0.0,0.0,0.0,56.4,无负债
2871,女,1967-11-23,71,31,26-35,129,1130370,1,超高频,优质,0.0,0.0,0.0,24.9,无负债
2872,女,1933-10-27,77,65,>55,282,415688,1,超高频,普通,0.0,0.0,0.0,50.3,无负债
2873,女,1975-03-24,16,23,≤25,435,5316002,1,超高频,高价值,0.0,0.0,0.0,73.0,无负债
2874,男,1972-09-10,34,26,26-35,485,835218,1,超高频,普通,0.0,0.0,0.0,72.7,无负债
2875,男,1936-08-17,46,62,>55,116,367447,1,超高频,普通,0.0,0.0,0.0,22.4,无负债
2876,男,1977-01-07,1,21,≤25,121,810155,1,超高频,普通,0.0,0.0,0.0,22.9,无负债
2877,男,1932-04-29,59,66,>55,291,693211,1,超高频,普通,0.0,0.0,0.0,58.7,无负债
2878,男,1947-04-17,68,51,46-55,202,741863,1,超高频,普通,0.0,0.0,0.0,29.3,无负债
2879,男,1977-01-10,40,21,≤25,235,4937638,1,超高频,高价值,0.0,0.0,0.0,49.0,无负债
2880,男,1952-12-30,60,46,46-55,113,994256,1,超高频,优质,0.0,0.0,1.0,25.9,无负债
2881,女,1967-03-21,12,31,26-35,148,863591,1,超高频,普通,0.0,0.0,0.0,24.8,无负债
2882,男,1931-12-14,70,67,>55,130,288169,1,超高频,普通,0.0,0.0,0.0,30.8,无负债
2883,男,1953-02-26,30,45,36-45,301,441555,1,超高频,普通,0.0,0.0,0.0,67.7,无负债
2884,女,1958-10-10,40,40,36-45,177,1430568,1,超高频,优质,0.0,0.0,0.0,31.4,无负债
2885,女,1965-10-04,1,33,26-35,222,2667623,1,超高频,高价值,0.0,0.0,0.0,35.1,无负债
2886,男,1958-10-03,1,40,36-45,222,2667623,1,超高频,高价值,0.0,0.0,0.0,35.1,无负债
2887,女,1961-01-29,2,37,36-45,66,244955,1,超高频,普通,0.0,0.0,0.0,14.0,无负债
2888,女,1978-09-09,1,20,≤25,38,266646,1,高频,普通,0.0,0.0,1.0,19.8,无负债
2889,男,1943-12-05,25,55,46-55,416,1701222,1,超高频,优质,0.0,0.0,0.0,72.8,无负债
2890,男,1951-10-11,62,47,46-55,101,494600,1,超高频,普通,0.0,0.0,0.0,16.5,无负债
2891,女,1957-07-23,62,41,36-45,101,494600,1,超高频,普通,0.0,0.0,0.0,16.5,无负债
2892,女,1941-03-21,3,57,>55,168,514831,1,超高频,普通,0.0,0.0,0.0,30.7,无负债
2893,女,1927-11-02,2,71,>55,318,578366,1,超高频,普通,0.0,0.0,0.0,71.3,无负债
2894,女,1948-07-25,70,50,46-55,188,376808,1,超高频,普通,0.0,0.0,0.0,31.0,无负债
2895,女,1977-05-17,70,21,≤25,150,295208,1,超高频,普通,0.0,0.0,0.0,25.6,无负债
2896,女,1975-05-16,1,23,≤25,327,782377,1,超高频,普通,0.0,0.0,0.0,57.0,无负债
2897,男,1925-07-18,40,73,>55,139,225959,1,超高频,普通,0.0,0.0,0.0,31.0,无负债
2898,女,1920-10-17,40,78,>55,139,225959,1,超高频,普通,0.0,0.0,0.0,31.0,无负债
2899,男,1918-05-18,16,80,>55,266,685995,1,超高频,普通,0.0,0.0,0.0,53.0,无负债
2900,男,1923-03-22,18,75,>55,57,153452,1,高频,普通,0.0,0.0,0.0,14.0,无负债
2901,女,1939-01-09,25,60,>55,191,425050,1,超高频,普通,0.0,0.0,0.0,34.9,无负债
2902,女,1959-07-03,8,39,36-45,99,531164,1,超高频,普通,0.0,0.0,0.0,19.2,无负债
2903,男,1959-11-26,8,39,36-45,99,531164,1,超高频,普通,0.0,0.0,0.0,19.2,无负债
2904,女,1946-05-18,64,52,46-55,116,620881,1,超高频,普通,0.0,0.0,0.0,22.4,无负债
2905,男,1951-07-07,64,47,46-55,116,620881,1,超高频,普通,0.0,0.0,0.0,22.4,无负债
2906,男,1934-12-16,5,64,>55,140,291882,1,超高频,普通,0.0,0.0,0.0,33.8,无负债
2907,女,1932-09-22,5,66,>55,140,291882,1,超高频,普通,0.0,0.0,0.0,33.8,无负债
2908,男,1971-02-28,1,27,26-35,159,685124,1,超高频,普通,0.0,0.0,0.0,29.8,无负债
2909,男,1936-10-09,26,62,>55,145,796851,1,超高频,普通,0.0,0.0,0.0,24.5,无负债
2910,男,1936-09-28,76,62,>55,192,747625,1,超高频,普通,0.0,0.0,1.0,35.1,无负债
2911,男,1932-09-25,45,66,>55,304,762569,1,超高频,普通,0.0,0.0,1.0,68.7,无负债
2912,女,1925-07-28,45,73,>55,304,762569,1,超高频,普通,0.0,0.0,0.0,68.7,无负债
2913,男,1962-12-27,44,36,36-45,331,3164134,1,超高频,高价值,0.0,0.0,0.0,67.1,无负债
2915,女,1954-02-22,33,44,36-45,76,463346,1,超高频,普通,1.0,1.0,0.0,14.4,有负债
2916,男,1972-09-30,1,26,26-35,257,264810,1,超高频,普通,0.0,0.0,0.0,48.1,无负债
2917,男,1940-01-18,16,58,>55,110,711649,1,超高频,普通,0.0,0.0,0.0,22.4,无负债
2918,男,1967-05-21,5,31,26-35,182,1305648,1,超高频,优质,0.0,0.0,0.0,35.8,无负债
2919,女,1970-09-08,5,28,26-35,182,1305648,1,超高频,优质,0.0,0.0,0.0,35.8,无负债
2920,女,1962-06-23,44,36,36-45,376,702586,1,超高频,普通,0.0,0.0,0.0,65.3,无负债
2921,女,1976-12-20,64,22,≤25,175,2842693,1,超高频,高价值,0.0,0.0,1.0,26.5,无负债
2922,男,1940-09-07,43,58,>55,420,6025983,1,超高频,高价值,1.0,1.0,0.0,62.0,有负债
2923,女,1977-03-21,35,21,≤25,149,232339,1,超高频,普通,0.0,0.0,0.0,30.7,无负债
2924,女,1941-02-06,18,57,>55,279,287718,1,超高频,普通,0.0,0.0,1.0,48.4,无负债
2925,男,1947-09-08,18,51,46-55,279,287718,1,超高频,普通,0.0,0.0,0.0,48.4,无负债
2926,男,1934-02-11,27,64,>55,70,165454,1,超高频,普通,0.0,0.0,0.0,16.3,无负债
2927,女,1929-12-28,27,69,>55,70,165454,1,超高频,普通,0.0,0.0,0.0,16.3,无负债
2928,男,1932-03-02,38,66,>55,419,782619,1,超高频,普通,0.0,0.0,0.0,71.6,无负债
2929,男,1958-03-10,1,40,36-45,288,4521198,1,超高频,高价值,0.0,0.0,1.0,39.2,无负债
2930,男,1941-03-22,41,57,>55,411,1462468,1,超高频,优质,0.0,0.0,0.0,72.3,无负债
2932,女,1940-07-11,1,58,>55,406,2046254,1,超高频,优质,0.0,0.0,0.0,63.7,无负债
2933,男,1942-12-12,72,56,>55,315,2168372,1,超高频,优质,0.0,0.0,0.0,64.7,无负债
2934,女,1948-04-27,72,50,46-55,315,2168372,1,超高频,优质,0.0,0.0,0.0,64.7,无负债
2935,女,1944-05-02,61,54,46-55,476,2270291,1,超高频,优质,0.0,0.0,0.0,71.8,无负债
2936,女,1945-03-11,3,53,46-55,228,1006633,1,超高频,优质,0.0,0.0,0.0,51.5,无负债
2937,男,1949-07-01,74,49,46-55,348,747367,1,超高频,普通,0.0,0.0,0.0,46.9,无负债
2938,女,1921-06-01,8,77,>55,158,344343,1,超高频,普通,0.0,0.0,0.0,32.9,无负债
2939,男,1918-02-13,8,80,>55,352,626281,1,超高频,普通,0.0,0.0,0.0,71.4,无负债
2940,男,1965-10-16,1,33,26-35,360,795723,1,超高频,普通,0.0,0.0,0.0,72.0,无负债
2941,男,1951-03-12,38,47,46-55,371,4702040,1,超高频,高价值,0.0,0.0,0.0,62.9,无负债
2942,女,1966-06-03,67,32,26-35,331,1276625,1,超高频,优质,0.0,0.0,0.0,68.2,无负债
2943,女,1980-06-28,1,18,≤25,206,209802,1,超高频,普通,0.0,0.0,0.0,37.5,无负债
2944,女,1943-08-23,71,55,46-55,61,272211,1,超高频,普通,0.0,0.0,0.0,13.7,无负债
2945,男,1921-06-02,74,77,>55,142,346414,1,超高频,普通,0.0,0.0,0.0,29.0,无负债
2946,女,1926-01-23,74,72,>55,142,346414,1,超高频,普通,0.0,0.0,0.0,29.0,无负债
2947,女,1957-05-18,19,41,36-45,68,562064,1,超高频,普通,0.0,0.0,0.0,12.6,无负债
2948,男,1978-11-20,47,20,≤25,170,922352,1,超高频,优质,0.0,0.0,1.0,24.7,无负债
2949,男,1943-09-25,14,55,46-55,73,86647,1,超高频,普通,0.0,0.0,0.0,16.6,无负债
2950,男,1944-06-06,46,54,46-55,98,924339,1,超高频,优质,0.0,0.0,0.0,18.5,无负债
2951,女,1950-08-31,76,48,46-55,81,959383,1,超高频,优质,0.0,0.0,1.0,16.0,无负债
2952,女,1978-01-17,52,20,≤25,189,2592327,1,超高频,高价值,1.0,1.0,0.0,30.3,有负债
2953,男,1936-07-07,3,62,>55,269,1215045,1,超高频,优质,0.0,0.0,0.0,48.2,无负债
2954,女,1959-08-12,38,39,36-45,93,440161,1,超高频,普通,0.0,0.0,0.0,17.9,无负债
2955,男,1952-07-16,38,46,46-55,93,440161,1,超高频,普通,0.0,0.0,0.0,17.9,无负债
2956,男,1939-08-06,23,59,>55,97,115968,1,超高频,普通,0.0,0.0,0.0,20.0,无负债
2957,男,1978-03-07,23,20,≤25,27,159918,1,高频,普通,0.0,0.0,0.0,17.1,无负债
2958,男,1975-05-07,48,23,≤25,215,1716595,1,超高频,优质,0.0,0.0,1.0,33.2,无负债
2959,男,1957-11-19,54,41,36-45,104,660254,1,超高频,普通,0.0,0.0,0.0,20.4,无负债
2960,男,1928-12-19,1,70,>55,68,169743,1,超高频,普通,0.0,0.0,0.0,17.9,无负债
2961,女,1933-12-28,1,65,>55,68,169743,1,超高频,普通,0.0,0.0,0.0,17.9,无负债
2962,男,1938-11-10,1,60,>55,315,444382,1,超高频,普通,0.0,0.0,0.0,70.8,无负债
2963,女,1939-03-29,1,59,>55,315,444382,1,超高频,普通,0.0,0.0,0.0,70.8,无负债
2964,男,1978-11-27,8,20,≤25,341,1003757,1,超高频,优质,0.0,0.0,0.0,56.7,无负债
2965,女,1918-02-07,30,80,>55,104,260328,1,超高频,普通,0.0,0.0,0.0,23.1,无负债
2966,男,1955-02-20,65,43,36-45,265,2308615,1,超高频,高价值,1.0,1.0,0.0,40.3,有负债
2967,女,1961-01-15,53,37,36-45,318,808696,1,超高频,普通,0.0,0.0,0.0,62.6,无负债
2968,男,1962-08-24,40,36,36-45,332,3887116,1,超高频,高价值,0.0,0.0,0.0,70.6,无负债
2969,男,1923-04-22,55,75,>55,71,139919,1,超高频,普通,0.0,0.0,0.0,15.9,无负债
2970,女,1922-04-06,55,76,>55,71,139919,1,超高频,普通,0.0,0.0,0.0,15.9,无负债
2971,女,1977-12-03,1,21,≤25,297,948296,1,超高频,优质,0.0,0.0,1.0,62.2,无负债
2972,男,1976-01-14,1,22,≤25,67,127312,1,超高频,普通,0.0,0.0,0.0,15.3,无负债
2974,女,1951-07-12,56,47,46-55,266,1659879,1,超高频,优质,0.0,0.0,0.0,51.4,无负债
2975,女,1943-03-18,33,55,46-55,447,4419577,1,超高频,高价值,0.0,0.0,0.0,67.0,无负债
2976,女,1922-08-03,57,76,>55,154,313753,1,超高频,普通,0.0,0.0,0.0,27.2,无负债
2977,男,1963-02-06,39,35,26-35,128,895747,1,超高频,优质,0.0,0.0,1.0,21.0,无负债
2978,女,1948-03-05,33,50,46-55,397,3265307,1,超高频,高价值,0.0,0.0,1.0,68.1,无负债
2979,女,1961-12-22,4,37,36-45,116,157546,1,超高频,普通,0.0,0.0,0.0,30.1,无负债
2980,男,1974-06-14,11,24,≤25,154,211098,1,超高频,普通,0.0,0.0,0.0,35.4,无负债
2981,女,1949-02-05,16,49,46-55,400,2141005,1,超高频,优质,0.0,0.0,0.0,54.1,无负债
2982,女,1973-03-23,6,25,≤25,469,5095936,1,超高频,高价值,0.0,0.0,1.0,54.8,无负债
2983,男,1967-07-23,6,31,26-35,469,5095936,1,超高频,高价值,0.0,0.0,0.0,54.8,无负债
2984,女,1963-05-24,60,35,26-35,344,2029050,1,超高频,优质,0.0,0.0,1.0,59.6,无负债
2985,男,1960-04-13,60,38,36-45,344,2029050,1,超高频,优质,0.0,0.0,0.0,59.6,无负债
2986,男,1952-05-15,14,46,46-55,182,185836,1,超高频,普通,0.0,0.0,0.0,35.0,无负债
2987,女,1946-06-01,14,52,46-55,182,185836,1,超高频,普通,0.0,0.0,0.0,35.0,无负债
2988,男,1961-05-21,33,37,36-45,198,252619,1,超高频,普通,0.0,0.0,0.0,32.9,无负债
2989,女,1949-02-01,17,49,46-55,199,735092,1,超高频,普通,0.0,0.0,0.0,27.0,无负债
2990,女,1938-04-02,32,60,>55,268,509458,1,超高频,普通,0.0,0.0,0.0,61.5,无负债
2991,男,1941-07-31,32,57,>55,268,509458,1,超高频,普通,0.0,0.0,0.0,61.5,无负债
2992,男,1966-05-07,11,32,26-35,109,243228,1,超高频,普通,0.0,0.0,0.0,23.0,无负债
2994,男,1963-07-22,18,35,26-35,439,870160,1,超高频,普通,0.0,0.0,0.0,63.7,无负债
2995,女,1941-06-15,35,57,>55,102,1506903,1,超高频,优质,0.0,0.0,1.0,16.0,无负债
2996,男,1965-01-29,1,33,26-35,39,85100,1,高频,普通,0.0,0.0,0.0,38.7,无负债
2997,女,1941-03-09,1,57,>55,475,1485928,1,超高频,优质,0.0,0.0,0.0,59.1,无负债
2998,男,1961-04-02,1,37,36-45,168,1343574,1,超高频,优质,0.0,0.0,1.0,27.5,无负债
2999,女,1979-03-24,74,19,≤25,608,2301930,1,超高频,优质,0.0,0.0,0.0,73.0,无负债
3000,女,1928-04-02,41,70,>55,60,107156,1,高频,普通,0.0,0.0,0.0,16.7,无负债
3001,男,1958-10-07,1,40,36-45,534,6910434,1,超高频,高价值,1.0,1.0,0.0,71.1,有负债
3002,女,1955-05-13,42,43,36-45,311,475711,1,超高频,普通,0.0,0.0,0.0,38.9,无负债
3003,女,1973-05-12,69,25,≤25,302,397708,1,超高频,普通,0.0,0.0,0.0,69.9,无负债
3004,男,1971-07-13,69,27,26-35,302,397708,1,超高频,普通,0.0,0.0,0.0,69.9,无负债
3005,男,1931-06-29,43,67,>55,349,795172,1,超高频,普通,0.0,0.0,0.0,70.8,无负债
3006,女,1973-08-08,22,25,≤25,310,1410751,1,超高频,优质,0.0,0.0,0.0,47.0,无负债
3007,男,1964-04-11,76,34,26-35,218,531756,1,超高频,普通,0.0,0.0,0.0,34.5,无负债
3008,男,1919-12-19,73,79,>55,87,208355,1,超高频,普通,0.0,0.0,0.0,16.2,无负债
3009,女,1957-08-03,62,41,36-45,382,1419821,1,超高频,优质,0.0,0.0,0.0,70.1,无负债
3010,男,1960-01-12,62,38,36-45,382,1419821,1,超高频,优质,0.0,0.0,0.0,70.1,无负债
3011,男,1955-09-19,74,43,36-45,433,4869010,1,超高频,高价值,0.0,0.0,0.0,57.1,无负债
3012,女,1955-11-10,70,43,36-45,22,66400,1,高频,普通,0.0,0.0,0.0,21.8,无负债
3013,女,1950-03-18,51,48,46-55,317,1005207,1,超高频,优质,1.0,1.0,0.0,56.2,有负债
3014,男,1953-11-05,51,45,36-45,317,1005207,1,超高频,优质,1.0,1.0,0.0,56.2,有负债
3015,男,1952-02-29,73,46,46-55,354,940209,1,超高频,优质,0.0,0.0,0.0,70.6,无负债
3016,男,1977-08-23,40,21,≤25,185,705925,1,超高频,普通,0.0,0.0,0.0,34.5,无负债
3017,男,1941-05-14,2,57,>55,254,571027,1,超高频,普通,0.0,0.0,0.0,35.3,无负债
3018,男,1978-01-28,61,20,≤25,98,226374,1,超高频,普通,0.0,0.0,0.0,38.8,无负债
3019,男,1969-09-23,30,29,26-35,414,2267346,1,超高频,优质,0.0,0.0,1.0,59.0,无负债
3020,女,1942-08-27,32,56,>55,115,329382,1,超高频,普通,0.0,0.0,0.0,26.7,无负债
3021,男,1961-08-24,1,37,36-45,370,1479833,1,超高频,优质,0.0,0.0,0.0,70.9,无负债
3022,女,1954-09-22,1,44,36-45,370,1479833,1,超高频,优质,0.0,0.0,0.0,70.9,无负债
3023,男,1959-04-04,16,39,36-45,340,3069623,1,超高频,高价值,0.0,0.0,1.0,61.6,无负债
3024,男,1929-03-08,60,69,>55,170,253096,1,超高频,普通,0.0,0.0,0.0,32.0,无负债
3025,女,1932-12-27,60,66,>55,170,253096,1,超高频,普通,0.0,0.0,0.0,32.0,无负债
3026,男,1947-03-25,22,51,46-55,179,2225637,1,超高频,优质,0.0,0.0,1.0,30.1,无负债
3027,男,1959-07-25,62,39,36-45,127,390178,1,超高频,普通,0.0,0.0,0.0,24.5,无负债
3028,女,1932-04-23,34,66,>55,334,583906,1,超高频,普通,0.0,0.0,0.0,70.6,无负债
3029,男,1970-05-08,43,28,26-35,158,1886689,1,超高频,优质,0.0,0.0,0.0,18.9,无负债
3030,女,1976-05-10,68,22,≤25,490,2735379,1,超高频,高价值,0.0,0.0,0.0,65.1,无负债
3031,女,1965-09-05,40,33,26-35,358,1631208,1,超高频,优质,0.0,0.0,0.0,56.9,无负债
3032,男,1959-04-10,40,39,36-45,358,1631208,1,超高频,优质,0.0,0.0,0.0,56.9,无负债
3035,男,1964-11-02,27,34,26-35,357,587183,1,超高频,普通,0.0,0.0,0.0,66.3,无负债
3036,女,1941-03-31,16,57,>55,232,1371445,1,超高频,优质,0.0,0.0,1.0,41.2,无负债
3037,男,1942-01-04,64,57,>55,135,1249347,1,超高频,优质,0.0,0.0,1.0,38.8,无负债
3038,女,1946-03-05,6,52,46-55,212,1377445,1,超高频,优质,1.0,1.0,0.0,38.1,有负债
3039,女,1969-06-01,55,29,26-35,134,1659312,1,超高频,优质,0.0,0.0,0.0,26.1,无负债
3041,女,1927-04-24,4,71,>55,374,754182,1,超高频,普通,0.0,0.0,0.0,72.6,无负债
3042,女,1968-02-14,18,30,26-35,194,307940,1,超高频,普通,0.0,0.0,0.0,41.9,无负债
3043,女,1951-11-15,63,47,46-55,248,2200635,1,超高频,优质,0.0,0.0,0.0,44.1,无负债
3044,男,1945-10-07,36,53,46-55,191,1771692,1,超高频,优质,0.0,0.0,0.0,35.9,无负债
3045,女,1950-03-18,10,48,46-55,522,444707,1,超高频,普通,0.0,0.0,0.0,68.7,无负债
3046,女,1925-01-22,1,73,>55,238,583478,1,超高频,普通,0.0,0.0,0.0,49.1,无负债
3047,男,1975-10-01,45,23,≤25,271,832495,1,超高频,普通,0.0,0.0,0.0,44.5,无负债
3048,女,1923-01-06,16,76,>55,148,352379,1,超高频,普通,0.0,0.0,0.0,30.4,无负债
3049,男,1967-04-06,6,31,26-35,480,5627065,1,超高频,高价值,0.0,0.0,0.0,70.5,无负债
3050,女,1967-07-31,6,31,26-35,480,5627065,1,超高频,高价值,0.0,0.0,0.0,70.5,无负债
3051,男,1928-03-11,65,70,>55,324,572159,1,超高频,普通,0.0,0.0,0.0,70.3,无负债
3054,男,1958-04-28,74,40,36-45,216,1582695,1,超高频,优质,0.0,0.0,0.0,30.4,无负债
3055,男,1931-02-23,51,67,>55,119,269574,1,超高频,普通,0.0,0.0,0.0,24.7,无负债
3056,女,1959-01-16,38,39,36-45,133,2530924,1,超高频,高价值,0.0,0.0,1.0,24.6,无负债
3057,男,1962-03-05,38,36,36-45,133,2530924,1,超高频,高价值,0.0,0.0,0.0,24.6,无负债
3058,女,1943-09-29,49,55,46-55,207,545708,1,超高频,普通,0.0,0.0,0.0,42.8,无负债
3059,男,1977-11-29,61,21,≤25,417,843047,1,超高频,普通,0.0,0.0,0.0,67.9,无负债
3060,男,1960-05-18,61,38,36-45,162,738758,1,超高频,普通,0.0,0.0,0.0,23.7,无负债
3061,女,1965-10-05,61,33,26-35,162,738758,1,超高频,普通,0.0,0.0,0.0,23.7,无负债
3062,女,1930-08-22,41,68,>55,252,605903,1,超高频,普通,0.0,0.0,0.0,50.9,无负债
3063,男,1971-01-29,27,27,26-35,158,2483651,1,超高频,高价值,0.0,0.0,1.0,23.0,无负债
3064,男,1930-05-05,42,68,>55,294,728300,1,超高频,普通,0.0,0.0,0.0,59.9,无负债
3065,女,1921-08-21,24,77,>55,105,221788,1,超高频,普通,0.0,0.0,0.0,20.6,无负债
3066,女,1982-03-09,54,16,≤25,272,666037,1,超高频,普通,0.0,0.0,1.0,45.7,无负债
3067,女,1952-06-21,57,46,46-55,378,1484856,1,超高频,优质,0.0,0.0,0.0,50.5,无负债
3068,男,1954-03-20,57,44,36-45,378,1484856,1,超高频,优质,0.0,0.0,0.0,50.5,无负债
3069,男,1943-10-23,21,55,46-55,489,888226,1,超高频,普通,0.0,0.0,0.0,65.8,无负债
3070,男,1920-12-12,46,78,>55,378,815562,1,超高频,普通,0.0,0.0,0.0,71.6,无负债
3071,女,1967-02-23,38,31,26-35,197,447066,1,超高频,普通,0.0,0.0,0.0,25.3,无负债
3072,男,1936-04-14,1,62,>55,192,699669,1,超高频,普通,1.0,1.0,0.0,25.3,有负债
3073,女,1937-10-23,1,61,>55,192,699669,1,超高频,普通,1.0,1.0,0.0,25.3,有负债
3074,男,1958-11-07,1,40,36-45,334,1820360,1,超高频,优质,0.0,0.0,0.0,49.5,无负债
3075,男,1941-05-05,74,57,>55,249,2303039,1,超高频,优质,0.0,0.0,1.0,44.8,无负债
3076,女,1962-11-17,57,36,36-45,165,476883,1,超高频,普通,0.0,0.0,0.0,36.4,无负债
3077,女,1934-02-24,50,64,>55,335,750114,1,超高频,普通,0.0,0.0,0.0,62.5,无负债
3078,男,1932-01-31,50,66,>55,335,750114,1,超高频,普通,0.0,0.0,0.0,62.5,无负债
3079,男,1943-05-19,67,55,46-55,310,1208789,1,超高频,优质,0.0,0.0,1.0,38.2,无负债
3080,女,1951-07-27,5,47,46-55,239,2816511,1,超高频,高价值,0.0,0.0,0.0,35.3,无负债
3081,男,1945-03-02,5,53,46-55,239,2816511,1,超高频,高价值,0.0,0.0,0.0,35.3,无负债
3082,女,1979-10-17,52,19,≤25,390,2519988,1,超高频,高价值,0.0,0.0,1.0,67.0,无负债
3083,男,1971-04-07,41,27,26-35,223,1535809,1,超高频,优质,0.0,0.0,0.0,41.9,无负债
3084,女,1951-08-24,23,47,46-55,384,3500440,1,超高频,高价值,0.0,0.0,1.0,67.4,无负债
3085,女,1946-06-29,62,52,46-55,472,2881542,1,超高频,高价值,0.0,0.0,1.0,70.8,无负债
3086,男,1948-09-14,62,50,46-55,472,2881542,1,超高频,高价值,0.0,0.0,0.0,70.8,无负债
3087,女,1959-09-21,46,39,36-45,54,73636,1,高频,普通,0.0,0.0,0.0,14.6,无负债
3088,男,1950-06-11,40,48,46-55,341,716862,1,超高频,普通,0.0,0.0,0.0,62.4,无负债
3089,男,1974-07-26,46,24,≤25,68,85619,1,超高频,普通,0.0,0.0,0.0,17.2,无负债
3090,男,1968-11-17,32,30,26-35,235,1084018,1,超高频,优质,0.0,0.0,0.0,43.7,无负债
3091,女,1966-03-03,15,32,26-35,101,343958,1,超高频,普通,0.0,0.0,0.0,18.7,无负债
3092,女,1967-11-06,59,31,26-35,143,1162639,1,超高频,优质,0.0,0.0,1.0,27.5,无负债
3093,男,1966-02-21,35,32,26-35,188,253825,1,超高频,普通,0.0,0.0,0.0,41.2,无负债
3094,男,1950-08-18,48,48,46-55,272,698340,1,超高频,普通,0.0,0.0,0.0,48.2,无负债
3095,男,1953-06-29,36,45,36-45,95,769630,1,超高频,普通,0.0,0.0,0.0,19.2,无负债
3096,男,1982-02-27,74,16,≤25,194,489451,1,超高频,普通,0.0,0.0,0.0,39.5,无负债
3097,男,1948-08-22,48,50,46-55,80,143404,1,超高频,普通,0.0,0.0,0.0,72.2,无负债
3098,男,1938-06-23,17,60,>55,170,284847,1,超高频,普通,0.0,0.0,0.0,36.3,无负债
3099,男,1965-11-13,17,33,26-35,445,2849647,1,超高频,高价值,0.0,0.0,0.0,58.9,无负债
3100,男,1931-03-30,2,67,>55,351,722094,1,超高频,普通,0.0,0.0,0.0,55.5,无负债
3101,男,1941-12-13,1,57,>55,168,208468,1,超高频,普通,0.0,0.0,0.0,37.0,无负债
3102,女,1979-02-16,61,19,≤25,121,2290463,1,超高频,优质,0.0,0.0,1.0,23.9,无负债
3103,女,1973-03-07,64,25,≤25,375,5248315,1,超高频,高价值,1.0,1.0,0.0,50.3,有负债
3104,女,1982-01-04,4,17,≤25,38,262209,1,高频,普通,0.0,0.0,1.0,30.0,无负债
3105,男,1947-08-17,68,51,46-55,419,2392155,1,超高频,高价值,0.0,0.0,0.0,72.0,无负债
3106,女,1928-03-03,72,70,>55,114,245534,1,超高频,普通,0.0,0.0,0.0,20.9,无负债
3107,男,1960-11-16,30,38,36-45,397,4193722,1,超高频,高价值,0.0,0.0,0.0,64.9,无负债
3108,女,1962-02-26,30,36,36-45,397,4193722,1,超高频,高价值,0.0,0.0,0.0,64.9,无负债
3109,女,1932-04-21,7,66,>55,197,472768,1,超高频,普通,0.0,0.0,0.0,41.7,无负债
3110,男,1931-02-27,54,67,>55,143,267823,1,超高频,普通,0.0,0.0,0.0,33.7,无负债
3111,女,1924-02-07,54,74,>55,143,267823,1,超高频,普通,0.0,0.0,0.0,33.7,无负债
3112,男,1939-09-12,24,59,>55,70,153050,1,超高频,普通,0.0,0.0,0.0,14.7,无负债
3113,女,1971-11-12,60,27,26-35,249,1026334,1,超高频,优质,1.0,1.0,0.0,38.3,有负债
3114,男,1971-02-24,60,27,26-35,249,1026334,1,超高频,优质,1.0,1.0,0.0,38.3,有负债
3115,男,1961-11-30,72,37,36-45,415,2935350,1,超高频,高价值,0.0,0.0,1.0,70.7,无负债
3116,男,1951-09-09,28,47,46-55,422,2918887,1,超高频,高价值,0.0,0.0,1.0,62.9,无负债
3117,女,1941-06-22,62,57,>55,115,147072,1,超高频,普通,0.0,0.0,0.0,68.7,无负债
3118,男,1940-07-09,62,58,>55,115,147072,1,超高频,普通,0.0,0.0,0.0,68.7,无负债
3119,女,1936-01-26,50,62,>55,394,536158,1,超高频,普通,0.0,0.0,0.0,66.8,无负债
3120,男,1964-06-02,75,34,26-35,338,2301668,1,超高频,优质,0.0,0.0,0.0,71.7,无负债
3121,女,1956-10-18,57,42,36-45,113,1494835,1,超高频,优质,0.0,0.0,0.0,20.8,无负债
3122,男,1959-04-02,57,39,36-45,113,1494835,1,超高频,优质,0.0,0.0,0.0,20.8,无负债
3123,男,1979-07-25,1,19,≤25,78,328836,1,超高频,普通,0.0,0.0,0.0,17.5,无负债
3124,女,1958-01-02,5,41,36-45,354,2305123,1,超高频,优质,0.0,0.0,1.0,61.8,无负债
3125,女,1922-10-30,10,76,>55,134,267369,1,超高频,普通,0.0,0.0,0.0,25.3,无负债
3126,男,1938-01-13,47,61,>55,158,143113,1,超高频,普通,0.0,0.0,0.0,25.3,无负债
3127,女,1920-06-18,1,78,>55,163,346996,1,超高频,普通,0.0,0.0,0.0,32.3,无负债
3128,女,1944-02-09,69,54,46-55,374,1696172,1,超高频,优质,0.0,0.0,1.0,64.9,无负债
3129,女,1946-08-01,5,52,46-55,174,1227584,1,超高频,优质,0.0,0.0,0.0,30.3,无负债
3130,女,1955-05-31,19,43,36-45,120,1454385,1,超高频,优质,0.0,0.0,1.0,20.3,无负债
3131,女,1935-06-14,1,63,>55,67,187743,1,超高频,普通,0.0,0.0,0.0,16.7,无负债
3132,女,1975-03-24,1,23,≤25,246,338774,1,超高频,普通,0.0,0.0,0.0,52.7,无负债
3133,女,1973-04-20,31,25,≤25,130,895994,1,超高频,优质,0.0,0.0,0.0,21.9,无负债
3134,男,1938-05-04,1,60,>55,207,2734438,1,超高频,高价值,0.0,0.0,1.0,34.1,无负债
3135,男,1969-01-06,48,30,26-35,293,2817692,1,超高频,高价值,0.0,0.0,1.0,69.4,无负债
3136,男,1963-12-18,1,35,26-35,263,4070535,1,超高频,高价值,0.0,0.0,1.0,35.1,无负债
3137,男,1947-02-26,70,51,46-55,24,59900,1,高频,普通,0.0,0.0,0.0,25.6,无负债
3138,女,1943-08-12,70,55,46-55,24,59900,1,高频,普通,0.0,0.0,0.0,25.6,无负债
3139,女,1956-09-23,46,42,36-45,195,769110,1,超高频,普通,0.0,0.0,0.0,30.9,无负债
3140,男,1959-04-13,46,39,36-45,195,769110,1,超高频,普通,0.0,0.0,0.0,30.9,无负债
3141,女,1925-11-09,9,73,>55,138,299474,1,超高频,普通,0.0,0.0,0.0,31.0,无负债
3142,男,1919-03-18,68,79,>55,146,350703,1,超高频,普通,0.0,0.0,0.0,30.4,无负债
3143,女,1944-02-02,21,54,46-55,189,524933,1,超高频,普通,0.0,0.0,0.0,36.2,无负债
3144,男,1919-08-04,1,79,>55,298,457446,1,超高频,普通,0.0,0.0,0.0,54.0,无负债
3145,女,1921-11-04,1,77,>55,298,457446,1,超高频,普通,0.0,0.0,0.0,54.0,无负债
3146,男,1948-07-15,1,50,46-55,111,362974,1,超高频,普通,0.0,0.0,0.0,16.7,无负债
3147,女,1964-04-26,19,34,26-35,231,781426,1,超高频,普通,0.0,0.0,0.0,41.4,无负债
3148,男,1942-04-04,3,56,>55,347,4532732,1,超高频,高价值,0.0,0.0,0.0,69.0,无负债
3149,女,1935-01-09,3,64,>55,347,4532732,1,超高频,高价值,0.0,0.0,0.0,69.0,无负债
3150,女,1932-07-24,54,66,>55,113,291400,1,超高频,普通,0.0,0.0,0.0,24.7,无负债
3151,女,1951-07-27,1,47,46-55,145,1109426,1,超高频,优质,0.0,0.0,1.0,34.4,无负债
3152,男,1936-10-04,1,62,>55,97,964720,1,超高频,优质,0.0,0.0,0.0,20.4,无负债
3153,男,1924-06-17,26,74,>55,357,619634,1,超高频,普通,0.0,0.0,0.0,63.9,无负债
3154,女,1926-02-21,26,72,>55,357,619634,1,超高频,普通,0.0,0.0,0.0,63.9,无负债
3155,女,1973-04-08,44,25,≤25,124,170517,1,超高频,普通,0.0,0.0,0.0,28.1,无负债
3156,女,1954-11-02,68,44,36-45,233,1161777,1,超高频,优质,0.0,0.0,0.0,54.3,无负债
3157,女,1942-02-26,1,56,>55,376,2826180,1,超高频,高价值,0.0,0.0,0.0,65.4,无负债
3158,女,1940-11-25,1,58,>55,338,376066,1,超高频,普通,0.0,0.0,0.0,64.2,无负债
3159,男,1930-10-27,24,68,>55,351,887817,1,超高频,普通,0.0,0.0,0.0,70.4,无负债
3160,男,1951-06-29,20,47,46-55,154,749809,1,超高频,普通,0.0,0.0,0.0,32.1,无负债
3161,男,1980-11-18,66,18,≤25,370,967247,1,超高频,优质,0.0,0.0,0.0,65.9,无负债
3162,男,1960-05-17,55,38,36-45,183,380648,1,超高频,普通,0.0,0.0,0.0,38.7,无负债
3163,女,1964-05-26,1,34,26-35,179,862211,1,超高频,普通,1.0,1.0,0.0,28.8,有负债
3164,男,1962-09-10,1,36,36-45,179,862211,1,超高频,普通,1.0,1.0,0.0,28.8,有负债
3165,女,1976-09-01,3,22,≤25,367,879054,1,超高频,普通,0.0,0.0,0.0,63.7,无负债
3166,男,1955-06-14,31,43,36-45,199,1998641,1,超高频,优质,0.0,0.0,1.0,33.6,无负债
3167,女,1943-09-08,48,55,46-55,233,3202521,1,超高频,高价值,0.0,0.0,1.0,30.2,无负债
3170,男,1921-02-21,76,77,>55,291,479541,1,超高频,普通,0.0,0.0,0.0,51.7,无负债
3171,女,1924-04-26,76,74,>55,291,479541,1,超高频,普通,0.0,0.0,0.0,51.7,无负债
3172,男,1951-12-23,64,47,46-55,364,4739578,1,超高频,高价值,0.0,0.0,0.0,59.7,无负债
3173,女,1946-04-18,66,52,46-55,132,1076183,1,超高频,优质,0.0,0.0,1.0,28.1,无负债
3174,男,1952-11-16,66,46,46-55,132,1076183,1,超高频,优质,0.0,0.0,0.0,28.1,无负债
3175,女,1950-07-19,64,48,46-55,181,1521032,1,超高频,优质,0.0,0.0,0.0,36.9,无负债
3176,男,1937-07-07,1,61,>55,150,199390,1,超高频,普通,0.0,0.0,0.0,33.6,无负债
3177,男,1938-08-12,24,60,>55,564,2196155,1,超高频,优质,0.0,0.0,0.0,73.0,无负债
3178,女,1969-08-01,25,29,26-35,232,4591092,1,超高频,高价值,0.0,0.0,0.0,34.1,无负债
3179,女,1948-03-12,45,50,46-55,58,536770,1,高频,普通,0.0,0.0,0.0,15.0,无负债
3180,男,1944-09-30,45,54,46-55,58,536770,1,高频,普通,0.0,0.0,0.0,15.0,无负债
3181,男,1943-02-15,27,55,46-55,183,2255169,1,超高频,优质,0.0,0.0,1.0,35.4,无负债
3182,女,1925-04-22,18,73,>55,105,228220,1,超高频,普通,0.0,0.0,0.0,25.5,无负债
3183,男,1980-02-24,70,18,≤25,126,896593,1,超高频,优质,0.0,0.0,1.0,24.3,无负债
3184,女,1959-12-01,5,39,36-45,417,2355691,1,超高频,高价值,0.0,0.0,1.0,55.8,无负债
3185,女,1972-11-26,17,26,26-35,405,3554175,1,超高频,高价值,0.0,0.0,0.0,69.2,无负债
3186,女,1955-01-14,1,43,36-45,150,918372,1,超高频,优质,0.0,0.0,1.0,27.7,无负债
3187,男,1952-09-02,7,46,46-55,398,3098131,1,超高频,高价值,0.0,0.0,1.0,69.0,无负债
3188,女,1976-05-19,68,22,≤25,325,1242379,1,超高频,优质,0.0,0.0,0.0,43.5,无负债
3190,女,1920-11-01,1,78,>55,88,145636,1,超高频,普通,0.0,0.0,0.0,17.0,无负债
3191,女,1975-11-05,56,23,≤25,555,1735243,1,超高频,优质,0.0,0.0,0.0,68.3,无负债
3192,男,1939-07-14,6,59,>55,129,1694937,1,超高频,优质,0.0,0.0,1.0,17.5,无负债
3193,女,1950-02-22,28,48,46-55,427,2058952,1,超高频,优质,0.0,0.0,0.0,71.8,无负债
3194,女,1975-08-17,51,23,≤25,212,721579,1,超高频,普通,0.0,0.0,0.0,69.6,无负债
3195,女,1971-06-13,2,27,26-35,546,1573969,1,超高频,优质,0.0,0.0,0.0,64.7,无负债
3196,女,1978-08-14,72,20,≤25,186,1193515,1,超高频,优质,0.0,0.0,0.0,33.7,无负债
3197,男,1958-07-10,1,40,36-45,416,5405704,1,超高频,高价值,0.0,0.0,1.0,70.4,无负债
3198,女,1953-03-05,1,45,36-45,416,5405704,1,超高频,高价值,0.0,0.0,0.0,70.4,无负债
3199,女,1957-12-18,1,41,36-45,188,1288991,1,超高频,优质,0.0,0.0,0.0,29.8,无负债
3200,男,1954-11-15,1,44,36-45,188,1288991,1,超高频,优质,0.0,0.0,0.0,29.8,无负债
3201,女,1953-08-06,66,45,36-45,148,1136963,1,超高频,优质,0.0,0.0,1.0,24.1,无负债
3202,男,1922-07-19,56,76,>55,272,647491,1,超高频,普通,0.0,0.0,0.0,54.2,无负债
3203,女,1959-04-23,1,39,36-45,208,1190146,1,超高频,优质,0.0,0.0,0.0,28.2,无负债
3204,男,1956-03-26,1,42,36-45,208,1190146,1,超高频,优质,0.0,0.0,0.0,28.2,无负债
3205,女,1921-06-25,1,77,>55,115,195360,1,超高频,普通,0.0,0.0,0.0,22.7,无负债
3206,男,1921-05-21,1,77,>55,115,195360,1,超高频,普通,0.0,0.0,0.0,22.7,无负债
3207,女,1925-12-03,55,73,>55,119,208497,1,超高频,普通,0.0,0.0,0.0,27.2,无负债
3208,男,1947-02-06,27,51,46-55,64,70726,1,超高频,普通,0.0,0.0,0.0,13.8,无负债
3209,女,1939-01-03,27,60,>55,64,70726,1,超高频,普通,0.0,0.0,0.0,13.8,无负债
3210,男,1963-08-30,14,35,26-35,160,526812,1,超高频,普通,0.0,0.0,0.0,33.6,无负债
3211,女,1967-08-07,17,31,26-35,387,5616257,1,超高频,高价值,0.0,0.0,0.0,63.4,无负债
3213,男,1941-10-04,1,57,>55,116,422340,1,超高频,普通,0.0,0.0,0.0,22.5,无负债
3214,男,1922-05-12,71,76,>55,257,586000,1,超高频,普通,0.0,0.0,0.0,56.1,无负债
3215,女,1936-05-06,64,62,>55,235,574438,1,超高频,普通,0.0,0.0,0.0,47.9,无负债
3216,男,1959-11-28,58,39,36-45,404,1905613,1,超高频,优质,0.0,0.0,0.0,60.2,无负债
3217,男,1977-05-02,61,21,≤25,398,996143,1,超高频,优质,0.0,0.0,0.0,62.5,无负债
3218,男,1965-12-16,49,33,26-35,402,399270,1,超高频,普通,0.0,0.0,0.0,70.8,无负债
3219,女,1959-10-18,49,39,36-45,402,399270,1,超高频,普通,0.0,0.0,0.0,70.8,无负债
3220,男,1957-02-17,23,41,36-45,291,389914,1,超高频,普通,0.0,0.0,0.0,63.2,无负债
3221,女,1953-07-16,23,45,36-45,291,389914,1,超高频,普通,0.0,0.0,0.0,63.2,无负债
3222,男,1977-05-06,21,21,≤25,100,606529,1,超高频,普通,0.0,0.0,0.0,19.7,无负债
3225,男,1957-03-17,13,41,36-45,432,3740038,1,超高频,高价值,0.0,0.0,1.0,72.2,无负债
3226,男,1951-11-22,1,47,46-55,345,480029,1,超高频,普通,0.0,0.0,0.0,64.5,无负债
3227,女,1950-10-28,59,48,46-55,101,131634,1,超高频,普通,0.0,0.0,0.0,21.9,无负债
3228,男,1957-02-22,34,41,36-45,402,1613930,1,超高频,优质,0.0,0.0,0.0,60.8,无负债
3229,男,1979-04-18,50,19,≤25,198,551467,1,超高频,普通,0.0,0.0,0.0,39.3,无负债
3230,女,1982-06-06,1,16,≤25,145,657432,1,超高频,普通,0.0,0.0,1.0,59.2,无负债
3231,男,1961-06-03,21,37,36-45,547,2342328,1,超高频,高价值,0.0,0.0,0.0,72.3,无负债
3232,男,1976-11-05,5,22,≤25,213,1188684,1,超高频,优质,0.0,0.0,0.0,28.5,无负债
3233,男,1980-11-30,1,18,≤25,87,1348328,1,超高频,优质,0.0,0.0,1.0,17.8,无负债
3234,女,1919-08-04,67,79,>55,73,201184,1,超高频,普通,0.0,0.0,0.0,17.5,无负债
3235,女,1950-06-12,46,48,46-55,249,1880044,1,超高频,优质,0.0,0.0,0.0,46.7,无负债
3236,女,1960-04-15,28,38,36-45,279,2371430,1,超高频,高价值,0.0,0.0,1.0,48.1,无负债
3239,女,1981-11-16,7,17,≤25,79,225157,1,超高频,普通,0.0,0.0,0.0,15.9,无负债
3240,女,1937-12-10,67,61,>55,108,222351,1,超高频,普通,0.0,0.0,0.0,26.4,无负债
3241,男,1934-09-14,26,64,>55,174,414832,1,超高频,普通,0.0,0.0,0.0,36.2,无负债
3242,女,1937-03-04,26,61,>55,174,414832,1,超高频,普通,0.0,0.0,0.0,36.2,无负债
3243,女,1920-09-30,71,78,>55,336,820126,1,超高频,普通,0.0,0.0,0.0,67.0,无负债
3244,男,1933-09-29,72,65,>55,204,377113,1,超高频,普通,0.0,0.0,0.0,47.0,无负债
3245,男,1952-12-02,70,46,46-55,151,1006951,1,超高频,优质,0.0,0.0,1.0,24.3,无负债
3246,男,1931-04-20,66,67,>55,103,260655,1,超高频,普通,0.0,0.0,0.0,21.8,无负债
3247,女,1958-04-21,69,40,36-45,103,106997,1,超高频,普通,0.0,0.0,0.0,64.7,无负债
3248,女,1929-08-02,28,69,>55,170,397355,1,超高频,普通,0.0,0.0,0.0,37.3,无负债
3249,男,1959-01-20,17,39,36-45,60,405107,1,高频,普通,0.0,0.0,1.0,13.7,无负债
3250,女,1962-01-20,17,36,36-45,60,405107,1,高频,普通,0.0,0.0,0.0,13.7,无负债
3251,女,1962-12-28,52,36,36-45,473,2746070,1,超高频,高价值,1.0,1.0,0.0,70.8,有负债
3252,男,1961-03-26,52,37,36-45,473,2746070,1,超高频,高价值,1.0,1.0,0.0,70.8,有负债
3253,男,1946-07-02,70,52,46-55,366,2799723,1,超高频,高价值,0.0,0.0,1.0,64.4,无负债
3254,男,1930-02-13,1,68,>55,97,198047,1,超高频,普通,0.0,0.0,0.0,23.7,无负债
3255,女,1970-01-04,8,29,26-35,503,1117427,1,超高频,优质,0.0,0.0,0.0,67.2,无负债
3256,男,1976-07-18,49,22,≤25,37,248476,1,高频,普通,0.0,0.0,1.0,19.7,无负债
3257,女,1978-05-11,73,20,≤25,180,2293700,1,超高频,优质,1.0,1.0,1.0,24.6,有负债
3258,女,1960-07-30,74,38,36-45,505,4043433,1,超高频,高价值,0.0,0.0,0.0,62.7,无负债
3259,男,1950-10-15,71,48,46-55,440,1474561,1,超高频,优质,0.0,0.0,1.0,66.1,无负债
3260,女,1942-09-08,74,56,>55,210,1832627,1,超高频,优质,0.0,0.0,1.0,35.5,无负债
3261,男,1950-04-10,74,48,46-55,210,1832627,1,超高频,优质,0.0,0.0,0.0,35.5,无负债
3262,女,1941-08-14,61,57,>55,49,70442,1,高频,普通,0.0,0.0,0.0,14.3,无负债
3264,女,1950-10-20,63,48,46-55,440,2734051,1,超高频,高价值,1.0,1.0,0.0,66.9,有负债
3265,女,1963-06-11,47,35,26-35,31,89600,1,高频,普通,0.0,0.0,0.0,30.7,无负债
3266,男,1960-10-08,47,38,36-45,31,89600,1,高频,普通,0.0,0.0,0.0,30.7,无负债
3267,男,1951-08-26,61,47,46-55,382,3522251,1,超高频,高价值,0.0,0.0,1.0,49.9,无负债
3268,女,1956-03-31,1,42,36-45,157,1499649,1,超高频,优质,0.0,0.0,1.0,33.7,无负债
3269,男,1974-11-05,2,24,≤25,157,144545,1,超高频,普通,0.0,0.0,0.0,26.8,无负债
3270,男,1940-01-22,12,58,>55,167,2522107,1,超高频,高价值,0.0,0.0,0.0,31.1,无负债
3271,女,1942-01-03,58,57,>55,396,2883330,1,超高频,高价值,0.0,0.0,0.0,68.4,无负债
3272,女,1920-07-18,9,78,>55,359,908354,1,超高频,优质,0.0,0.0,0.0,70.7,无负债
3273,男,1918-01-02,9,81,>55,359,908354,1,超高频,优质,0.0,0.0,0.0,70.7,无负债
3274,男,1929-01-22,26,69,>55,281,693523,1,超高频,普通,0.0,0.0,0.0,57.8,无负债
3275,女,1924-09-19,26,74,>55,281,693523,1,超高频,普通,0.0,0.0,0.0,57.8,无负债
3276,男,1980-03-21,52,18,≤25,361,1015510,1,超高频,优质,0.0,0.0,0.0,72.1,无负债
3277,男,1966-03-26,42,32,26-35,77,79293,1,超高频,普通,0.0,0.0,0.0,15.1,无负债
3278,女,1962-04-20,42,36,36-45,77,79293,1,超高频,普通,0.0,0.0,0.0,15.1,无负债
3279,女,1954-08-04,66,44,36-45,225,1583166,1,超高频,优质,0.0,0.0,1.0,36.3,无负债
3280,男,1958-05-31,66,40,36-45,225,1583166,1,超高频,优质,0.0,0.0,0.0,36.3,无负债
3281,男,1950-12-27,74,48,46-55,134,182039,1,超高频,普通,0.0,0.0,0.0,29.7,无负债
3282,男,1981-09-02,29,17,≤25,224,577684,1,超高频,普通,0.0,0.0,0.0,47.5,无负债
3283,男,1933-11-23,10,65,>55,178,405336,1,超高频,普通,0.0,0.0,0.0,35.3,无负债
3284,男,1936-07-02,2,62,>55,167,2073922,1,超高频,优质,1.0,1.0,0.0,18.8,有负债
3285,女,1943-09-17,2,55,46-55,167,2073922,1,超高频,优质,1.0,1.0,0.0,18.8,有负债
3286,女,1972-03-15,74,26,26-35,88,469480,1,超高频,普通,0.0,0.0,0.0,13.8,无负债
3287,男,1978-04-01,74,20,≤25,88,469480,1,超高频,普通,0.0,0.0,0.0,13.8,无负债
3288,男,1926-01-28,69,72,>55,71,172265,1,超高频,普通,0.0,0.0,0.0,17.5,无负债
3289,女,1977-06-09,75,21,≤25,253,905827,1,超高频,优质,0.0,0.0,0.0,46.4,无负债
3290,女,1969-07-12,11,29,26-35,149,920671,1,超高频,优质,0.0,0.0,0.0,29.2,无负债
3291,男,1947-01-23,52,51,46-55,160,879551,1,超高频,普通,1.0,1.0,1.0,21.3,有负债
3292,男,1940-01-21,18,58,>55,256,2131467,1,超高频,优质,0.0,0.0,1.0,45.1,无负债
3293,女,1953-01-20,1,45,36-45,184,1179468,1,超高频,优质,0.0,0.0,0.0,38.8,无负债
3294,男,1957-03-08,52,41,36-45,107,1053222,1,超高频,优质,1.0,1.0,0.0,18.1,有负债
3295,女,1966-03-13,40,32,26-35,271,1353970,1,超高频,优质,0.0,0.0,0.0,48.2,无负债
3296,男,1969-06-11,23,29,26-35,153,202143,1,超高频,普通,0.0,0.0,0.0,32.5,无负债
3297,男,1968-04-17,1,30,26-35,215,1889903,1,超高频,优质,0.0,0.0,1.0,39.8,无负债
3298,女,1942-08-05,5,56,>55,387,5059845,1,超高频,高价值,0.0,0.0,0.0,66.1,无负债
3299,女,1961-09-17,76,37,36-45,344,398330,1,超高频,普通,0.0,0.0,0.0,61.2,无负债
3300,男,1950-06-29,53,48,46-55,165,450042,1,超高频,普通,0.0,0.0,0.0,24.9,无负债
3302,女,1964-02-17,52,34,26-35,340,1352118,1,超高频,优质,0.0,0.0,0.0,67.0,无负债
3303,男,1965-01-09,52,34,26-35,340,1352118,1,超高频,优质,0.0,0.0,0.0,67.0,无负债
3304,男,1939-08-31,69,59,>55,170,1204919,1,超高频,优质,0.0,0.0,0.0,30.3,无负债
3305,女,1971-10-11,41,27,26-35,408,1907078,1,超高频,优质,0.0,0.0,0.0,62.5,无负债
3306,男,1948-04-26,27,50,46-55,352,915792,1,超高频,优质,0.0,0.0,0.0,62.0,无负债
3307,女,1979-07-01,14,19,≤25,265,2693582,1,超高频,高价值,0.0,0.0,0.0,56.6,无负债
3308,男,1948-02-16,15,50,46-55,315,3403052,1,超高频,高价值,0.0,0.0,1.0,67.8,无负债
3309,女,1942-04-29,15,56,>55,315,3403052,1,超高频,高价值,0.0,0.0,0.0,67.8,无负债
3310,男,1954-02-13,23,44,36-45,337,1698433,1,超高频,优质,0.0,0.0,1.0,51.3,无负债
3311,男,1954-08-25,51,44,36-45,128,832982,1,超高频,普通,0.0,0.0,0.0,19.6,无负债
3312,女,1971-11-05,70,27,26-35,82,677606,1,超高频,普通,0.0,0.0,0.0,20.7,无负债
3313,女,1946-02-10,60,52,46-55,104,606494,1,超高频,普通,0.0,0.0,0.0,15.3,无负债
3314,女,1931-12-18,24,67,>55,144,347140,1,超高频,普通,0.0,0.0,0.0,28.7,无负债
3315,男,1934-06-21,24,64,>55,144,347140,1,超高频,普通,0.0,0.0,0.0,28.7,无负债
3316,女,1947-12-15,1,51,46-55,246,662046,1,超高频,普通,0.0,0.0,0.0,53.4,无负债
3317,男,1950-04-24,1,48,46-55,246,662046,1,超高频,普通,0.0,0.0,0.0,53.4,无负债
3319,女,1979-04-24,1,19,≤25,364,4682183,1,超高频,高价值,0.0,0.0,1.0,56.1,无负债
3320,男,1972-02-14,1,26,26-35,364,4682183,1,超高频,高价值,0.0,0.0,0.0,56.1,无负债
3321,女,1969-05-30,13,29,26-35,295,693799,1,超高频,普通,0.0,0.0,0.0,45.3,无负债
3322,男,1948-02-29,31,50,46-55,289,686162,1,超高频,普通,0.0,0.0,0.0,44.8,无负债
3323,女,1981-02-22,74,17,≤25,175,553597,1,超高频,普通,0.0,0.0,0.0,32.0,无负债
3324,女,1971-04-13,26,27,26-35,213,1610399,1,超高频,优质,1.0,1.0,0.0,35.1,有负债
3325,男,1963-09-28,26,35,26-35,213,1610399,1,超高频,优质,1.0,1.0,0.0,35.1,有负债
3326,女,1952-12-26,57,46,46-55,239,3122188,1,超高频,高价值,1.0,1.0,0.0,35.7,有负债
3327,女,1937-07-04,20,61,>55,268,522987,1,超高频,普通,0.0,0.0,0.0,47.9,无负债
3328,男,1966-10-11,24,32,26-35,66,618688,1,超高频,普通,0.0,0.0,0.0,14.6,无负债
3329,男,1961-03-20,54,37,36-45,140,178946,1,超高频,普通,0.0,0.0,0.0,32.1,无负债
3330,女,1955-04-15,54,43,36-45,140,178946,1,超高频,普通,0.0,0.0,0.0,32.1,无负债
3331,女,1970-02-05,70,28,26-35,397,1280742,1,超高频,优质,0.0,0.0,0.0,68.4,无负债
3332,女,1969-11-15,46,29,26-35,144,1699735,1,超高频,优质,0.0,0.0,0.0,26.7,无负债
3333,女,1949-07-24,10,49,46-55,130,694496,1,超高频,普通,0.0,0.0,1.0,21.9,无负债
3334,男,1967-07-01,1,31,26-35,121,910905,1,超高频,优质,0.0,0.0,0.0,24.5,无负债
3335,男,1967-02-10,11,31,26-35,634,7399389,1,超高频,高价值,1.0,1.0,0.0,70.4,有负债
3336,女,1951-05-30,64,47,46-55,462,6273920,1,超高频,高价值,0.0,0.0,0.0,71.7,无负债
3337,男,1952-04-13,53,46,46-55,180,945061,1,超高频,优质,0.0,0.0,1.0,29.0,无负债
3338,女,1942-11-29,69,56,>55,64,276910,1,超高频,普通,0.0,0.0,0.0,15.6,无负债
3339,女,1976-01-29,31,22,≤25,110,293920,1,超高频,普通,0.0,0.0,1.0,22.7,无负债
3340,男,1976-02-16,54,22,≤25,228,1340322,1,超高频,优质,0.0,0.0,0.0,33.8,无负债
3341,女,1968-12-20,54,30,26-35,228,1340322,1,超高频,优质,0.0,0.0,0.0,33.8,无负债
3342,男,1973-09-29,73,25,≤25,326,560576,1,超高频,普通,0.0,0.0,0.0,61.3,无负债
3344,男,1961-09-16,42,37,36-45,461,579599,1,超高频,普通,0.0,0.0,0.0,61.1,无负债
3345,女,1941-01-27,37,57,>55,376,2710058,1,超高频,高价值,0.0,0.0,0.0,65.4,无负债
3346,男,1941-02-25,37,57,>55,376,2710058,1,超高频,高价值,0.0,0.0,0.0,65.4,无负债
3347,男,1936-01-19,11,62,>55,185,880820,1,超高频,普通,0.0,0.0,0.0,34.7,无负债
3348,女,1978-02-14,38,20,≤25,241,1061913,1,超高频,优质,0.0,0.0,1.0,30.7,无负债
3349,男,1963-12-21,42,35,26-35,171,444132,1,超高频,普通,0.0,0.0,0.0,35.4,无负债
3350,男,1950-03-19,30,48,46-55,59,830562,1,高频,普通,0.0,0.0,0.0,13.0,无负债
3351,女,1942-09-15,30,56,>55,59,830562,1,高频,普通,0.0,0.0,0.0,13.0,无负债
3352,男,1919-09-12,23,79,>55,67,139342,1,超高频,普通,0.0,0.0,0.0,17.0,无负债
3353,女,1919-04-21,23,79,>55,67,139342,1,超高频,普通,0.0,0.0,0.0,17.0,无负债
3354,女,1943-10-28,62,55,46-55,23,61600,1,高频,普通,0.0,0.0,0.0,24.6,无负债
3355,男,1953-01-15,38,45,36-45,360,1687982,1,超高频,优质,0.0,0.0,0.0,60.9,无负债
3356,男,1974-04-23,73,24,≤25,531,2441517,1,超高频,高价值,0.0,0.0,1.0,67.5,无负债
3357,女,1954-07-21,63,44,36-45,163,1068310,1,超高频,优质,0.0,0.0,1.0,36.6,无负债
3358,男,1975-10-07,16,23,≤25,269,690846,1,超高频,普通,0.0,0.0,0.0,43.0,无负债
3359,男,1945-02-24,1,53,46-55,110,1233244,1,超高频,优质,0.0,0.0,0.0,22.4,无负债
3360,女,1976-08-31,43,22,≤25,215,540776,1,超高频,普通,0.0,0.0,1.0,37.8,无负债
3361,女,1930-10-02,40,68,>55,55,155864,1,高频,普通,0.0,0.0,0.0,14.3,无负债
3365,女,1966-07-30,1,32,26-35,61,540932,1,超高频,普通,0.0,0.0,0.0,13.0,无负债
3366,女,1959-02-12,54,39,36-45,269,1541505,1,超高频,优质,0.0,0.0,0.0,51.4,无负债
3367,男,1952-04-23,54,46,46-55,269,1541505,1,超高频,优质,0.0,0.0,0.0,51.4,无负债
3368,女,1952-10-24,14,46,46-55,447,1645075,1,超高频,优质,0.0,0.0,0.0,60.9,无负债
3369,男,1952-04-16,1,46,46-55,293,1817020,1,超高频,优质,0.0,0.0,0.0,51.2,无负债
3370,男,1919-03-28,25,79,>55,45,113871,1,高频,普通,0.0,0.0,0.0,12.6,无负债
3371,女,1919-10-07,25,79,>55,45,113871,1,高频,普通,0.0,0.0,0.0,12.6,无负债
3372,男,1970-10-30,1,28,26-35,157,250112,1,超高频,普通,0.0,0.0,0.0,28.6,无负债
3373,男,1952-11-29,5,46,46-55,292,415341,1,超高频,普通,0.0,0.0,0.0,63.7,无负债
3374,女,1960-08-13,5,38,36-45,292,415341,1,超高频,普通,0.0,0.0,0.0,63.7,无负债
3375,男,1954-11-06,74,44,36-45,132,766027,1,超高频,普通,0.0,0.0,0.0,29.2,无负债
3376,女,1945-01-19,11,53,46-55,201,1164681,1,超高频,优质,0.0,0.0,0.0,28.8,无负债
3377,男,1938-05-05,11,60,>55,201,1164681,1,超高频,优质,0.0,0.0,0.0,28.8,无负债
3378,男,1957-04-21,5,41,36-45,77,1139908,1,超高频,优质,0.0,0.0,1.0,13.0,无负债
3379,女,1949-07-01,5,49,46-55,77,1139908,1,超高频,优质,0.0,0.0,0.0,13.0,无负债
3380,女,1978-04-03,74,20,≤25,100,863652,1,超高频,普通,0.0,0.0,0.0,22.5,无负债
3381,女,1965-09-01,70,33,26-35,305,2256183,1,超高频,优质,0.0,0.0,0.0,53.0,无负债
3382,男,1954-02-28,54,44,36-45,432,4503893,1,超高频,高价值,0.0,0.0,1.0,57.8,无负债
3383,女,1956-04-23,54,42,36-45,432,4503893,1,超高频,高价值,0.0,0.0,0.0,57.8,无负债
3384,女,1942-08-03,41,56,>55,110,824347,1,超高频,普通,0.0,0.0,1.0,20.1,无负债
3385,女,1924-02-13,11,74,>55,118,283960,1,超高频,普通,0.0,0.0,0.0,27.7,无负债
3386,女,1940-03-08,49,58,>55,365,575159,1,超高频,普通,0.0,0.0,0.0,64.4,无负债
3387,男,1943-08-14,58,55,46-55,214,2809495,1,超高频,高价值,0.0,0.0,1.0,37.6,无负债
3388,女,1965-10-26,53,33,26-35,160,491962,1,超高频,普通,0.0,0.0,0.0,34.8,无负债
3389,女,1967-01-16,39,31,26-35,144,177054,1,超高频,普通,0.0,0.0,0.0,31.9,无负债
3390,女,1972-11-17,53,26,26-35,92,361944,1,超高频,普通,0.0,0.0,0.0,18.5,无负债
3391,男,1971-04-07,42,27,26-35,109,871017,1,超高频,普通,0.0,0.0,0.0,27.3,无负债
3392,女,1975-10-31,1,23,≤25,140,550849,1,超高频,普通,0.0,0.0,0.0,49.2,无负债
3393,女,1954-08-24,73,44,36-45,310,1558408,1,超高频,优质,0.0,0.0,0.0,49.5,无负债
3394,女,1980-07-04,66,18,≤25,368,1142251,1,超高频,优质,0.0,0.0,0.0,46.2,无负债
3395,男,1962-12-28,4,36,36-45,230,3300897,1,超高频,高价值,0.0,0.0,1.0,36.5,无负债
3396,女,1977-03-03,18,21,≤25,155,1546340,1,超高频,优质,0.0,0.0,0.0,30.3,无负债
3397,女,1974-06-08,24,24,≤25,493,1879135,1,超高频,优质,0.0,0.0,0.0,61.4,无负债
3398,男,1969-09-13,24,29,26-35,493,1879135,1,超高频,优质,0.0,0.0,0.0,61.4,无负债
3399,男,1932-02-25,72,66,>55,323,601484,1,超高频,普通,0.0,0.0,0.0,69.2,无负债
3402,女,1952-05-02,74,46,46-55,126,739806,1,超高频,普通,0.0,0.0,0.0,20.2,无负债
3403,男,1957-10-18,74,41,36-45,126,739806,1,超高频,普通,0.0,0.0,0.0,20.2,无负债
3404,女,1940-10-11,56,58,>55,349,2004936,1,超高频,优质,0.0,0.0,1.0,69.8,无负债
3405,男,1949-12-15,40,49,46-55,411,5781025,1,超高频,高价值,0.0,0.0,1.0,66.3,无负债
3406,女,1947-07-13,40,51,46-55,411,5781025,1,超高频,高价值,0.0,0.0,0.0,66.3,无负债
3407,女,1973-04-13,35,25,≤25,372,2065786,1,超高频,优质,0.0,0.0,0.0,54.3,无负债
3408,男,1973-12-20,35,25,≤25,372,2065786,1,超高频,优质,0.0,0.0,0.0,54.3,无负债
3409,男,1919-04-03,36,79,>55,54,104204,1,高频,普通,0.0,0.0,0.0,12.9,无负债
3410,男,1965-02-16,54,33,26-35,181,583101,1,超高频,普通,0.0,0.0,0.0,30.1,无负债
3412,男,1975-07-18,57,23,≤25,331,444239,1,超高频,普通,0.0,0.0,0.0,69.5,无负债
3413,女,1969-11-25,57,29,26-35,331,444239,1,超高频,普通,0.0,0.0,0.0,69.5,无负债
3414,女,1947-10-17,11,51,46-55,413,2045550,1,超高频,优质,1.0,1.0,1.0,63.3,有负债
3415,女,1973-09-30,54,25,≤25,157,1502413,1,超高频,优质,0.0,0.0,1.0,30.2,无负债
3416,男,1978-06-01,35,20,≤25,137,782442,1,超高频,普通,0.0,0.0,0.0,25.7,无负债
3417,女,1985-03-18,35,13,≤25,137,782442,1,超高频,普通,0.0,0.0,0.0,25.7,无负债
3418,女,1963-08-07,70,35,26-35,108,1048816,1,超高频,优质,0.0,0.0,0.0,24.8,无负债
3420,男,1979-06-24,66,19,≤25,84,167265,1,超高频,普通,0.0,0.0,0.0,16.7,无负债
3421,男,1947-03-05,20,51,46-55,274,1240160,1,超高频,优质,0.0,0.0,0.0,41.5,无负债
3422,女,1951-05-02,1,47,46-55,93,658618,1,超高频,普通,0.0,0.0,0.0,13.9,无负债
3423,女,1971-09-05,12,27,26-35,46,68106,1,高频,普通,0.0,0.0,0.0,13.5,无负债
3424,男,1918-11-14,64,80,>55,173,341449,1,超高频,普通,0.0,0.0,0.0,40.7,无负债
3425,男,1970-05-07,70,28,26-35,310,1568886,1,超高频,优质,0.0,0.0,1.0,39.2,无负债
3426,男,1978-02-07,73,20,≤25,198,401353,1,超高频,普通,0.0,0.0,0.0,39.5,无负债
3427,男,1980-06-16,42,18,≤25,209,1547425,1,超高频,优质,0.0,0.0,1.0,38.0,无负债
3428,女,1987-09-27,42,11,≤25,209,1547425,1,超高频,优质,0.0,0.0,0.0,38.0,无负债
3429,男,1941-10-16,46,57,>55,153,1423123,1,超高频,优质,0.0,0.0,0.0,31.4,无负债
3430,男,1951-09-25,3,47,46-55,567,7365811,1,超高频,高价值,0.0,0.0,0.0,69.6,无负债
3431,女,1979-04-05,70,19,≤25,378,1951021,1,超高频,优质,0.0,0.0,0.0,45.6,无负债
3432,男,1973-11-08,15,25,≤25,304,3082669,1,超高频,高价值,0.0,0.0,0.0,51.5,无负债
3433,男,1962-09-07,71,36,36-45,370,1311654,1,超高频,优质,0.0,0.0,0.0,66.1,无负债
3434,女,1956-09-20,71,42,36-45,370,1311654,1,超高频,优质,0.0,0.0,0.0,66.1,无负债
3435,女,1945-05-27,4,53,46-55,397,370746,1,超高频,普通,0.0,0.0,0.0,61.0,无负债
3436,男,1958-02-18,30,40,36-45,105,793570,1,超高频,普通,0.0,0.0,0.0,21.4,无负债
3437,女,1959-08-08,30,39,36-45,105,793570,1,超高频,普通,0.0,0.0,0.0,21.4,无负债
3438,男,1942-01-12,43,57,>55,167,1537296,1,超高频,优质,0.0,0.0,0.0,35.9,无负债
3439,男,1967-01-27,62,31,26-35,81,720485,1,超高频,普通,0.0,0.0,1.0,16.6,无负债
3440,女,1938-02-13,1,60,>55,64,166446,1,超高频,普通,0.0,0.0,0.0,15.4,无负债
3441,男,1958-02-09,75,40,36-45,324,1067721,1,超高频,优质,0.0,0.0,0.0,56.6,无负债
3443,女,1934-12-06,1,64,>55,336,822211,1,超高频,普通,0.0,0.0,0.0,64.4,无负债
3444,男,1977-04-06,57,21,≤25,46,62371,1,高频,普通,0.0,0.0,0.0,13.5,无负债
3445,女,1979-03-26,17,19,≤25,222,666300,1,超高频,普通,0.0,0.0,0.0,37.5,无负债
3446,男,1957-10-01,70,41,36-45,25,72400,1,高频,普通,0.0,0.0,0.0,24.4,无负债
3447,女,1949-04-21,54,49,46-55,213,363828,1,超高频,普通,0.0,0.0,0.0,40.4,无负债
3448,男,1954-12-24,1,44,36-45,123,955677,1,超高频,优质,0.0,0.0,1.0,23.8,无负债
3449,男,1928-03-21,27,70,>55,172,295268,1,超高频,普通,0.0,0.0,0.0,41.0,无负债
3450,男,1976-09-12,25,22,≤25,248,1395484,1,超高频,优质,0.0,0.0,0.0,46.2,无负债
3451,男,1974-07-17,19,24,≤25,120,1824056,1,超高频,优质,0.0,0.0,0.0,20.4,无负债
3452,女,1975-08-28,19,23,≤25,120,1824056,1,超高频,优质,0.0,0.0,0.0,20.4,无负债
3453,男,1950-08-02,56,48,46-55,265,894852,1,超高频,优质,0.0,0.0,0.0,40.9,无负债
3454,女,1949-10-17,11,49,46-55,366,4362127,1,超高频,高价值,0.0,0.0,0.0,63.2,无负债
3455,男,1957-02-28,11,41,36-45,366,4362127,1,超高频,高价值,0.0,0.0,0.0,63.2,无负债
3456,女,1945-01-21,54,53,46-55,98,1357392,1,超高频,优质,0.0,0.0,0.0,19.4,无负债
3457,女,1923-06-14,75,75,>55,369,820039,1,超高频,普通,0.0,0.0,0.0,71.7,无负债
3458,男,1953-06-30,33,45,36-45,457,3519323,1,超高频,高价值,0.0,0.0,1.0,67.8,无负债
3459,女,1964-08-30,14,34,26-35,222,781884,1,超高频,普通,0.0,0.0,0.0,35.9,无负债
3460,男,1965-10-11,14,33,26-35,222,781884,1,超高频,普通,0.0,0.0,0.0,35.9,无负债
3461,男,1958-02-22,54,40,36-45,243,1056734,1,超高频,优质,0.0,0.0,0.0,34.0,无负债
3462,女,1965-03-18,54,33,26-35,243,1056734,1,超高频,优质,0.0,0.0,0.0,34.0,无负债
3463,女,1979-03-02,1,19,≤25,374,1204383,1,超高频,优质,0.0,0.0,0.0,46.7,无负债
3464,男,1953-01-14,43,45,36-45,222,1470858,1,超高频,优质,0.0,0.0,0.0,40.2,无负债
3465,男,1942-04-17,30,56,>55,371,3129993,1,超高频,高价值,0.0,0.0,1.0,62.8,无负债
3466,女,1936-05-31,1,62,>55,251,517495,1,超高频,普通,0.0,0.0,0.0,55.4,无负债
3467,男,1939-12-06,1,59,>55,251,517495,1,超高频,普通,0.0,0.0,0.0,55.4,无负债
3468,女,1933-12-31,68,65,>55,131,275624,1,超高频,普通,0.0,0.0,0.0,27.5,无负债
3469,女,1975-02-23,1,23,≤25,173,624393,1,超高频,普通,0.0,0.0,0.0,30.9,无负债
3470,女,1937-04-23,52,61,>55,188,488438,1,超高频,普通,0.0,0.0,0.0,38.6,无负债
3471,女,1952-09-29,1,46,46-55,173,749688,1,超高频,普通,1.0,1.0,0.0,28.3,有负债
3472,女,1946-05-11,70,52,46-55,189,824124,1,超高频,普通,0.0,0.0,0.0,25.0,无负债
3473,男,1948-05-21,70,50,46-55,189,824124,1,超高频,普通,0.0,0.0,0.0,25.0,无负债
3474,女,1954-12-08,32,44,36-45,92,119070,1,超高频,普通,0.0,0.0,0.0,21.3,无负债
3475,男,1957-03-13,19,41,36-45,112,857861,1,超高频,普通,0.0,0.0,0.0,24.6,无负债
3476,女,1968-01-05,60,31,26-35,396,2559196,1,超高频,高价值,0.0,0.0,0.0,69.3,无负债
3477,男,1965-08-28,37,33,26-35,267,4149228,1,超高频,高价值,0.0,0.0,1.0,43.6,无负债
3478,男,1926-05-30,1,72,>55,80,236359,1,超高频,普通,0.0,0.0,0.0,18.9,无负债
3479,女,1933-09-19,1,65,>55,80,236359,1,超高频,普通,0.0,0.0,0.0,18.9,无负债
3480,女,1951-04-10,15,47,46-55,67,334356,1,超高频,普通,0.0,0.0,0.0,14.8,无负债
3481,男,1957-11-10,15,41,36-45,67,334356,1,超高频,普通,0.0,0.0,0.0,14.8,无负债
3482,女,1941-02-09,71,57,>55,396,2478978,1,超高频,高价值,0.0,0.0,0.0,67.5,无负债
3483,男,1940-12-02,70,58,>55,422,1392705,1,超高频,优质,0.0,0.0,0.0,72.9,无负债
3484,男,1972-04-30,44,26,26-35,116,997021,1,超高频,优质,0.0,0.0,0.0,29.8,无负债
3485,男,1922-05-27,77,76,>55,82,172475,1,超高频,普通,0.0,0.0,0.0,18.4,无负债
3486,男,1962-03-09,77,36,36-45,405,1132554,1,超高频,优质,0.0,0.0,0.0,71.8,无负债
3487,男,1959-09-06,1,39,36-45,156,1114106,1,超高频,优质,0.0,0.0,0.0,28.3,无负债
3488,男,1955-10-09,1,43,36-45,328,815232,1,超高频,普通,0.0,0.0,0.0,57.6,无负债
3489,男,1966-08-13,76,32,26-35,164,1348424,1,超高频,优质,0.0,0.0,0.0,30.1,无负债
3490,男,1920-10-16,19,78,>55,162,240013,1,超高频,普通,0.0,0.0,0.0,31.8,无负债
3491,女,1922-11-18,19,76,>55,162,240013,1,超高频,普通,0.0,0.0,0.0,31.8,无负债
3492,女,1970-12-27,8,28,26-35,202,2631835,1,超高频,高价值,0.0,0.0,0.0,33.8,无负债
3493,女,1965-05-04,69,33,26-35,222,1734532,1,超高频,优质,0.0,0.0,0.0,35.3,无负债
3494,男,1969-07-02,42,29,26-35,113,766412,1,超高频,普通,0.0,0.0,0.0,19.4,无负债
3495,女,1941-05-10,64,57,>55,13,40700,1,中频,普通,0.0,0.0,0.0,12.7,无负债
3496,男,1949-07-11,64,49,46-55,13,40700,1,中频,普通,0.0,0.0,0.0,12.7,无负债
3497,女,1970-09-11,39,28,26-35,188,214257,1,超高频,普通,0.0,0.0,0.0,35.3,无负债
3498,男,1938-04-01,77,60,>55,384,6009304,1,超高频,高价值,0.0,0.0,0.0,65.1,无负债
3499,男,1969-03-16,19,29,26-35,406,2728121,1,超高频,高价值,0.0,0.0,0.0,70.8,无负债
3500,男,1960-06-07,29,38,36-45,398,433428,1,超高频,普通,0.0,0.0,0.0,70.1,无负债
3501,男,1964-03-21,51,34,26-35,109,1853332,1,超高频,优质,0.0,0.0,1.0,14.9,无负债
3502,男,1952-08-03,54,46,46-55,134,892186,1,超高频,优质,0.0,0.0,0.0,25.6,无负债
3503,女,1953-01-14,54,45,36-45,134,892186,1,超高频,优质,0.0,0.0,0.0,25.6,无负债
3504,男,1952-01-25,40,46,46-55,112,1017538,1,超高频,优质,0.0,0.0,1.0,21.3,无负债
3505,男,1977-12-06,20,21,≤25,26,214563,1,高频,普通,0.0,0.0,0.0,19.9,无负债
3506,女,1961-08-20,1,37,36-45,104,363497,1,超高频,普通,0.0,0.0,0.0,21.1,无负债
3507,女,1946-12-02,32,52,46-55,479,3100262,1,超高频,高价值,0.0,0.0,0.0,72.1,无负债
3508,男,1970-11-09,38,28,26-35,301,2660786,1,超高频,高价值,0.0,0.0,0.0,56.3,无负债
3509,女,1965-02-13,38,33,26-35,301,2660786,1,超高频,高价值,0.0,0.0,0.0,56.3,无负债
3510,男,1939-10-26,13,59,>55,170,1237692,1,超高频,优质,0.0,0.0,0.0,33.9,无负债
3511,男,1963-09-11,74,35,26-35,246,1389862,1,超高频,优质,0.0,0.0,0.0,51.7,无负债
3512,男,1946-05-25,49,52,46-55,191,974850,1,超高频,优质,0.0,0.0,0.0,27.8,无负债
3513,男,1922-07-20,70,76,>55,319,856891,1,超高频,普通,0.0,0.0,0.0,64.7,无负债
3514,女,1918-02-05,70,80,>55,319,856891,1,超高频,普通,0.0,0.0,0.0,64.7,无负债
3515,女,1975-01-02,61,24,≤25,110,721430,1,超高频,普通,0.0,0.0,1.0,21.9,无负债
3516,女,1971-09-07,58,27,26-35,187,817953,1,超高频,普通,0.0,0.0,0.0,33.4,无负债
3517,女,1953-06-24,68,45,36-45,85,1320839,1,超高频,优质,1.0,1.0,1.0,14.6,有负债
3518,女,1955-09-02,33,43,36-45,334,1168410,1,超高频,优质,0.0,0.0,0.0,46.9,无负债
3519,男,1949-12-15,74,49,46-55,369,5610304,1,超高频,高价值,1.0,1.0,1.0,53.9,有负债
3520,女,1928-05-17,8,70,>55,343,528292,1,超高频,普通,0.0,0.0,0.0,61.0,无负债
3521,男,1964-07-20,4,34,26-35,173,511540,1,超高频,普通,0.0,0.0,0.0,28.2,无负债
3522,男,1963-02-02,57,35,26-35,384,6769395,1,超高频,高价值,0.0,0.0,1.0,66.3,无负债
3523,男,1964-04-29,6,34,26-35,199,687527,1,超高频,普通,0.0,0.0,0.0,25.3,无负债
3524,女,1945-11-20,68,53,46-55,147,1014505,1,超高频,优质,0.0,0.0,0.0,29.2,无负债
3525,男,1974-05-21,15,24,≤25,70,889393,1,超高频,普通,0.0,0.0,0.0,13.1,无负债
3526,女,1977-07-06,15,21,≤25,70,889393,1,超高频,普通,0.0,0.0,0.0,13.1,无负债
3527,男,1978-08-11,77,20,≤25,238,1330117,1,超高频,优质,0.0,0.0,0.0,44.4,无负债
3528,女,1970-10-06,73,28,26-35,61,609822,1,超高频,普通,0.0,0.0,0.0,13.8,无负债
3529,男,1973-03-15,54,25,≤25,147,818434,1,超高频,普通,0.0,0.0,0.0,27.7,无负债
3530,女,1971-09-18,16,27,26-35,276,3315409,1,超高频,高价值,0.0,0.0,0.0,55.7,无负债
3531,男,1920-06-14,43,78,>55,216,384895,1,超高频,普通,0.0,0.0,0.0,48.4,无负债
3532,男,1935-02-24,56,63,>55,243,1151352,1,超高频,优质,0.0,0.0,0.0,51.3,无负债
3533,女,1963-12-01,1,35,26-35,385,1066467,1,超高频,优质,0.0,0.0,0.0,72.7,无负债
3534,女,1971-03-21,50,27,26-35,620,1701493,1,超高频,优质,0.0,0.0,0.0,72.6,无负债
3535,男,1973-05-12,37,25,≤25,53,486801,1,高频,普通,0.0,0.0,1.0,17.2,无负债
3536,男,1922-08-20,55,76,>55,276,649586,1,超高频,普通,0.0,0.0,0.0,61.5,无负债
3537,男,1946-04-16,51,52,46-55,226,2528953,1,超高频,高价值,0.0,0.0,0.0,33.3,无负债
3538,女,1944-05-02,1,54,46-55,180,2388010,1,超高频,高价值,0.0,0.0,0.0,28.7,无负债
3539,男,1920-08-31,36,78,>55,202,361891,1,超高频,普通,0.0,0.0,0.0,44.6,无负债
3540,男,1936-08-04,51,62,>55,655,5608802,1,超高频,高价值,0.0,0.0,0.0,68.9,无负债
3541,女,1934-05-01,51,64,>55,655,5608802,1,超高频,高价值,0.0,0.0,0.0,68.9,无负债
3542,男,1939-09-02,10,59,>55,473,5018932,1,超高频,高价值,1.0,1.0,0.0,67.4,有负债
3543,女,1941-08-19,10,57,>55,473,5018932,1,超高频,高价值,1.0,1.0,0.0,67.4,有负债
3544,女,1961-08-15,1,37,36-45,152,1913279,1,超高频,优质,0.0,0.0,1.0,27.2,无负债
3545,男,1966-11-01,68,32,26-35,203,257130,1,超高频,普通,0.0,0.0,0.0,44.2,无负债
3546,男,1971-02-28,3,27,26-35,199,859691,1,超高频,普通,1.0,1.0,0.0,33.7,有负债
3547,女,1924-03-15,1,74,>55,91,204595,1,超高频,普通,0.0,0.0,0.0,22.5,无负债
3548,男,1975-05-03,1,23,≤25,569,6226251,1,超高频,高价值,0.0,0.0,0.0,65.9,无负债
3549,女,1937-09-08,5,61,>55,76,186580,1,超高频,普通,0.0,0.0,0.0,18.4,无负债
3550,女,1969-09-14,54,29,26-35,365,3023593,1,超高频,高价值,0.0,0.0,0.0,67.2,无负债
3552,男,1940-11-16,44,58,>55,80,187710,1,超高频,普通,0.0,0.0,0.0,15.5,无负债
3554,女,1965-12-21,22,33,26-35,229,587765,1,超高频,普通,0.0,0.0,0.0,36.2,无负债
3555,男,1968-02-06,22,30,26-35,229,587765,1,超高频,普通,0.0,0.0,0.0,36.2,无负债
3556,男,1927-11-27,6,71,>55,144,335939,1,超高频,普通,0.0,0.0,0.0,30.1,无负债
3557,女,1928-11-24,6,70,>55,144,335939,1,超高频,普通,0.0,0.0,0.0,30.1,无负债
3558,女,1928-07-01,54,70,>55,144,247423,1,超高频,普通,0.0,0.0,0.0,32.3,无负债
3559,女,1939-10-23,57,59,>55,145,280515,1,超高频,普通,0.0,0.0,0.0,29.2,无负债
3560,男,1944-02-02,57,54,46-55,145,280515,1,超高频,普通,0.0,0.0,0.0,29.2,无负债
3562,男,1931-04-05,1,67,>55,317,634937,1,超高频,普通,0.0,0.0,0.0,51.1,无负债
3563,女,1926-11-22,1,72,>55,317,634937,1,超高频,普通,0.0,0.0,0.0,51.1,无负债
3564,男,1948-03-23,62,50,46-55,157,1257431,1,超高频,优质,0.0,0.0,0.0,30.6,无负债
3565,男,1962-07-29,44,36,36-45,487,1639286,1,超高频,优质,0.0,0.0,0.0,64.8,无负债
3566,女,1932-02-19,65,66,>55,104,182485,1,超高频,普通,0.0,0.0,0.0,20.4,无负债
3567,男,1948-03-09,1,50,46-55,181,417808,1,超高频,普通,0.0,0.0,1.0,28.4,无负债
3568,男,1941-01-25,1,57,>55,111,1019260,1,超高频,优质,0.0,0.0,1.0,21.1,无负债
3569,男,1933-04-09,67,65,>55,117,256945,1,超高频,普通,0.0,0.0,0.0,27.5,无负债
3570,女,1945-04-27,15,53,46-55,93,546096,1,超高频,普通,0.0,0.0,0.0,19.0,无负债
3571,男,1970-06-17,25,28,26-35,241,1879568,1,超高频,优质,0.0,0.0,0.0,41.8,无负债
3572,女,1928-12-18,48,70,>55,302,656800,1,超高频,普通,0.0,0.0,0.0,64.3,无负债
3573,女,1972-02-09,8,26,26-35,324,4766320,1,超高频,高价值,0.0,0.0,1.0,59.0,无负债
3574,女,1946-02-17,19,52,46-55,272,1495044,1,超高频,优质,0.0,0.0,0.0,52.1,无负债
3575,女,1937-10-12,9,61,>55,160,264158,1,超高频,普通,0.0,0.0,0.0,30.1,无负债
3576,女,1939-03-15,1,59,>55,422,4846387,1,超高频,高价值,1.0,1.0,0.0,68.1,有负债
3577,女,1942-12-15,31,56,>55,126,787447,1,超高频,普通,0.0,0.0,1.0,25.1,无负债
3578,男,1927-10-20,72,71,>55,100,189666,1,超高频,普通,0.0,0.0,0.0,24.1,无负债
3579,女,1930-08-07,72,68,>55,100,189666,1,超高频,普通,0.0,0.0,0.0,24.1,无负债
3580,女,1929-04-27,6,69,>55,175,409156,1,超高频,普通,0.0,0.0,0.0,39.3,无负债
3581,男,1967-12-23,33,31,26-35,145,1745147,1,超高频,优质,0.0,0.0,1.0,21.5,无负债
3582,男,1955-02-17,38,43,36-45,168,753430,1,超高频,普通,0.0,0.0,0.0,26.0,无负债
3583,女,1942-09-09,15,56,>55,309,3608906,1,超高频,高价值,0.0,0.0,1.0,47.5,无负债
3584,男,1941-03-25,15,57,>55,309,3608906,1,超高频,高价值,0.0,0.0,0.0,47.5,无负债
3585,女,1968-10-02,29,30,26-35,43,84100,1,高频,普通,0.0,0.0,0.0,43.9,无负债
3586,男,1943-04-11,60,55,46-55,298,1480656,1,超高频,优质,0.0,0.0,0.0,72.3,无负债
3587,女,1939-12-01,60,59,>55,298,1480656,1,超高频,优质,0.0,0.0,0.0,72.3,无负债
3588,女,1953-11-04,76,45,36-45,228,2477448,1,超高频,高价值,0.0,0.0,0.0,61.2,无负债
3589,女,1961-07-13,73,37,36-45,327,4555224,1,超高频,高价值,0.0,0.0,1.0,62.2,无负债
3590,女,1976-09-23,23,22,≤25,175,957624,1,超高频,优质,0.0,0.0,1.0,29.0,无负债
3591,男,1930-09-28,74,68,>55,346,744692,1,超高频,普通,0.0,0.0,0.0,70.7,无负债
3592,女,1925-03-30,74,73,>55,346,744692,1,超高频,普通,0.0,0.0,0.0,70.7,无负债
3594,女,1961-05-07,13,37,36-45,161,1006553,1,超高频,优质,0.0,0.0,0.0,28.8,无负债
3595,男,1965-01-01,28,34,26-35,183,2440983,1,超高频,高价值,0.0,0.0,0.0,30.8,无负债
3596,男,1975-03-22,74,23,≤25,260,599278,1,超高频,普通,0.0,0.0,0.0,48.5,无负债
3597,女,1933-08-17,10,65,>55,51,120450,1,高频,普通,0.0,0.0,0.0,13.5,无负债
3598,男,1923-09-11,66,75,>55,293,589818,1,超高频,普通,0.0,0.0,0.0,61.6,无负债
3599,女,1931-03-02,66,67,>55,293,589818,1,超高频,普通,0.0,0.0,0.0,61.6,无负债
3600,女,1943-07-26,46,55,46-55,124,176951,1,超高频,普通,0.0,0.0,0.0,24.0,无负债
3601,男,1938-08-03,19,60,>55,303,3303872,1,超高频,高价值,1.0,1.0,1.0,31.4,有负债
3602,女,1940-12-10,19,58,>55,303,3303872,1,超高频,高价值,1.0,1.0,0.0,31.4,有负债
3603,男,1954-06-13,42,44,36-45,138,387675,1,超高频,普通,0.0,0.0,0.0,29.7,无负债
3605,男,1934-07-24,71,64,>55,354,618182,1,超高频,普通,0.0,0.0,0.0,69.9,无负债
3606,男,1958-06-06,63,40,36-45,234,1569343,1,超高频,优质,1.0,1.0,1.0,33.2,有负债
3607,女,1946-07-29,18,52,46-55,359,3176198,1,超高频,高价值,0.0,0.0,0.0,64.4,无负债
3608,男,1947-12-09,66,51,46-55,168,2117218,1,超高频,优质,1.0,1.0,0.0,27.0,有负债
3609,女,1955-10-26,66,43,36-45,168,2117218,1,超高频,优质,1.0,1.0,0.0,27.0,有负债
3610,男,1919-05-08,36,79,>55,283,604990,1,超高频,普通,0.0,0.0,0.0,62.0,无负债
3611,女,1972-05-27,30,26,26-35,167,327963,1,超高频,普通,0.0,0.0,1.0,27.9,无负债
3612,女,1962-09-04,19,36,36-45,525,3224790,1,超高频,高价值,0.0,0.0,0.0,68.3,无负债
3613,男,1969-02-12,19,29,26-35,525,3224790,1,超高频,高价值,0.0,0.0,0.0,68.3,无负债
3614,女,1971-10-09,43,27,26-35,91,402164,1,超高频,普通,0.0,0.0,0.0,18.0,无负债
3615,男,1974-07-04,1,24,≤25,220,2751191,1,超高频,高价值,0.0,0.0,1.0,35.1,无负债
3616,女,1964-04-14,77,34,26-35,212,1328174,1,超高频,优质,1.0,1.0,1.0,32.4,有负债
3617,女,1954-11-30,51,44,36-45,76,489647,1,超高频,普通,0.0,0.0,0.0,24.9,无负债
3618,男,1953-02-21,54,45,36-45,464,1619155,1,超高频,优质,0.0,0.0,0.0,56.3,无负债
3619,男,1955-08-09,40,43,36-45,83,124256,1,超高频,普通,0.0,0.0,0.0,16.0,无负债
3620,男,1937-09-14,21,61,>55,83,652148,1,超高频,普通,0.0,0.0,1.0,13.9,无负债
3621,男,1939-07-21,66,59,>55,137,315890,1,超高频,普通,0.0,0.0,0.0,27.2,无负债
3622,女,1938-04-17,66,60,>55,137,315890,1,超高频,普通,0.0,0.0,0.0,27.2,无负债
3623,女,1965-04-20,28,33,26-35,317,1045396,1,超高频,优质,0.0,0.0,0.0,66.6,无负债
3624,女,1982-02-27,1,16,≤25,433,1032876,1,超高频,优质,0.0,0.0,0.0,70.3,无负债
3627,女,1981-06-08,18,17,≤25,190,702066,1,超高频,普通,0.0,0.0,1.0,62.0,无负债
3628,女,1927-02-26,11,71,>55,141,243753,1,超高频,普通,0.0,0.0,0.0,28.7,无负债
3629,男,1947-12-13,42,51,46-55,101,1120283,1,超高频,优质,1.0,1.0,0.0,24.0,有负债
3630,女,1923-11-28,64,75,>55,240,607317,1,超高频,普通,0.0,0.0,0.0,48.7,无负债
3631,男,1921-11-19,64,77,>55,240,607317,1,超高频,普通,0.0,0.0,0.0,48.7,无负债
3632,女,1943-09-29,15,55,46-55,600,3438285,1,超高频,高价值,0.0,0.0,0.0,72.0,无负债
3633,男,1933-10-14,72,65,>55,388,927053,1,超高频,优质,0.0,0.0,0.0,71.1,无负债
3634,男,1923-06-25,1,75,>55,146,271676,1,超高频,普通,0.0,0.0,0.0,35.7,无负债
3635,女,1921-01-31,1,77,>55,146,271676,1,超高频,普通,0.0,0.0,0.0,35.7,无负债
3636,男,1978-05-19,46,20,≤25,109,323965,1,超高频,普通,0.0,0.0,1.0,40.2,无负债
3637,男,1959-01-10,64,40,36-45,369,406830,1,超高频,普通,0.0,0.0,0.0,64.9,无负债
3638,女,1943-12-11,49,55,46-55,99,179044,1,超高频,普通,0.0,0.0,1.0,20.8,无负债
3639,男,1928-04-17,73,70,>55,55,107649,1,高频,普通,0.0,0.0,0.0,12.9,无负债
3640,男,1978-07-24,75,20,≤25,265,3342955,1,超高频,高价值,0.0,0.0,1.0,46.7,无负债
3641,女,1979-02-01,75,19,≤25,265,3342955,1,超高频,高价值,0.0,0.0,0.0,46.7,无负债
3642,男,1961-08-27,19,37,36-45,159,173066,1,超高频,普通,0.0,0.0,0.0,31.0,无负债
3643,男,1980-11-11,26,18,≤25,194,1116959,1,超高频,优质,0.0,0.0,0.0,34.8,无负债
3644,男,1951-06-14,75,47,46-55,433,2157982,1,超高频,优质,0.0,0.0,0.0,53.4,无负债
3645,男,1975-02-26,34,23,≤25,128,1398263,1,超高频,优质,0.0,0.0,0.0,25.3,无负债
3646,女,1943-06-16,33,55,46-55,139,1180375,1,超高频,优质,0.0,0.0,0.0,32.8,无负债
3647,男,1948-08-23,33,50,46-55,139,1180375,1,超高频,优质,0.0,0.0,0.0,32.8,无负债
3648,男,1980-01-03,3,19,≤25,180,402954,1,超高频,普通,0.0,0.0,0.0,29.2,无负债
3649,女,1959-10-25,10,39,36-45,177,1366968,1,超高频,优质,1.0,1.0,0.0,32.9,有负债
3650,男,1918-02-17,64,80,>55,107,229097,1,超高频,普通,0.0,0.0,0.0,26.4,无负债
3651,男,1918-10-01,35,80,>55,62,156986,1,超高频,普通,0.0,0.0,0.0,14.8,无负债
3652,男,1920-02-20,1,78,>55,134,308460,1,超高频,普通,0.0,0.0,0.0,24.8,无负债
3653,女,1917-01-03,1,82,>55,134,308460,1,超高频,普通,0.0,0.0,0.0,24.8,无负债
3654,女,1924-03-01,25,74,>55,52,139998,1,高频,普通,0.0,0.0,0.0,12.3,无负债
3655,男,1968-02-06,59,30,26-35,383,3114624,1,超高频,高价值,0.0,0.0,0.0,71.4,无负债
3656,女,1925-08-26,62,73,>55,148,269082,1,超高频,普通,0.0,0.0,0.0,32.6,无负债
3657,男,1921-05-18,62,77,>55,148,269082,1,超高频,普通,0.0,0.0,0.0,32.6,无负债
3658,男,1924-04-05,58,74,>55,310,525315,1,超高频,普通,0.0,0.0,0.0,64.5,无负债
3659,女,1930-11-10,42,68,>55,113,264918,1,超高频,普通,0.0,0.0,0.0,24.6,无负债
3660,男,1974-07-09,65,24,≤25,310,323424,1,超高频,普通,0.0,0.0,0.0,55.1,无负债
3661,男,1932-11-25,51,66,>55,96,167182,1,超高频,普通,0.0,0.0,0.0,22.1,无负债
3662,男,1931-09-22,27,67,>55,343,834875,1,超高频,普通,0.0,0.0,0.0,67.8,无负债
3663,女,1947-06-25,69,51,46-55,55,53208,1,高频,普通,0.0,0.0,0.0,12.9,无负债
3664,男,1951-03-19,69,47,46-55,55,53208,1,高频,普通,0.0,0.0,0.0,12.9,无负债
3667,男,1971-09-18,70,27,26-35,464,6421051,1,超高频,高价值,0.0,0.0,1.0,65.5,无负债
3668,女,1972-12-23,70,26,26-35,464,6421051,1,超高频,高价值,0.0,0.0,0.0,65.5,无负债
3669,男,1962-08-22,10,36,36-45,243,2005808,1,超高频,优质,0.0,0.0,0.0,57.6,无负债
3670,女,1980-09-17,44,18,≤25,269,2323581,1,超高频,高价值,1.0,0.0,0.0,56.0,无负债
3671,男,1943-07-16,10,55,46-55,223,3430824,1,超高频,高价值,0.0,0.0,1.0,32.6,无负债
3672,女,1948-12-06,10,50,46-55,223,3430824,1,超高频,高价值,0.0,0.0,0.0,32.6,无负债
3673,女,1951-12-07,1,47,46-55,406,1339529,1,超高频,优质,0.0,0.0,0.0,61.6,无负债
3674,女,1980-11-10,17,18,≤25,122,175388,1,超高频,普通,0.0,0.0,0.0,29.4,无负债
3675,男,1952-03-18,70,46,46-55,229,344613,1,超高频,普通,0.0,0.0,0.0,33.4,无负债
3676,女,1965-10-14,10,33,26-35,398,2075626,1,超高频,优质,0.0,0.0,0.0,64.4,无负债
3677,男,1960-09-16,10,38,36-45,398,2075626,1,超高频,优质,0.0,0.0,0.0,64.4,无负债
3678,女,1934-08-12,1,64,>55,100,187396,1,超高频,普通,0.0,0.0,0.0,24.4,无负债
3679,男,1931-04-23,72,67,>55,115,210035,1,超高频,普通,0.0,0.0,0.0,28.0,无负债
3680,女,1923-04-07,72,75,>55,115,210035,1,超高频,普通,0.0,0.0,0.0,28.0,无负债
3681,男,1921-04-26,1,77,>55,225,501919,1,超高频,普通,0.0,0.0,0.0,43.4,无负债
3682,女,1924-01-12,1,75,>55,225,501919,1,超高频,普通,0.0,0.0,0.0,43.4,无负债
3683,女,1977-02-22,74,21,≤25,95,156205,1,超高频,普通,0.0,0.0,0.0,16.9,无负债
3684,女,1961-12-31,16,37,36-45,345,476367,1,超高频,普通,0.0,0.0,0.0,71.5,无负债
3685,男,1974-03-06,74,24,≤25,38,275946,1,高频,普通,0.0,0.0,0.0,12.4,无负债
3686,女,1962-10-11,61,36,36-45,305,421993,1,超高频,普通,0.0,0.0,0.0,52.5,无负债
3687,男,1972-02-06,49,26,26-35,609,6079311,1,超高频,高价值,1.0,1.0,1.0,68.8,有负债
3688,女,1975-05-02,49,23,≤25,609,6079311,1,超高频,高价值,1.0,1.0,0.0,68.8,有负债
3689,女,1979-07-12,9,19,≤25,337,3892883,1,超高频,高价值,0.0,0.0,1.0,36.5,无负债
3690,男,1960-08-02,44,38,36-45,39,207208,1,高频,普通,0.0,0.0,0.0,20.5,无负债
3691,男,1965-04-17,18,33,26-35,434,1788805,1,超高频,优质,0.0,0.0,0.0,65.2,无负债
3693,男,1922-03-31,15,76,>55,184,391222,1,超高频,普通,0.0,0.0,0.0,31.7,无负债
3694,女,1920-04-29,15,78,>55,184,391222,1,超高频,普通,0.0,0.0,0.0,31.7,无负债
3695,男,1934-10-04,55,64,>55,313,501147,1,超高频,普通,0.0,0.0,0.0,61.2,无负债
3696,女,1939-04-11,55,59,>55,313,501147,1,超高频,普通,0.0,0.0,0.0,61.2,无负债
3697,女,1954-01-16,9,44,36-45,84,646311,1,超高频,普通,0.0,0.0,0.0,17.6,无负债
3698,男,1971-04-25,44,27,26-35,239,2093872,1,超高频,优质,0.0,0.0,0.0,51.0,无负债
3699,男,1968-08-08,1,30,26-35,152,1048143,1,超高频,优质,0.0,0.0,1.0,22.8,无负债
3700,女,1976-05-24,1,22,≤25,152,1048143,1,超高频,优质,0.0,0.0,0.0,22.8,无负债
3701,女,1954-05-06,73,44,36-45,93,780122,1,超高频,普通,0.0,0.0,0.0,19.0,无负债
3702,男,1952-11-27,76,46,46-55,167,210523,1,超高频,普通,0.0,0.0,0.0,38.3,无负债
3703,男,1931-06-15,17,67,>55,57,125083,1,高频,普通,0.0,0.0,0.0,16.8,无负债
3704,男,1962-04-11,69,36,36-45,331,443323,1,超高频,普通,0.0,0.0,0.0,68.2,无负债
3705,女,1965-06-04,1,33,26-35,512,1505718,1,超高频,优质,1.0,1.0,0.0,68.3,有负债
3707,男,1941-06-24,74,57,>55,159,792450,1,超高频,普通,0.0,0.0,0.0,29.1,无负债
3708,女,1958-03-16,46,40,36-45,137,320679,1,超高频,普通,0.0,0.0,0.0,23.4,无负债
3709,男,1955-05-03,46,43,36-45,137,320679,1,超高频,普通,0.0,0.0,0.0,23.4,无负债
3710,男,1928-01-25,59,70,>55,324,818480,1,超高频,普通,0.0,0.0,0.0,69.2,无负债
3711,男,1968-05-07,25,30,26-35,412,3425315,1,超高频,高价值,0.0,0.0,0.0,70.4,无负债
3712,女,1969-05-30,56,29,26-35,84,580996,1,超高频,普通,0.0,0.0,0.0,16.6,无负债
3713,女,1944-02-23,41,54,46-55,156,1376227,1,超高频,优质,0.0,0.0,1.0,27.3,无负债
3714,女,1953-10-01,8,45,36-45,374,3252615,1,超高频,高价值,0.0,0.0,0.0,67.9,无负债
3716,男,1953-04-15,74,45,36-45,288,3537913,1,超高频,高价值,0.0,0.0,0.0,51.5,无负债
3717,男,1925-01-30,71,73,>55,82,156971,1,超高频,普通,0.0,0.0,0.0,18.5,无负债
3718,女,1929-06-29,71,69,>55,82,156971,1,超高频,普通,0.0,0.0,0.0,18.5,无负债
3719,男,1930-08-30,54,68,>55,317,558040,1,超高频,普通,0.0,0.0,0.0,70.2,无负债
3720,女,1936-12-07,54,62,>55,317,558040,1,超高频,普通,0.0,0.0,0.0,70.2,无负债
3721,女,1954-12-16,64,44,36-45,105,582273,1,超高频,普通,0.0,0.0,1.0,20.8,无负债
3722,女,1956-04-29,1,42,36-45,315,423197,1,超高频,普通,0.0,0.0,0.0,66.5,无负债
3723,男,1968-09-01,18,30,26-35,175,221647,1,超高频,普通,0.0,0.0,0.0,34.7,无负债
3724,女,1925-09-23,57,73,>55,178,406072,1,超高频,普通,0.0,0.0,0.0,38.7,无负债
3727,男,1970-01-13,33,28,26-35,55,309253,1,高频,普通,0.0,0.0,0.0,13.7,无负债
3728,男,1936-01-06,66,63,>55,93,997900,1,超高频,优质,0.0,0.0,0.0,21.8,无负债
3729,女,1941-08-22,66,57,>55,93,997900,1,超高频,优质,0.0,0.0,0.0,21.8,无负债
3730,女,1945-08-07,59,53,46-55,200,1643053,1,超高频,优质,1.0,0.0,0.0,35.6,无负债
3732,男,1946-08-27,66,52,46-55,102,475994,1,超高频,普通,0.0,0.0,0.0,18.2,无负债
3733,女,1946-05-09,1,52,46-55,340,2772518,1,超高频,高价值,0.0,0.0,1.0,62.9,无负债
3734,男,1943-12-02,15,55,46-55,391,338029,1,超高频,普通,0.0,0.0,0.0,61.8,无负债
3735,男,1938-01-17,18,60,>55,185,1592581,1,超高频,优质,0.0,0.0,1.0,34.3,无负债
3736,女,1932-07-22,18,66,>55,185,1592581,1,超高频,优质,0.0,0.0,0.0,34.3,无负债
3737,男,1948-04-30,12,50,46-55,200,2556940,1,超高频,高价值,0.0,0.0,0.0,30.4,无负债
3738,女,1978-03-31,1,20,≤25,168,1631334,1,超高频,优质,0.0,0.0,0.0,25.1,无负债
3739,女,1956-08-21,3,42,36-45,416,2111396,1,超高频,优质,0.0,0.0,0.0,62.6,无负债
3740,男,1929-11-03,46,69,>55,183,395614,1,超高频,普通,0.0,0.0,0.0,36.9,无负债
3741,男,1936-05-04,16,62,>55,129,1161192,1,超高频,优质,0.0,0.0,0.0,25.7,无负债
3742,女,1961-11-27,56,37,36-45,491,1978782,1,超高频,优质,0.0,0.0,0.0,61.3,无负债
3743,男,1958-11-06,56,40,36-45,491,1978782,1,超高频,优质,0.0,0.0,0.0,61.3,无负债
3745,女,1971-01-19,2,27,26-35,562,2951004,1,超高频,高价值,0.0,0.0,0.0,67.1,无负债
3746,男,1975-01-25,66,23,≤25,86,151941,1,超高频,普通,0.0,0.0,0.0,16.8,无负债
3747,男,1964-12-02,1,34,26-35,143,515245,1,超高频,普通,0.0,0.0,0.0,27.9,无负债
3748,女,1930-03-05,59,68,>55,351,801431,1,超高频,普通,0.0,0.0,0.0,68.4,无负债
3749,女,1943-03-21,65,55,46-55,101,778989,1,超高频,普通,0.0,0.0,0.0,18.6,无负债
3750,男,1938-10-03,1,60,>55,271,325554,1,超高频,普通,0.0,0.0,0.0,59.0,无负债
3751,男,1966-10-12,33,32,26-35,59,432265,1,高频,普通,0.0,0.0,1.0,13.5,无负债
3752,女,1961-02-06,33,37,36-45,59,432265,1,高频,普通,0.0,0.0,0.0,13.5,无负债
3753,女,1959-04-14,1,39,36-45,29,137331,1,高频,普通,0.0,0.0,1.0,15.6,无负债
3754,女,1947-07-13,1,51,46-55,107,172124,1,超高频,普通,0.0,0.0,0.0,20.4,无负债
3755,女,1951-07-09,37,47,46-55,44,65108,1,高频,普通,0.0,0.0,0.0,13.5,无负债
3756,女,1971-10-03,12,27,26-35,78,921510,1,超高频,优质,0.0,0.0,1.0,15.4,无负债
3757,男,1922-04-16,5,76,>55,309,692251,1,超高频,普通,0.0,0.0,0.0,62.3,无负债
3758,女,1963-09-14,53,35,26-35,391,416981,1,超高频,普通,0.0,0.0,0.0,70.6,无负债
3759,男,1961-10-12,53,37,36-45,391,416981,1,超高频,普通,0.0,0.0,0.0,70.6,无负债
3760,男,1955-01-04,18,44,36-45,236,1707821,1,超高频,优质,0.0,0.0,0.0,45.5,无负债
3761,男,1975-08-05,48,23,≤25,114,430115,1,超高频,普通,0.0,0.0,0.0,24.0,无负债
3762,女,1959-02-18,60,39,36-45,215,1547524,1,超高频,优质,0.0,0.0,0.0,38.3,无负债
3763,女,1977-08-12,38,21,≤25,439,4823300,1,超高频,高价值,1.0,1.0,1.0,53.4,有负债
3764,男,1978-01-29,38,20,≤25,439,4823300,1,超高频,高价值,1.0,1.0,0.0,53.4,有负债
3765,女,1956-01-24,45,42,36-45,519,4682067,1,超高频,高价值,0.0,0.0,1.0,65.5,无负债
3766,女,1980-03-10,1,18,≤25,160,478860,1,超高频,普通,0.0,0.0,1.0,31.0,无负债
3767,男,1936-09-07,14,62,>55,206,2306539,1,超高频,优质,1.0,1.0,0.0,33.7,有负债
3768,女,1944-03-04,14,54,46-55,206,2306539,1,超高频,优质,1.0,1.0,0.0,33.7,有负债
3769,男,1957-09-10,54,41,36-45,167,1252922,1,超高频,优质,0.0,0.0,1.0,33.4,无负债
3770,女,1925-01-03,35,74,>55,333,742135,1,超高频,普通,0.0,0.0,0.0,71.2,无负债
3771,男,1942-03-27,48,56,>55,187,1174560,1,超高频,优质,0.0,0.0,0.0,34.2,无负债
3772,女,1936-08-23,48,62,>55,187,1174560,1,超高频,优质,0.0,0.0,0.0,34.2,无负债
3773,女,1964-07-29,33,34,26-35,117,109740,1,超高频,普通,0.0,0.0,0.0,20.3,无负债
3774,男,1922-10-29,1,76,>55,140,321193,1,超高频,普通,0.0,0.0,0.0,30.8,无负债
3775,男,1928-11-27,46,70,>55,154,286823,1,超高频,普通,0.0,0.0,0.0,34.3,无负债
3776,男,1978-07-09,74,20,≤25,107,396344,1,超高频,普通,0.0,0.0,0.0,20.0,无负债
3777,女,1975-09-04,74,23,≤25,107,396344,1,超高频,普通,0.0,0.0,0.0,20.0,无负债
3779,男,1949-05-15,6,49,46-55,321,1346945,1,超高频,优质,0.0,0.0,1.0,43.3,无负债
3780,男,1977-11-22,37,21,≤25,114,361376,1,超高频,普通,0.0,0.0,0.0,24.9,无负债
3781,女,1975-03-12,17,23,≤25,141,384188,1,超高频,普通,0.0,0.0,0.0,28.3,无负债
3782,男,1980-09-10,1,18,≤25,395,4392814,1,超高频,高价值,0.0,0.0,1.0,65.7,无负债
3783,女,1968-07-08,1,30,26-35,225,691318,1,超高频,普通,0.0,0.0,0.0,48.5,无负债
3784,男,1974-11-08,1,24,≤25,225,691318,1,超高频,普通,0.0,0.0,0.0,48.5,无负债
3785,女,1920-07-18,66,78,>55,338,813509,1,超高频,普通,0.0,0.0,0.0,61.8,无负债
3786,男,1920-07-10,13,78,>55,162,343953,1,超高频,普通,0.0,0.0,0.0,33.9,无负债
3787,女,1978-05-07,21,20,≤25,212,1718746,1,超高频,优质,0.0,0.0,1.0,38.9,无负债
3788,女,1955-07-05,56,43,36-45,279,602304,1,超高频,普通,0.0,0.0,0.0,39.4,无负债
3789,男,1964-10-17,66,34,26-35,441,2780175,1,超高频,高价值,0.0,0.0,0.0,67.6,无负债
3790,男,1936-08-28,48,62,>55,323,2384278,1,超高频,高价值,0.0,0.0,0.0,56.9,无负债
3791,男,1939-03-18,72,59,>55,315,2555221,1,超高频,高价值,0.0,0.0,0.0,61.0,无负债
3792,男,1972-09-21,74,26,26-35,430,1615033,1,超高频,优质,0.0,0.0,0.0,65.8,无负债
3793,女,1951-06-20,39,47,46-55,126,1281138,1,超高频,优质,1.0,1.0,0.0,24.9,有负债
3794,女,1976-05-06,37,22,≤25,145,248177,1,超高频,普通,0.0,0.0,1.0,33.8,无负债
3795,男,1982-05-03,12,16,≤25,56,425956,1,高频,普通,0.0,0.0,0.0,40.7,无负债
3796,男,1953-06-29,3,45,36-45,116,317318,1,超高频,普通,0.0,0.0,0.0,19.9,无负债
3797,女,1951-07-14,3,47,46-55,116,317318,1,超高频,普通,0.0,0.0,0.0,19.9,无负债
3798,女,1954-11-17,1,44,36-45,271,1621659,1,超高频,优质,0.0,0.0,0.0,48.5,无负债
3799,男,1929-03-24,2,69,>55,309,599332,1,超高频,普通,0.0,0.0,0.0,52.3,无负债
3800,女,1954-06-15,38,44,36-45,161,579377,1,超高频,普通,1.0,1.0,0.0,26.8,有负债
3801,男,1948-08-15,38,50,46-55,161,579377,1,超高频,普通,1.0,1.0,0.0,26.8,有负债
3802,男,1925-07-28,67,73,>55,158,391695,1,超高频,普通,0.0,0.0,0.0,34.3,无负债
3803,男,1930-07-15,1,68,>55,313,654511,1,超高频,普通,0.0,0.0,0.0,61.8,无负债
3804,女,1933-04-11,1,65,>55,313,654511,1,超高频,普通,0.0,0.0,0.0,61.8,无负债
3805,男,1942-12-20,68,56,>55,333,522043,1,超高频,普通,0.0,0.0,0.0,63.1,无负债
3806,女,1967-06-27,54,31,26-35,380,1224143,1,超高频,优质,0.0,0.0,0.0,45.6,无负债
3807,女,1947-11-07,33,51,46-55,201,333485,1,超高频,普通,0.0,0.0,0.0,38.0,无负债
3808,男,1943-01-24,57,55,46-55,146,556944,1,超高频,普通,0.0,0.0,0.0,30.6,无负债
3811,男,1952-06-20,6,46,46-55,221,819851,1,超高频,普通,0.0,0.0,1.0,34.8,无负债
3812,男,1967-02-08,1,31,26-35,330,1669577,1,超高频,优质,0.0,0.0,0.0,66.5,无负债
3813,女,1978-08-25,2,20,≤25,266,3640635,1,超高频,高价值,0.0,0.0,1.0,30.3,无负债
3814,男,1945-09-13,1,53,46-55,102,798211,1,超高频,普通,0.0,0.0,0.0,18.3,无负债
3815,女,1969-04-12,28,29,26-35,158,1156899,1,超高频,优质,0.0,0.0,0.0,28.5,无负债
3816,男,1966-01-26,1,32,26-35,59,873804,1,高频,普通,0.0,0.0,0.0,13.7,无负债
3817,女,1937-10-21,77,61,>55,410,774794,1,超高频,普通,0.0,0.0,0.0,64.6,无负债
3818,男,1942-07-28,71,56,>55,114,151516,1,超高频,普通,0.0,0.0,0.0,27.3,无负债
3819,女,1936-05-24,71,62,>55,114,151516,1,超高频,普通,0.0,0.0,0.0,27.3,无负债
3821,男,1939-05-16,22,59,>55,322,2624212,1,超高频,高价值,0.0,0.0,1.0,55.2,无负债
3822,男,1953-11-26,48,45,36-45,143,1551432,1,超高频,优质,1.0,1.0,0.0,28.6,有负债
3823,男,1956-12-08,63,42,36-45,167,1513930,1,超高频,优质,0.0,0.0,0.0,31.9,无负债
3824,男,1971-01-07,41,28,26-35,121,1677937,1,超高频,优质,0.0,0.0,1.0,19.6,无负债
3825,女,1965-04-20,41,33,26-35,121,1677937,1,超高频,优质,0.0,0.0,0.0,19.6,无负债
3826,男,1921-03-08,33,77,>55,349,714384,1,超高频,普通,0.0,0.0,0.0,61.1,无负债
3827,女,1923-05-05,33,75,>55,349,714384,1,超高频,普通,0.0,0.0,0.0,61.1,无负债
3829,男,1972-03-13,59,26,26-35,427,4153134,1,超高频,高价值,1.0,0.0,1.0,65.7,无负债
3830,女,1968-02-24,18,30,26-35,254,2331308,1,超高频,高价值,0.0,0.0,1.0,53.6,无负债
3831,男,1918-02-11,11,80,>55,364,859342,1,超高频,普通,0.0,0.0,0.0,71.4,无负债
3832,女,1925-09-04,11,73,>55,364,859342,1,超高频,普通,0.0,0.0,0.0,71.4,无负债
3833,男,1935-03-01,19,63,>55,65,464417,1,超高频,普通,0.0,0.0,0.0,12.6,无负债
3834,女,1976-09-12,1,22,≤25,198,629891,1,超高频,普通,0.0,0.0,0.0,36.2,无负债
3835,女,1931-05-12,50,67,>55,300,599002,1,超高频,普通,0.0,0.0,0.0,64.0,无负债
3836,男,1948-11-21,77,50,46-55,95,95695,1,超高频,普通,0.0,0.0,0.0,19.5,无负债
3837,女,1921-08-22,39,77,>55,363,556071,1,超高频,普通,0.0,0.0,0.0,68.6,无负债
3838,男,1929-10-27,65,69,>55,41,98326,1,高频,普通,0.0,0.0,0.0,12.9,无负债
3839,女,1937-07-05,65,61,>55,41,98326,1,高频,普通,0.0,0.0,0.0,12.9,无负债
3840,女,1933-06-12,50,65,>55,114,250382,1,超高频,普通,0.0,0.0,0.0,27.2,无负债
3841,男,1919-07-08,26,79,>55,96,182955,1,超高频,普通,0.0,0.0,0.0,21.5,无负债
3842,男,1976-06-26,74,22,≤25,51,237721,1,高频,普通,0.0,0.0,0.0,26.0,无负债
3843,女,1942-04-21,4,56,>55,169,172840,1,超高频,普通,0.0,0.0,0.0,32.6,无负债
3844,女,1963-12-26,71,35,26-35,161,856146,1,超高频,普通,0.0,0.0,0.0,27.8,无负债
3845,男,1959-05-09,1,39,36-45,189,1053286,1,超高频,优质,0.0,0.0,0.0,30.9,无负债
3846,女,1980-07-11,27,18,≤25,349,848009,1,超高频,普通,0.0,0.0,1.0,68.5,无负债
3847,女,1959-09-14,6,39,36-45,124,880688,1,超高频,普通,0.0,0.0,0.0,24.7,无负债
3848,女,1938-08-14,45,60,>55,312,768571,1,超高频,普通,0.0,0.0,0.0,57.9,无负债
3849,女,1932-12-11,1,66,>55,275,578942,1,超高频,普通,0.0,0.0,0.0,59.3,无负债
3850,女,1957-01-26,45,41,36-45,105,472347,1,超高频,普通,0.0,0.0,1.0,17.4,无负债
3851,男,1961-11-20,45,37,36-45,105,472347,1,超高频,普通,0.0,0.0,0.0,17.4,无负债
3852,女,1952-09-12,10,46,46-55,254,1933428,1,超高频,优质,0.0,0.0,0.0,43.8,无负债
3853,女,1980-07-04,59,18,≤25,52,71365,1,高频,普通,0.0,0.0,0.0,12.6,无负债
3854,男,1959-08-30,24,39,36-45,113,739334,1,超高频,普通,0.0,0.0,0.0,22.7,无负债
3855,男,1939-03-20,29,59,>55,196,1452161,1,超高频,优质,1.0,0.0,0.0,37.6,无负债
3856,女,1944-06-09,1,54,46-55,129,524109,1,超高频,普通,0.0,0.0,0.0,24.4,无负债
3857,女,1952-12-03,72,46,46-55,169,577025,1,超高频,普通,0.0,0.0,0.0,27.9,无负债
3858,女,1948-06-14,18,50,46-55,192,660094,1,超高频,普通,0.0,0.0,1.0,29.6,无负债
3859,男,1941-05-03,18,57,>55,192,660094,1,超高频,普通,0.0,0.0,0.0,29.6,无负债
3860,男,1938-04-10,74,60,>55,189,1381573,1,超高频,优质,0.0,0.0,0.0,34.6,无负债
3861,女,1951-01-27,11,47,46-55,99,579782,1,超高频,普通,0.0,0.0,0.0,20.7,无负债
3862,女,1947-07-13,40,51,46-55,459,736221,1,超高频,普通,0.0,0.0,0.0,64.9,无负债
3863,女,1939-10-27,1,59,>55,299,621626,1,超高频,普通,0.0,0.0,0.0,61.5,无负债
3864,男,1931-11-17,1,67,>55,299,621626,1,超高频,普通,0.0,0.0,0.0,61.5,无负债
3865,男,1977-11-06,75,21,≤25,263,343936,1,超高频,普通,0.0,0.0,0.0,61.1,无负债
3866,女,1977-07-03,75,21,≤25,263,343936,1,超高频,普通,0.0,0.0,0.0,61.1,无负债
3868,男,1962-11-14,66,36,36-45,195,1287956,1,超高频,优质,0.0,0.0,0.0,31.3,无负债
3869,女,1946-02-24,17,52,46-55,171,2046189,1,超高频,优质,0.0,0.0,0.0,39.0,无负债
3870,女,1971-08-08,4,27,26-35,373,1223385,1,超高频,优质,0.0,0.0,0.0,57.3,无负债
3871,男,1979-03-25,4,19,≤25,373,1223385,1,超高频,优质,0.0,0.0,0.0,57.3,无负债
3872,男,1930-04-19,8,68,>55,105,168915,1,超高频,普通,0.0,0.0,0.0,19.2,无负债
3873,女,1960-12-16,23,38,36-45,195,253603,1,超高频,普通,0.0,0.0,0.0,41.4,无负债
3874,女,1942-08-10,61,56,>55,139,761178,1,超高频,普通,0.0,0.0,1.0,30.1,无负债
3875,女,1930-07-27,1,68,>55,164,289468,1,超高频,普通,0.0,0.0,0.0,37.0,无负债
3876,男,1923-05-22,1,75,>55,164,289468,1,超高频,普通,0.0,0.0,0.0,37.0,无负债
3877,女,1956-09-13,38,42,36-45,189,1186416,1,超高频,优质,0.0,0.0,0.0,30.8,无负债
3880,女,1961-08-24,29,37,36-45,95,1304004,1,超高频,优质,0.0,0.0,0.0,17.2,无负债
3881,女,1947-05-07,45,51,46-55,57,415902,1,高频,普通,0.0,0.0,0.0,12.9,无负债
3882,男,1942-05-10,45,56,>55,57,415902,1,高频,普通,0.0,0.0,0.0,12.9,无负债
3883,男,1965-09-27,18,33,26-35,360,3561213,1,超高频,高价值,0.0,0.0,1.0,68.5,无负债
3884,男,1963-11-18,72,35,26-35,81,96059,1,超高频,普通,0.0,0.0,0.0,19.0,无负债
3885,女,1940-01-17,70,58,>55,565,560071,1,超高频,普通,0.0,0.0,1.0,66.2,无负债
3886,女,1965-07-17,8,33,26-35,402,408873,1,超高频,普通,0.0,0.0,0.0,69.7,无负债
3887,男,1920-01-17,67,79,>55,82,143938,1,超高频,普通,0.0,0.0,0.0,20.0,无负债
3888,女,1916-10-27,67,82,>55,82,143938,1,超高频,普通,0.0,0.0,0.0,20.0,无负债
3890,男,1958-10-22,3,40,36-45,279,3114344,1,超高频,高价值,0.0,0.0,1.0,41.3,无负债
3891,男,1958-12-14,75,40,36-45,132,1572414,1,超高频,优质,0.0,0.0,0.0,20.6,无负债
3892,男,1979-04-19,1,19,≤25,354,375700,1,超高频,普通,0.0,0.0,0.0,62.5,无负债
3893,男,1969-12-26,1,29,26-35,174,1434379,1,超高频,优质,0.0,0.0,1.0,33.7,无负债
3894,男,1941-01-21,29,57,>55,324,2848459,1,超高频,高价值,0.0,0.0,1.0,65.5,无负债
3895,女,1945-05-03,29,53,46-55,324,2848459,1,超高频,高价值,0.0,0.0,0.0,65.5,无负债
3896,男,1923-10-03,5,75,>55,396,655238,1,超高频,普通,0.0,0.0,1.0,65.4,无负债
3897,女,1951-03-28,16,47,46-55,435,404799,1,超高频,普通,0.0,0.0,0.0,66.3,无负债
3898,女,1948-01-17,57,50,46-55,329,3817800,1,超高频,高价值,0.0,0.0,0.0,61.7,无负债
3899,女,1919-09-20,55,79,>55,145,319240,1,超高频,普通,0.0,0.0,0.0,26.1,无负债
3900,男,1943-09-23,55,55,46-55,366,2722846,1,超高频,高价值,0.0,0.0,0.0,62.9,无负债
3901,女,1951-04-12,55,47,46-55,366,2722846,1,超高频,高价值,0.0,0.0,0.0,62.9,无负债
3902,女,1949-12-20,65,49,46-55,337,585211,1,超高频,普通,0.0,0.0,0.0,52.9,无负债
3903,女,1948-03-18,1,50,46-55,218,1519675,1,超高频,优质,0.0,0.0,0.0,30.7,无负债
3904,女,1939-01-15,29,60,>55,181,2378759,1,超高频,高价值,0.0,0.0,0.0,26.4,无负债
3905,男,1935-08-05,29,63,>55,181,2378759,1,超高频,高价值,0.0,0.0,0.0,26.4,无负债
3906,男,1936-12-23,64,62,>55,277,2461466,1,超高频,高价值,1.0,1.0,1.0,38.0,有负债
3907,女,1954-12-09,1,44,36-45,264,3112683,1,超高频,高价值,1.0,1.0,0.0,46.4,有负债
3908,男,1929-11-25,73,69,>55,212,474949,1,超高频,普通,0.0,0.0,0.0,45.1,无负债
3909,女,1923-09-16,73,75,>55,212,474949,1,超高频,普通,0.0,0.0,0.0,45.1,无负债
3910,女,1919-08-23,37,79,>55,122,240417,1,超高频,普通,0.0,0.0,0.0,27.4,无负债
3911,女,1952-10-13,31,46,46-55,284,3132877,1,超高频,高价值,0.0,0.0,0.0,46.7,无负债
3912,女,1945-03-07,1,53,46-55,193,363623,1,超高频,普通,0.0,0.0,0.0,40.1,无负债
3913,男,1951-08-01,8,47,46-55,261,1845280,1,超高频,优质,0.0,0.0,1.0,47.9,无负债
3914,女,1920-08-24,52,78,>55,109,180628,1,超高频,普通,0.0,0.0,0.0,22.7,无负债
3915,男,1977-01-05,20,22,≤25,377,2419952,1,超高频,高价值,0.0,0.0,0.0,63.9,无负债
3916,女,1970-08-27,47,28,26-35,231,1674184,1,超高频,优质,0.0,0.0,0.0,36.3,无负债
3917,男,1967-12-28,47,31,26-35,231,1674184,1,超高频,优质,0.0,0.0,0.0,36.3,无负债
3918,男,1974-01-10,5,24,≤25,158,1314857,1,超高频,优质,0.0,0.0,0.0,30.9,无负债
3919,男,1942-06-17,35,56,>55,217,1783918,1,超高频,优质,0.0,0.0,0.0,31.6,无负债
3920,女,1925-08-13,44,73,>55,327,763855,1,超高频,普通,0.0,0.0,0.0,66.5,无负债
3921,女,1958-01-21,28,40,36-45,137,469268,1,超高频,普通,0.0,0.0,0.0,22.3,无负债
3922,女,1928-04-08,1,70,>55,302,830210,1,超高频,普通,0.0,0.0,0.0,62.6,无负债
3923,男,1935-10-20,1,63,>55,302,830210,1,超高频,普通,0.0,0.0,0.0,62.6,无负债
3924,男,1971-01-09,56,27,26-35,272,290024,1,超高频,普通,0.0,0.0,0.0,48.3,无负债
3925,女,1936-08-14,45,62,>55,83,226647,1,超高频,普通,0.0,0.0,0.0,18.5,无负债
3926,男,1972-10-01,54,26,26-35,372,1122336,1,超高频,优质,0.0,0.0,0.0,67.6,无负债
3927,女,1948-02-23,61,50,46-55,203,514418,1,超高频,普通,0.0,0.0,0.0,33.2,无负债
3928,女,1928-08-08,77,70,>55,172,292011,1,超高频,普通,0.0,0.0,0.0,32.2,无负债
3929,男,1957-11-01,74,41,36-45,162,1150143,1,超高频,优质,1.0,1.0,0.0,27.1,有负债
3930,男,1921-01-17,1,78,>55,255,535337,1,超高频,普通,0.0,0.0,0.0,48.5,无负债
3931,女,1921-10-15,1,77,>55,255,535337,1,超高频,普通,0.0,0.0,0.0,48.5,无负债
3932,男,1939-10-06,59,59,>55,188,234551,1,超高频,普通,0.0,0.0,0.0,44.1,无负债
3933,女,1946-09-07,59,52,46-55,188,234551,1,超高频,普通,0.0,0.0,0.0,44.1,无负债
3934,男,1968-10-15,12,30,26-35,279,242321,1,超高频,普通,0.0,0.0,0.0,43.3,无负债
3935,男,1939-11-27,71,59,>55,321,4109444,1,超高频,高价值,0.0,0.0,0.0,58.4,无负债
3936,女,1962-04-08,36,36,36-45,222,725392,1,超高频,普通,0.0,0.0,0.0,40.8,无负债
3937,男,1963-06-09,36,35,26-35,222,725392,1,超高频,普通,0.0,0.0,0.0,40.8,无负债
3938,男,1980-01-22,27,18,≤25,94,149571,1,超高频,普通,0.0,0.0,1.0,64.5,无负债
3939,男,1953-11-06,40,45,36-45,143,563596,1,超高频,普通,0.0,0.0,0.0,25.8,无负债
3942,男,1952-08-13,53,46,46-55,406,3716747,1,超高频,高价值,0.0,0.0,0.0,67.9,无负债
3943,男,1945-12-04,1,53,46-55,378,473426,1,超高频,普通,0.0,0.0,1.0,57.5,无负债
3944,男,1936-01-01,8,63,>55,563,6270990,1,超高频,高价值,0.0,0.0,1.0,70.3,无负债
3945,女,1931-10-25,8,67,>55,563,6270990,1,超高频,高价值,0.0,0.0,0.0,70.3,无负债
3946,男,1975-05-11,1,23,≤25,445,1379155,1,超高频,优质,0.0,0.0,0.0,66.8,无负债
3947,男,1967-05-25,23,31,26-35,96,908416,1,超高频,优质,0.0,0.0,1.0,18.6,无负债
3948,女,1979-05-23,44,19,≤25,55,106956,1,高频,普通,0.0,0.0,0.0,34.3,无负债
3949,男,1974-08-26,44,24,≤25,55,106956,1,高频,普通,0.0,0.0,0.0,34.3,无负债
3950,男,1924-03-21,38,74,>55,327,615520,1,超高频,普通,0.0,0.0,0.0,63.2,无负债
3951,女,1920-07-22,38,78,>55,327,615520,1,超高频,普通,0.0,0.0,0.0,63.2,无负债
3952,女,1965-12-28,52,33,26-35,219,2874397,1,超高频,高价值,0.0,0.0,0.0,33.6,无负债
3953,女,1925-06-09,14,73,>55,107,159652,1,超高频,普通,0.0,0.0,0.0,21.4,无负债
3954,男,1957-10-31,64,41,36-45,383,1742379,1,超高频,优质,0.0,0.0,0.0,66.3,无负债
3955,女,1960-05-31,64,38,36-45,383,1742379,1,超高频,优质,0.0,0.0,0.0,66.3,无负债
3956,女,1975-06-02,21,23,≤25,425,417883,1,超高频,普通,0.0,0.0,0.0,64.3,无负债
3957,男,1971-08-12,21,27,26-35,425,417883,1,超高频,普通,0.0,0.0,0.0,64.3,无负债
3958,女,1946-04-30,37,52,46-55,215,2715291,1,超高频,高价值,0.0,0.0,1.0,40.5,无负债
3959,女,1970-07-15,30,28,26-35,214,1659668,1,超高频,优质,0.0,0.0,1.0,41.4,无负债
3960,男,1964-01-06,8,35,26-35,118,208901,1,超高频,普通,0.0,0.0,0.0,27.0,无负债
3961,女,1943-04-03,53,55,46-55,217,1232458,1,超高频,优质,0.0,0.0,0.0,28.5,无负债
3962,男,1952-11-28,74,46,46-55,260,3915498,1,超高频,高价值,1.0,0.0,0.0,36.6,无负债
3963,男,1974-02-07,76,24,≤25,75,731235,1,超高频,普通,0.0,0.0,0.0,15.7,无负债
3964,男,1942-05-07,74,56,>55,347,840687,1,超高频,普通,0.0,0.0,0.0,54.9,无负债
3965,男,1963-05-16,1,35,26-35,69,168625,1,超高频,普通,0.0,0.0,0.0,12.3,无负债
3966,女,1969-10-07,1,29,26-35,69,168625,1,超高频,普通,0.0,0.0,0.0,12.3,无负债
3967,女,1960-09-26,18,38,36-45,331,2363250,1,超高频,高价值,0.0,0.0,0.0,66.6,无负债
3968,男,1955-06-15,18,43,36-45,331,2363250,1,超高频,高价值,0.0,0.0,0.0,66.6,无负债
3969,女,1951-02-19,4,47,46-55,158,1629476,1,超高频,优质,0.0,0.0,0.0,36.5,无负债
3970,女,1980-08-09,46,18,≤25,271,3119100,1,超高频,高价值,0.0,0.0,1.0,49.2,无负债
3971,男,1966-02-20,1,32,26-35,190,986824,1,超高频,优质,0.0,0.0,0.0,32.7,无负债
3972,男,1930-06-01,1,68,>55,70,183785,1,超高频,普通,0.0,0.0,0.0,17.1,无负债
3973,女,1982-08-20,1,16,≤25,139,249031,1,超高频,普通,0.0,0.0,0.0,25.6,无负债
3974,男,1938-08-24,68,60,>55,364,2769584,1,超高频,高价值,0.0,0.0,0.0,70.2,无负债
3975,女,1954-07-19,1,44,36-45,366,1168994,1,超高频,优质,0.0,0.0,0.0,68.5,无负债
3976,男,1967-09-13,43,31,26-35,146,180375,1,超高频,普通,0.0,0.0,0.0,32.1,无负债
3977,男,1975-09-27,8,23,≤25,232,2863566,1,超高频,高价值,0.0,0.0,0.0,34.7,无负债
3978,男,1970-12-15,18,28,26-35,384,3061591,1,超高频,高价值,0.0,0.0,0.0,66.2,无负债
3979,女,1928-10-14,54,70,>55,259,550369,1,超高频,普通,0.0,0.0,0.0,52.3,无负债
3980,男,1953-07-13,1,45,36-45,374,1525389,1,超高频,优质,0.0,0.0,0.0,55.8,无负债
3981,男,1979-06-16,19,19,≤25,123,2072965,1,超高频,优质,0.0,0.0,1.0,25.1,无负债
3982,女,1919-01-15,45,80,>55,115,256730,1,超高频,普通,0.0,0.0,0.0,25.9,无负债
3983,女,1926-05-22,1,72,>55,277,562703,1,超高频,普通,0.0,0.0,0.0,61.2,无负债
3984,女,1964-03-13,1,34,26-35,155,1653976,1,超高频,优质,1.0,1.0,1.0,17.0,有负债
3985,女,1979-04-16,75,19,≤25,184,836102,1,超高频,普通,0.0,0.0,1.0,33.2,无负债
3987,男,1960-11-07,67,38,36-45,229,3285678,1,超高频,高价值,0.0,0.0,1.0,34.1,无负债
3988,女,1974-09-04,53,24,≤25,213,1559066,1,超高频,优质,0.0,0.0,0.0,47.1,无负债
3989,男,1980-03-27,53,18,≤25,213,1559066,1,超高频,优质,0.0,0.0,0.0,47.1,无负债
3990,男,1973-02-03,29,25,≤25,325,1046090,1,超高频,优质,0.0,0.0,0.0,65.9,无负债
3991,男,1967-05-17,11,31,26-35,80,787373,1,超高频,普通,0.0,0.0,0.0,19.8,无负债
3992,女,1948-11-10,71,50,46-55,87,1466584,1,超高频,优质,0.0,0.0,1.0,15.6,无负债
3993,女,1980-03-07,14,18,≤25,170,1140131,1,超高频,优质,0.0,0.0,0.0,32.7,无负债
3994,女,1965-01-31,21,33,26-35,545,572220,1,超高频,普通,0.0,0.0,1.0,71.0,无负债
3995,女,1948-08-15,1,50,46-55,177,1590658,1,超高频,优质,0.0,0.0,0.0,38.0,无负债
3996,女,1947-07-16,36,51,46-55,124,557109,1,超高频,普通,0.0,0.0,0.0,23.8,无负债
3997,女,1927-01-05,13,72,>55,223,487683,1,超高频,普通,0.0,0.0,0.0,37.3,无负债
3998,女,1950-06-03,59,48,46-55,403,1680614,1,超高频,优质,0.0,0.0,0.0,65.2,无负债
3999,女,1976-01-16,30,22,≤25,362,937854,1,超高频,优质,0.0,0.0,0.0,58.5,无负债
4000,男,1957-10-22,40,41,36-45,147,1040686,1,超高频,优质,0.0,0.0,0.0,33.5,无负债
4001,男,1956-01-29,69,42,36-45,459,2021886,1,超高频,优质,0.0,0.0,0.0,62.3,无负债
4002,女,1920-06-29,25,78,>55,286,613002,1,超高频,普通,0.0,0.0,0.0,64.5,无负债
4003,男,1949-04-23,8,49,46-55,212,2377151,1,超高频,高价值,0.0,0.0,0.0,28.9,无负债
4004,女,1957-08-12,30,41,36-45,200,194334,1,超高频,普通,0.0,0.0,0.0,25.3,无负债
4006,女,1978-05-07,25,20,≤25,53,319082,1,高频,普通,0.0,0.0,0.0,27.0,无负债
4007,男,1948-11-07,23,50,46-55,180,978547,1,超高频,优质,0.0,0.0,1.0,40.9,无负债
4008,女,1951-05-08,23,47,46-55,180,978547,1,超高频,优质,0.0,0.0,0.0,40.9,无负债
4009,男,1966-06-29,4,32,26-35,389,2283442,1,超高频,优质,0.0,0.0,0.0,68.9,无负债
4010,女,1948-06-17,4,50,46-55,184,242834,1,超高频,普通,0.0,0.0,0.0,39.5,无负债
4011,女,1957-12-19,62,41,36-45,181,166809,1,超高频,普通,0.0,0.0,0.0,30.7,无负债
4012,女,1956-10-09,56,42,36-45,411,539646,1,超高频,普通,0.0,0.0,0.0,65.0,无负债
4013,女,1951-12-06,1,47,46-55,175,216148,1,超高频,普通,0.0,0.0,0.0,37.6,无负债
4014,男,1980-09-06,17,18,≤25,270,743691,1,超高频,普通,0.0,0.0,0.0,45.1,无负债
4015,女,1972-12-27,65,26,26-35,187,1616693,1,超高频,优质,0.0,0.0,0.0,33.9,无负债
4016,女,1971-05-25,13,27,26-35,377,2984390,1,超高频,高价值,0.0,0.0,0.0,64.7,无负债
4017,男,1964-05-15,13,34,26-35,377,2984390,1,超高频,高价值,0.0,0.0,0.0,64.7,无负债
4018,女,1980-09-07,3,18,≤25,77,229557,1,超高频,普通,0.0,0.0,1.0,14.7,无负债
4019,男,1945-09-16,11,53,46-55,66,1052803,1,超高频,优质,0.0,0.0,1.0,14.1,无负债
4020,女,1953-03-31,45,45,36-45,272,4014078,1,超高频,高价值,0.0,0.0,0.0,62.6,无负债
4021,男,1948-12-10,45,50,46-55,438,1634543,1,超高频,优质,0.0,0.0,0.0,69.5,无负债
4022,男,1926-02-10,1,72,>55,88,188582,1,超高频,普通,0.0,0.0,0.0,21.8,无负债
4023,女,1925-05-17,1,73,>55,88,188582,1,超高频,普通,0.0,0.0,0.0,21.8,无负债
4024,男,1964-10-16,3,34,26-35,164,1075432,1,超高频,优质,1.0,1.0,0.0,27.0,有负债
4025,女,1971-10-07,3,27,26-35,164,1075432,1,超高频,优质,1.0,1.0,0.0,27.0,有负债
4026,女,1945-09-24,76,53,46-55,248,3548613,1,超高频,高价值,0.0,0.0,0.0,42.4,无负债
4027,女,1965-06-28,16,33,26-35,132,660101,1,超高频,普通,0.0,0.0,0.0,22.7,无负债
4028,男,1970-08-08,16,28,26-35,132,660101,1,超高频,普通,0.0,0.0,0.0,22.7,无负债
4029,男,1967-01-03,17,32,26-35,97,334072,1,超高频,普通,0.0,0.0,0.0,21.6,无负债
4030,女,1976-09-21,44,22,≤25,57,182263,1,高频,普通,0.0,0.0,0.0,13.3,无负债
4031,男,1975-05-22,67,23,≤25,49,297576,1,高频,普通,0.0,0.0,0.0,30.2,无负债
4032,女,1964-08-02,35,34,26-35,143,202103,1,超高频,普通,0.0,0.0,0.0,34.9,无负债
4033,男,1925-10-15,51,73,>55,237,574140,1,超高频,普通,0.0,0.0,0.0,52.2,无负债
4034,男,1937-07-17,58,61,>55,160,2476618,1,超高频,高价值,0.0,0.0,0.0,22.6,无负债
4035,女,1930-08-20,58,68,>55,160,2476618,1,超高频,高价值,0.0,0.0,0.0,22.6,无负债
4036,女,1976-07-09,25,22,≤25,174,1057446,1,超高频,优质,0.0,0.0,0.0,36.8,无负债
4037,女,1966-10-22,1,32,26-35,144,462040,1,超高频,普通,0.0,0.0,0.0,27.5,无负债
4040,女,1961-05-17,59,37,36-45,68,472107,1,超高频,普通,0.0,0.0,0.0,15.1,无负债
4041,男,1954-01-26,59,44,36-45,68,472107,1,超高频,普通,0.0,0.0,0.0,15.1,无负债
4042,男,1939-09-04,1,59,>55,99,793856,1,超高频,普通,0.0,0.0,0.0,17.2,无负债
4043,女,1953-05-09,70,45,36-45,139,1787633,1,超高频,优质,0.0,0.0,0.0,19.9,无负债
4044,女,1930-04-29,44,68,>55,307,510559,1,超高频,普通,0.0,0.0,0.0,61.7,无负债
4046,女,1944-12-18,1,54,46-55,107,851737,1,超高频,普通,0.0,0.0,0.0,17.5,无负债
4047,男,1937-01-28,1,61,>55,107,851737,1,超高频,普通,0.0,0.0,0.0,17.5,无负债
4048,男,1923-11-24,4,75,>55,123,288074,1,超高频,普通,0.0,0.0,0.0,28.8,无负债
4049,男,1945-09-13,4,53,46-55,277,1899941,1,超高频,优质,0.0,0.0,0.0,49.5,无负债
4050,男,1948-12-30,47,50,46-55,175,1291974,1,超高频,优质,0.0,0.0,0.0,33.6,无负债
4051,男,1949-10-06,74,49,46-55,139,505086,1,超高频,普通,0.0,0.0,0.0,30.1,无负债
4052,女,1950-10-17,74,48,46-55,139,505086,1,超高频,普通,0.0,0.0,0.0,30.1,无负债
4053,女,1929-09-23,70,69,>55,169,360659,1,超高频,普通,0.0,0.0,0.0,34.3,无负债
4054,女,1959-02-08,72,39,36-45,379,683063,1,超高频,普通,0.0,0.0,0.0,62.7,无负债
4055,女,1953-06-01,74,45,36-45,230,1974678,1,超高频,优质,1.0,1.0,0.0,28.6,有负债
4056,女,1952-07-26,63,46,46-55,533,1453562,1,超高频,优质,1.0,1.0,0.0,62.8,有负债
4057,女,1922-06-11,70,76,>55,293,619418,1,超高频,普通,0.0,0.0,0.0,59.0,无负债
4059,男,1924-05-11,54,74,>55,207,525402,1,超高频,普通,0.0,0.0,0.0,41.8,无负债
4060,女,1954-06-21,44,44,36-45,187,207517,1,超高频,普通,0.0,0.0,0.0,34.8,无负债
4061,男,1978-12-24,8,20,≤25,159,253655,1,超高频,普通,0.0,0.0,1.0,29.5,无负债
4062,男,1950-08-08,71,48,46-55,64,385101,1,超高频,普通,0.0,0.0,0.0,13.9,无负债
4063,女,1966-02-16,61,32,26-35,369,1448764,1,超高频,优质,0.0,0.0,0.0,65.1,无负债
4064,男,1972-02-08,61,26,26-35,369,1448764,1,超高频,优质,0.0,0.0,0.0,65.1,无负债
4065,男,1942-06-27,73,56,>55,276,1187242,1,超高频,优质,0.0,0.0,0.0,47.9,无负债
4066,女,1936-11-28,30,62,>55,193,356814,1,超高频,普通,0.0,0.0,0.0,42.9,无负债
4067,女,1959-07-08,21,39,36-45,366,4113059,1,超高频,高价值,0.0,0.0,0.0,49.5,无负债
4068,男,1924-06-25,11,74,>55,67,159849,1,超高频,普通,0.0,0.0,0.0,13.6,无负债
4069,男,1959-03-07,68,39,36-45,218,1009017,1,超高频,优质,0.0,0.0,1.0,34.5,无负债
4070,女,1959-05-23,68,39,36-45,218,1009017,1,超高频,优质,0.0,0.0,0.0,34.5,无负债
4071,女,1942-12-15,45,56,>55,441,3438787,1,超高频,高价值,0.0,0.0,0.0,70.0,无负债
4072,男,1941-05-08,45,57,>55,441,3438787,1,超高频,高价值,0.0,0.0,0.0,70.0,无负债
4073,男,1955-02-10,24,43,36-45,294,1298297,1,超高频,优质,0.0,0.0,0.0,40.2,无负债
4074,女,1958-06-08,24,40,36-45,294,1298297,1,超高频,优质,0.0,0.0,0.0,40.2,无负债
4075,女,1944-09-18,8,54,46-55,309,596806,1,超高频,普通,0.0,0.0,0.0,49.7,无负债
4076,男,1969-11-17,49,29,26-35,316,3250859,1,超高频,高价值,0.0,0.0,0.0,62.4,无负债
4077,女,1955-03-06,68,43,36-45,352,4116542,1,超高频,高价值,0.0,0.0,0.0,62.8,无负债
4078,男,1951-06-04,23,47,46-55,301,2817057,1,超高频,高价值,0.0,0.0,1.0,56.0,无负债
4079,男,1955-06-29,27,43,36-45,201,1419888,1,超高频,优质,0.0,0.0,0.0,36.0,无负债
4080,女,1943-09-26,21,55,46-55,369,3642818,1,超高频,高价值,0.0,0.0,0.0,71.5,无负债
4081,男,1978-06-03,9,20,≤25,103,523049,1,超高频,普通,0.0,0.0,1.0,23.9,无负债
4082,女,1961-01-15,58,37,36-45,130,1038537,1,超高频,优质,0.0,0.0,0.0,25.8,无负债
4083,女,1968-01-30,74,30,26-35,130,1110686,1,超高频,优质,0.0,0.0,1.0,25.3,无负债
4084,男,1957-10-05,55,41,36-45,330,1563896,1,超高频,优质,0.0,0.0,0.0,58.5,无负债
4085,女,1952-12-04,55,46,46-55,330,1563896,1,超高频,优质,0.0,0.0,0.0,58.5,无负债
4086,女,1941-12-22,63,57,>55,101,672439,1,超高频,普通,0.0,0.0,0.0,23.6,无负债
4087,女,1946-02-16,64,52,46-55,310,918096,1,超高频,优质,0.0,0.0,0.0,61.6,无负债
4088,女,1948-12-18,68,50,46-55,90,694655,1,超高频,普通,0.0,0.0,0.0,17.2,无负债
4089,男,1947-02-27,68,51,46-55,90,694655,1,超高频,普通,0.0,0.0,0.0,17.2,无负债
4090,男,1971-06-22,23,27,26-35,42,486851,1,高频,普通,0.0,0.0,0.0,13.6,无负债
4091,女,1982-09-07,29,16,≤25,92,175470,1,超高频,普通,0.0,0.0,1.0,15.3,无负债
4092,女,1933-11-11,14,65,>55,189,437745,1,超高频,普通,0.0,0.0,0.0,38.4,无负债
4093,男,1946-09-29,1,52,46-55,58,144498,1,高频,普通,0.0,0.0,0.0,12.5,无负债
4094,男,1979-12-19,2,19,≤25,262,3226834,1,超高频,高价值,0.0,0.0,1.0,44.0,无负债
4095,男,1974-09-14,25,24,≤25,130,1732401,1,超高频,优质,0.0,0.0,0.0,24.5,无负债
4096,女,1980-03-16,25,18,≤25,130,1732401,1,超高频,优质,0.0,0.0,0.0,24.5,无负债
4098,男,1938-03-28,13,60,>55,247,3194680,1,超高频,高价值,0.0,0.0,0.0,35.6,无负债
4099,女,1945-05-03,12,53,46-55,212,1020362,1,超高频,优质,1.0,1.0,0.0,24.7,有负债
4100,男,1955-03-13,74,43,36-45,462,2527409,1,超高频,高价值,0.0,0.0,1.0,70.0,无负债
4101,女,1970-05-07,1,28,26-35,227,910585,1,超高频,优质,0.0,0.0,0.0,43.4,无负债
4102,女,1969-08-15,4,29,26-35,113,624176,1,超高频,普通,0.0,0.0,0.0,24.7,无负债
4103,男,1965-05-19,4,33,26-35,113,624176,1,超高频,普通,0.0,0.0,0.0,24.7,无负债
4104,男,1919-04-10,23,79,>55,159,332400,1,超高频,普通,0.0,0.0,0.0,27.1,无负债
4105,女,1980-11-15,16,18,≤25,69,665961,1,超高频,普通,0.0,0.0,0.0,14.1,无负债
4106,男,1936-11-09,1,62,>55,53,403518,1,高频,普通,0.0,0.0,0.0,13.6,无负债
4107,男,1954-09-09,49,44,36-45,164,1234400,1,超高频,优质,0.0,0.0,0.0,29.3,无负债
4108,女,1926-01-26,43,72,>55,92,214618,1,超高频,普通,0.0,0.0,0.0,20.9,无负债
4109,男,1953-08-11,63,45,36-45,209,975224,1,超高频,优质,0.0,0.0,0.0,27.6,无负债
4112,男,1974-11-28,38,24,≤25,70,673434,1,超高频,普通,0.0,0.0,1.0,15.1,无负债
4113,女,1947-09-09,76,51,46-55,380,4399833,1,超高频,高价值,0.0,0.0,0.0,46.2,无负债
4114,男,1964-02-09,63,34,26-35,127,1403549,1,超高频,优质,1.0,1.0,0.0,19.7,有负债
4115,男,1943-03-27,33,55,46-55,58,503641,1,高频,普通,0.0,0.0,1.0,14.1,无负债
4116,男,1936-11-24,36,62,>55,337,2543681,1,超高频,高价值,0.0,0.0,1.0,58.7,无负债
4117,女,1918-07-01,53,80,>55,56,140563,1,高频,普通,0.0,0.0,0.0,13.0,无负债
4118,男,1978-06-17,28,20,≤25,321,2863043,1,超高频,高价值,0.0,0.0,0.0,65.2,无负债
4119,女,1962-02-20,62,36,36-45,301,2791100,1,超高频,高价值,0.0,0.0,0.0,64.3,无负债
4120,男,1961-03-06,62,37,36-45,301,2791100,1,超高频,高价值,0.0,0.0,0.0,64.3,无负债
4121,男,1923-02-12,23,75,>55,148,322887,1,超高频,普通,0.0,0.0,0.0,34.5,无负债
4122,男,1969-09-18,39,29,26-35,321,1347702,1,超高频,优质,0.0,0.0,0.0,42.6,无负债
4123,女,1966-11-12,39,32,26-35,321,1347702,1,超高频,优质,0.0,0.0,0.0,42.6,无负债
4124,女,1963-11-10,19,35,26-35,126,689489,1,超高频,普通,0.0,0.0,0.0,24.8,无负债
4125,女,1922-04-17,31,76,>55,130,260367,1,超高频,普通,0.0,0.0,0.0,24.7,无负债
4126,男,1975-09-09,74,23,≤25,529,1404018,1,超高频,优质,0.0,0.0,0.0,66.6,无负债
4127,女,1970-05-26,74,28,26-35,529,1404018,1,超高频,优质,0.0,0.0,0.0,66.6,无负债
4129,女,1952-03-31,75,46,46-55,60,204040,1,高频,普通,0.0,0.0,0.0,13.0,无负债
4131,男,1976-06-02,48,22,≤25,223,502924,1,超高频,普通,0.0,0.0,0.0,39.7,无负债
4132,男,1962-10-15,42,36,36-45,186,2240816,1,超高频,优质,1.0,1.0,0.0,28.4,有负债
4133,女,1965-03-22,42,33,26-35,186,2240816,1,超高频,优质,1.0,1.0,0.0,28.4,有负债
4134,女,1954-02-12,1,44,36-45,375,1324494,1,超高频,优质,0.0,0.0,0.0,50.8,无负债
4136,男,1959-01-06,31,40,36-45,270,1831378,1,超高频,优质,0.0,0.0,0.0,47.7,无负债
4137,男,1949-08-30,21,49,46-55,177,1682121,1,超高频,优质,0.0,0.0,1.0,33.6,无负债
4138,女,1968-09-18,11,30,26-35,68,188789,1,超高频,普通,0.0,0.0,0.0,13.9,无负债
4139,男,1969-07-20,74,29,26-35,562,4697031,1,超高频,高价值,0.0,0.0,0.0,71.5,无负债
4140,男,1963-10-04,70,35,26-35,296,486740,1,超高频,普通,0.0,0.0,0.0,53.0,无负债
4141,男,1970-03-18,9,28,26-35,193,1614560,1,超高频,优质,0.0,0.0,0.0,30.1,无负债
4142,男,1960-06-11,36,38,36-45,146,1370971,1,超高频,优质,0.0,0.0,0.0,28.7,无负债
4143,男,1955-08-24,27,43,36-45,81,425417,1,超高频,普通,0.0,0.0,0.0,17.9,无负债
4144,女,1955-09-11,27,43,36-45,81,425417,1,超高频,普通,0.0,0.0,0.0,17.9,无负债
4145,女,1922-12-02,73,76,>55,388,769938,1,超高频,普通,0.0,0.0,0.0,61.4,无负债
4146,女,1955-06-13,9,43,36-45,129,236891,1,超高频,普通,0.0,0.0,0.0,25.1,无负债
4147,男,1972-12-23,64,26,26-35,146,1216660,1,超高频,优质,0.0,0.0,0.0,27.7,无负债
4148,女,1968-02-08,64,30,26-35,146,1216660,1,超高频,优质,0.0,0.0,0.0,27.7,无负债
4149,男,1979-03-07,1,19,≤25,157,342414,1,超高频,普通,0.0,0.0,0.0,30.7,无负债
4150,女,1977-08-10,1,21,≤25,157,342414,1,超高频,普通,0.0,0.0,0.0,30.7,无负债
4151,女,1926-07-17,73,72,>55,77,129659,1,超高频,普通,0.0,0.0,0.0,18.1,无负债
4152,男,1927-06-07,73,71,>55,77,129659,1,超高频,普通,0.0,0.0,0.0,18.1,无负债
4153,男,1956-04-12,32,42,36-45,165,174938,1,超高频,普通,0.0,0.0,0.0,32.1,无负债
4154,女,1953-10-25,32,45,36-45,165,174938,1,超高频,普通,0.0,0.0,0.0,32.1,无负债
4155,男,1923-05-13,1,75,>55,316,595669,1,超高频,普通,0.0,0.0,0.0,67.0,无负债
4156,女,1962-11-02,5,36,36-45,180,262440,1,超高频,普通,0.0,0.0,0.0,42.9,无负债
4157,男,1972-05-09,1,26,26-35,189,2971883,1,超高频,高价值,0.0,0.0,1.0,26.0,无负债
4158,女,1920-07-10,35,78,>55,109,250327,1,超高频,普通,0.0,0.0,0.0,24.7,无负债
4159,男,1913-12-06,35,85,>55,109,250327,1,超高频,普通,0.0,0.0,0.0,24.7,无负债
4160,女,1969-06-27,16,29,26-35,181,1263942,1,超高频,优质,0.0,0.0,0.0,35.0,无负债
4161,女,1972-09-09,22,26,26-35,311,1423653,1,超高频,优质,0.0,0.0,0.0,39.9,无负债
4163,男,1951-06-07,4,47,46-55,162,217950,1,超高频,普通,0.0,0.0,0.0,36.0,无负债
4164,女,1924-10-22,45,74,>55,121,224352,1,超高频,普通,0.0,0.0,0.0,29.6,无负债
4165,男,1955-03-13,53,43,36-45,74,587589,1,超高频,普通,0.0,0.0,1.0,16.1,无负债
4166,男,1947-02-26,1,51,46-55,265,1373524,1,超高频,优质,0.0,0.0,1.0,59.1,无负债
4167,女,1949-05-31,6,49,46-55,183,2579462,1,超高频,高价值,0.0,0.0,1.0,27.5,无负债
4169,女,1980-02-19,58,18,≤25,145,1309041,1,超高频,优质,1.0,1.0,0.0,31.3,有负债
4170,男,1983-08-27,58,15,≤25,145,1309041,1,超高频,优质,1.0,1.0,0.0,31.3,有负债
4171,男,1980-05-18,1,18,≤25,225,452025,1,超高频,普通,0.0,0.0,1.0,44.8,无负债
4172,女,1945-04-29,1,53,46-55,132,2018073,1,超高频,优质,0.0,0.0,0.0,25.0,无负债
4173,女,1978-06-04,52,20,≤25,161,1283217,1,超高频,优质,0.0,0.0,0.0,32.6,无负债
4174,男,1927-02-11,63,71,>55,111,219320,1,超高频,普通,0.0,0.0,0.0,25.0,无负债
4175,女,1965-01-06,13,34,26-35,226,2025667,1,超高频,优质,0.0,0.0,0.0,43.4,无负债
4176,男,1922-08-31,32,76,>55,124,329187,1,超高频,普通,0.0,0.0,0.0,26.9,无负债
4177,男,1935-12-25,34,63,>55,190,2344805,1,超高频,高价值,1.0,1.0,0.0,34.1,有负债
4178,男,1926-08-31,32,72,>55,316,787723,1,超高频,普通,0.0,0.0,0.0,64.8,无负债
4179,男,1920-07-29,54,78,>55,231,409262,1,超高频,普通,0.0,0.0,0.0,51.8,无负债
4180,男,1932-06-17,63,66,>55,238,341590,1,超高频,普通,0.0,0.0,0.0,42.5,无负债
4181,女,1964-05-15,76,34,26-35,146,1236227,1,超高频,优质,0.0,0.0,0.0,31.4,无负债
4182,男,1941-06-23,16,57,>55,114,1036006,1,超高频,优质,1.0,1.0,0.0,21.1,有负债
4183,女,1940-11-13,16,58,>55,114,1036006,1,超高频,优质,1.0,1.0,0.0,21.1,有负债
4184,女,1975-04-26,8,23,≤25,19,56400,1,中频,普通,0.0,0.0,0.0,18.6,无负债
4185,女,1964-04-23,51,34,26-35,226,720085,1,超高频,普通,0.0,0.0,0.0,34.4,无负债
4186,男,1978-10-14,38,20,≤25,94,408798,1,超高频,普通,0.0,0.0,0.0,15.6,无负债
4187,女,1967-08-28,25,31,26-35,288,774445,1,超高频,普通,0.0,0.0,0.0,44.6,无负债
4188,男,1976-08-17,1,22,≤25,383,1465184,1,超高频,优质,0.0,0.0,1.0,66.5,无负债
4189,男,1941-12-07,64,57,>55,353,2326286,1,超高频,高价值,0.0,0.0,0.0,47.2,无负债
4190,男,1942-11-17,17,56,>55,261,1673451,1,超高频,优质,0.0,0.0,1.0,28.6,无负债
4191,女,1957-01-06,32,42,36-45,220,779562,1,超高频,普通,0.0,0.0,0.0,35.1,无负债
4192,男,1931-11-21,72,67,>55,353,767752,1,超高频,普通,0.0,0.0,0.0,68.3,无负债
4193,女,1937-02-28,8,61,>55,98,206998,1,超高频,普通,0.0,0.0,0.0,24.0,无负债
4194,女,1940-01-03,63,59,>55,144,1028429,1,超高频,优质,0.0,0.0,1.0,23.6,无负债
4195,男,1945-07-30,63,53,46-55,144,1028429,1,超高频,优质,0.0,0.0,0.0,23.6,无负债
4196,女,1951-01-16,55,47,46-55,216,1202755,1,超高频,优质,0.0,0.0,0.0,29.8,无负债
4198,女,1954-10-17,23,44,36-45,278,264425,1,超高频,普通,0.0,0.0,0.0,42.3,无负债
4199,男,1961-12-19,23,37,36-45,278,264425,1,超高频,普通,0.0,0.0,0.0,42.3,无负债
4201,男,1977-07-19,3,21,≤25,227,960073,1,超高频,优质,0.0,0.0,1.0,37.1,无负债
4202,女,1970-05-20,3,28,26-35,227,960073,1,超高频,优质,0.0,0.0,0.0,37.1,无负债
4203,女,1967-01-08,1,32,26-35,303,403774,1,超高频,普通,0.0,0.0,0.0,65.3,无负债
4204,男,1960-06-03,1,38,36-45,303,403774,1,超高频,普通,0.0,0.0,0.0,65.3,无负债
4205,男,1935-02-05,30,63,>55,298,933451,1,超高频,优质,0.0,0.0,0.0,52.7,无负债
4206,男,1942-10-09,22,56,>55,361,1668813,1,超高频,优质,0.0,0.0,0.0,55.4,无负债
4207,男,1938-03-02,70,60,>55,310,1836954,1,超高频,优质,0.0,0.0,0.0,64.5,无负债
4209,女,1933-02-23,70,65,>55,223,440472,1,超高频,普通,0.0,0.0,0.0,48.6,无负债
4210,男,1979-09-15,40,19,≤25,300,393792,1,超高频,普通,0.0,0.0,0.0,63.6,无负债
4211,女,1973-04-17,22,25,≤25,310,2874660,1,超高频,高价值,0.0,0.0,1.0,55.8,无负债
4212,男,1945-05-27,53,53,46-55,186,898982,1,超高频,优质,0.0,0.0,1.0,30.9,无负债
4213,女,1925-06-27,64,73,>55,180,298105,1,超高频,普通,0.0,0.0,0.0,39.3,无负债
4214,男,1921-07-03,64,77,>55,180,298105,1,超高频,普通,0.0,0.0,0.0,39.3,无负债
4215,女,1952-06-08,49,46,46-55,469,2477500,1,超高频,高价值,0.0,0.0,0.0,72.8,无负债
4217,女,1951-06-25,9,47,46-55,300,1666460,1,超高频,优质,1.0,1.0,0.0,49.5,有负债
4218,女,1939-10-06,48,59,>55,36,94100,1,高频,普通,0.0,0.0,0.0,37.7,无负债
4219,女,1944-01-04,51,55,46-55,217,1193156,1,超高频,优质,0.0,0.0,0.0,29.6,无负债
4220,男,1963-09-15,33,35,26-35,258,1808763,1,超高频,优质,0.0,0.0,0.0,40.3,无负债
4221,女,1941-09-26,63,57,>55,288,420308,1,超高频,普通,0.0,0.0,0.0,66.3,无负债
4222,男,1928-08-16,60,70,>55,126,319663,1,超高频,普通,0.0,0.0,0.0,29.8,无负债
4223,男,1970-05-30,54,28,26-35,158,1530382,1,超高频,优质,0.0,0.0,0.0,32.0,无负债
4224,女,1977-04-03,42,21,≤25,89,1208357,1,超高频,优质,0.0,0.0,0.0,19.0,无负债
4225,男,1977-08-08,76,21,≤25,407,2189480,1,超高频,优质,0.0,0.0,0.0,53.8,无负债
4226,男,1957-04-08,31,41,36-45,160,453618,1,超高频,普通,0.0,0.0,0.0,26.0,无负债
4227,女,1963-12-24,51,35,26-35,136,2453405,1,超高频,高价值,0.0,0.0,0.0,28.0,无负债
4229,男,1961-10-05,36,37,36-45,71,495422,1,超高频,普通,0.0,0.0,0.0,12.8,无负债
4230,女,1961-11-11,74,37,36-45,181,1609035,1,超高频,优质,0.0,0.0,1.0,34.3,无负债
4231,女,1959-08-08,1,39,36-45,261,2249289,1,超高频,优质,0.0,0.0,1.0,54.3,无负债
4232,男,1971-02-15,70,27,26-35,127,316962,1,超高频,普通,0.0,0.0,0.0,28.5,无负债
4233,男,1938-02-15,46,60,>55,370,3182633,1,超高频,高价值,0.0,0.0,0.0,64.2,无负债
4234,女,1972-11-08,70,26,26-35,117,477010,1,超高频,普通,0.0,0.0,0.0,20.1,无负债
4235,女,1975-11-15,9,23,≤25,221,3069176,1,超高频,高价值,0.0,0.0,1.0,25.4,无负债
4236,女,1962-01-17,42,36,36-45,127,1155626,1,超高频,优质,0.0,0.0,0.0,28.0,无负债
4237,女,1923-07-31,16,75,>55,301,702264,1,超高频,普通,0.0,0.0,0.0,64.8,无负债
4238,女,1971-04-26,41,27,26-35,400,5619346,1,超高频,高价值,0.0,0.0,0.0,72.8,无负债
4239,男,1920-12-11,70,78,>55,140,297938,1,超高频,普通,0.0,0.0,0.0,29.7,无负债
4240,女,1960-10-21,46,38,36-45,40,61052,1,高频,普通,0.0,0.0,0.0,32.2,无负债
4241,女,1950-03-30,20,48,46-55,449,2862438,1,超高频,高价值,0.0,0.0,0.0,71.0,无负债
4242,男,1954-04-27,20,44,36-45,449,2862438,1,超高频,高价值,0.0,0.0,0.0,71.0,无负债
4243,男,1958-01-26,7,40,36-45,351,470555,1,超高频,普通,0.0,0.0,0.0,71.9,无负债
4244,女,1922-08-12,68,76,>55,125,251257,1,超高频,普通,0.0,0.0,0.0,31.0,无负债
4245,男,1919-09-23,68,79,>55,125,251257,1,超高频,普通,0.0,0.0,0.0,31.0,无负债
4246,女,1980-09-09,36,18,≤25,87,1665250,1,超高频,优质,0.0,0.0,1.0,16.0,无负债
4247,女,1975-01-16,26,23,≤25,115,652078,1,超高频,普通,0.0,0.0,0.0,25.7,无负债
4248,女,1975-05-07,9,23,≤25,164,1385999,1,超高频,优质,0.0,0.0,0.0,29.8,无负债
4249,男,1977-05-21,52,21,≤25,193,336021,1,超高频,普通,0.0,0.0,0.0,35.2,无负债
4250,女,1961-09-06,72,37,36-45,200,1538401,1,超高频,优质,0.0,0.0,0.0,43.6,无负债
4251,男,1960-04-26,44,38,36-45,429,7401258,1,超高频,高价值,0.0,0.0,1.0,67.3,无负债
4252,女,1953-05-28,44,45,36-45,429,7401258,1,超高频,高价值,0.0,0.0,0.0,67.3,无负债
4253,女,1936-05-19,16,62,>55,156,412949,1,超高频,普通,0.0,0.0,0.0,31.3,无负债
4254,男,1972-03-05,65,26,26-35,33,84306,1,高频,普通,0.0,0.0,0.0,32.1,无负债
4255,女,1925-06-28,66,73,>55,79,164490,1,超高频,普通,0.0,0.0,0.0,18.4,无负债
4256,男,1957-03-29,70,41,36-45,174,392393,1,超高频,普通,0.0,0.0,0.0,37.6,无负债
4257,女,1968-06-29,1,30,26-35,223,3511319,1,超高频,高价值,0.0,0.0,0.0,29.8,无负债
4258,女,1966-05-11,44,32,26-35,127,1237288,1,超高频,优质,0.0,0.0,1.0,24.0,无负债
4259,女,1949-06-16,10,49,46-55,335,2740313,1,超高频,高价值,0.0,0.0,0.0,58.8,无负债
4260,男,1967-06-01,12,31,26-35,78,667988,1,超高频,普通,0.0,0.0,0.0,18.1,无负债
4261,女,1924-08-04,34,74,>55,182,435684,1,超高频,普通,0.0,0.0,0.0,36.5,无负债
4262,女,1925-04-24,59,73,>55,167,413046,1,超高频,普通,0.0,0.0,0.0,32.4,无负债
4263,女,1972-06-26,73,26,26-35,200,1055521,1,超高频,优质,0.0,0.0,0.0,42.1,无负债
4264,女,1971-06-21,74,27,26-35,279,417462,1,超高频,普通,0.0,0.0,0.0,52.9,无负债
4265,男,1978-01-19,59,20,≤25,211,929618,1,超高频,优质,0.0,0.0,1.0,33.3,无负债
4266,女,1974-01-26,1,24,≤25,301,387899,1,超高频,普通,0.0,0.0,0.0,63.8,无负债
4267,女,1936-04-21,24,62,>55,281,658044,1,超高频,普通,0.0,0.0,0.0,53.5,无负债
4268,男,1928-06-11,24,70,>55,281,658044,1,超高频,普通,0.0,0.0,0.0,53.5,无负债
4269,女,1955-09-07,45,43,36-45,113,256018,1,超高频,普通,0.0,0.0,0.0,16.6,无负债
4270,女,1972-02-05,58,26,26-35,320,3248459,1,超高频,高价值,0.0,0.0,1.0,65.7,无负债
4271,男,1964-07-23,58,34,26-35,320,3248459,1,超高频,高价值,0.0,0.0,0.0,65.7,无负债
4272,女,1978-08-30,42,20,≤25,300,799784,1,超高频,普通,0.0,0.0,0.0,55.6,无负债
4273,女,1976-11-29,18,22,≤25,123,217149,1,超高频,普通,0.0,0.0,0.0,24.3,无负债
4274,女,1937-05-24,70,61,>55,102,213887,1,超高频,普通,0.0,0.0,0.0,22.3,无负债
4275,女,1957-06-26,49,41,36-45,323,434816,1,超高频,普通,0.0,0.0,0.0,67.7,无负债
4276,女,1973-08-05,74,25,≤25,128,172176,1,超高频,普通,0.0,0.0,0.0,29.8,无负债
4277,男,1979-11-05,74,19,≤25,128,172176,1,超高频,普通,0.0,0.0,0.0,29.8,无负债
4278,男,1949-11-18,33,49,46-55,95,769010,1,超高频,普通,0.0,0.0,0.0,21.1,无负债
4279,男,1949-10-13,51,49,46-55,379,3043749,1,超高频,高价值,0.0,0.0,0.0,71.5,无负债
4280,女,1944-01-08,55,55,46-55,140,1051454,1,超高频,优质,0.0,0.0,0.0,23.2,无负债
4281,男,1931-04-13,54,67,>55,298,506993,1,超高频,普通,0.0,0.0,0.0,65.8,无负债
4282,男,1932-06-09,3,66,>55,294,710254,1,超高频,普通,0.0,0.0,0.0,62.6,无负债
4283,男,1924-09-05,27,74,>55,125,261001,1,超高频,普通,0.0,0.0,0.0,29.0,无负债
4284,男,1946-11-26,68,52,46-55,204,875868,1,超高频,普通,0.0,0.0,0.0,30.4,无负债
4285,女,1945-12-28,68,53,46-55,204,875868,1,超高频,普通,0.0,0.0,0.0,30.4,无负债
4286,女,1965-09-28,6,33,26-35,445,505092,1,超高频,普通,0.0,0.0,0.0,63.4,无负债
4287,女,1953-10-07,62,45,36-45,301,1090765,1,超高频,优质,0.0,0.0,0.0,40.4,无负债
4288,女,1946-03-08,70,52,46-55,177,1315625,1,超高频,优质,0.0,0.0,0.0,40.7,无负债
4289,男,1981-11-23,66,17,≤25,425,990109,1,超高频,优质,0.0,0.0,0.0,71.5,无负债
4290,男,1947-03-09,32,51,46-55,276,2322988,1,超高频,高价值,0.0,0.0,0.0,51.9,无负债
4291,女,1951-05-07,58,47,46-55,113,631367,1,超高频,普通,1.0,1.0,0.0,16.3,有负债
4292,男,1952-07-19,72,46,46-55,114,155141,1,超高频,普通,0.0,0.0,0.0,26.3,无负债
4293,女,1959-12-16,4,39,36-45,569,6358131,1,超高频,高价值,0.0,0.0,1.0,68.3,无负债
4294,男,1956-06-22,4,42,36-45,569,6358131,1,超高频,高价值,0.0,0.0,0.0,68.3,无负债
4295,男,1960-03-16,18,38,36-45,196,1061214,1,超高频,优质,0.0,0.0,1.0,36.6,无负债
4296,男,1925-11-06,57,73,>55,106,240709,1,超高频,普通,0.0,0.0,0.0,26.1,无负债
4297,女,1928-10-16,57,70,>55,106,240709,1,超高频,普通,0.0,0.0,0.0,26.1,无负债
4298,男,1920-04-18,33,78,>55,54,100793,1,高频,普通,0.0,0.0,0.0,14.8,无负债
4299,女,1977-09-15,50,21,≤25,200,2537129,1,超高频,高价值,1.0,1.0,0.0,29.9,有负债
4300,女,1977-11-15,1,21,≤25,144,1143722,1,超高频,优质,0.0,0.0,0.0,30.4,无负债
4301,女,1956-05-03,14,42,36-45,118,384252,1,超高频,普通,0.0,0.0,0.0,25.8,无负债
4302,女,1944-01-04,30,55,46-55,156,202830,1,超高频,普通,0.0,0.0,0.0,22.9,无负债
4303,女,1978-03-05,21,20,≤25,407,837180,1,超高频,普通,0.0,0.0,0.0,67.7,无负债
4304,女,1945-06-15,5,53,46-55,325,2961129,1,超高频,高价值,0.0,0.0,0.0,49.1,无负债
4305,女,1939-06-21,40,59,>55,160,335503,1,超高频,普通,0.0,0.0,0.0,33.2,无负债
4306,男,1940-10-17,40,58,>55,160,335503,1,超高频,普通,0.0,0.0,0.0,33.2,无负债
4307,男,1977-04-14,1,21,≤25,164,369289,1,超高频,普通,0.0,0.0,0.0,27.8,无负债
4308,女,1970-01-10,44,28,26-35,355,988308,1,超高频,优质,0.0,0.0,0.0,62.0,无负债
4309,女,1979-04-26,39,19,≤25,402,863148,1,超高频,普通,0.0,0.0,0.0,62.2,无负债
4310,女,1925-05-30,65,73,>55,189,445463,1,超高频,普通,0.0,0.0,0.0,38.2,无负债
4311,男,1981-04-12,59,17,≤25,65,197654,1,超高频,普通,0.0,0.0,0.0,30.6,无负债
4312,女,1979-10-20,72,19,≤25,105,177458,1,超高频,普通,0.0,0.0,0.0,22.1,无负债
4313,女,1968-02-21,53,30,26-35,371,1149607,1,超高频,优质,0.0,0.0,0.0,64.7,无负债
4314,女,1925-05-24,58,73,>55,283,378054,1,超高频,普通,0.0,0.0,0.0,50.5,无负债
4315,女,1959-04-25,74,39,36-45,109,534643,1,超高频,普通,0.0,0.0,0.0,20.0,无负债
4316,女,1943-08-26,1,55,46-55,189,933541,1,超高频,优质,0.0,0.0,1.0,35.0,无负债
4317,女,1978-10-11,53,20,≤25,305,2675821,1,超高频,高价值,0.0,0.0,0.0,52.7,无负债
4318,女,1942-09-11,43,56,>55,437,2041899,1,超高频,优质,0.0,0.0,1.0,66.0,无负债
4319,男,1946-11-06,43,52,46-55,437,2041899,1,超高频,优质,0.0,0.0,0.0,66.0,无负债
4320,女,1958-11-04,66,40,36-45,119,454010,1,超高频,普通,0.0,0.0,0.0,21.5,无负债
4321,女,1973-10-18,19,25,≤25,190,225120,1,超高频,普通,0.0,0.0,0.0,40.8,无负债
4322,男,1970-10-01,19,28,26-35,190,225120,1,超高频,普通,0.0,0.0,0.0,40.8,无负债
4323,男,1924-03-20,40,74,>55,226,485357,1,超高频,普通,0.0,0.0,0.0,47.6,无负债
4324,女,1918-07-22,40,80,>55,226,485357,1,超高频,普通,0.0,0.0,0.0,47.6,无负债
4325,男,1947-07-19,55,51,46-55,194,2148636,1,超高频,优质,0.0,0.0,0.0,31.1,无负债
4326,男,1930-09-20,1,68,>55,150,349910,1,超高频,普通,0.0,0.0,0.0,30.7,无负债
4327,女,1937-08-23,1,61,>55,150,349910,1,超高频,普通,0.0,0.0,0.0,30.7,无负债
4328,女,1976-06-13,59,22,≤25,335,1893813,1,超高频,优质,0.0,0.0,1.0,70.2,无负债
4329,女,1947-05-18,64,51,46-55,230,274070,1,超高频,普通,0.0,0.0,0.0,36.8,无负债
4330,男,1921-07-02,33,77,>55,138,370269,1,超高频,普通,0.0,0.0,0.0,30.6,无负债
4331,男,1959-09-03,5,39,36-45,154,1947253,1,超高频,优质,0.0,0.0,0.0,26.0,无负债
4332,男,1936-01-11,57,63,>55,161,1474986,1,超高频,优质,0.0,0.0,0.0,31.4,无负债
4333,男,1958-04-20,1,40,36-45,187,1676436,1,超高频,优质,0.0,0.0,1.0,31.2,无负债
4334,女,1954-02-19,1,44,36-45,187,1676436,1,超高频,优质,0.0,0.0,0.0,31.2,无负债
4335,女,1924-12-25,54,74,>55,351,857704,1,超高频,普通,0.0,0.0,0.0,72.8,无负债
4336,女,1969-08-02,19,29,26-35,471,2377657,1,超高频,高价值,0.0,0.0,0.0,71.4,无负债
4337,男,1966-04-21,48,32,26-35,298,3135972,1,超高频,高价值,0.0,0.0,0.0,60.9,无负债
4338,男,1944-10-25,30,54,46-55,317,1480104,1,超高频,优质,0.0,0.0,0.0,56.9,无负债
4339,女,1977-09-15,59,21,≤25,155,1267664,1,超高频,优质,0.0,0.0,0.0,32.8,无负债
4340,女,1949-07-18,1,49,46-55,209,2640295,1,超高频,高价值,0.0,0.0,1.0,35.2,无负债
4341,男,1964-05-01,76,34,26-35,65,437782,1,超高频,普通,0.0,0.0,1.0,14.2,无负债
4342,女,1918-04-07,63,80,>55,273,599507,1,超高频,普通,0.0,0.0,0.0,58.3,无负债
4343,女,1929-08-09,27,69,>55,349,818651,1,超高频,普通,0.0,0.0,1.0,65.7,无负债
4344,男,1925-06-15,54,73,>55,216,461622,1,超高频,普通,0.0,0.0,0.0,43.3,无负债
4345,女,1974-09-29,18,24,≤25,152,2215208,1,超高频,优质,0.0,0.0,1.0,25.3,无负债
4346,女,1973-09-20,3,25,≤25,71,552317,1,超高频,普通,0.0,0.0,0.0,15.7,无负债
4347,女,1926-06-20,54,72,>55,305,802368,1,超高频,普通,0.0,0.0,0.0,61.2,无负债
4348,女,1978-04-17,3,20,≤25,233,1735667,1,超高频,优质,0.0,0.0,0.0,33.8,无负债
4349,女,1959-08-22,1,39,36-45,143,458913,1,超高频,普通,0.0,0.0,1.0,32.9,无负债
4350,男,1966-08-20,1,32,26-35,143,458913,1,超高频,普通,0.0,0.0,0.0,32.9,无负债
4352,男,1971-07-24,72,27,26-35,352,2604076,1,超高频,高价值,1.0,1.0,0.0,52.8,有负债
4353,女,1979-09-19,28,19,≤25,442,2926912,1,超高频,高价值,0.0,0.0,1.0,65.9,无负债
4354,男,1986-08-13,28,12,≤25,442,2926912,1,超高频,高价值,0.0,0.0,0.0,65.9,无负债
4355,女,1938-12-29,1,60,>55,67,110115,1,超高频,普通,0.0,0.0,0.0,15.5,无负债
4358,男,1942-10-24,70,56,>55,397,1597289,1,超高频,优质,0.0,0.0,0.0,52.9,无负债
4359,男,1950-08-02,64,48,46-55,422,1325838,1,超高频,优质,0.0,0.0,0.0,65.7,无负债
4360,女,1965-07-10,19,33,26-35,216,1867840,1,超高频,优质,0.0,0.0,1.0,29.2,无负债
4361,男,1955-05-04,46,43,36-45,137,562058,1,超高频,普通,0.0,0.0,0.0,26.2,无负债
4362,男,1943-09-16,50,55,46-55,13,34700,1,中频,普通,0.0,0.0,0.0,12.7,无负债
4363,女,1951-07-01,50,47,46-55,13,34700,1,中频,普通,0.0,0.0,0.0,12.7,无负债
4364,男,1977-12-05,22,21,≤25,475,2172276,1,超高频,优质,0.0,0.0,0.0,62.4,无负债
4365,男,1961-05-12,10,37,36-45,414,2330285,1,超高频,高价值,0.0,0.0,0.0,64.0,无负债
4367,男,1982-03-30,14,16,≤25,110,223039,1,超高频,普通,0.0,0.0,0.0,23.1,无负债
4368,女,1977-10-21,32,21,≤25,258,922445,1,超高频,优质,0.0,0.0,0.0,48.9,无负债
4369,男,1965-06-15,53,33,26-35,305,2700511,1,超高频,高价值,0.0,0.0,0.0,51.3,无负债
4370,男,1939-06-28,59,59,>55,284,437221,1,超高频,普通,0.0,0.0,0.0,47.3,无负债
4371,男,1968-12-12,32,30,26-35,188,2021725,1,超高频,优质,0.0,0.0,0.0,43.7,无负债
4372,男,1933-10-11,3,65,>55,314,716715,1,超高频,普通,0.0,0.0,0.0,53.1,无负债
4373,男,1951-12-20,51,47,46-55,164,723913,1,超高频,普通,0.0,0.0,0.0,26.2,无负债
4376,男,1954-03-05,70,44,36-45,284,1266286,1,超高频,优质,0.0,0.0,1.0,40.2,无负债
4377,男,1978-01-31,48,20,≤25,530,2303487,1,超高频,优质,1.0,1.0,0.0,66.1,有负债
4380,男,1931-05-13,1,67,>55,170,378054,1,超高频,普通,0.0,0.0,1.0,41.2,无负债
4381,男,1959-01-25,56,39,36-45,107,935644,1,超高频,优质,0.0,0.0,0.0,33.3,无负债
4382,男,1980-10-20,18,18,≤25,143,585369,1,超高频,普通,0.0,0.0,1.0,23.1,无负债
4383,男,1963-08-01,21,35,26-35,101,2049006,1,超高频,优质,0.0,0.0,0.0,20.8,无负债
4384,女,1973-01-12,10,25,≤25,115,183199,1,超高频,普通,0.0,0.0,0.0,20.2,无负债
4385,女,1972-10-02,21,26,26-35,428,1437756,1,超高频,优质,0.0,0.0,0.0,56.2,无负债
4386,女,1945-12-27,53,53,46-55,280,1286860,1,超高频,优质,1.0,1.0,0.0,38.7,有负债
4387,男,1946-02-18,52,52,46-55,202,2542010,1,超高频,高价值,0.0,0.0,0.0,36.2,无负债
4388,女,1936-09-16,4,62,>55,102,217337,1,超高频,普通,0.0,0.0,0.0,24.1,无负债
4389,女,1926-07-01,10,72,>55,314,787879,1,超高频,普通,0.0,0.0,0.0,62.8,无负债
4390,女,1972-04-29,7,26,26-35,226,297906,1,超高频,普通,0.0,0.0,0.0,48.4,无负债
4393,女,1941-09-11,1,57,>55,47,87400,1,高频,普通,0.0,0.0,0.0,49.0,无负债
4394,女,1975-12-30,64,23,≤25,323,467951,1,超高频,普通,0.0,0.0,0.0,69.6,无负债
4395,女,1958-05-16,36,40,36-45,196,1018247,1,超高频,优质,0.0,0.0,0.0,30.9,无负债
4396,女,1974-11-07,63,24,≤25,327,4006599,1,超高频,高价值,0.0,0.0,0.0,39.0,无负债
4397,男,1973-11-26,63,25,≤25,327,4006599,1,超高频,高价值,0.0,0.0,0.0,39.0,无负债
4398,男,1958-07-23,77,40,36-45,158,607630,1,超高频,普通,0.0,0.0,0.0,30.9,无负债
4399,女,1967-11-20,61,31,26-35,235,297965,1,超高频,普通,0.0,0.0,0.0,32.3,无负债
4400,女,1959-08-29,54,39,36-45,455,2668203,1,超高频,高价值,0.0,0.0,0.0,68.6,无负债
4401,男,1968-07-20,8,30,26-35,322,1480228,1,超高频,优质,0.0,0.0,0.0,55.7,无负债
4402,男,1929-04-11,23,69,>55,341,688331,1,超高频,普通,0.0,0.0,0.0,71.1,无负债
4403,女,1938-10-19,36,60,>55,107,252256,1,超高频,普通,0.0,0.0,0.0,22.3,无负债
4404,女,1951-04-09,31,47,46-55,377,2633611,1,超高频,高价值,0.0,0.0,0.0,56.8,无负债
4405,女,1959-04-17,47,39,36-45,391,2902656,1,超高频,高价值,0.0,0.0,1.0,66.6,无负债
4406,男,1954-11-01,1,44,36-45,251,1181823,1,超高频,优质,0.0,0.0,0.0,36.8,无负债
4407,男,1975-07-06,70,23,≤25,299,672816,1,超高频,普通,0.0,0.0,0.0,65.8,无负债
4408,男,1923-05-19,62,75,>55,60,136408,1,高频,普通,0.0,0.0,0.0,15.6,无负债
4409,女,1928-01-22,62,70,>55,60,136408,1,高频,普通,0.0,0.0,0.0,15.6,无负债
4410,女,1976-01-12,24,22,≤25,118,213353,1,超高频,普通,0.0,0.0,0.0,21.6,无负债
4411,男,1950-01-02,54,49,46-55,179,648822,1,超高频,普通,0.0,0.0,0.0,23.3,无负债
4412,女,1952-11-26,54,46,46-55,179,648822,1,超高频,普通,0.0,0.0,0.0,23.3,无负债
4413,男,1977-05-04,74,21,≤25,346,758538,1,超高频,普通,0.0,0.0,0.0,62.5,无负债
4414,男,1933-06-19,50,65,>55,152,325531,1,超高频,普通,0.0,0.0,0.0,36.2,无负债
4415,男,1977-07-09,4,21,≤25,84,726115,1,超高频,普通,0.0,0.0,0.0,19.5,无负债
4416,男,1970-12-25,67,28,26-35,294,2669701,1,超高频,高价值,0.0,0.0,1.0,50.6,无负债
4417,男,1976-04-24,1,22,≤25,198,2457866,1,超高频,高价值,1.0,1.0,1.0,32.6,有负债
4418,男,1970-05-19,28,28,26-35,63,569639,1,超高频,普通,0.0,0.0,0.0,18.4,无负债
4420,男,1957-05-06,55,41,36-45,320,694761,1,超高频,普通,0.0,0.0,0.0,60.0,无负债
4421,女,1944-06-27,1,54,46-55,30,73700,1,高频,普通,0.0,0.0,0.0,31.0,无负债
4422,女,1943-07-31,76,55,46-55,430,1095942,1,超高频,优质,0.0,0.0,0.0,61.2,无负债
4423,男,1918-05-24,27,80,>55,307,584530,1,超高频,普通,0.0,0.0,0.0,67.9,无负债
4424,男,1933-05-06,21,65,>55,61,125609,1,超高频,普通,0.0,0.0,0.0,15.7,无负债
4425,女,1936-10-15,21,62,>55,61,125609,1,超高频,普通,0.0,0.0,0.0,15.7,无负债
4426,女,1969-09-13,26,29,26-35,216,1344100,1,超高频,优质,0.0,0.0,1.0,33.9,无负债
4427,男,1940-11-03,30,58,>55,193,267074,1,超高频,普通,0.0,0.0,0.0,36.2,无负债
4428,男,1954-03-09,38,44,36-45,570,6941745,1,超高频,高价值,1.0,1.0,0.0,70.7,有负债
4429,男,1945-04-02,64,53,46-55,435,6936860,1,超高频,高价值,0.0,0.0,1.0,70.4,无负债
4430,女,1938-06-27,64,60,>55,435,6936860,1,超高频,高价值,0.0,0.0,0.0,70.4,无负债
4431,男,1930-09-30,58,68,>55,135,289039,1,超高频,普通,0.0,0.0,0.0,31.2,无负债
4432,女,1964-03-14,1,34,26-35,186,257443,1,超高频,普通,0.0,0.0,0.0,39.5,无负债
4433,男,1968-02-22,1,30,26-35,414,1600825,1,超高频,优质,1.0,0.0,0.0,70.3,无负债
4434,男,1964-03-29,64,34,26-35,299,1660427,1,超高频,优质,1.0,1.0,0.0,41.2,有负债
4435,女,1965-10-30,64,33,26-35,299,1660427,1,超高频,优质,1.0,1.0,0.0,41.2,有负债
4436,男,1920-04-28,27,78,>55,189,372077,1,超高频,普通,0.0,0.0,0.0,35.0,无负债
4437,女,1961-10-26,70,37,36-45,125,930457,1,超高频,优质,0.0,0.0,1.0,23.5,无负债
4438,男,1957-12-04,70,41,36-45,125,930457,1,超高频,优质,0.0,0.0,0.0,23.5,无负债
4439,男,1975-03-25,70,23,≤25,369,914643,1,超高频,优质,0.0,0.0,0.0,67.8,无负债
4440,男,1948-12-26,33,50,46-55,373,3228695,1,超高频,高价值,0.0,0.0,0.0,65.6,无负债
4441,女,1943-10-07,33,55,46-55,373,3228695,1,超高频,高价值,0.0,0.0,0.0,65.6,无负债
4442,女,1921-04-29,23,77,>55,299,763918,1,超高频,普通,0.0,0.0,0.0,58.8,无负债
4444,男,1969-03-28,77,29,26-35,70,90678,1,超高频,普通,0.0,0.0,0.0,17.2,无负债
4445,女,1964-04-14,77,34,26-35,70,90678,1,超高频,普通,0.0,0.0,0.0,17.2,无负债
4446,女,1950-10-11,71,48,46-55,335,1594360,1,超高频,优质,0.0,0.0,0.0,62.7,无负债
4447,男,1957-08-16,71,41,36-45,335,1594360,1,超高频,优质,0.0,0.0,0.0,62.7,无负债
4448,女,1942-05-02,72,56,>55,309,2065026,1,超高频,优质,0.0,0.0,0.0,62.6,无负债
4449,男,1949-11-08,8,49,46-55,195,2303684,1,超高频,优质,0.0,0.0,0.0,37.6,无负债
4450,女,1949-01-05,67,50,46-55,112,1282166,1,超高频,优质,0.0,0.0,0.0,26.8,无负债
4451,女,1927-10-19,50,71,>55,349,902469,1,超高频,优质,0.0,0.0,0.0,71.4,无负债
4452,女,1924-06-08,70,74,>55,82,171788,1,超高频,普通,0.0,0.0,0.0,20.7,无负债
4453,女,1976-05-29,61,22,≤25,416,2580926,1,超高频,高价值,0.0,0.0,0.0,72.1,无负债
4454,男,1976-02-09,61,22,≤25,416,2580926,1,超高频,高价值,0.0,0.0,0.0,72.1,无负债
4455,男,1976-07-29,70,22,≤25,175,771930,1,超高频,普通,0.0,0.0,0.0,30.3,无负债
4456,男,1936-10-23,30,62,>55,115,590797,1,超高频,普通,0.0,0.0,0.0,21.3,无负债
4457,男,1943-01-17,1,55,46-55,176,1415360,1,超高频,优质,0.0,0.0,1.0,30.8,无负债
4458,女,1950-12-23,22,48,46-55,432,1894190,1,超高频,优质,0.0,0.0,0.0,69.1,无负债
4459,女,1962-05-21,1,36,36-45,64,79347,1,超高频,普通,0.0,0.0,0.0,34.5,无负债
4460,男,1957-02-24,1,41,36-45,64,79347,1,超高频,普通,0.0,0.0,0.0,34.5,无负债
4461,女,1957-04-22,54,41,36-45,368,2739801,1,超高频,高价值,0.0,0.0,0.0,65.8,无负债
4462,男,1977-09-13,1,21,≤25,104,767564,1,超高频,普通,0.0,0.0,0.0,19.2,无负债
4463,男,1923-08-17,76,75,>55,306,736848,1,超高频,普通,0.0,0.0,0.0,63.8,无负债
4464,男,1964-11-19,53,34,26-35,251,1605609,1,超高频,优质,0.0,0.0,0.0,45.3,无负债
4465,男,1937-06-02,74,61,>55,88,98373,1,超高频,普通,0.0,0.0,0.0,18.7,无负债
4466,女,1922-10-07,75,76,>55,369,859765,1,超高频,普通,0.0,0.0,0.0,72.3,无负债
4467,女,1944-11-17,20,54,46-55,82,1520745,1,超高频,优质,0.0,0.0,1.0,14.5,无负债
4468,男,1944-05-04,20,54,46-55,82,1520745,1,超高频,优质,0.0,0.0,0.0,14.5,无负债
4469,女,1973-02-28,8,25,≤25,186,554939,1,超高频,普通,0.0,0.0,0.0,33.4,无负债
4471,女,1975-06-11,64,23,≤25,154,327634,1,超高频,普通,0.0,0.0,1.0,25.6,无负债
4472,男,1965-07-25,74,33,26-35,280,850557,1,超高频,普通,0.0,0.0,1.0,34.4,无负债
4473,男,1944-12-27,1,54,46-55,262,1183065,1,超高频,优质,0.0,0.0,1.0,46.9,无负债
4474,女,1964-12-09,3,34,26-35,101,768070,1,超高频,普通,1.0,0.0,0.0,20.1,无负债
4476,男,1927-01-13,3,72,>55,247,610630,1,超高频,普通,0.0,0.0,0.0,52.4,无负债
4477,男,1957-01-18,74,41,36-45,402,5621799,1,超高频,高价值,0.0,0.0,0.0,67.8,无负债
4478,女,1952-05-14,74,46,46-55,402,5621799,1,超高频,高价值,0.0,0.0,0.0,67.8,无负债
4479,女,1958-07-24,2,40,36-45,492,3747376,1,超高频,高价值,0.0,0.0,1.0,57.2,无负债
4480,男,1963-03-30,74,35,26-35,13,33100,1,中频,普通,0.0,0.0,0.0,13.3,无负债
4481,男,1975-06-16,1,23,≤25,20,59200,1,中频,普通,0.0,0.0,0.0,20.9,无负债
4482,男,1979-01-17,56,19,≤25,287,1888626,1,超高频,优质,0.0,0.0,0.0,56.2,无负债
4483,女,1966-08-29,63,32,26-35,335,485833,1,超高频,普通,0.0,0.0,0.0,57.4,无负债
4484,男,1955-04-11,37,43,36-45,98,488265,1,超高频,普通,0.0,0.0,0.0,18.7,无负债
4485,男,1919-07-20,36,79,>55,321,691041,1,超高频,普通,0.0,0.0,0.0,66.0,无负债
4486,女,1914-06-14,36,84,>55,321,691041,1,超高频,普通,0.0,0.0,0.0,66.0,无负债
4487,男,1974-08-14,22,24,≤25,189,216800,1,超高频,普通,0.0,0.0,0.0,34.8,无负债
4488,女,1971-04-03,22,27,26-35,189,216800,1,超高频,普通,0.0,0.0,0.0,34.8,无负债
4489,男,1948-03-24,76,50,46-55,63,335883,1,超高频,普通,0.0,0.0,0.0,13.0,无负债
4490,女,1956-02-18,76,42,36-45,63,335883,1,超高频,普通,0.0,0.0,0.0,13.0,无负债
4491,女,1977-07-13,2,21,≤25,159,554035,1,超高频,普通,0.0,0.0,0.0,31.0,无负债
4492,女,1965-09-08,16,33,26-35,53,313142,1,高频,普通,0.0,0.0,1.0,17.1,无负债
4493,男,1947-10-05,33,51,46-55,239,1494933,1,超高频,优质,0.0,0.0,1.0,43.3,无负债
4494,男,1952-11-09,54,46,46-55,198,2039182,1,超高频,优质,0.0,0.0,0.0,30.0,无负债
4495,男,1979-04-11,66,19,≤25,241,961600,1,超高频,优质,0.0,0.0,1.0,35.9,无负债
4496,男,1971-02-19,10,27,26-35,245,1285927,1,超高频,优质,0.0,0.0,0.0,53.2,无负债
4497,女,1964-09-14,10,34,26-35,245,1285927,1,超高频,优质,0.0,0.0,0.0,53.2,无负债
4498,男,1931-12-28,31,67,>55,201,378288,1,超高频,普通,0.0,0.0,0.0,45.3,无负债
4499,女,1929-09-28,31,69,>55,201,378288,1,超高频,普通,0.0,0.0,0.0,45.3,无负债
4500,男,1924-08-12,17,74,>55,251,491714,1,超高频,普通,0.0,0.0,0.0,52.5,无负债
4501,女,1947-03-18,70,51,46-55,139,164837,1,超高频,普通,0.0,0.0,0.0,31.9,无负债
4502,男,1932-01-10,21,67,>55,86,155429,1,超高频,普通,0.0,0.0,0.0,19.5,无负债
4503,女,1928-05-28,21,70,>55,86,155429,1,超高频,普通,0.0,0.0,0.0,19.5,无负债
4504,女,1965-11-24,33,33,26-35,181,2476406,1,超高频,高价值,0.0,0.0,1.0,29.8,无负债
4505,男,1966-07-06,33,32,26-35,181,2476406,1,超高频,高价值,0.0,0.0,0.0,29.8,无负债
4506,女,1954-11-30,11,44,36-45,340,850412,1,超高频,普通,0.0,0.0,0.0,70.8,无负债
4507,男,1970-08-03,1,28,26-35,318,4027876,1,超高频,高价值,0.0,0.0,1.0,44.8,无负债
4508,男,1921-11-14,54,77,>55,154,423508,1,超高频,普通,0.0,0.0,0.0,32.3,无负债
4509,女,1920-03-12,54,78,>55,154,423508,1,超高频,普通,0.0,0.0,0.0,32.3,无负债
4510,女,1938-12-28,34,60,>55,273,602454,1,超高频,普通,0.0,0.0,0.0,46.7,无负债
4511,女,1945-04-27,51,53,46-55,353,2840905,1,超高频,高价值,0.0,0.0,0.0,66.0,无负债
4512,男,1963-10-19,1,35,26-35,91,820831,1,超高频,普通,0.0,0.0,0.0,21.6,无负债
4514,男,1940-12-25,65,58,>55,151,417619,1,超高频,普通,0.0,0.0,0.0,28.9,无负债
4515,女,1920-09-28,59,78,>55,82,165327,1,超高频,普通,0.0,0.0,0.0,20.0,无负债
4516,女,1961-09-27,1,37,36-45,230,1454230,1,超高频,优质,0.0,0.0,1.0,33.8,无负债
4518,女,1952-04-04,39,46,46-55,476,4237104,1,超高频,高价值,0.0,0.0,1.0,65.9,无负债
4519,女,1951-10-31,70,47,46-55,193,1209696,1,超高频,优质,0.0,0.0,0.0,31.4,无负债
4520,女,1957-06-28,1,41,36-45,421,1281895,1,超高频,优质,1.0,1.0,0.0,56.9,有负债
4521,男,1943-09-09,1,55,46-55,380,409188,1,超高频,普通,0.0,0.0,0.0,66.7,无负债
4522,女,1950-11-01,68,48,46-55,146,1389935,1,超高频,优质,0.0,0.0,1.0,29.1,无负债
4523,男,1952-03-09,68,46,46-55,146,1389935,1,超高频,优质,0.0,0.0,0.0,29.1,无负债
4524,男,1957-07-14,77,41,36-45,266,1966502,1,超高频,优质,0.0,0.0,0.0,46.2,无负债
4525,女,1964-07-17,77,34,26-35,266,1966502,1,超高频,优质,0.0,0.0,0.0,46.2,无负债
4526,女,1970-04-24,70,28,26-35,414,2710041,1,超高频,高价值,0.0,0.0,0.0,64.5,无负债
4527,女,1963-02-04,1,35,26-35,320,1761191,1,超高频,优质,1.0,1.0,0.0,49.9,有负债
4528,男,1922-01-09,28,77,>55,246,511896,1,超高频,普通,0.0,0.0,0.0,46.9,无负债
4529,男,1976-09-16,37,22,≤25,312,2136509,1,超高频,优质,1.0,1.0,0.0,34.9,有负债
4530,女,1984-09-18,37,14,≤25,312,2136509,1,超高频,优质,1.0,1.0,0.0,34.9,有负债
4531,女,1964-06-25,64,34,26-35,230,3126932,1,超高频,高价值,0.0,0.0,0.0,35.9,无负债
4532,男,1953-10-09,39,45,36-45,304,3767155,1,超高频,高价值,0.0,0.0,1.0,51.2,无负债
4533,男,1980-01-29,64,18,≤25,109,947072,1,超高频,优质,0.0,0.0,1.0,15.5,无负债
4534,男,1954-12-24,38,44,36-45,216,645783,1,超高频,普通,0.0,0.0,1.0,40.0,无负债
4535,女,1931-12-03,1,67,>55,298,558154,1,超高频,普通,0.0,0.0,0.0,61.0,无负债
4536,男,1947-10-14,41,51,46-55,391,5438951,1,超高频,高价值,0.0,0.0,0.0,72.6,无负债
4539,男,1942-12-12,55,56,>55,266,940452,1,超高频,优质,0.0,0.0,0.0,40.9,无负债
4540,男,1936-01-16,69,63,>55,214,371059,1,超高频,普通,0.0,0.0,0.0,38.4,无负债
4541,女,1971-03-02,32,27,26-35,148,142268,1,超高频,普通,0.0,0.0,0.0,25.9,无负债
4542,男,1954-02-06,29,44,36-45,109,1215158,1,超高频,优质,0.0,0.0,0.0,26.8,无负债
4543,男,1941-12-01,1,57,>55,230,914228,1,超高频,优质,0.0,0.0,1.0,38.1,无负债
4544,女,1955-06-13,52,43,36-45,97,1299975,1,超高频,优质,0.0,0.0,0.0,19.1,无负债
4545,女,1936-01-20,3,62,>55,162,408733,1,超高频,普通,0.0,0.0,0.0,32.1,无负债
4546,女,1951-04-20,23,47,46-55,220,1565510,1,超高频,优质,0.0,0.0,1.0,40.0,无负债
4547,女,1943-12-30,9,55,46-55,319,3666591,1,超高频,高价值,0.0,0.0,0.0,67.7,无负债
4548,男,1958-01-05,7,41,36-45,214,1881143,1,超高频,优质,0.0,0.0,0.0,37.9,无负债
4549,女,1920-10-30,10,78,>55,91,212698,1,超高频,普通,0.0,0.0,0.0,20.2,无负债
4550,女,1942-10-17,72,56,>55,172,788746,1,超高频,普通,0.0,0.0,0.0,28.5,无负债
4551,男,1924-04-29,60,74,>55,359,801306,1,超高频,普通,0.0,0.0,0.0,67.1,无负债
4552,女,1919-02-28,60,79,>55,359,801306,1,超高频,普通,0.0,0.0,0.0,67.1,无负债
4553,女,1945-02-23,1,53,46-55,163,1266169,1,超高频,优质,0.0,0.0,1.0,26.9,无负债
4554,男,1937-07-24,70,61,>55,286,284083,1,超高频,普通,0.0,0.0,0.0,48.1,无负债
4555,男,1960-08-07,52,38,36-45,400,3241485,1,超高频,高价值,0.0,0.0,1.0,66.9,无负债
4556,男,1970-05-31,74,28,26-35,312,1020017,1,超高频,优质,0.0,0.0,0.0,42.4,无负债
4557,女,1932-10-24,44,66,>55,220,450246,1,超高频,普通,0.0,0.0,0.0,37.8,无负债
4558,男,1928-09-27,44,70,>55,220,450246,1,超高频,普通,0.0,0.0,0.0,37.8,无负债
4559,女,1958-03-09,35,40,36-45,375,3564565,1,超高频,高价值,0.0,0.0,1.0,70.2,无负债
4560,男,1963-10-20,9,35,26-35,149,1296499,1,超高频,优质,0.0,0.0,1.0,21.8,无负债
4561,女,1968-06-29,40,30,26-35,196,741977,1,超高频,普通,0.0,0.0,0.0,37.6,无负债
4562,男,1965-10-11,25,33,26-35,226,629004,1,超高频,普通,0.0,0.0,0.0,35.8,无负债
4563,女,1971-07-25,10,27,26-35,423,3907397,1,超高频,高价值,0.0,0.0,0.0,70.3,无负债
4564,男,1975-08-25,10,23,≤25,423,3907397,1,超高频,高价值,0.0,0.0,0.0,70.3,无负债
4565,男,1948-03-03,14,50,46-55,424,5923529,1,超高频,高价值,0.0,0.0,0.0,67.3,无负债
4567,男,1937-02-12,70,61,>55,413,3135446,1,超高频,高价值,0.0,0.0,0.0,71.4,无负债
4568,男,1982-04-26,70,16,≤25,409,1083322,1,超高频,优质,0.0,0.0,1.0,69.7,无负债
4569,女,1971-07-09,6,27,26-35,154,1713599,1,超高频,优质,0.0,0.0,0.0,28.9,无负债
4570,女,1939-11-03,1,59,>55,95,1013916,1,超高频,优质,0.0,0.0,0.0,19.9,无负债
4571,男,1967-11-07,1,31,26-35,251,1894972,1,超高频,优质,0.0,0.0,0.0,32.4,无负债
4572,女,1936-05-21,28,62,>55,324,679330,1,超高频,普通,0.0,0.0,0.0,65.6,无负债
4573,女,1955-10-12,5,43,36-45,171,742626,1,超高频,普通,0.0,0.0,0.0,30.6,无负债
4574,女,1966-11-12,20,32,26-35,119,883701,1,超高频,普通,0.0,0.0,0.0,23.2,无负债
4575,女,1964-09-20,36,34,26-35,206,1335385,1,超高频,优质,0.0,0.0,0.0,34.0,无负债
4576,男,1958-06-27,53,40,36-45,398,2249851,1,超高频,优质,0.0,0.0,0.0,68.2,无负债
4577,女,1949-07-25,64,49,46-55,91,113926,1,超高频,普通,0.0,0.0,0.0,52.7,无负债
4578,男,1976-12-27,15,22,≤25,93,516141,1,超高频,普通,0.0,0.0,0.0,16.4,无负债
4579,女,1939-07-01,74,59,>55,196,867292,1,超高频,普通,0.0,0.0,0.0,25.4,无负债
4580,女,1944-11-24,30,54,46-55,158,447531,1,超高频,普通,0.0,0.0,0.0,27.9,无负债
4581,女,1956-06-16,1,42,36-45,143,1374674,1,超高频,优质,0.0,0.0,0.0,30.8,无负债
4582,男,1918-10-12,44,80,>55,148,302634,1,超高频,普通,0.0,0.0,0.0,32.9,无负债
4583,女,1941-08-24,61,57,>55,181,622538,1,超高频,普通,0.0,0.0,0.0,35.7,无负债
4584,女,1949-06-24,7,49,46-55,450,3920257,1,超高频,高价值,1.0,1.0,0.0,57.7,有负债
4585,女,1948-09-10,9,50,46-55,314,1433574,1,超高频,优质,0.0,0.0,0.0,54.8,无负债
4586,男,1951-08-13,9,47,46-55,314,1433574,1,超高频,优质,0.0,0.0,0.0,54.8,无负债
4587,女,1978-05-06,36,20,≤25,220,1541483,1,超高频,优质,0.0,0.0,1.0,32.9,无负债
4588,女,1976-11-05,53,22,≤25,226,1669047,1,超高频,优质,0.0,0.0,1.0,40.5,无负债
4589,女,1976-09-15,2,22,≤25,451,2219142,1,超高频,优质,0.0,0.0,0.0,65.6,无负债
4590,男,1936-03-17,1,62,>55,178,566369,1,超高频,普通,0.0,0.0,0.0,25.7,无负债
4591,男,1933-08-19,43,65,>55,207,508718,1,超高频,普通,0.0,0.0,0.0,43.0,无负债
4592,女,1955-03-29,1,43,36-45,145,238223,1,超高频,普通,0.0,0.0,1.0,26.6,无负债
4593,男,1932-07-03,72,66,>55,226,433200,1,超高频,普通,0.0,0.0,0.0,48.2,无负债
4594,男,1940-11-25,1,58,>55,91,332369,1,超高频,普通,0.0,0.0,0.0,15.0,无负债
4595,女,1940-11-29,1,58,>55,91,332369,1,超高频,普通,0.0,0.0,0.0,15.0,无负债
4596,女,1973-08-31,74,25,≤25,23,54000,1,高频,普通,0.0,0.0,0.0,36.7,无负债
4597,女,1952-05-19,1,46,46-55,165,1852172,1,超高频,优质,0.0,0.0,0.0,33.8,无负债
4598,女,1941-04-12,25,57,>55,33,96400,1,高频,普通,0.0,0.0,0.0,32.8,无负债
4599,男,1947-12-05,25,51,46-55,33,96400,1,高频,普通,0.0,0.0,0.0,32.8,无负债
4600,男,1967-03-13,70,31,26-35,264,1038941,1,超高频,优质,0.0,0.0,0.0,47.4,无负债
4601,男,1935-04-02,1,63,>55,560,2753224,1,超高频,高价值,0.0,0.0,0.0,73.0,无负债
4602,女,1934-04-04,1,64,>55,560,2753224,1,超高频,高价值,0.0,0.0,0.0,73.0,无负债
4603,女,1946-07-26,69,52,46-55,128,588492,1,超高频,普通,0.0,0.0,0.0,26.0,无负债
4604,男,1968-10-02,67,30,26-35,357,1770559,1,超高频,优质,0.0,0.0,0.0,62.5,无负债
4605,女,1980-09-09,18,18,≤25,177,618739,1,超高频,普通,0.0,0.0,0.0,32.9,无负债
4606,男,1937-10-14,8,61,>55,358,2633382,1,超高频,高价值,0.0,0.0,0.0,64.2,无负债
4607,女,1976-11-16,74,22,≤25,94,338784,1,超高频,普通,0.0,0.0,0.0,45.1,无负债
4608,男,1945-01-18,41,53,46-55,277,1168313,1,超高频,优质,0.0,0.0,0.0,58.3,无负债
4609,女,1976-12-19,7,22,≤25,149,522152,1,超高频,普通,0.0,0.0,0.0,61.5,无负债
4610,女,1966-01-02,34,33,26-35,260,808041,1,超高频,普通,0.0,0.0,0.0,46.6,无负债
4611,女,1953-05-10,1,45,36-45,236,996681,1,超高频,优质,0.0,0.0,0.0,51.7,无负债
4612,女,1960-09-23,44,38,36-45,60,80734,1,高频,普通,0.0,0.0,0.0,16.4,无负债
4615,男,1951-07-31,56,47,46-55,112,719093,1,超高频,普通,0.0,0.0,0.0,20.7,无负债
4617,男,1977-12-20,45,21,≤25,218,623441,1,超高频,普通,0.0,0.0,0.0,35.8,无负债
4618,女,1972-03-27,45,26,26-35,218,623441,1,超高频,普通,0.0,0.0,0.0,35.8,无负债
4619,女,1941-02-20,77,57,>55,85,966046,1,超高频,优质,0.0,0.0,0.0,17.9,无负债
4620,女,1940-11-01,54,58,>55,665,2216845,1,超高频,优质,1.0,1.0,0.0,72.4,有负债
4621,男,1946-02-10,54,52,46-55,665,2216845,1,超高频,优质,1.0,1.0,0.0,72.4,有负债
4622,女,1972-05-25,50,26,26-35,445,2160940,1,超高频,优质,0.0,0.0,0.0,70.6,无负债
4623,男,1967-05-09,68,31,26-35,77,611666,1,超高频,普通,0.0,0.0,0.0,12.9,无负债
4624,女,1966-05-24,48,32,26-35,330,2068288,1,超高频,优质,0.0,0.0,0.0,65.1,无负债
4625,男,1967-03-04,48,31,26-35,330,2068288,1,超高频,优质,0.0,0.0,0.0,65.1,无负债
4626,女,1947-11-24,3,51,46-55,251,1510955,1,超高频,优质,0.0,0.0,0.0,56.8,无负债
4627,男,1942-03-24,1,56,>55,234,3015861,1,超高频,高价值,0.0,0.0,1.0,47.0,无负债
4628,女,1938-05-31,1,60,>55,234,3015861,1,超高频,高价值,0.0,0.0,0.0,47.0,无负债
4629,男,1923-05-10,76,75,>55,297,671380,1,超高频,普通,0.0,0.0,0.0,59.2,无负债
4630,女,1915-09-27,76,83,>55,297,671380,1,超高频,普通,0.0,0.0,0.0,59.2,无负债
4631,女,1933-04-01,8,65,>55,256,400324,1,超高频,普通,0.0,0.0,0.0,48.0,无负债
4632,男,1928-04-18,1,70,>55,82,167447,1,超高频,普通,0.0,0.0,0.0,22.0,无负债
4633,女,1980-10-31,62,18,≤25,116,389695,1,超高频,普通,0.0,0.0,0.0,27.4,无负债
4634,女,1940-03-09,67,58,>55,328,445169,1,超高频,普通,0.0,0.0,0.0,68.3,无负债
4635,男,1936-02-28,67,62,>55,328,445169,1,超高频,普通,0.0,0.0,0.0,68.3,无负债
4636,男,1977-09-22,48,21,≤25,245,2277181,1,超高频,优质,0.0,0.0,0.0,44.3,无负债
4637,男,1969-02-13,61,29,26-35,79,110058,1,超高频,普通,0.0,0.0,0.0,20.5,无负债
4638,女,1968-02-26,33,30,26-35,319,1799826,1,超高频,优质,0.0,0.0,1.0,43.3,无负债
4639,男,1980-05-16,20,18,≤25,167,711501,1,超高频,普通,0.0,0.0,1.0,30.2,无负债
4640,女,1956-05-07,75,42,36-45,287,1792946,1,超高频,优质,0.0,0.0,0.0,51.1,无负债
4641,男,1958-02-12,33,40,36-45,443,2817015,1,超高频,高价值,0.0,0.0,0.0,65.7,无负债
4642,女,1960-08-03,33,38,36-45,443,2817015,1,超高频,高价值,0.0,0.0,0.0,65.7,无负债
4643,女,1969-07-21,1,29,26-35,115,886182,1,超高频,普通,0.0,0.0,0.0,22.4,无负债
4644,男,1931-01-19,20,67,>55,69,137920,1,超高频,普通,0.0,0.0,0.0,15.8,无负债
4647,男,1978-08-20,8,20,≤25,205,254943,1,超高频,普通,0.0,0.0,0.0,32.9,无负债
4648,男,1964-01-24,33,34,26-35,303,1904798,1,超高频,优质,0.0,0.0,0.0,40.5,无负债
4649,女,1928-06-25,45,70,>55,118,236788,1,超高频,普通,0.0,0.0,0.0,25.3,无负债
4650,女,1965-07-15,54,33,26-35,51,73870,1,高频,普通,0.0,0.0,0.0,14.5,无负债
4651,男,1979-01-24,2,19,≤25,196,516869,1,超高频,普通,0.0,0.0,1.0,37.1,无负债
4652,男,1962-02-26,53,36,36-45,173,1797734,1,超高频,优质,1.0,0.0,0.0,32.8,无负债
4653,女,1946-12-18,4,52,46-55,246,1355361,1,超高频,优质,0.0,0.0,0.0,51.4,无负债
4654,女,1950-02-15,2,48,46-55,124,1157966,1,超高频,优质,0.0,0.0,1.0,23.4,无负债
4655,男,1947-10-14,2,51,46-55,124,1157966,1,超高频,优质,0.0,0.0,0.0,23.4,无负债
4656,男,1942-09-16,1,56,>55,206,2597889,1,超高频,高价值,1.0,1.0,0.0,25.6,有负债
4657,男,1941-09-13,15,57,>55,356,1824903,1,超高频,优质,0.0,0.0,0.0,64.5,无负债
4658,男,1935-10-11,33,63,>55,253,1999386,1,超高频,优质,0.0,0.0,0.0,30.5,无负债
4659,女,1959-04-14,50,39,36-45,251,1968976,1,超高频,优质,0.0,0.0,0.0,47.4,无负债
4660,女,1975-07-06,60,23,≤25,61,328975,1,超高频,普通,0.0,0.0,1.0,40.5,无负债
4661,女,1944-05-11,1,54,46-55,90,501186,1,超高频,普通,0.0,0.0,0.0,17.7,无负债
4662,女,1927-02-10,1,71,>55,305,669856,1,超高频,普通,0.0,0.0,0.0,65.3,无负债
4663,男,1942-10-29,72,56,>55,388,5576988,1,超高频,高价值,0.0,0.0,1.0,52.4,无负债
4664,男,1921-08-05,38,77,>55,111,255811,1,超高频,普通,0.0,0.0,0.0,24.1,无负债
4665,女,1926-08-27,9,72,>55,422,578512,1,超高频,普通,0.0,0.0,0.0,72.8,无负债
4666,男,1928-06-12,9,70,>55,422,578512,1,超高频,普通,0.0,0.0,0.0,72.8,无负债
4667,男,1941-04-26,25,57,>55,158,663206,1,超高频,普通,0.0,0.0,0.0,19.7,无负债
4668,女,1938-06-25,25,60,>55,158,663206,1,超高频,普通,0.0,0.0,0.0,19.7,无负债
4670,女,1968-08-14,51,30,26-35,247,925156,1,超高频,优质,0.0,0.0,0.0,43.6,无负债
4671,男,1972-07-27,51,26,26-35,247,925156,1,超高频,优质,0.0,0.0,0.0,43.6,无负债
4672,男,1949-08-28,44,49,46-55,73,1142992,1,超高频,优质,1.0,1.0,0.0,14.7,有负债
4673,男,1952-08-16,69,46,46-55,295,3492081,1,超高频,高价值,0.0,0.0,0.0,59.4,无负债
4674,女,1978-12-27,59,20,≤25,133,1133555,1,超高频,优质,0.0,0.0,1.0,26.7,无负债
4675,男,1975-10-02,23,23,≤25,364,386280,1,超高频,普通,0.0,0.0,0.0,51.6,无负债
4677,女,1921-09-29,3,77,>55,152,372360,1,超高频,普通,0.0,0.0,0.0,29.6,无负债
4678,男,1968-12-06,21,30,26-35,210,545233,1,超高频,普通,0.0,0.0,0.0,34.4,无负债
4679,男,1948-01-31,20,50,46-55,566,536410,1,超高频,普通,0.0,0.0,0.0,66.7,无负债
4680,女,1979-05-24,72,19,≤25,438,956036,1,超高频,优质,0.0,0.0,1.0,70.6,无负债
4681,女,1949-10-08,1,49,46-55,124,468770,1,超高频,普通,0.0,0.0,0.0,25.9,无负债
4682,男,1953-08-11,1,45,36-45,124,468770,1,超高频,普通,0.0,0.0,0.0,25.9,无负债
4683,男,1956-08-02,51,42,36-45,90,238556,1,超高频,普通,0.0,0.0,0.0,21.3,无负债
4684,女,1953-03-05,1,45,36-45,280,3574376,1,超高频,高价值,0.0,0.0,1.0,59.2,无负债
4685,男,1964-07-14,62,34,26-35,174,264626,1,超高频,普通,0.0,0.0,0.0,32.3,无负债
4686,男,1944-07-02,39,54,46-55,55,110301,1,高频,普通,0.0,0.0,0.0,68.2,无负债
4687,女,1947-12-19,16,51,46-55,93,93149,1,超高频,普通,0.0,0.0,0.0,18.2,无负债
4688,男,1940-09-11,16,58,>55,93,93149,1,超高频,普通,0.0,0.0,0.0,18.2,无负债
4689,男,1963-04-26,50,35,26-35,194,721553,1,超高频,普通,0.0,0.0,0.0,35.2,无负债
4690,女,1962-08-26,66,36,36-45,387,2247919,1,超高频,优质,0.0,0.0,0.0,65.4,无负债
4691,男,1964-01-28,66,34,26-35,387,2247919,1,超高频,优质,0.0,0.0,0.0,65.4,无负债
4692,女,1955-04-06,76,43,36-45,300,410940,1,超高频,普通,0.0,0.0,0.0,63.1,无负债
4693,男,1943-03-02,42,55,46-55,146,286570,1,超高频,普通,0.0,0.0,0.0,25.0,无负债
4694,女,1943-04-15,42,55,46-55,146,286570,1,超高频,普通,0.0,0.0,0.0,25.0,无负债
4695,男,1925-12-11,52,73,>55,145,326602,1,超高频,普通,0.0,0.0,0.0,27.6,无负债
4696,女,1933-04-12,52,65,>55,145,326602,1,超高频,普通,0.0,0.0,0.0,27.6,无负债
4697,女,1957-09-25,27,41,36-45,225,934759,1,超高频,优质,0.0,0.0,0.0,42.2,无负债
4698,男,1963-03-31,45,35,26-35,260,2906614,1,超高频,高价值,0.0,0.0,0.0,41.1,无负债
4699,女,1963-11-12,13,35,26-35,108,896292,1,超高频,优质,0.0,0.0,1.0,20.8,无负债
4700,女,1937-06-15,70,61,>55,306,737891,1,超高频,普通,0.0,0.0,0.0,59.6,无负债
4701,男,1941-06-28,22,57,>55,169,1231029,1,超高频,优质,0.0,0.0,1.0,30.7,无负债
4704,女,1955-04-29,12,43,36-45,75,553239,1,超高频,普通,0.0,0.0,0.0,16.3,无负债
4705,男,1955-09-12,1,43,36-45,259,897210,1,超高频,优质,0.0,0.0,0.0,41.4,无负债
4706,女,1943-07-11,58,55,46-55,271,1780282,1,超高频,优质,0.0,0.0,0.0,49.1,无负债
4707,男,1940-11-05,58,58,>55,271,1780282,1,超高频,优质,0.0,0.0,0.0,49.1,无负债
4708,男,1950-07-14,18,48,46-55,121,150263,1,超高频,普通,0.0,0.0,0.0,27.3,无负债
4709,男,1978-04-16,54,20,≤25,122,1385437,1,超高频,优质,0.0,0.0,0.0,19.4,无负债
4710,女,1961-05-09,52,37,36-45,94,1242225,1,超高频,优质,1.0,1.0,0.0,18.1,有负债
4711,男,1955-07-23,52,43,36-45,94,1242225,1,超高频,优质,1.0,1.0,0.0,18.1,有负债
4712,女,1960-06-06,37,38,36-45,173,1863663,1,超高频,优质,1.0,1.0,0.0,32.9,有负债
4713,女,1918-11-04,13,80,>55,120,207661,1,超高频,普通,0.0,0.0,0.0,23.8,无负债
4714,男,1911-08-20,13,87,>55,120,207661,1,超高频,普通,0.0,0.0,0.0,23.8,无负债
4715,女,1976-08-12,15,22,≤25,556,3734014,1,超高频,高价值,0.0,0.0,1.0,72.6,无负债
4716,女,1933-08-02,10,65,>55,94,196069,1,超高频,普通,0.0,0.0,0.0,23.7,无负债
4717,男,1944-08-09,32,54,46-55,40,53935,1,高频,普通,0.0,0.0,0.0,12.7,无负债
4718,男,1932-11-22,2,66,>55,342,671456,1,超高频,普通,0.0,0.0,0.0,56.8,无负债
4719,男,1937-02-18,23,61,>55,141,823558,1,超高频,普通,0.0,0.0,0.0,27.3,无负债
4720,女,1946-05-06,33,52,46-55,227,1821026,1,超高频,优质,0.0,0.0,0.0,40.5,无负债
4721,女,1956-03-21,65,42,36-45,408,3441706,1,超高频,高价值,0.0,0.0,1.0,70.0,无负债
4722,男,1972-01-28,8,26,26-35,94,535186,1,超高频,普通,1.0,1.0,0.0,15.3,有负债
4723,女,1941-02-06,1,57,>55,268,1463877,1,超高频,优质,0.0,0.0,1.0,33.6,无负债
4724,女,1973-10-14,53,25,≤25,320,1239058,1,超高频,优质,0.0,0.0,0.0,61.6,无负债
4725,男,1945-11-17,34,53,46-55,66,495969,1,超高频,普通,0.0,0.0,1.0,14.7,无负债
4726,女,1952-07-04,34,46,46-55,66,495969,1,超高频,普通,0.0,0.0,0.0,14.7,无负债
4727,女,1970-11-23,74,28,26-35,293,3579431,1,超高频,高价值,0.0,0.0,0.0,64.9,无负债
4728,男,1970-10-31,74,28,26-35,293,3579431,1,超高频,高价值,0.0,0.0,0.0,64.9,无负债
4729,男,1945-07-07,18,53,46-55,277,3384407,1,超高频,高价值,0.0,0.0,0.0,54.3,无负债
4730,男,1920-05-04,68,78,>55,54,150491,1,高频,普通,0.0,0.0,0.0,14.5,无负债
4731,女,1973-02-11,52,25,≤25,383,3237370,1,超高频,高价值,0.0,0.0,0.0,70.1,无负债
4732,男,1918-03-17,70,80,>55,150,305070,1,超高频,普通,0.0,0.0,0.0,34.7,无负债
4733,男,1955-07-17,1,43,36-45,301,3273814,1,超高频,高价值,0.0,0.0,0.0,40.5,无负债
4734,男,1925-03-21,72,73,>55,254,520918,1,超高频,普通,0.0,0.0,0.0,52.4,无负债
4735,女,1922-10-23,72,76,>55,254,520918,1,超高频,普通,0.0,0.0,0.0,52.4,无负债
4736,女,1943-05-28,56,55,46-55,407,842057,1,超高频,普通,0.0,0.0,0.0,63.2,无负债
4737,女,1981-06-01,24,17,≤25,159,407647,1,超高频,普通,0.0,0.0,0.0,32.3,无负债
4739,女,1960-03-08,37,38,36-45,240,1810615,1,超高频,优质,0.0,0.0,0.0,44.9,无负债
4740,男,1977-06-12,28,21,≤25,169,1452221,1,超高频,优质,0.0,0.0,1.0,35.4,无负债
4741,女,1929-07-29,74,69,>55,153,391207,1,超高频,普通,0.0,0.0,0.0,29.7,无负债
4742,女,1949-04-13,61,49,46-55,153,1092670,1,超高频,优质,0.0,0.0,0.0,35.2,无负债
4743,男,1956-09-25,61,42,36-45,153,1092670,1,超高频,优质,0.0,0.0,0.0,35.2,无负债
4744,男,1929-12-18,6,69,>55,45,134777,1,高频,普通,0.0,0.0,0.0,12.5,无负债
4745,女,1948-08-04,68,50,46-55,602,3383838,1,超高频,高价值,0.0,0.0,0.0,70.8,无负债
4746,女,1941-07-20,39,57,>55,324,398670,1,超高频,普通,0.0,0.0,0.0,44.6,无负债
4747,女,1922-04-27,76,76,>55,163,357449,1,超高频,普通,0.0,0.0,0.0,36.2,无负债
4748,男,1928-01-26,76,70,>55,163,357449,1,超高频,普通,0.0,0.0,0.0,36.2,无负债
4749,女,1948-01-19,57,50,46-55,333,3024160,1,超高频,高价值,0.0,0.0,1.0,62.4,无负债
4750,男,1962-04-04,70,36,36-45,384,1178472,1,超高频,优质,0.0,0.0,0.0,66.8,无负债
4751,男,1973-01-08,35,25,≤25,224,1726217,1,超高频,优质,0.0,0.0,1.0,44.5,无负债
4752,男,1939-10-09,7,59,>55,121,134955,1,超高频,普通,0.0,0.0,0.0,24.5,无负债
4753,女,1934-02-18,7,64,>55,121,134955,1,超高频,普通,0.0,0.0,0.0,24.5,无负债
4754,女,1939-12-28,27,59,>55,199,2442744,1,超高频,高价值,1.0,1.0,0.0,32.2,有负债
4755,女,1954-09-05,71,44,36-45,154,184907,1,超高频,普通,0.0,0.0,0.0,34.4,无负债
4756,女,1950-01-08,22,49,46-55,253,1437553,1,超高频,优质,0.0,0.0,0.0,39.4,无负债
4757,男,1945-10-09,22,53,46-55,253,1437553,1,超高频,优质,0.0,0.0,0.0,39.4,无负债
4758,女,1973-01-09,50,25,≤25,59,84337,1,高频,普通,0.0,0.0,0.0,38.4,无负债
4759,男,1980-02-21,50,18,≤25,59,84337,1,高频,普通,0.0,0.0,0.0,38.4,无负债
4760,男,1935-03-27,70,63,>55,176,1084551,1,超高频,优质,0.0,0.0,0.0,30.0,无负债
4761,女,1934-11-28,70,64,>55,176,1084551,1,超高频,优质,0.0,0.0,0.0,30.0,无负债
4762,女,1971-02-13,76,27,26-35,223,1540098,1,超高频,优质,0.0,0.0,0.0,35.8,无负债
4763,女,1944-02-23,77,54,46-55,523,1964060,1,超高频,优质,0.0,0.0,1.0,62.6,无负债
4764,男,1979-10-15,54,19,≤25,85,356508,1,超高频,普通,0.0,0.0,1.0,36.2,无负债
4765,男,1935-03-06,48,63,>55,82,778116,1,超高频,普通,0.0,0.0,1.0,16.2,无负债
4766,男,1967-05-27,22,31,26-35,78,236213,1,超高频,普通,0.0,0.0,0.0,19.3,无负债
4767,女,1918-09-21,26,80,>55,189,423708,1,超高频,普通,0.0,0.0,0.0,34.3,无负债
4768,女,1960-04-03,1,38,36-45,127,1265798,1,超高频,优质,1.0,1.0,0.0,18.8,有负债
4769,女,1923-01-23,22,75,>55,354,802104,1,超高频,普通,0.0,0.0,0.0,67.2,无负债
4770,男,1924-12-13,22,74,>55,354,802104,1,超高频,普通,0.0,0.0,0.0,67.2,无负债
4771,女,1961-01-07,64,38,36-45,435,1184771,1,超高频,优质,0.0,0.0,0.0,66.6,无负债
4772,女,1950-01-29,6,48,46-55,162,611240,1,超高频,普通,0.0,0.0,1.0,26.5,无负债
4773,女,1952-06-13,33,46,46-55,153,1926527,1,超高频,优质,0.0,0.0,0.0,31.1,无负债
4774,男,1951-08-14,59,47,46-55,47,557320,1,高频,普通,0.0,0.0,0.0,12.3,无负债
4775,女,1948-07-22,59,50,46-55,47,557320,1,高频,普通,0.0,0.0,0.0,12.3,无负债
4776,男,1974-12-22,1,24,≤25,109,896418,1,超高频,优质,0.0,0.0,0.0,22.8,无负债
4777,女,1929-06-23,64,69,>55,336,660483,1,超高频,普通,0.0,0.0,0.0,71.8,无负债
4778,男,1922-03-07,64,76,>55,336,660483,1,超高频,普通,0.0,0.0,0.0,71.8,无负债
4779,男,1978-02-10,52,20,≤25,102,151426,1,超高频,普通,0.0,0.0,0.0,23.6,无负债
4780,女,1972-02-01,54,26,26-35,25,76200,1,高频,普通,0.0,0.0,0.0,25.0,无负债
4781,女,1966-08-15,9,32,26-35,88,373946,1,超高频,普通,0.0,0.0,0.0,14.4,无负债
4782,男,1966-12-28,25,32,26-35,93,138820,1,超高频,普通,0.0,0.0,0.0,23.5,无负债
4783,女,1978-10-16,31,20,≤25,359,2320708,1,超高频,高价值,0.0,0.0,0.0,68.9,无负债
4784,女,1920-12-08,42,78,>55,176,293058,1,超高频,普通,0.0,0.0,0.0,36.3,无负债
4785,男,1921-10-06,42,77,>55,176,293058,1,超高频,普通,0.0,0.0,0.0,36.3,无负债
4786,男,1938-08-16,54,60,>55,189,2395987,1,超高频,高价值,1.0,0.0,0.0,27.7,无负债
4787,男,1962-03-12,36,36,36-45,171,1280633,1,超高频,优质,0.0,0.0,0.0,36.5,无负债
4788,女,1980-04-27,39,18,≤25,352,2514363,1,超高频,高价值,0.0,0.0,0.0,67.4,无负债
4789,女,1940-09-26,24,58,>55,231,3059675,1,超高频,高价值,0.0,0.0,1.0,37.7,无负债
4790,男,1946-02-09,75,52,46-55,166,1159963,1,超高频,优质,0.0,0.0,0.0,22.0,无负债
4791,男,1936-02-15,51,62,>55,424,2325598,1,超高频,高价值,0.0,0.0,1.0,63.6,无负债
4792,女,1957-05-25,20,41,36-45,190,852815,1,超高频,普通,0.0,0.0,0.0,37.7,无负债
4793,女,1946-02-15,55,52,46-55,184,1109182,1,超高频,优质,0.0,0.0,0.0,34.3,无负债
4794,女,1945-11-16,20,53,46-55,247,332480,1,超高频,普通,0.0,0.0,0.0,51.7,无负债
4795,女,1925-09-18,74,73,>55,183,387360,1,超高频,普通,0.0,0.0,0.0,33.0,无负债
4796,男,1928-03-11,7,70,>55,286,578316,1,超高频,普通,0.0,0.0,0.0,64.1,无负债
4797,女,1940-09-03,59,58,>55,345,2211314,1,超高频,优质,0.0,0.0,0.0,47.1,无负债
4798,女,1962-01-02,37,37,36-45,183,783828,1,超高频,普通,0.0,0.0,0.0,35.1,无负债
4799,女,1946-03-20,75,52,46-55,470,1417485,1,超高频,优质,0.0,0.0,0.0,70.0,无负债
4800,男,1953-08-14,75,45,36-45,470,1417485,1,超高频,优质,0.0,0.0,0.0,70.0,无负债
4801,男,1978-11-25,23,20,≤25,304,312679,1,超高频,普通,0.0,0.0,0.0,48.2,无负债
4802,男,1971-07-06,75,27,26-35,314,388067,1,超高频,普通,0.0,0.0,0.0,66.1,无负债
4803,男,1945-08-07,45,53,46-55,318,2228247,1,超高频,优质,0.0,0.0,0.0,71.9,无负债
4804,女,1930-02-07,51,68,>55,102,181360,1,超高频,普通,0.0,0.0,0.0,24.9,无负债
4805,女,1935-03-13,1,63,>55,70,124897,1,超高频,普通,0.0,0.0,0.0,17.9,无负债
4806,女,1944-02-01,19,54,46-55,113,410166,1,超高频,普通,0.0,0.0,0.0,18.7,无负债
4807,男,1948-12-28,25,50,46-55,77,349456,1,超高频,普通,0.0,0.0,0.0,15.8,无负债
4808,女,1981-11-24,23,17,≤25,121,241617,1,超高频,普通,0.0,0.0,1.0,20.2,无负债
4809,男,1930-11-01,19,68,>55,191,348610,1,超高频,普通,0.0,0.0,0.0,46.4,无负债
4810,女,1935-01-26,19,63,>55,191,348610,1,超高频,普通,0.0,0.0,0.0,46.4,无负债
4811,女,1971-03-26,77,27,26-35,122,1280185,1,超高频,优质,0.0,0.0,0.0,23.2,无负债
4812,男,1925-06-26,1,73,>55,120,307872,1,超高频,普通,0.0,0.0,0.0,24.5,无负债
4813,男,1968-10-25,43,30,26-35,53,483400,1,高频,普通,0.0,0.0,0.0,12.7,无负债
4814,男,1962-02-28,54,36,36-45,195,1461384,1,超高频,优质,0.0,0.0,0.0,35.8,无负债
4815,男,1970-09-17,15,28,26-35,157,2406757,1,超高频,高价值,0.0,0.0,0.0,34.1,无负债
4816,女,1974-03-04,15,24,≤25,157,2406757,1,超高频,高价值,0.0,0.0,0.0,34.1,无负债
4817,男,1969-09-04,12,29,26-35,297,851706,1,超高频,普通,0.0,0.0,0.0,40.8,无负债
4818,男,1932-03-13,1,66,>55,89,208615,1,超高频,普通,0.0,0.0,0.0,18.6,无负债
4819,男,1964-04-13,62,34,26-35,274,1017355,1,超高频,优质,0.0,0.0,0.0,60.5,无负债
4820,女,1969-09-19,2,29,26-35,206,1136438,1,超高频,优质,0.0,0.0,0.0,32.9,无负债
4821,女,1939-06-08,35,59,>55,493,2165117,1,超高频,优质,0.0,0.0,1.0,68.9,无负债
4822,男,1945-10-13,35,53,46-55,493,2165117,1,超高频,优质,0.0,0.0,0.0,68.9,无负债
4823,男,1982-04-16,7,16,≤25,407,1052154,1,超高频,优质,0.0,0.0,1.0,65.9,无负债
4824,男,1940-03-05,54,58,>55,84,103781,1,超高频,普通,0.0,0.0,0.0,47.6,无负债
4826,女,1977-12-27,25,21,≤25,123,1832846,1,超高频,优质,0.0,0.0,0.0,16.6,无负债
4831,男,1958-08-14,27,40,36-45,33,89300,1,高频,普通,0.0,0.0,0.0,33.8,无负债
4832,女,1957-01-09,56,42,36-45,291,3058759,1,超高频,高价值,0.0,0.0,1.0,59.2,无负债
4833,女,1971-02-28,30,27,26-35,157,809268,1,超高频,普通,0.0,0.0,1.0,28.8,无负债
4836,男,1952-12-31,49,46,46-55,360,1844398,1,超高频,优质,0.0,0.0,0.0,63.7,无负债
4837,女,1967-03-13,56,31,26-35,277,4182710,1,超高频,高价值,0.0,0.0,0.0,44.2,无负债
4853,男,1939-03-01,58,59,>55,144,1292253,1,超高频,优质,0.0,0.0,0.0,23.1,无负债
4861,女,1977-11-01,57,21,≤25,167,648756,1,超高频,普通,1.0,1.0,0.0,25.8,有负债
4862,女,1943-11-23,1,55,46-55,358,1007764,1,超高频,优质,0.0,0.0,1.0,72.5,无负债
4863,女,1974-03-02,1,24,≤25,365,4334806,1,超高频,高价值,0.0,0.0,1.0,66.2,无负债
4877,男,1957-02-19,45,41,36-45,223,2424423,1,超高频,高价值,0.0,0.0,0.0,39.7,无负债
4882,男,1978-12-21,36,20,≤25,137,1023569,1,超高频,优质,1.0,1.0,0.0,23.5,有负债
4886,男,1979-12-09,23,19,≤25,349,3124000,1,超高频,高价值,0.0,0.0,0.0,72.3,无负债
4892,男,1969-03-08,26,29,26-35,106,135773,1,超高频,普通,0.0,0.0,0.0,63.7,无负债
4901,女,1950-05-08,72,48,46-55,372,3861593,1,超高频,高价值,0.0,0.0,1.0,56.1,无负债
4904,女,1961-04-19,38,37,36-45,114,258743,1,超高频,普通,0.0,0.0,0.0,25.8,无负债
4906,女,1976-10-19,64,22,≤25,154,1232252,1,超高频,优质,0.0,0.0,0.0,29.4,无负债
4907,男,1974-05-31,64,24,≤25,154,1232252,1,超高频,优质,0.0,0.0,0.0,29.4,无负债
4915,男,1963-07-19,40,35,26-35,321,3580326,1,超高频,高价值,0.0,0.0,1.0,72.1,无负债
4916,男,1939-01-09,52,60,>55,584,4943029,1,超高频,高价值,1.0,1.0,0.0,62.8,有负债
4918,男,1968-05-06,11,30,26-35,215,1078108,1,超高频,优质,1.0,0.0,0.0,42.0,无负债
4919,女,1951-05-26,49,47,46-55,226,2173056,1,超高频,优质,0.0,0.0,0.0,50.5,无负债
4923,男,1962-07-02,66,36,36-45,150,2598181,1,超高频,高价值,0.0,0.0,1.0,29.9,无负债
4925,男,1951-06-18,45,47,46-55,251,2026599,1,超高频,优质,0.0,0.0,0.0,34.5,无负债
4927,女,1955-03-16,72,43,36-45,28,71403,1,高频,普通,0.0,0.0,0.0,27.1,无负债
4928,男,1976-02-09,9,22,≤25,105,523661,1,超高频,普通,0.0,0.0,0.0,17.2,无负债
4929,男,1943-07-30,74,55,46-55,145,795216,1,超高频,普通,0.0,0.0,1.0,34.1,无负债
4930,男,1981-07-30,1,17,≤25,316,810781,1,超高频,普通,0.0,0.0,0.0,70.3,无负债
4937,女,1960-11-09,54,38,36-45,255,1193213,1,超高频,优质,1.0,1.0,1.0,31.7,有负债
4941,女,1979-02-25,60,19,≤25,46,183093,1,高频,普通,0.0,0.0,1.0,26.0,无负债
4942,男,1959-07-05,38,39,36-45,271,3833689,1,超高频,高价值,0.0,0.0,0.0,47.9,无负债
4944,男,1982-04-07,58,16,≤25,270,596207,1,超高频,普通,0.0,0.0,1.0,44.5,无负债
4949,男,1982-10-20,54,16,≤25,244,583010,1,超高频,普通,0.0,0.0,0.0,47.4,无负债
4956,男,1946-10-10,6,52,46-55,94,1399310,1,超高频,优质,1.0,1.0,0.0,15.1,有负债
4959,男,1979-04-25,77,19,≤25,317,627190,1,超高频,普通,0.0,0.0,0.0,63.4,无负债
4961,男,1982-07-31,54,16,≤25,216,649082,1,超高频,普通,0.0,0.0,0.0,43.4,无负债
4968,男,1938-05-26,50,60,>55,142,576627,1,超高频,普通,1.0,0.0,0.0,32.4,无负债
4969,女,1968-07-20,64,30,26-35,78,836501,1,超高频,普通,0.0,0.0,0.0,15.4,无负债
4972,女,1977-07-13,70,21,≤25,74,766935,1,超高频,普通,0.0,0.0,0.0,19.3,无负债
4974,女,1962-06-30,5,36,36-45,436,5242174,1,超高频,高价值,0.0,0.0,1.0,53.2,无负债
4975,男,1961-10-21,5,37,36-45,436,5242174,1,超高频,高价值,0.0,0.0,0.0,53.2,无负债
4976,男,1981-01-18,36,17,≤25,29,125506,1,高频,普通,0.0,0.0,1.0,15.2,无负债
4979,男,1937-06-28,7,61,>55,430,4684609,1,超高频,高价值,0.0,0.0,0.0,71.0,无负债
4989,男,1935-09-04,28,63,>55,55,567781,1,高频,普通,0.0,0.0,0.0,13.1,无负债
4992,女,1972-07-14,55,26,26-35,61,644657,1,超高频,普通,0.0,0.0,0.0,15.0,无负债
4993,女,1973-06-27,1,25,≤25,185,2022847,1,超高频,优质,1.0,1.0,0.0,28.8,有负债
4994,男,1978-06-21,1,20,≤25,185,2022847,1,超高频,优质,1.0,1.0,0.0,28.8,有负债
5002,女,1977-07-17,65,21,≤25,119,629078,1,超高频,普通,0.0,0.0,1.0,18.2,无负债
5010,女,1950-09-08,42,48,46-55,94,980685,1,超高频,优质,0.0,0.0,0.0,18.4,无负债
5012,女,1972-09-22,27,26,26-35,74,870678,1,超高频,普通,0.0,0.0,1.0,16.1,无负债
5013,男,1980-09-15,1,18,≤25,368,962443,1,超高频,优质,0.0,0.0,1.0,66.7,无负债
5016,女,1946-01-05,1,53,46-55,218,1078125,1,超高频,优质,0.0,0.0,1.0,46.9,无负债
5028,男,1976-04-10,28,22,≤25,359,3964910,1,超高频,高价值,0.0,0.0,0.0,67.6,无负债
5030,男,1980-01-15,1,18,≤25,196,461372,1,超高频,普通,0.0,0.0,0.0,62.7,无负债
5046,男,1937-08-22,1,61,>55,155,1237167,1,超高频,优质,0.0,0.0,0.0,28.6,无负债
5050,男,1951-01-19,62,47,46-55,316,1114265,1,超高频,优质,1.0,1.0,0.0,39.5,有负债
5056,女,1957-02-04,67,41,36-45,350,5112292,1,超高频,高价值,0.0,0.0,0.0,56.2,无负债
5067,女,1975-09-10,21,23,≤25,57,219850,1,高频,普通,0.0,0.0,0.0,35.6,无负债
5072,女,1981-03-24,1,17,≤25,99,157787,1,超高频,普通,0.0,0.0,0.0,21.1,无负债
5081,女,1961-10-31,1,37,36-45,200,2504299,1,超高频,高价值,0.0,0.0,0.0,33.9,无负债
5093,女,1949-04-12,55,49,46-55,322,3183630,1,超高频,高价值,0.0,0.0,0.0,68.5,无负债
5107,女,1947-10-06,50,51,46-55,267,3698320,1,超高频,高价值,0.0,0.0,0.0,62.0,无负债
5108,男,1944-05-22,50,54,46-55,267,3698320,1,超高频,高价值,0.0,0.0,0.0,62.0,无负债
5111,男,1959-12-12,50,39,36-45,362,4283378,1,超高频,高价值,0.0,0.0,0.0,71.8,无负债
5117,男,1975-03-21,52,23,≤25,295,1853477,1,超高频,优质,0.0,0.0,1.0,56.8,无负债
5126,男,1965-04-03,43,33,26-35,205,3101850,1,超高频,高价值,0.0,0.0,1.0,36.0,无负债
5127,女,1975-04-05,33,23,≤25,310,989443,1,超高频,优质,0.0,0.0,0.0,68.9,无负债
5128,男,1963-12-24,70,35,26-35,340,4608527,1,超高频,高价值,0.0,0.0,1.0,62.7,无负债
5132,男,1967-10-21,51,31,26-35,190,2499093,1,超高频,高价值,0.0,0.0,1.0,40.8,无负债
5133,女,1959-08-10,66,39,36-45,458,5438840,1,超高频,高价值,1.0,1.0,0.0,57.6,有负债
5134,女,1967-07-19,58,31,26-35,365,3269091,1,超高频,高价值,1.0,1.0,0.0,63.5,有负债
5137,男,1979-05-05,5,19,≤25,126,595208,1,超高频,普通,0.0,0.0,0.0,42.1,无负债
5138,女,1974-08-05,45,24,≤25,295,2798715,1,超高频,高价值,0.0,0.0,1.0,61.7,无负债
5141,女,1953-05-19,54,45,36-45,119,821579,1,超高频,普通,0.0,0.0,0.0,23.2,无负债
5143,男,1973-03-09,77,25,≤25,141,628939,1,超高频,普通,1.0,1.0,0.0,22.7,有负债
5144,女,1966-06-07,77,32,26-35,141,628939,1,超高频,普通,1.0,1.0,0.0,22.7,有负债
5145,女,1950-10-31,26,48,46-55,206,2611629,1,超高频,高价值,0.0,0.0,0.0,36.8,无负债
5149,男,1962-12-18,15,36,36-45,140,1586241,1,超高频,优质,0.0,0.0,0.0,34.2,无负债
5152,女,1975-09-09,43,23,≤25,311,4057864,1,超高频,高价值,0.0,0.0,0.0,54.6,无负债
5159,男,1964-12-02,39,34,26-35,236,2238611,1,超高频,优质,0.0,0.0,1.0,51.3,无负债
5163,女,1957-10-28,43,41,36-45,100,947793,1,超高频,优质,0.0,0.0,0.0,26.0,无负债
5164,男,1971-11-30,9,27,26-35,300,890798,1,超高频,普通,0.0,0.0,0.0,63.4,无负债
5171,女,1956-09-23,64,42,36-45,208,2699564,1,超高频,高价值,1.0,1.0,0.0,35.4,有负债
5175,女,1949-09-18,63,49,46-55,355,2876973,1,超高频,高价值,0.0,0.0,1.0,72.1,无负债
5180,男,1943-12-20,1,55,46-55,83,484701,1,超高频,普通,0.0,0.0,0.0,18.5,无负债
5189,女,1961-01-10,74,38,36-45,38,77734,1,高频,普通,0.0,0.0,0.0,18.5,无负债
5200,女,1960-04-23,33,38,36-45,415,6872368,1,超高频,高价值,0.0,0.0,1.0,69.6,无负债
5201,男,1954-04-19,33,44,36-45,415,6872368,1,超高频,高价值,0.0,0.0,0.0,69.6,无负债
5203,女,1945-09-08,61,53,46-55,196,2877730,1,超高频,高价值,1.0,0.0,0.0,29.7,无负债
5204,男,1963-01-22,47,35,26-35,448,6513966,1,超高频,高价值,0.0,0.0,1.0,69.5,无负债
5212,女,1946-10-12,72,52,46-55,274,803699,1,超高频,普通,0.0,0.0,0.0,55.3,无负债
5213,男,1980-10-10,1,18,≤25,342,1061911,1,超高频,优质,0.0,0.0,0.0,59.3,无负债
5214,男,1976-09-12,47,22,≤25,250,2695538,1,超高频,高价值,0.0,0.0,0.0,42.5,无负债
5215,女,1973-10-15,47,25,≤25,250,2695538,1,超高频,高价值,0.0,0.0,0.0,42.5,无负债
5217,女,1940-07-16,74,58,>55,61,658315,1,超高频,普通,0.0,0.0,0.0,12.5,无负债
5223,女,1977-01-11,2,21,≤25,109,1294594,1,超高频,优质,0.0,0.0,1.0,18.1,无负债
5224,男,1949-07-24,29,49,46-55,407,5075354,1,超高频,高价值,1.0,1.0,1.0,62.4,有负债
5232,女,1948-04-06,74,50,46-55,245,2553961,1,超高频,高价值,1.0,1.0,1.0,32.6,有负债
5233,男,1967-10-30,66,31,26-35,303,2014006,1,超高频,优质,0.0,0.0,1.0,62.2,无负债
5236,男,1978-06-03,25,20,≤25,255,3123716,1,超高频,高价值,0.0,0.0,0.0,34.1,无负债
5237,男,1977-08-03,1,21,≤25,349,891563,1,超高频,普通,0.0,0.0,0.0,70.2,无负债
5240,男,1940-02-17,74,58,>55,129,1860930,1,超高频,优质,0.0,0.0,0.0,27.9,无负债
5241,男,1978-06-26,63,20,≤25,354,3270198,1,超高频,高价值,0.0,0.0,0.0,69.9,无负债
5243,男,1970-04-18,2,28,26-35,353,3440287,1,超高频,高价值,0.0,0.0,1.0,66.9,无负债
5245,女,1942-03-18,38,56,>55,143,1632106,1,超高频,优质,1.0,1.0,1.0,24.1,有负债
5246,男,1982-05-15,70,16,≤25,408,1022483,1,超高频,优质,0.0,0.0,0.0,71.3,无负债
5247,男,1943-04-14,47,55,46-55,270,895997,1,超高频,优质,0.0,0.0,0.0,60.0,无负债
5249,女,1971-01-05,5,28,26-35,133,2076383,1,超高频,优质,0.0,0.0,1.0,22.9,无负债
5253,女,1946-10-07,69,52,46-55,208,3330567,1,超高频,高价值,1.0,1.0,1.0,34.2,有负债
5254,男,1948-09-16,69,50,46-55,208,3330567,1,超高频,高价值,1.0,1.0,0.0,34.2,有负债
5263,女,1962-02-27,1,36,36-45,228,1330030,1,超高频,优质,0.0,0.0,1.0,48.2,无负债
5273,男,1959-01-10,39,40,36-45,142,2680160,1,超高频,高价值,0.0,0.0,0.0,26.5,无负债
5275,男,1950-05-21,28,48,46-55,360,5251563,1,超高频,高价值,0.0,0.0,1.0,69.3,无负债
5277,女,1968-11-07,44,30,26-35,127,380273,1,超高频,普通,0.0,0.0,0.0,30.6,无负债
5281,男,1941-12-24,73,57,>55,184,2202670,1,超高频,优质,0.0,0.0,0.0,26.1,无负债
5283,男,1982-03-10,17,16,≤25,316,916382,1,超高频,优质,0.0,0.0,0.0,62.2,无负债
5284,女,1971-09-24,51,27,26-35,55,525666,1,高频,普通,0.0,0.0,0.0,13.3,无负债
5287,男,1971-01-02,77,28,26-35,138,872477,1,超高频,普通,0.0,0.0,0.0,29.6,无负债
5308,女,1974-07-09,41,24,≤25,151,1562802,1,超高频,优质,0.0,0.0,0.0,28.2,无负债
5312,男,1947-01-08,71,52,46-55,327,4091394,1,超高频,高价值,0.0,0.0,0.0,57.5,无负债
5313,女,1947-01-16,71,51,46-55,327,4091394,1,超高频,高价值,0.0,0.0,0.0,57.5,无负债
5318,男,1968-03-28,74,30,26-35,387,4279387,1,超高频,高价值,1.0,1.0,0.0,60.4,有负债
5319,女,1964-09-23,74,34,26-35,387,4279387,1,超高频,高价值,1.0,1.0,0.0,60.4,有负债
5320,女,1951-04-07,17,47,46-55,478,1793688,1,超高频,优质,1.0,1.0,0.0,64.6,有负债
5321,男,1950-02-01,17,48,46-55,478,1793688,1,超高频,优质,1.0,1.0,0.0,64.6,有负债
5322,女,1956-03-13,73,42,36-45,397,2209098,1,超高频,优质,1.0,1.0,0.0,42.5,有负债
5323,女,1976-02-17,14,22,≤25,368,882200,1,超高频,普通,0.0,0.0,1.0,59.5,无负债
5325,女,1970-09-18,66,28,26-35,463,1713962,1,超高频,优质,0.0,0.0,0.0,59.6,无负债
5326,男,1967-08-12,66,31,26-35,463,1713962,1,超高频,优质,0.0,0.0,0.0,59.6,无负债
5333,女,1967-05-29,39,31,26-35,335,2712558,1,超高频,高价值,1.0,1.0,1.0,44.9,有负债
5334,男,1935-12-29,48,63,>55,154,600302,1,超高频,普通,0.0,0.0,0.0,35.6,无负债
5337,男,1961-05-02,1,37,36-45,372,1617565,1,超高频,优质,1.0,1.0,0.0,67.8,有负债
5338,女,1966-05-25,1,32,26-35,372,1617565,1,超高频,优质,1.0,1.0,0.0,67.8,有负债
5347,男,1949-03-31,41,49,46-55,357,4989724,1,超高频,高价值,0.0,0.0,0.0,49.5,无负债
5352,女,1976-08-18,40,22,≤25,370,853541,1,超高频,普通,0.0,0.0,0.0,64.2,无负债
5353,女,1967-05-22,48,31,26-35,137,394970,1,超高频,普通,0.0,0.0,0.0,29.3,无负债
5354,女,1967-01-05,30,32,26-35,162,368061,1,超高频,普通,0.0,0.0,0.0,36.8,无负债
5358,男,1942-08-31,54,56,>55,151,786692,1,超高频,普通,0.0,0.0,0.0,29.2,无负债
5362,男,1939-12-09,47,59,>55,75,415687,1,超高频,普通,0.0,0.0,0.0,17.1,无负债
5364,男,1964-03-14,62,34,26-35,187,1953601,1,超高频,优质,1.0,1.0,0.0,31.0,有负债
5365,女,1971-05-01,62,27,26-35,187,1953601,1,超高频,优质,1.0,1.0,0.0,31.0,有负债
5366,女,1971-09-20,60,27,26-35,431,4689737,1,超高频,高价值,1.0,1.0,1.0,68.0,有负债
5367,男,1979-06-06,60,19,≤25,431,4689737,1,超高频,高价值,1.0,1.0,0.0,68.0,有负债
5374,男,1947-11-26,63,51,46-55,113,516659,1,超高频,普通,0.0,0.0,0.0,24.7,无负债
5376,男,1970-01-23,14,28,26-35,192,2207231,1,超高频,优质,1.0,1.0,1.0,28.3,有负债
5379,男,1978-03-20,60,20,≤25,86,244912,1,超高频,普通,0.0,0.0,0.0,32.8,无负债
5384,男,1935-07-21,73,63,>55,199,1940836,1,超高频,优质,1.0,0.0,0.0,36.7,无负债
5385,男,1974-02-01,67,24,≤25,282,1066439,1,超高频,优质,0.0,0.0,0.0,64.9,无负债
5389,男,1968-08-31,17,30,26-35,113,647631,1,超高频,普通,1.0,1.0,0.0,20.9,有负债
5392,女,1955-03-28,16,43,36-45,335,5409943,1,超高频,高价值,0.0,0.0,0.0,62.9,无负债
5393,男,1955-12-03,4,43,36-45,99,1132735,1,超高频,优质,0.0,0.0,0.0,19.0,无负债
5395,男,1962-06-01,45,36,36-45,283,1987146,1,超高频,优质,1.0,1.0,0.0,39.3,有负债
5397,女,1969-07-30,72,29,26-35,88,726189,1,超高频,普通,0.0,0.0,0.0,20.8,无负债
5398,男,1967-03-23,72,31,26-35,88,726189,1,超高频,普通,0.0,0.0,0.0,20.8,无负债
5399,女,1972-12-27,24,26,26-35,406,1539421,1,超高频,优质,1.0,1.0,0.0,50.4,有负债
5402,女,1968-05-29,30,30,26-35,326,3361465,1,超高频,高价值,0.0,0.0,0.0,66.3,无负债
5404,女,1976-09-18,58,22,≤25,134,474189,1,超高频,普通,0.0,0.0,0.0,28.8,无负债
5409,男,1948-03-25,15,50,46-55,387,4773895,1,超高频,高价值,0.0,0.0,0.0,71.9,无负债
5413,男,1946-04-10,33,52,46-55,156,615097,1,超高频,普通,0.0,0.0,0.0,32.7,无负债
5420,男,1935-07-19,61,63,>55,122,1172967,1,超高频,优质,0.0,0.0,0.0,26.9,无负债
5433,男,1975-09-24,50,23,≤25,293,3892381,1,超高频,高价值,1.0,1.0,1.0,48.6,有负债
5441,男,1957-01-25,18,41,36-45,358,996722,1,超高频,优质,0.0,0.0,0.0,64.1,无负债
5445,男,1952-09-16,69,46,46-55,330,6329896,1,超高频,高价值,0.0,0.0,0.0,61.3,无负债
5450,男,1940-08-28,8,58,>55,92,123981,1,超高频,普通,0.0,0.0,0.0,55.6,无负债
5460,男,1961-10-01,63,37,36-45,267,1598899,1,超高频,优质,0.0,0.0,0.0,62.0,无负债
5461,女,1968-09-20,9,30,26-35,85,901538,1,超高频,优质,0.0,0.0,1.0,19.3,无负债
5462,男,1963-09-08,9,35,26-35,85,901538,1,超高频,优质,0.0,0.0,0.0,19.3,无负债
5468,女,1944-05-27,68,54,46-55,119,1820250,1,超高频,优质,1.0,1.0,1.0,17.2,有负债
5469,女,1979-03-02,63,19,≤25,48,216049,1,高频,普通,0.0,0.0,0.0,23.8,无负债
5472,男,1956-05-10,53,42,36-45,157,1810172,1,超高频,优质,0.0,0.0,0.0,29.9,无负债
5473,女,1968-08-09,70,30,26-35,69,93363,1,超高频,普通,0.0,0.0,0.0,44.5,无负债
5478,男,1945-10-27,33,53,46-55,280,684626,1,超高频,普通,0.0,0.0,1.0,63.7,无负债
5487,女,1947-09-17,56,51,46-55,176,427754,1,超高频,普通,1.0,1.0,0.0,23.1,有负债
5517,男,1964-03-13,57,34,26-35,415,2752868,1,超高频,高价值,1.0,1.0,0.0,67.9,有负债
5521,女,1973-05-15,9,25,≤25,366,3929835,1,超高频,高价值,1.0,1.0,1.0,52.9,有负债
5526,男,1947-03-19,27,51,46-55,194,870525,1,超高频,普通,1.0,1.0,1.0,31.2,有负债
5527,女,1941-11-28,27,57,>55,194,870525,1,超高频,普通,1.0,1.0,0.0,31.2,有负债
5530,男,1953-03-29,12,45,36-45,126,326561,1,超高频,普通,0.0,0.0,0.0,28.6,无负债
5531,男,1979-05-15,4,19,≤25,210,518654,1,超高频,普通,0.0,0.0,0.0,44.0,无负债
5539,男,1935-06-05,74,63,>55,344,3097379,1,超高频,高价值,0.0,0.0,0.0,70.8,无负债
5563,男,1976-01-01,1,23,≤25,124,1739624,1,超高频,优质,1.0,1.0,1.0,15.5,有负债
5565,女,1966-12-22,3,32,26-35,149,1395575,1,超高频,优质,1.0,0.0,0.0,29.8,无负债
5574,女,1970-09-12,9,28,26-35,167,2076396,1,超高频,优质,1.0,1.0,0.0,31.0,有负债
5579,男,1951-02-16,77,47,46-55,133,1106025,1,超高频,优质,1.0,1.0,1.0,25.0,有负债
5580,女,1952-03-01,77,46,46-55,133,1106025,1,超高频,优质,1.0,1.0,0.0,25.0,有负债
5606,男,1980-08-06,4,18,≤25,269,832259,1,超高频,普通,1.0,1.0,0.0,39.1,有负债
5617,女,1958-08-01,56,40,36-45,325,3689316,1,超高频,高价值,0.0,0.0,0.0,63.7,无负债
5618,女,1953-03-22,63,45,36-45,188,1614560,1,超高频,优质,1.0,1.0,0.0,24.3,有负债
5642,女,1957-11-04,70,41,36-45,294,1800584,1,超高频,优质,1.0,1.0,0.0,41.4,有负债
5684,女,1955-03-02,8,43,36-45,153,2592800,1,超高频,高价值,1.0,1.0,1.0,26.5,有负债
5699,男,1950-10-08,73,48,46-55,111,1205356,1,超高频,优质,1.0,1.0,0.0,20.9,有负债
5701,女,1959-11-22,2,39,36-45,353,3606082,1,超高频,高价值,1.0,1.0,0.0,47.3,有负债
5704,女,1975-10-09,66,23,≤25,93,391683,1,超高频,普通,0.0,0.0,0.0,19.6,无负债
5722,女,1959-10-07,64,39,36-45,429,5652076,1,超高频,高价值,0.0,0.0,0.0,68.9,无负债
5727,男,1953-02-24,54,45,36-45,153,2399353,1,超高频,高价值,1.0,1.0,1.0,22.6,有负债
5736,男,1953-05-16,1,45,36-45,112,576036,1,超高频,普通,0.0,0.0,0.0,26.2,无负债
5753,男,1948-05-23,39,50,46-55,187,2638571,1,超高频,高价值,0.0,0.0,0.0,30.9,无负债
5760,男,1948-05-08,66,50,46-55,392,2980967,1,超高频,高价值,1.0,1.0,0.0,60.4,有负债
5761,女,1941-05-11,66,57,>55,392,2980967,1,超高频,高价值,1.0,1.0,0.0,60.4,有负债
5774,女,1960-01-15,46,38,36-45,84,1023438,1,超高频,优质,1.0,1.0,0.0,17.0,有负债
5775,男,1955-03-10,46,43,36-45,84,1023438,1,超高频,优质,1.0,1.0,0.0,17.0,有负债
5788,男,1962-05-04,72,36,36-45,197,884761,1,超高频,普通,1.0,0.0,0.0,24.8,无负债
5801,女,1979-12-10,26,19,≤25,175,375732,1,超高频,普通,1.0,1.0,0.0,31.2,有负债
5826,男,1968-09-09,15,30,26-35,301,1350481,1,超高频,优质,1.0,1.0,0.0,55.7,有负债
5827,女,1975-01-28,15,23,≤25,301,1350481,1,超高频,优质,1.0,1.0,0.0,55.7,有负债
5858,男,1952-07-17,52,46,46-55,232,2820981,1,超高频,高价值,1.0,1.0,0.0,35.4,有负债
5859,女,1945-01-29,52,53,46-55,232,2820981,1,超高频,高价值,1.0,1.0,0.0,35.4,有负债
5860,男,1964-04-22,47,34,26-35,275,1007218,1,超高频,优质,1.0,1.0,0.0,45.3,有负债
5866,女,1978-04-03,67,20,≤25,134,1611321,1,超高频,优质,1.0,0.0,0.0,18.6,无负债
5873,女,1979-04-06,5,19,≤25,261,2711491,1,超高频,高价值,1.0,1.0,1.0,34.2,有负债
5911,男,1935-10-03,14,63,>55,410,4237719,1,超高频,高价值,1.0,1.0,1.0,67.4,有负债
5928,女,1970-09-10,42,28,26-35,464,1953013,1,超高频,优质,1.0,1.0,0.0,59.7,有负债
5965,男,1951-04-10,50,47,46-55,560,5179057,1,超高频,高价值,1.0,1.0,0.0,71.4,有负债
5977,男,1979-05-31,43,19,≤25,237,2101584,1,超高频,优质,1.0,1.0,0.0,41.7,有负债
5978,女,1944-01-27,33,54,46-55,154,2069963,1,超高频,优质,1.0,1.0,1.0,27.0,有负债
6001,男,1937-05-01,60,61,>55,210,2797853,1,超高频,高价值,1.0,1.0,0.0,28.8,有负债
6015,男,1973-11-21,54,25,≤25,227,1773165,1,超高频,优质,1.0,1.0,0.0,35.8,有负债
6033,男,1966-05-27,1,32,26-35,206,2100334,1,超高频,优质,1.0,1.0,0.0,36.2,有负债
6034,男,1939-08-15,20,59,>55,308,3096660,1,超高频,高价值,1.0,0.0,0.0,53.8,无负债
6039,女,1958-07-03,1,40,36-45,253,2181081,1,超高频,优质,1.0,1.0,1.0,35.1,有负债
6040,男,1963-04-10,1,35,26-35,253,2181081,1,超高频,优质,1.0,1.0,0.0,35.1,有负债
6042,男,1963-10-12,53,35,26-35,254,3100334,1,超高频,高价值,1.0,1.0,0.0,37.1,有负债
6052,男,1949-04-06,40,49,46-55,407,4866840,1,超高频,高价值,0.0,0.0,0.0,65.2,无负债
6067,女,1950-03-13,70,48,46-55,185,772267,1,超高频,普通,0.0,0.0,0.0,41.0,无负债
6077,女,1980-04-30,54,18,≤25,321,659432,1,超高频,普通,1.0,1.0,0.0,41.6,有负债
6112,女,1958-12-28,43,40,36-45,172,1000981,1,超高频,优质,0.0,0.0,0.0,39.3,无负债
6114,女,1940-02-15,66,58,>55,373,3948840,1,超高频,高价值,0.0,0.0,0.0,72.3,无负债
6115,女,1953-12-25,13,45,36-45,333,2387814,1,超高频,高价值,1.0,0.0,0.0,40.8,无负债
6122,女,1968-02-16,6,30,26-35,299,1701840,1,超高频,优质,1.0,1.0,0.0,33.1,有负债
6144,女,1956-12-19,54,42,36-45,337,559519,1,超高频,普通,0.0,0.0,0.0,61.2,无负债
6175,男,1964-05-17,72,34,26-35,305,793089,1,超高频,普通,1.0,1.0,0.0,41.5,有负债
6178,女,1940-10-15,1,58,>55,453,4469689,1,超高频,高价值,1.0,1.0,1.0,67.3,有负债
6183,男,1963-11-16,1,35,26-35,212,2243011,1,超高频,优质,0.0,0.0,0.0,40.2,无负债
6185,女,1948-03-05,58,50,46-55,292,856036,1,超高频,普通,1.0,1.0,0.0,45.6,有负债
6186,男,1952-05-27,58,46,46-55,292,856036,1,超高频,普通,1.0,1.0,0.0,45.6,有负债
6191,男,1952-12-24,74,46,46-55,496,6939123,1,超高频,高价值,0.0,0.0,0.0,67.8,无负债
6196,男,1943-03-09,68,55,46-55,196,1893313,1,超高频,优质,1.0,1.0,1.0,25.1,有负债
6235,男,1940-04-04,5,58,>55,104,288364,1,超高频,普通,1.0,1.0,0.0,19.9,有负债
6255,女,1946-01-01,54,53,46-55,74,885234,1,超高频,普通,1.0,1.0,1.0,22.5,有负债
6256,男,1941-05-21,54,57,>55,74,885234,1,超高频,普通,1.0,1.0,0.0,22.5,有负债
6257,女,1942-08-20,75,56,>55,154,1022005,1,超高频,优质,1.0,1.0,0.0,35.4,有负债
6272,男,1942-10-10,1,56,>55,324,3354116,1,超高频,高价值,0.0,0.0,0.0,44.6,无负债
6275,男,1956-12-30,13,42,36-45,130,1697433,1,超高频,优质,1.0,1.0,1.0,18.4,有负债
6299,男,1936-08-09,1,62,>55,301,4033318,1,超高频,高价值,1.0,0.0,1.0,41.1,无负债
6301,女,1949-03-08,55,49,46-55,637,2226450,1,超高频,优质,1.0,1.0,1.0,67.0,有负债
6317,女,1957-01-27,77,41,36-45,454,7117530,1,超高频,高价值,1.0,1.0,0.0,67.3,有负债
6318,男,1950-03-05,77,48,46-55,454,7117530,1,超高频,高价值,1.0,1.0,0.0,67.3,有负债
6342,男,1954-06-04,8,44,36-45,138,1912012,1,超高频,优质,0.0,0.0,0.0,29.8,无负债
6349,男,1972-12-03,72,26,26-35,408,3642046,1,超高频,高价值,1.0,1.0,0.0,63.1,有负债
6359,男,1976-07-06,64,22,≤25,273,968542,1,超高频,优质,1.0,1.0,0.0,42.2,有负债
6363,女,1973-10-20,4,25,≤25,233,2867866,1,超高频,高价值,1.0,0.0,0.0,36.2,无负债
6366,男,1966-02-21,49,32,26-35,213,1293869,1,超高频,优质,1.0,1.0,0.0,30.4,有负债
6367,男,1970-04-28,44,28,26-35,462,6937482,1,超高频,高价值,1.0,1.0,0.0,72.6,有负债
6383,男,1970-01-07,15,29,26-35,93,1445572,1,超高频,优质,1.0,1.0,0.0,15.7,有负债
6391,男,1952-01-30,34,46,46-55,130,955917,1,超高频,优质,0.0,0.0,0.0,17.6,无负债
6408,男,1956-06-29,47,42,36-45,149,1746076,1,超高频,优质,1.0,1.0,0.0,27.9,有负债
6417,男,1950-01-07,40,49,46-55,601,4957023,1,超高频,高价值,1.0,1.0,0.0,69.1,有负债
6422,男,1960-09-23,28,38,36-45,152,854340,1,超高频,普通,1.0,1.0,0.0,26.8,有负债
6452,男,1942-07-17,64,56,>55,298,1867871,1,超高频,优质,0.0,0.0,0.0,67.8,无负债
6468,男,1944-02-23,70,54,46-55,231,1047438,1,超高频,优质,0.0,0.0,1.0,49.2,无负债
6469,男,1953-03-16,4,45,36-45,267,2242968,1,超高频,优质,1.0,1.0,0.0,44.1,有负债
6473,女,1940-09-30,76,58,>55,192,1566470,1,超高频,优质,1.0,1.0,0.0,28.2,有负债
6474,男,1934-11-30,76,64,>55,192,1566470,1,超高频,优质,1.0,1.0,0.0,28.2,有负债
6478,男,1951-05-20,3,47,46-55,350,4657406,1,超高频,高价值,0.0,0.0,0.0,65.7,无负债
6481,女,1958-12-24,1,40,36-45,358,970347,1,超高频,优质,0.0,0.0,0.0,71.2,无负债
6485,女,1962-05-21,48,36,36-45,348,4790276,1,超高频,高价值,0.0,0.0,0.0,68.8,无负债
6499,男,1963-02-01,44,35,26-35,427,2346750,1,超高频,高价值,1.0,1.0,0.0,68.4,有负债
6501,男,1970-11-04,1,28,26-35,353,1419687,1,超高频,优质,0.0,0.0,0.0,63.8,无负债
6511,男,1953-08-07,47,45,36-45,196,1779338,1,超高频,优质,1.0,1.0,0.0,32.7,有负债
6544,男,1974-08-04,66,24,≤25,480,4686646,1,超高频,高价值,1.0,1.0,0.0,51.1,有负债
6545,女,1978-09-09,66,20,≤25,480,4686646,1,超高频,高价值,1.0,1.0,0.0,51.1,有负债
6546,女,1963-08-22,1,35,26-35,516,3964016,1,超高频,高价值,0.0,0.0,0.0,69.0,无负债
6551,女,1948-08-12,24,50,46-55,458,4661974,1,超高频,高价值,1.0,0.0,0.0,69.6,无负债
6552,男,1955-02-21,71,43,36-45,156,794891,1,超高频,普通,0.0,0.0,0.0,39.9,无负债
6567,女,1978-11-21,5,20,≤25,530,4338775,1,超高频,高价值,1.0,0.0,1.0,70.4,无负债
6571,女,1971-03-24,72,27,26-35,193,652551,1,超高频,普通,1.0,1.0,0.0,22.7,有负债
6604,男,1948-07-26,72,50,46-55,331,744315,1,超高频,普通,0.0,0.0,0.0,68.9,无负债
6610,男,1954-06-03,57,44,36-45,283,3673700,1,超高频,高价值,1.0,1.0,1.0,37.0,有负债
6616,男,1953-06-18,1,45,36-45,403,5008651,1,超高频,高价值,1.0,1.0,0.0,65.5,有负债
6619,女,1943-12-18,43,55,46-55,371,2749542,1,超高频,高价值,0.0,0.0,0.0,70.2,无负债
6644,女,1959-09-06,1,39,36-45,189,2437869,1,超高频,高价值,0.0,0.0,1.0,32.7,无负债
6691,男,1942-10-15,43,56,>55,343,881763,1,超高频,普通,1.0,1.0,0.0,46.0,有负债
6698,女,1952-07-13,43,46,46-55,369,3723739,1,超高频,高价值,0.0,0.0,0.0,68.1,无负债
6729,男,1957-12-27,15,41,36-45,94,883339,1,超高频,普通,1.0,1.0,0.0,16.9,有负债
6731,男,1943-11-26,13,55,46-55,382,5459720,1,超高频,高价值,1.0,1.0,0.0,54.4,有负债
6749,女,1943-09-29,9,55,46-55,299,1551033,1,超高频,优质,1.0,1.0,0.0,34.0,有负债
6750,男,1946-06-04,9,52,46-55,299,1551033,1,超高频,优质,1.0,1.0,0.0,34.0,有负债
6753,男,1962-05-23,15,36,36-45,291,3629324,1,超高频,高价值,1.0,1.0,1.0,34.6,有负债
6764,男,1944-04-12,19,54,46-55,181,2020080,1,超高频,优质,1.0,1.0,1.0,30.2,有负债
6789,男,1979-03-26,57,19,≤25,565,5242068,1,超高频,高价值,1.0,1.0,1.0,71.8,有负债
6798,女,1948-08-03,61,50,46-55,313,1645425,1,超高频,优质,1.0,1.0,0.0,55.3,有负债
6803,女,1980-12-07,5,18,≤25,326,4506995,1,超高频,高价值,1.0,1.0,0.0,50.3,有负债
6804,男,1981-06-07,5,17,≤25,326,4506995,1,超高频,高价值,1.0,1.0,0.0,50.3,有负债
6827,男,1969-04-28,59,29,26-35,101,1748853,1,超高频,优质,0.0,0.0,0.0,18.9,无负债
6829,女,1963-12-24,10,35,26-35,327,2621159,1,超高频,高价值,1.0,1.0,0.0,48.5,有负债
6844,女,1971-09-05,53,27,26-35,199,2562783,1,超高频,高价值,0.0,0.0,0.0,36.9,无负债
6886,女,1942-03-13,66,56,>55,151,1088551,1,超高频,优质,0.0,0.0,0.0,34.7,无负债
6892,女,1951-03-22,1,47,46-55,99,1267477,1,超高频,优质,1.0,1.0,0.0,16.1,有负债
6893,男,1944-01-14,1,55,46-55,99,1267477,1,超高频,优质,1.0,1.0,0.0,16.1,有负债
6895,男,1971-06-24,42,27,26-35,355,1451909,1,超高频,优质,1.0,0.0,0.0,66.4,无负债
6906,男,1949-09-25,64,49,46-55,70,885301,1,超高频,普通,0.0,0.0,1.0,14.9,无负债
6922,女,1939-04-27,14,59,>55,417,2774335,1,超高频,高价值,1.0,1.0,0.0,45.1,有负债
6924,男,1967-08-23,17,31,26-35,168,1741154,1,超高频,优质,0.0,0.0,0.0,32.9,无负债
6936,女,1959-02-27,52,39,36-45,315,3217275,1,超高频,高价值,1.0,0.0,0.0,47.9,无负债
6944,男,1970-03-13,43,28,26-35,348,3662592,1,超高频,高价值,0.0,0.0,0.0,69.5,无负债
6946,女,1970-01-29,74,28,26-35,243,2458871,1,超高频,高价值,1.0,1.0,0.0,42.5,有负债
6967,男,1953-12-17,44,45,36-45,134,1223827,1,超高频,优质,0.0,0.0,0.0,17.4,无负债
6978,男,1965-04-05,38,33,26-35,434,1367269,1,超高频,优质,0.0,0.0,0.0,67.5,无负债
6987,男,1968-01-29,1,30,26-35,303,1805721,1,超高频,优质,1.0,1.0,0.0,43.4,有负债
7010,男,1967-06-30,70,31,26-35,229,1930977,1,超高频,优质,1.0,1.0,0.0,42.2,有负债
7011,女,1961-04-14,70,37,36-45,229,1930977,1,超高频,优质,1.0,1.0,0.0,42.2,有负债
7043,男,1940-06-30,77,58,>55,202,2824694,1,超高频,高价值,0.0,0.0,0.0,25.1,无负债
7065,女,1971-07-07,5,27,26-35,173,1801971,1,超高频,优质,1.0,1.0,0.0,29.9,有负债
7100,女,1961-09-23,30,37,36-45,372,4414078,1,超高频,高价值,0.0,0.0,0.0,72.0,无负债
7102,女,1967-07-20,75,31,26-35,80,1277985,1,超高频,优质,0.0,0.0,0.0,15.7,无负债
7112,男,1961-06-24,76,37,36-45,115,565523,1,超高频,普通,0.0,0.0,0.0,25.8,无负债
7127,男,1957-09-29,3,41,36-45,464,5134772,1,超高频,高价值,1.0,1.0,1.0,72.2,有负债
7150,女,1963-09-16,45,35,26-35,153,1056194,1,超高频,优质,1.0,1.0,0.0,26.6,有负债
7166,男,1964-05-13,15,34,26-35,502,1919824,1,超高频,优质,1.0,0.0,0.0,62.1,无负债
7186,女,1944-06-01,27,54,46-55,112,846913,1,超高频,普通,1.0,1.0,1.0,19.1,有负债
7195,男,1962-09-11,50,36,36-45,628,4888225,1,超高频,高价值,1.0,1.0,1.0,64.7,有负债
7234,男,1965-08-04,28,33,26-35,304,2136235,1,超高频,优质,0.0,0.0,0.0,62.6,无负债
7241,女,1957-09-06,57,41,36-45,459,2173132,1,超高频,优质,1.0,1.0,0.0,62.2,有负债
7286,女,1970-02-10,47,28,26-35,353,2784678,1,超高频,高价值,1.0,1.0,1.0,65.2,有负债
7291,女,1940-12-02,77,58,>55,441,4468719,1,超高频,高价值,1.0,0.0,0.0,70.5,无负债
7299,男,1938-09-16,1,60,>55,580,3268798,1,超高频,高价值,1.0,1.0,0.0,69.3,有负债
7311,男,1949-05-18,56,49,46-55,391,1414293,1,超高频,优质,1.0,0.0,0.0,65.1,无负债
7324,女,1963-03-18,1,35,26-35,126,944695,1,超高频,优质,1.0,1.0,0.0,22.1,有负债
7325,男,1975-01-24,24,23,≤25,202,2324592,1,超高频,高价值,1.0,1.0,1.0,28.5,有负债
7327,男,1959-05-22,49,39,36-45,107,321732,1,超高频,普通,0.0,0.0,0.0,24.0,无负债
7339,女,1974-02-28,19,24,≤25,128,407801,1,超高频,普通,1.0,0.0,0.0,27.9,无负债
7348,女,1977-10-26,6,21,≤25,220,2500616,1,超高频,高价值,1.0,0.0,0.0,27.8,无负债
7366,女,1973-04-12,29,25,≤25,103,321153,1,超高频,普通,1.0,1.0,0.0,18.8,有负债
7390,男,1937-11-04,1,61,>55,408,3032921,1,超高频,高价值,1.0,0.0,0.0,58.7,无负债
7411,女,1963-01-25,54,35,26-35,115,821313,1,超高频,普通,1.0,1.0,0.0,23.6,有负债
7412,男,1955-10-17,54,43,36-45,115,821313,1,超高频,普通,1.0,1.0,0.0,23.6,有负债
7422,男,1958-11-26,74,40,36-45,416,2927480,1,超高频,高价值,1.0,1.0,1.0,61.0,有负债
7423,女,1964-09-08,74,34,26-35,416,2927480,1,超高频,高价值,1.0,1.0,0.0,61.0,有负债
7434,女,1942-04-04,34,56,>55,194,2635588,1,超高频,高价值,1.0,1.0,1.0,26.0,有负债
7435,女,1957-04-16,67,41,36-45,111,1009948,1,超高频,优质,1.0,0.0,0.0,32.1,无负债
7521,女,1960-02-09,74,38,36-45,401,5779391,1,超高频,高价值,1.0,1.0,0.0,66.2,有负债
7567,男,1937-03-15,5,61,>55,198,2235777,1,超高频,优质,1.0,1.0,1.0,26.4,有负债
7576,男,1962-07-10,38,36,36-45,398,3593916,1,超高频,高价值,1.0,1.0,1.0,66.3,有负债
7586,女,1973-01-28,56,25,≤25,363,1858265,1,超高频,优质,0.0,0.0,0.0,67.8,无负债
7594,女,1949-04-07,64,49,46-55,280,3478761,1,超高频,高价值,1.0,1.0,0.0,45.6,有负债
7614,男,1977-03-05,64,21,≤25,68,492005,1,超高频,普通,0.0,0.0,0.0,22.3,无负债
7632,男,1948-01-11,1,51,46-55,264,2860369,1,超高频,高价值,0.0,0.0,0.0,52.5,无负债
7672,男,1953-04-05,26,45,36-45,462,3206870,1,超高频,高价值,1.0,1.0,1.0,62.1,有负债
7678,男,1962-04-07,3,36,36-45,282,3187429,1,超高频,高价值,1.0,1.0,0.0,43.8,有负债
7683,男,1946-04-01,12,52,46-55,354,1649938,1,超高频,优质,1.0,1.0,1.0,66.0,有负债
7723,女,1966-06-14,48,32,26-35,264,1775721,1,超高频,优质,1.0,1.0,0.0,46.3,有负债
7724,男,1968-02-23,48,30,26-35,264,1775721,1,超高频,优质,1.0,1.0,0.0,46.3,有负债
7727,女,1958-06-13,31,40,36-45,287,2053496,1,超高频,优质,1.0,0.0,0.0,39.3,无负债
7753,女,1978-09-23,70,20,≤25,431,1909120,1,超高频,优质,1.0,1.0,0.0,70.1,有负债
7765,女,1958-02-24,1,40,36-45,244,2615656,1,超高频,高价值,1.0,1.0,0.0,44.5,有负债
7772,女,1976-12-30,1,22,≤25,145,1441491,1,超高频,优质,1.0,1.0,0.0,26.4,有负债
7787,男,1951-07-10,34,47,46-55,226,348066,1,超高频,普通,1.0,1.0,0.0,29.6,有负债
7796,女,1975-09-27,50,23,≤25,198,1970847,1,超高频,优质,1.0,1.0,1.0,29.9,有负债
7797,男,1970-07-30,50,28,26-35,198,1970847,1,超高频,优质,1.0,1.0,0.0,29.9,有负债
7800,女,1957-08-30,16,41,36-45,233,2705665,1,超高频,高价值,0.0,0.0,0.0,40.3,无负债
7814,女,1976-01-06,61,23,≤25,381,4900497,1,超高频,高价值,1.0,1.0,0.0,59.6,有负债
7815,女,1946-01-19,4,52,46-55,473,5475314,1,超高频,高价值,1.0,0.0,0.0,72.2,无负债
7843,男,1966-05-11,6,32,26-35,177,1182409,1,超高频,优质,1.0,1.0,0.0,29.7,有负债
7855,女,1964-01-30,7,34,26-35,49,378298,1,高频,普通,1.0,1.0,1.0,15.8,有负债
7862,男,1965-10-17,74,33,26-35,164,1775073,1,超高频,优质,1.0,1.0,1.0,24.8,有负债
7863,男,1959-03-12,72,39,36-45,276,3052262,1,超高频,高价值,0.0,0.0,0.0,55.5,无负债
7864,男,1935-12-14,34,63,>55,184,999894,1,超高频,优质,0.0,0.0,0.0,35.4,无负债
7914,女,1966-10-24,38,32,26-35,438,4243603,1,超高频,高价值,1.0,1.0,0.0,70.9,有负债
7959,女,1978-06-29,1,20,≤25,224,3306497,1,超高频,高价值,1.0,1.0,1.0,26.8,有负债
7970,男,1967-11-20,74,31,26-35,99,580024,1,超高频,普通,0.0,0.0,0.0,17.2,无负债
7980,男,1976-08-08,16,22,≤25,281,2248914,1,超高频,优质,1.0,0.0,0.0,45.9,无负债
8013,男,1942-06-22,43,56,>55,430,3751130,1,超高频,高价值,0.0,0.0,0.0,65.9,无负债
8030,男,1967-07-19,1,31,26-35,186,2007632,1,超高频,优质,1.0,1.0,1.0,42.4,有负债
8064,女,1966-11-29,54,32,26-35,274,4104041,1,超高频,高价值,1.0,1.0,0.0,36.5,有负债
8074,男,1958-10-07,61,40,36-45,188,2145346,1,超高频,优质,1.0,1.0,0.0,35.2,有负债
8076,女,1950-07-27,16,48,46-55,249,556403,1,超高频,普通,1.0,1.0,0.0,30.7,有负债
8089,男,1965-04-06,35,33,26-35,222,1410369,1,超高频,优质,1.0,1.0,0.0,31.2,有负债
8091,男,1971-02-10,5,27,26-35,479,6336074,1,超高频,高价值,1.0,1.0,0.0,70.6,有负债
8096,女,1979-11-02,38,19,≤25,180,674153,1,超高频,普通,1.0,1.0,0.0,24.5,有负债
8105,男,1963-03-12,72,35,26-35,402,2585940,1,超高频,高价值,1.0,0.0,0.0,64.5,无负债
8130,女,1976-05-08,62,22,≤25,288,2153880,1,超高频,优质,1.0,1.0,0.0,53.9,有负债
8200,女,1944-05-31,1,54,46-55,256,826625,1,超高频,普通,1.0,1.0,0.0,32.2,有负债
8217,男,1978-08-02,69,20,≤25,333,3221131,1,超高频,高价值,0.0,0.0,1.0,62.1,无负债
8276,女,1979-06-08,43,19,≤25,319,1815108,1,超高频,优质,1.0,1.0,0.0,41.0,有负债
8287,男,1936-09-26,14,62,>55,75,715613,1,超高频,普通,0.0,0.0,0.0,15.2,无负债
8295,女,1951-01-23,15,47,46-55,220,1986750,1,超高频,优质,0.0,0.0,1.0,40.6,无负债
8327,女,1945-08-31,48,53,46-55,386,4750549,1,超高频,高价值,0.0,0.0,0.0,69.3,无负债
8333,男,1966-02-01,60,32,26-35,175,592592,1,超高频,普通,1.0,1.0,0.0,26.7,有负债
8342,男,1979-07-30,76,19,≤25,234,3003706,1,超高频,高价值,0.0,0.0,1.0,45.6,无负债
8356,男,1969-09-04,3,29,26-35,108,1427038,1,超高频,优质,1.0,1.0,0.0,20.0,有负债
8359,男,1979-12-06,74,19,≤25,376,2932835,1,超高频,高价值,1.0,1.0,1.0,55.8,有负债
8362,女,1975-09-15,74,23,≤25,169,1459573,1,超高频,优质,0.0,0.0,0.0,37.3,无负债
8366,女,1960-05-21,41,38,36-45,357,3324623,1,超高频,高价值,1.0,1.0,1.0,64.7,有负债
8392,女,1966-05-08,36,32,26-35,161,1366082,1,超高频,优质,1.0,1.0,1.0,27.0,有负债
8393,男,1966-05-06,36,32,26-35,161,1366082,1,超高频,优质,1.0,1.0,0.0,27.0,有负债
8432,女,1968-01-06,38,31,26-35,283,3669495,1,超高频,高价值,1.0,1.0,0.0,41.8,有负债
8433,男,1961-09-11,38,37,36-45,283,3669495,1,超高频,高价值,1.0,1.0,0.0,41.8,有负债
8463,男,1947-09-04,75,51,46-55,356,3737023,1,超高频,高价值,0.0,0.0,0.0,63.7,无负债
8489,女,1952-12-27,75,46,46-55,139,323983,1,超高频,普通,0.0,0.0,0.0,30.4,无负债
8502,男,1943-04-19,51,55,46-55,142,1841613,1,超高频,优质,1.0,1.0,1.0,24.5,有负债
8506,女,1979-12-25,69,19,≤25,76,1502708,1,超高频,优质,1.0,1.0,1.0,14.9,有负债
8510,男,1947-05-24,55,51,46-55,104,564033,1,超高频,普通,1.0,0.0,0.0,17.8,无负债
8548,女,1945-05-10,57,53,46-55,233,752867,1,超高频,普通,1.0,1.0,0.0,28.2,有负债
8568,女,1971-12-03,1,27,26-35,223,1788020,1,超高频,优质,1.0,1.0,0.0,28.8,有负债
8571,男,1935-10-26,54,63,>55,140,991376,1,超高频,优质,0.0,0.0,0.0,30.3,无负债
8598,女,1957-12-31,46,41,36-45,470,6326822,1,超高频,高价值,1.0,1.0,0.0,69.6,有负债
8610,女,1948-05-02,55,50,46-55,567,745956,1,超高频,普通,1.0,1.0,0.0,64.4,有负债
8611,男,1948-10-26,55,50,46-55,567,745956,1,超高频,普通,1.0,1.0,0.0,64.4,有负债
8615,女,1939-04-13,12,59,>55,379,3127562,1,超高频,高价值,1.0,1.0,0.0,45.4,有负债
8636,女,1941-11-12,71,57,>55,87,742110,1,超高频,普通,1.0,1.0,1.0,15.9,有负债
8661,女,1954-05-11,1,44,36-45,149,1244278,1,超高频,优质,1.0,1.0,0.0,25.2,有负债
8666,女,1971-08-28,7,27,26-35,111,950378,1,超高频,优质,1.0,1.0,0.0,18.9,有负债
8667,女,1967-02-12,77,31,26-35,296,1970729,1,超高频,优质,1.0,1.0,0.0,30.4,有负债
8670,女,1943-01-07,5,56,>55,370,2051467,1,超高频,优质,1.0,1.0,0.0,43.1,有负债
8677,男,1955-08-14,49,43,36-45,401,1246283,1,超高频,优质,1.0,1.0,0.0,64.8,有负债
8678,女,1962-07-12,49,36,36-45,401,1246283,1,超高频,优质,1.0,1.0,0.0,64.8,有负债
8692,女,1953-07-07,71,45,36-45,271,2044696,1,超高频,优质,0.0,0.0,0.0,70.2,无负债
8726,男,1953-08-10,10,45,36-45,423,5649392,1,超高频,高价值,0.0,0.0,0.0,70.6,无负债
8737,女,1948-04-11,17,50,46-55,187,1075681,1,超高频,优质,1.0,1.0,0.0,32.8,有负债
8738,男,1948-07-10,17,50,46-55,187,1075681,1,超高频,优质,1.0,1.0,0.0,32.8,有负债
8764,女,1940-07-07,70,58,>55,190,1026157,1,超高频,优质,1.0,1.0,0.0,28.5,有负债
8777,女,1953-04-11,11,45,36-45,87,787343,1,超高频,普通,1.0,1.0,0.0,15.3,有负债
9173,男,1945-02-04,1,53,46-55,478,3157653,1,超高频,高价值,1.0,1.0,0.0,71.2,有负债
9174,女,1940-10-09,1,58,>55,478,3157653,1,超高频,高价值,1.0,1.0,0.0,71.2,有负债
9196,女,1939-04-23,21,59,>55,377,1574936,1,超高频,优质,1.0,0.0,0.0,45.5,无负债
9202,男,1962-02-09,68,36,36-45,274,2961788,1,超高频,高价值,1.0,1.0,0.0,29.6,有负债
9217,女,1940-01-30,19,58,>55,130,574627,1,超高频,普通,1.0,1.0,0.0,17.0,有负债
9226,女,1939-12-25,64,59,>55,539,4787866,1,超高频,高价值,1.0,1.0,0.0,70.5,有负债
9231,女,1972-09-24,29,26,26-35,333,824600,1,超高频,普通,0.0,0.0,0.0,62.1,无负债
9236,女,1956-05-07,31,42,36-45,449,698995,1,超高频,普通,1.0,1.0,0.0,69.4,有负债
9250,男,1963-01-14,1,35,26-35,94,581478,1,超高频,普通,0.0,0.0,0.0,24.8,无负债
9273,女,1955-08-26,39,43,36-45,415,3266717,1,超高频,高价值,1.0,1.0,0.0,66.1,有负债
9274,男,1958-04-05,39,40,36-45,415,3266717,1,超高频,高价值,1.0,1.0,0.0,66.1,有负债
9276,男,1946-11-06,4,52,46-55,230,2456835,1,超高频,高价值,0.0,0.0,1.0,39.6,无负债
9313,女,1960-04-17,9,38,36-45,175,1195132,1,超高频,优质,0.0,0.0,0.0,33.6,无负债
9316,女,1958-10-26,63,40,36-45,386,2339400,1,超高频,高价值,1.0,1.0,0.0,52.9,有负债
9340,男,1967-08-22,54,31,26-35,220,1094715,1,超高频,优质,1.0,1.0,0.0,32.0,有负债
9346,男,1972-12-10,43,26,26-35,431,2375784,1,超高频,高价值,1.0,1.0,0.0,52.7,有负债
9362,女,1973-07-19,56,25,≤25,114,286068,1,超高频,普通,1.0,1.0,0.0,19.6,有负债
9366,男,1975-06-26,72,23,≤25,295,3908322,1,超高频,高价值,1.0,1.0,0.0,48.2,有负债
9370,男,1975-12-20,59,23,≤25,224,1370298,1,超高频,优质,1.0,1.0,0.0,33.5,有负债
9403,男,1974-03-22,16,24,≤25,323,2440590,1,超高频,高价值,1.0,1.0,0.0,35.0,有负债
9417,男,1949-03-08,21,49,46-55,402,4094561,1,超高频,高价值,1.0,1.0,0.0,46.3,有负债
9418,男,1950-04-10,1,48,46-55,433,2095114,1,超高频,优质,1.0,1.0,0.0,64.8,有负债
9419,女,1950-11-09,1,48,46-55,433,2095114,1,超高频,优质,1.0,1.0,0.0,64.8,有负债
9427,女,1970-11-09,62,28,26-35,283,3976149,1,超高频,高价值,1.0,1.0,1.0,47.4,有负债
9428,男,1965-05-09,62,33,26-35,283,3976149,1,超高频,高价值,1.0,1.0,0.0,47.4,有负债
9433,女,1945-03-22,72,53,46-55,274,2219567,1,超高频,优质,0.0,0.0,0.0,43.3,无负债
9450,女,1943-10-11,68,55,46-55,161,1271781,1,超高频,优质,1.0,1.0,0.0,27.7,有负债
9451,男,1942-05-05,68,56,>55,161,1271781,1,超高频,优质,1.0,1.0,0.0,27.7,有负债
9456,女,1941-12-07,40,57,>55,205,1362759,1,超高频,优质,1.0,1.0,0.0,27.2,有负债
9457,男,1978-09-26,46,20,≤25,171,1452316,1,超高频,优质,1.0,1.0,1.0,28.8,有负债
9458,女,1973-11-21,46,25,≤25,171,1452316,1,超高频,优质,1.0,1.0,0.0,28.8,有负债
9505,男,1958-08-21,1,40,36-45,258,2806117,1,超高频,高价值,1.0,1.0,0.0,29.8,有负债
9546,女,1955-11-02,50,43,36-45,149,1297815,1,超高频,优质,1.0,1.0,0.0,31.7,有负债
9555,女,1947-05-15,13,51,46-55,97,856177,1,超高频,普通,1.0,1.0,1.0,18.2,有负债
9569,女,1950-07-18,19,48,46-55,194,2737085,1,超高频,高价值,1.0,1.0,1.0,30.2,有负债
9582,女,1942-04-14,2,56,>55,169,2034239,1,超高频,优质,1.0,1.0,1.0,25.4,有负债
9593,女,1968-01-28,74,30,26-35,500,6346658,1,超高频,高价值,1.0,1.0,1.0,71.8,有负债
9606,男,1949-02-16,52,49,46-55,327,3006997,1,超高频,高价值,1.0,1.0,0.0,54.5,有负债
9611,男,1958-05-27,23,40,36-45,435,5364674,1,超高频,高价值,1.0,1.0,0.0,63.9,有负债
9616,男,1962-09-19,74,36,36-45,437,3781371,1,超高频,高价值,0.0,0.0,0.0,64.5,无负债
9641,男,1945-01-26,64,53,46-55,355,4997291,1,超高频,高价值,1.0,1.0,1.0,48.6,有负债
9642,女,1937-09-03,64,61,>55,355,4997291,1,超高频,高价值,1.0,1.0,0.0,48.6,有负债
9663,男,1945-09-24,19,53,46-55,415,3141571,1,超高频,高价值,1.0,1.0,0.0,45.4,有负债
9664,女,1944-11-13,19,54,46-55,415,3141571,1,超高频,高价值,1.0,1.0,0.0,45.4,有负债
9670,男,1948-05-04,38,50,46-55,591,1298800,1,超高频,优质,1.0,1.0,0.0,66.0,有负债
9675,女,1970-02-19,60,28,26-35,339,3405704,1,超高频,高价值,1.0,0.0,0.0,56.3,无负债
9680,男,1977-08-21,36,21,≤25,236,705877,1,超高频,普通,0.0,0.0,0.0,36.4,无负债
9702,女,1951-11-16,33,47,46-55,366,4208592,1,超高频,高价值,1.0,1.0,0.0,62.1,有负债
9715,女,1977-11-30,35,21,≤25,579,5347242,1,超高频,高价值,1.0,1.0,0.0,65.9,有负债
9717,女,1952-11-10,52,46,46-55,260,3459823,1,超高频,高价值,1.0,1.0,1.0,46.3,有负债
9718,男,1959-02-03,52,39,36-45,260,3459823,1,超高频,高价值,1.0,1.0,0.0,46.3,有负债
9721,男,1954-12-05,34,44,36-45,414,1728118,1,超高频,优质,1.0,1.0,1.0,45.0,有负债
9755,女,1951-06-05,23,47,46-55,204,609588,1,超高频,普通,1.0,1.0,0.0,33.7,有负债
9760,男,1969-02-17,27,29,26-35,286,2889606,1,超高频,高价值,1.0,1.0,1.0,33.2,有负债
9775,男,1960-06-23,70,38,36-45,203,2071087,1,超高频,优质,1.0,1.0,0.0,29.6,有负债
9776,女,1961-03-05,70,37,36-45,203,2071087,1,超高频,优质,1.0,1.0,0.0,29.6,有负债
9798,女,1950-03-02,69,48,46-55,191,2369853,1,超高频,高价值,1.0,1.0,0.0,31.2,有负债
9820,女,1968-01-21,59,30,26-35,331,2623920,1,超高频,高价值,0.0,0.0,0.0,61.0,无负债
9833,男,1964-09-21,51,34,26-35,346,3660703,1,超高频,高价值,1.0,1.0,1.0,40.4,有负债
9834,女,1960-03-17,51,38,36-45,346,3660703,1,超高频,高价值,1.0,1.0,0.0,40.4,有负债
9844,男,1945-08-03,55,53,46-55,406,3352312,1,超高频,高价值,1.0,1.0,0.0,62.7,有负债
9845,女,1943-06-15,55,55,46-55,406,3352312,1,超高频,高价值,1.0,1.0,0.0,62.7,有负债
9846,女,1967-07-01,54,31,26-35,168,1402320,1,超高频,优质,1.0,0.0,0.0,24.5,无负债
9872,女,1967-03-17,9,31,26-35,214,2878750,1,超高频,高价值,1.0,1.0,0.0,28.5,有负债
9880,女,1970-12-10,10,28,26-35,225,2791827,1,超高频,高价值,1.0,1.0,0.0,32.7,有负债
9914,男,1942-12-08,36,56,>55,108,1040280,1,超高频,优质,1.0,1.0,1.0,21.6,有负债
9915,男,1967-07-10,27,31,26-35,403,5473626,1,超高频,高价值,1.0,1.0,0.0,66.8,有负债
9929,女,1967-07-19,47,31,26-35,168,1289002,1,超高频,优质,1.0,1.0,1.0,28.9,有负债
9930,男,1972-06-23,9,26,26-35,289,1901830,1,超高频,优质,1.0,1.0,1.0,37.0,有负债
9933,男,1941-10-15,74,57,>55,442,5601356,1,超高频,高价值,1.0,1.0,1.0,63.6,有负债
9945,女,1968-04-14,31,30,26-35,416,3966074,1,超高频,高价值,1.0,1.0,0.0,71.8,有负债
9946,男,1960-04-20,31,38,36-45,416,3966074,1,超高频,高价值,1.0,1.0,0.0,71.8,有负债
9973,女,1945-10-03,24,53,46-55,533,5190132,1,超高频,高价值,1.0,0.0,0.0,64.9,无负债
9987,女,1950-06-19,73,48,46-55,232,2112043,1,超高频,优质,1.0,0.0,0.0,33.3,无负债
9995,男,1958-07-07,54,40,36-45,269,966976,1,超高频,优质,1.0,1.0,0.0,48.4,有负债
9997,男,1962-06-07,67,36,36-45,161,2511858,1,超高频,高价值,1.0,1.0,0.0,25.6,有负债
10023,女,1973-03-20,59,25,≤25,263,1517428,1,超高频,优质,1.0,1.0,0.0,39.2,有负债
10040,女,1968-10-30,37,30,26-35,392,4798383,1,超高频,高价值,1.0,1.0,1.0,51.4,有负债
10041,男,1968-04-17,37,30,26-35,392,4798383,1,超高频,高价值,1.0,1.0,0.0,51.4,有负债
10043,男,1965-10-29,45,33,26-35,413,2912982,1,超高频,高价值,1.0,1.0,1.0,67.2,有负债
10046,女,1946-09-17,5,52,46-55,432,3775133,1,超高频,高价值,0.0,0.0,0.0,69.5,无负债
10066,女,1963-05-23,64,35,26-35,140,1304103,1,超高频,优质,0.0,0.0,0.0,19.9,无负债
10070,男,1974-04-23,9,24,≤25,135,1860345,1,超高频,优质,0.0,0.0,0.0,18.3,无负债
10075,男,1964-07-01,48,34,26-35,220,2533292,1,超高频,高价值,1.0,1.0,0.0,31.0,有负债
10076,女,1969-12-25,26,29,26-35,331,1127554,1,超高频,优质,1.0,1.0,0.0,47.4,有负债
10077,男,1973-06-27,26,25,≤25,331,1127554,1,超高频,优质,1.0,1.0,0.0,47.4,有负债
10090,女,1980-03-14,29,18,≤25,259,898916,1,超高频,优质,1.0,1.0,0.0,37.7,有负债
10095,女,1976-02-06,1,22,≤25,423,5747571,1,超高频,高价值,1.0,1.0,1.0,66.9,有负债
10096,男,1978-01-05,1,21,≤25,423,5747571,1,超高频,高价值,1.0,1.0,0.0,66.9,有负债
10145,女,1965-07-25,4,33,26-35,459,5858463,1,超高频,高价值,0.0,0.0,1.0,65.3,无负债
10159,男,1938-01-06,50,61,>55,196,987042,1,超高频,优质,1.0,0.0,0.0,25.2,无负债
10198,男,1976-05-24,31,22,≤25,425,6075896,1,超高频,高价值,1.0,1.0,1.0,70.3,有负债
10199,女,1979-08-13,31,19,≤25,425,6075896,1,超高频,高价值,1.0,1.0,0.0,70.3,有负债
10200,女,1980-02-16,13,18,≤25,675,3241957,1,超高频,高价值,1.0,1.0,0.0,68.7,有负债
10201,男,1985-10-19,13,13,≤25,675,3241957,1,超高频,高价值,1.0,1.0,0.0,68.7,有负债
10209,男,1975-10-27,59,23,≤25,210,789722,1,超高频,普通,1.0,1.0,0.0,27.8,有负债
10269,女,1940-05-11,70,58,>55,422,4508119,1,超高频,高价值,1.0,1.0,0.0,55.7,有负债
10273,女,1958-09-27,51,40,36-45,163,1523634,1,超高频,优质,1.0,1.0,0.0,23.7,有负债
10274,男,1956-10-11,51,42,36-45,163,1523634,1,超高频,优质,1.0,1.0,0.0,23.7,有负债
10275,女,1970-01-25,77,28,26-35,535,1805718,1,超高频,优质,1.0,1.0,0.0,69.7,有负债
10276,男,1976-11-16,77,22,≤25,535,1805718,1,超高频,优质,1.0,1.0,0.0,69.7,有负债
10282,男,1979-06-19,1,19,≤25,339,2572061,1,超高频,高价值,1.0,1.0,1.0,41.4,有负债
10287,女,1962-09-03,48,36,36-45,525,3137678,1,超高频,高价值,1.0,1.0,0.0,70.2,有负债
10288,男,1959-06-07,48,39,36-45,525,3137678,1,超高频,高价值,1.0,1.0,0.0,70.2,有负债
10303,男,1962-04-05,64,36,36-45,138,1660734,1,超高频,优质,0.0,0.0,0.0,24.5,无负债
10350,女,1961-09-14,29,37,36-45,423,2796773,1,超高频,高价值,1.0,1.0,0.0,62.3,有负债
10351,男,1958-11-10,29,40,36-45,423,2796773,1,超高频,高价值,1.0,1.0,0.0,62.3,有负债
10355,女,1976-07-10,14,22,≤25,267,2750914,1,超高频,高价值,1.0,0.0,0.0,27.9,无负债
10382,女,1965-02-17,20,33,26-35,532,2663897,1,超高频,高价值,1.0,1.0,0.0,56.6,有负债
10389,女,1943-08-15,20,55,46-55,392,2361498,1,超高频,高价值,1.0,1.0,0.0,49.7,有负债
10459,女,1964-08-09,17,34,26-35,544,1089629,1,超高频,优质,1.0,1.0,0.0,64.7,有负债
10475,女,1948-08-28,51,50,46-55,451,2392645,1,超高频,高价值,1.0,1.0,0.0,64.4,有负债
10476,男,1950-12-04,51,48,46-55,451,2392645,1,超高频,高价值,1.0,1.0,0.0,64.4,有负债
10479,女,1955-10-20,2,43,36-45,422,1395707,1,超高频,优质,1.0,1.0,1.0,54.9,有负债
10492,男,1937-11-11,70,61,>55,135,702296,1,超高频,普通,1.0,1.0,0.0,21.7,有负债
10510,女,1945-01-26,23,53,46-55,527,5581784,1,超高频,高价值,1.0,1.0,0.0,70.0,有负债
10511,男,1950-01-15,23,48,46-55,527,5581784,1,超高频,高价值,1.0,1.0,0.0,70.0,有负债
10517,女,1980-09-12,54,18,≤25,185,2527443,1,超高频,高价值,1.0,1.0,0.0,25.6,有负债
10528,女,1952-02-16,47,46,46-55,296,3134048,1,超高频,高价值,1.0,1.0,1.0,39.3,有负债
10543,女,1945-02-23,14,53,46-55,339,3408379,1,超高频,高价值,1.0,1.0,1.0,42.1,有负债
10555,男,1935-12-15,1,63,>55,337,2032208,1,超高频,优质,1.0,1.0,0.0,59.0,有负债
10563,男,1949-01-07,68,50,46-55,543,5258168,1,超高频,高价值,1.0,1.0,0.0,64.6,有负债
10564,女,1954-03-19,68,44,36-45,543,5258168,1,超高频,高价值,1.0,1.0,0.0,64.6,有负债
10566,女,1942-11-09,74,56,>55,452,3063544,1,超高频,高价值,1.0,0.0,0.0,63.7,无负债
10636,男,1971-08-03,64,27,26-35,549,6332062,1,超高频,高价值,1.0,1.0,1.0,62.6,有负债
10639,男,1954-01-29,2,44,36-45,184,1530270,1,超高频,优质,0.0,0.0,0.0,26.9,无负债
10654,女,1962-07-16,46,36,36-45,103,637960,1,超高频,普通,1.0,1.0,0.0,16.6,有负债
10662,女,1949-08-25,60,49,46-55,125,639166,1,超高频,普通,1.0,1.0,0.0,18.6,有负债
10702,男,1938-05-03,17,60,>55,250,1082901,1,超高频,优质,1.0,1.0,0.0,35.1,有负债
10703,女,1943-04-28,17,55,46-55,250,1082901,1,超高频,优质,1.0,1.0,0.0,35.1,有负债
10714,女,1946-03-31,66,52,46-55,162,929548,1,超高频,优质,1.0,1.0,0.0,25.7,有负债
10746,男,1971-08-04,53,27,26-35,131,758016,1,超高频,普通,1.0,1.0,0.0,19.8,有负债
10777,女,1980-01-27,70,18,≤25,203,778251,1,超高频,普通,1.0,1.0,0.0,23.4,有负债
10778,男,1976-03-19,70,22,≤25,203,778251,1,超高频,普通,1.0,1.0,0.0,23.4,有负债
10798,女,1980-03-23,1,18,≤25,420,4199069,1,超高频,高价值,0.0,0.0,1.0,64.4,无负债
10813,女,1979-05-13,1,19,≤25,192,751260,1,超高频,普通,1.0,1.0,0.0,32.0,有负债
10818,男,1972-08-04,64,26,26-35,359,1483774,1,超高频,优质,1.0,1.0,0.0,53.0,有负债
10828,女,1957-11-23,1,41,36-45,191,2052089,1,超高频,优质,1.0,1.0,0.0,26.9,有负债
10912,男,1963-01-09,15,36,36-45,393,4174359,1,超高频,高价值,0.0,0.0,1.0,49.2,无负债
10960,男,1942-02-20,28,56,>55,237,3384068,1,超高频,高价值,0.0,0.0,0.0,32.5,无负债
10963,男,1944-06-15,1,54,46-55,471,4663441,1,超高频,高价值,1.0,1.0,0.0,52.6,有负债
10987,女,1961-10-03,62,37,36-45,141,267077,1,超高频,普通,1.0,1.0,0.0,18.2,有负债
10988,男,1964-06-13,62,34,26-35,141,267077,1,超高频,普通,1.0,1.0,0.0,18.2,有负债
10997,女,1972-02-06,1,26,26-35,200,854056,1,超高频,普通,1.0,1.0,0.0,21.7,有负债
10998,男,1967-12-19,1,31,26-35,200,854056,1,超高频,普通,1.0,1.0,0.0,21.7,有负债
11004,男,1947-11-16,63,51,46-55,360,3835523,1,超高频,高价值,1.0,1.0,1.0,36.5,有负债
11008,女,1969-05-19,51,29,26-35,440,2449954,1,超高频,高价值,0.0,0.0,0.0,67.8,无负债
11034,男,1972-02-19,1,26,26-35,391,3428506,1,超高频,高价值,0.0,0.0,0.0,62.5,无负债
11050,女,1957-05-04,70,41,36-45,247,1422334,1,超高频,优质,1.0,1.0,0.0,31.8,有负债
11063,女,1955-11-04,64,43,36-45,477,4389225,1,超高频,高价值,1.0,1.0,0.0,64.1,有负债
11064,男,1953-07-09,64,45,36-45,477,4389225,1,超高频,高价值,1.0,1.0,0.0,64.1,有负债
11083,男,1953-10-17,61,45,36-45,208,1835518,1,超高频,优质,0.0,0.0,0.0,43.9,无负债
11093,男,1959-01-29,40,39,36-45,433,4509801,1,超高频,高价值,1.0,1.0,0.0,52.7,有负债
11105,女,1957-02-01,70,41,36-45,267,1018345,1,超高频,优质,1.0,0.0,0.0,37.9,无负债
11114,男,1952-07-26,1,46,46-55,263,1148872,1,超高频,优质,1.0,1.0,0.0,36.4,有负债
11121,女,1971-04-10,72,27,26-35,384,1776483,1,超高频,优质,1.0,1.0,0.0,48.0,有负债
11122,男,1979-06-10,72,19,≤25,384,1776483,1,超高频,优质,1.0,1.0,0.0,48.0,有负债
11123,男,1948-01-29,47,50,46-55,189,761995,1,超高频,普通,1.0,1.0,0.0,23.9,有负债
11126,女,1965-01-22,1,33,26-35,611,3290892,1,超高频,高价值,1.0,1.0,0.0,67.1,有负债
11130,女,1961-04-08,1,37,36-45,206,853531,1,超高频,普通,1.0,1.0,0.0,26.7,有负债
11131,男,1957-07-26,1,41,36-45,206,853531,1,超高频,普通,1.0,1.0,0.0,26.7,有负债
11136,女,1944-07-27,3,54,46-55,427,4379983,1,超高频,高价值,0.0,0.0,0.0,65.9,无负债
11147,女,1972-07-12,5,26,26-35,144,815116,1,超高频,普通,0.0,0.0,0.0,36.0,无负债
11149,男,1965-07-14,43,33,26-35,303,3159773,1,超高频,高价值,1.0,0.0,0.0,40.7,无负债
11195,男,1953-12-05,58,45,36-45,580,2705360,1,超高频,高价值,1.0,1.0,1.0,67.5,有负债
11208,女,1957-03-05,10,41,36-45,403,3437911,1,超高频,高价值,1.0,1.0,0.0,60.2,有负债
11250,女,1946-09-23,26,52,46-55,214,1597320,1,超高频,优质,1.0,0.0,0.0,29.9,无负债
11252,女,1965-12-08,32,33,26-35,135,490894,1,超高频,普通,1.0,1.0,0.0,16.7,有负债
11266,男,1938-09-25,9,60,>55,174,468394,1,超高频,普通,1.0,1.0,0.0,25.0,有负债
11267,女,1936-08-26,9,62,>55,174,468394,1,超高频,普通,1.0,1.0,0.0,25.0,有负债
11271,男,1937-12-08,18,61,>55,72,594115,1,超高频,普通,1.0,1.0,0.0,15.8,有负债
11274,男,1969-04-14,64,29,26-35,288,1024547,1,超高频,优质,1.0,1.0,0.0,29.4,有负债
11275,女,1963-04-18,64,35,26-35,288,1024547,1,超高频,优质,1.0,1.0,0.0,29.4,有负债
11286,女,1940-11-27,56,58,>55,190,1440231,1,超高频,优质,1.0,1.0,0.0,21.3,有负债
11304,女,1960-10-20,28,38,36-45,151,1054627,1,超高频,优质,1.0,1.0,0.0,23.7,有负债
11314,男,1936-06-02,45,62,>55,605,1961976,1,超高频,优质,1.0,1.0,0.0,71.8,有负债
11319,女,1942-04-14,1,56,>55,277,2623573,1,超高频,高价值,0.0,0.0,1.0,53.3,无负债
11327,男,1947-10-21,72,51,46-55,221,1030630,1,超高频,优质,1.0,0.0,0.0,32.0,无负债
11329,女,1961-01-31,69,37,36-45,206,2433839,1,超高频,高价值,1.0,1.0,0.0,26.5,有负债
11331,女,1944-12-14,70,54,46-55,540,6516220,1,超高频,高价值,0.0,0.0,1.0,71.1,无负债
11337,男,1969-04-03,29,29,26-35,144,873660,1,超高频,普通,1.0,1.0,0.0,19.6,有负债
11359,男,1972-08-20,11,26,26-35,264,2562317,1,超高频,高价值,1.0,1.0,0.0,36.5,有负债
11360,女,1972-04-19,11,26,26-35,264,2562317,1,超高频,高价值,1.0,1.0,0.0,36.5,有负债
11362,女,1966-01-11,51,32,26-35,100,207311,1,超高频,普通,1.0,1.0,0.0,14.1,有负债
11371,女,1941-11-04,37,57,>55,286,1400744,1,超高频,优质,1.0,1.0,1.0,42.9,有负债
11372,男,1961-09-28,11,37,36-45,561,2070533,1,超高频,优质,1.0,1.0,0.0,65.4,有负债
11379,男,1952-05-28,74,46,46-55,202,1672925,1,超高频,优质,1.0,1.0,0.0,27.6,有负债
11380,女,1951-04-06,74,47,46-55,202,1672925,1,超高频,优质,1.0,1.0,0.0,27.6,有负债
11381,女,1979-07-26,57,19,≤25,218,604053,1,超高频,普通,1.0,1.0,0.0,34.1,有负债
11405,女,1964-07-29,68,34,26-35,238,1329942,1,超高频,优质,1.0,1.0,0.0,31.4,有负债
11406,男,1970-11-15,68,28,26-35,238,1329942,1,超高频,优质,1.0,1.0,0.0,31.4,有负债
11409,女,1980-05-02,32,18,≤25,643,5590882,1,超高频,高价值,1.0,1.0,1.0,71.9,有负债
11461,男,1974-07-08,70,24,≤25,649,4964583,1,超高频,高价值,1.0,1.0,0.0,72.3,有负债
11491,女,1958-05-16,36,40,36-45,183,2201153,1,超高频,优质,0.0,0.0,1.0,26.1,无负债
11497,女,1959-07-17,11,39,36-45,526,3172499,1,超高频,高价值,1.0,1.0,1.0,64.5,有负债
11516,男,1938-11-09,59,60,>55,230,2393998,1,超高频,高价值,1.0,1.0,0.0,38.5,有负债
11517,女,1940-05-21,59,58,>55,230,2393998,1,超高频,高价值,1.0,1.0,0.0,38.5,有负债
11545,女,1966-01-22,1,32,26-35,347,2787639,1,超高频,高价值,1.0,1.0,1.0,40.1,有负债
11574,女,1944-04-20,1,54,46-55,431,2675018,1,超高频,高价值,1.0,1.0,0.0,70.2,有负债
11596,女,1940-12-04,70,58,>55,269,3171063,1,超高频,高价值,1.0,1.0,1.0,34.4,有负债
11598,女,1977-09-23,54,21,≤25,128,702324,1,超高频,普通,1.0,1.0,0.0,24.4,有负债
11609,男,1957-02-11,59,41,36-45,83,577719,1,超高频,普通,1.0,1.0,0.0,16.8,有负债
11637,男,1951-06-12,73,47,46-55,214,2114414,1,超高频,优质,1.0,1.0,0.0,26.3,有负债
11638,女,1954-08-24,73,44,36-45,214,2114414,1,超高频,优质,1.0,1.0,0.0,26.3,有负债
11662,男,1972-04-03,76,26,26-35,454,4485998,1,超高频,高价值,1.0,1.0,0.0,66.8,有负债
11676,女,1943-03-12,5,55,46-55,116,381220,1,超高频,普通,0.0,0.0,0.0,20.5,无负债
11683,男,1980-01-28,7,18,≤25,235,2727542,1,超高频,高价值,1.0,1.0,1.0,29.2,有负债
11685,女,1965-07-23,64,33,26-35,302,2273386,1,超高频,优质,1.0,1.0,0.0,45.7,有负债
11686,女,1948-10-18,21,50,46-55,200,1066255,1,超高频,优质,1.0,1.0,0.0,32.2,有负债
11687,男,1945-01-23,21,53,46-55,200,1066255,1,超高频,优质,1.0,1.0,0.0,32.2,有负债
11701,男,1949-04-14,9,49,46-55,198,2813119,1,超高频,高价值,1.0,1.0,1.0,35.6,有负债
11709,男,1961-08-03,1,37,36-45,167,1006327,1,超高频,优质,1.0,1.0,0.0,31.2,有负债
11710,女,1967-06-19,1,31,26-35,167,1006327,1,超高频,优质,1.0,1.0,0.0,31.2,有负债
11713,女,1951-04-11,59,47,46-55,196,1392703,1,超高频,优质,1.0,1.0,0.0,32.1,有负债
11714,男,1945-07-04,59,53,46-55,196,1392703,1,超高频,优质,1.0,1.0,0.0,32.1,有负债
11732,女,1957-05-20,19,41,36-45,182,1599946,1,超高频,优质,0.0,0.0,0.0,26.2,无负债
11754,男,1966-11-03,62,32,26-35,182,1117148,1,超高频,优质,1.0,1.0,0.0,31.3,有负债
11755,女,1945-07-16,4,53,46-55,177,2205485,1,超高频,优质,0.0,0.0,0.0,23.8,无负债
11768,女,1971-09-12,1,27,26-35,88,1015021,1,超高频,优质,1.0,1.0,0.0,17.9,有负债
11794,女,1970-10-07,31,28,26-35,421,5439570,1,超高频,高价值,1.0,1.0,0.0,56.2,有负债
11795,男,1977-02-23,31,21,≤25,421,5439570,1,超高频,高价值,1.0,1.0,0.0,56.2,有负债
11804,男,1944-12-12,74,54,46-55,457,4371113,1,超高频,高价值,1.0,1.0,0.0,68.4,有负债
11851,男,1970-04-02,65,28,26-35,360,4705138,1,超高频,高价值,1.0,1.0,0.0,54.1,有负债
11855,男,1957-12-01,11,41,36-45,177,1005882,1,超高频,优质,1.0,1.0,0.0,30.7,有负债
11857,男,1952-08-26,70,46,46-55,276,2662518,1,超高频,高价值,1.0,0.0,0.0,36.3,无负债
11860,女,1925-08-30,70,73,>55,414,644010,1,超高频,普通,0.0,0.0,0.0,72.9,无负债
11866,男,1937-09-02,1,61,>55,530,3450234,1,超高频,高价值,1.0,1.0,0.0,70.7,有负债
11867,女,1934-11-19,1,64,>55,530,3450234,1,超高频,高价值,1.0,1.0,0.0,70.7,有负债
11873,女,1963-11-20,38,35,26-35,230,2644572,1,超高频,高价值,1.0,1.0,0.0,35.8,有负债
11874,男,1969-01-19,1,29,26-35,143,1781308,1,超高频,优质,1.0,1.0,0.0,29.5,有负债
11875,女,1967-06-23,1,31,26-35,143,1781308,1,超高频,优质,1.0,1.0,0.0,29.5,有负债
11886,女,1941-09-13,61,57,>55,481,5595720,1,超高频,高价值,1.0,1.0,0.0,62.5,有负债
11906,男,1944-12-03,76,54,46-55,116,623297,1,超高频,普通,1.0,1.0,0.0,19.1,有负债
11907,女,1945-11-16,76,53,46-55,116,623297,1,超高频,普通,1.0,1.0,0.0,19.1,有负债
11911,男,1939-10-24,8,59,>55,161,778494,1,超高频,普通,1.0,1.0,0.0,27.0,有负债
11943,男,1961-07-09,1,37,36-45,433,4804103,1,超高频,高价值,0.0,0.0,0.0,66.5,无负债
11947,男,1964-05-29,70,34,26-35,483,5150672,1,超高频,高价值,0.0,0.0,0.0,69.3,无负债
11976,女,1939-10-27,54,59,>55,157,529142,1,超高频,普通,1.0,1.0,0.0,24.3,有负债
11977,男,1944-07-01,54,54,46-55,157,529142,1,超高频,普通,1.0,1.0,0.0,24.3,有负债
11978,男,1971-10-09,54,27,26-35,346,2031690,1,超高频,优质,1.0,1.0,0.0,49.7,有负债
11979,女,1977-12-09,54,21,≤25,346,2031690,1,超高频,优质,1.0,1.0,0.0,49.7,有负债
12003,男,1976-06-23,74,22,≤25,416,4306964,1,超高频,高价值,1.0,0.0,0.0,56.4,无负债
12050,男,1943-05-30,52,55,46-55,376,3639220,1,超高频,高价值,1.0,1.0,1.0,38.3,有负债
12051,女,1936-09-30,52,62,>55,376,3639220,1,超高频,高价值,1.0,1.0,0.0,38.3,有负债
12079,女,1972-08-12,64,26,26-35,407,3657362,1,超高频,高价值,1.0,1.0,1.0,48.1,有负债
12092,男,1977-05-15,68,21,≤25,191,2042335,1,超高频,优质,0.0,0.0,0.0,28.7,无负债
12095,男,1939-02-27,47,59,>55,406,4607578,1,超高频,高价值,1.0,1.0,0.0,68.4,有负债
12102,女,1968-09-07,21,30,26-35,547,7037966,1,超高频,高价值,1.0,1.0,0.0,66.2,有负债
12133,女,1964-06-26,27,34,26-35,251,1885617,1,超高频,优质,1.0,1.0,1.0,30.2,有负债
12144,男,1980-11-23,2,18,≤25,465,3044422,1,超高频,高价值,1.0,1.0,1.0,65.3,有负债
12145,女,1982-06-25,2,16,≤25,465,3044422,1,超高频,高价值,1.0,1.0,0.0,65.3,有负债
12163,男,1954-06-16,1,44,36-45,489,4488119,1,超高频,高价值,0.0,0.0,0.0,70.5,无负债
12181,男,1961-08-19,1,37,36-45,382,1989481,1,超高频,优质,1.0,1.0,0.0,46.6,有负债
12220,女,1971-11-12,60,27,26-35,249,1025721,1,超高频,优质,1.0,1.0,0.0,38.3,有负债
12221,男,1971-02-24,60,27,26-35,249,1025721,1,超高频,优质,1.0,1.0,0.0,38.3,有负债
12303,女,1974-04-05,24,24,≤25,248,1454586,1,超高频,优质,1.0,1.0,0.0,43.8,有负债
12308,男,1978-11-29,64,20,≤25,73,969769,1,超高频,优质,1.0,1.0,0.0,13.3,有负债
12324,男,1978-03-06,8,20,≤25,326,1784912,1,超高频,优质,0.0,0.0,0.0,41.9,无负债
12325,男,1964-10-30,8,34,26-35,250,2606945,1,超高频,高价值,1.0,1.0,0.0,43.2,有负债
12328,女,1944-04-08,1,54,46-55,133,1118755,1,超高频,优质,1.0,1.0,1.0,20.1,有负债
12344,女,1940-06-20,26,58,>55,310,2937348,1,超高频,高价值,0.0,0.0,0.0,64.5,无负债
12358,男,1943-07-05,17,55,46-55,230,726987,1,超高频,普通,1.0,1.0,0.0,33.6,有负债
12359,女,1935-10-13,17,63,>55,230,726987,1,超高频,普通,1.0,1.0,0.0,33.6,有负债
12376,男,1959-02-17,4,39,36-45,232,2197373,1,超高频,优质,1.0,1.0,0.0,27.0,有负债
12378,女,1946-08-27,76,52,46-55,263,4191036,1,超高频,高价值,1.0,1.0,1.0,33.6,有负债
12382,男,1955-11-29,1,43,36-45,144,1720480,1,超高频,优质,1.0,1.0,0.0,21.3,有负债
12383,女,1963-05-13,1,35,26-35,144,1720480,1,超高频,优质,1.0,1.0,0.0,21.3,有负债
12396,女,1970-01-17,62,28,26-35,438,5318376,1,超高频,高价值,1.0,1.0,1.0,68.9,有负债
12397,男,1973-06-02,62,25,≤25,438,5318376,1,超高频,高价值,1.0,1.0,0.0,68.9,有负债
12416,男,1973-05-30,1,25,≤25,470,4696529,1,超高频,高价值,1.0,1.0,0.0,54.8,有负债
12417,女,1974-01-03,1,25,≤25,470,4696529,1,超高频,高价值,1.0,1.0,0.0,54.8,有负债
12432,男,1965-03-07,55,33,26-35,499,5903669,1,超高频,高价值,1.0,1.0,0.0,69.1,有负债
12464,男,1959-12-17,39,39,36-45,399,2894072,1,超高频,高价值,1.0,0.0,0.0,62.0,无负债
12468,男,1969-07-04,22,29,26-35,148,1836751,1,超高频,优质,1.0,1.0,0.0,20.5,有负债
12485,女,1965-04-10,34,33,26-35,157,643036,1,超高频,普通,1.0,1.0,0.0,23.9,有负债
12490,男,1980-08-14,34,18,≤25,99,779078,1,超高频,普通,0.0,0.0,0.0,15.3,无负债
12547,女,1963-10-13,70,35,26-35,213,1585782,1,超高频,优质,1.0,1.0,0.0,30.2,有负债
12561,男,1966-06-20,38,32,26-35,234,953545,1,超高频,优质,1.0,1.0,0.0,33.1,有负债
12568,女,1956-03-01,44,42,36-45,163,1159828,1,超高频,优质,0.0,0.0,0.0,28.6,无负债
12577,女,1950-05-05,62,48,46-55,387,3888086,1,超高频,高价值,0.0,0.0,1.0,64.1,无负债
12586,男,1947-01-30,27,51,46-55,291,1752315,1,超高频,优质,1.0,1.0,0.0,34.8,有负债
12599,男,1956-01-01,44,43,36-45,133,2360456,1,超高频,高价值,1.0,1.0,1.0,16.2,有负债
12616,女,1965-01-26,27,33,26-35,158,2248030,1,超高频,优质,1.0,1.0,0.0,20.3,有负债
12625,男,1958-12-07,54,40,36-45,453,4400811,1,超高频,高价值,1.0,0.0,0.0,67.7,无负债
12643,女,1962-07-20,69,36,36-45,145,1834062,1,超高频,优质,1.0,1.0,1.0,25.4,有负债
12662,男,1953-06-01,14,45,36-45,228,1718730,1,超高频,优质,1.0,1.0,1.0,35.9,有负债
12695,男,1979-03-16,68,19,≤25,441,3752972,1,超高频,高价值,1.0,1.0,0.0,66.7,有负债
12726,女,1945-08-09,8,53,46-55,112,357831,1,超高频,普通,0.0,0.0,0.0,19.6,无负债
12729,男,1968-03-21,36,30,26-35,191,745909,1,超高频,普通,1.0,1.0,0.0,33.3,有负债
12730,女,1964-09-29,36,34,26-35,191,745909,1,超高频,普通,1.0,1.0,0.0,33.3,有负债
12738,女,1960-10-29,23,38,36-45,260,701109,1,超高频,普通,1.0,1.0,0.0,44.6,有负债
12739,男,1958-01-17,23,40,36-45,260,701109,1,超高频,普通,1.0,1.0,0.0,44.6,有负债
12750,女,1940-05-25,21,58,>55,160,2820132,1,超高频,高价值,1.0,1.0,1.0,30.8,有负债
12754,男,1960-08-20,55,38,36-45,487,2341768,1,超高频,高价值,1.0,1.0,0.0,72.5,有负债
12755,女,1959-11-01,55,39,36-45,487,2341768,1,超高频,高价值,1.0,1.0,0.0,72.5,有负债
12756,女,1949-01-21,22,49,46-55,352,3136576,1,超高频,高价值,1.0,0.0,0.0,40.6,无负债
12802,男,1969-08-12,1,29,26-35,208,1239263,1,超高频,优质,1.0,1.0,1.0,24.4,有负债
12810,男,1964-10-14,39,34,26-35,322,2396351,1,超高频,高价值,1.0,1.0,1.0,37.8,有负债
12840,男,1939-07-27,60,59,>55,189,528126,1,超高频,普通,1.0,1.0,0.0,33.9,有负债
12843,男,1953-05-05,66,45,36-45,421,5010889,1,超高频,高价值,1.0,1.0,1.0,62.2,有负债
12844,男,1946-10-15,45,52,46-55,457,1191047,1,超高频,优质,1.0,1.0,0.0,64.5,有负债
12850,男,1955-08-26,72,43,36-45,205,1569792,1,超高频,优质,1.0,1.0,1.0,31.6,有负债
12851,女,1957-09-27,72,41,36-45,205,1569792,1,超高频,优质,1.0,1.0,0.0,31.6,有负债
12859,女,1976-05-21,1,22,≤25,598,2244882,1,超高频,优质,1.0,0.0,0.0,65.0,无负债
12890,女,1958-01-20,70,40,36-45,193,2308493,1,超高频,高价值,1.0,1.0,0.0,34.7,有负债
12908,男,1941-03-12,12,57,>55,177,1651758,1,超高频,优质,1.0,1.0,0.0,24.1,有负债
12943,男,1970-10-12,55,28,26-35,202,2334946,1,超高频,高价值,1.0,1.0,1.0,38.8,有负债
12986,女,1973-05-08,40,25,≤25,235,2163605,1,超高频,优质,0.0,0.0,1.0,35.5,无负债
12991,男,1947-01-16,51,51,46-55,222,2798234,1,超高频,高价值,0.0,0.0,1.0,28.8,无负债
13044,男,1976-03-01,52,22,≤25,180,2007915,1,超高频,优质,0.0,0.0,1.0,27.2,无负债
13051,男,1965-01-13,55,33,26-35,77,974907,1,超高频,优质,1.0,1.0,1.0,14.1,有负债
13071,男,1956-02-18,41,42,36-45,304,1616194,1,超高频,优质,1.0,1.0,0.0,48.2,有负债
13089,女,1979-02-14,16,19,≤25,120,1683966,1,超高频,优质,1.0,1.0,1.0,17.9,有负债
13090,女,1980-04-18,2,18,≤25,163,2531334,1,超高频,高价值,1.0,1.0,0.0,24.7,有负债
13095,男,1950-03-16,76,48,46-55,94,1610724,1,超高频,优质,1.0,1.0,1.0,16.0,有负债
13098,女,1978-12-15,1,20,≤25,149,1349896,1,超高频,优质,1.0,1.0,0.0,21.8,有负债
13102,男,1949-04-15,8,49,46-55,380,2778847,1,超高频,高价值,0.0,0.0,0.0,68.9,无负债
13113,男,1976-11-25,11,22,≤25,473,5658134,1,超高频,高价值,1.0,1.0,1.0,61.7,有负债
13123,女,1978-02-17,56,20,≤25,468,5504343,1,超高频,高价值,0.0,0.0,0.0,62.3,无负债
13134,女,1962-11-03,1,36,36-45,116,2036358,1,超高频,优质,1.0,1.0,1.0,19.4,有负债
13151,男,1958-12-22,73,40,36-45,183,1204240,1,超高频,优质,0.0,0.0,0.0,32.0,无负债
13171,女,1950-06-26,19,48,46-55,199,1382088,1,超高频,优质,0.0,0.0,0.0,38.6,无负债
13172,男,1938-10-19,36,60,>55,249,1333196,1,超高频,优质,1.0,1.0,0.0,30.2,有负债
13190,男,1956-11-28,71,42,36-45,333,2155165,1,超高频,优质,1.0,1.0,0.0,49.0,有负债
13201,男,1937-05-17,31,61,>55,550,5091445,1,超高频,高价值,1.0,1.0,1.0,69.5,有负债
13231,男,1959-07-01,1,39,36-45,245,1541646,1,超高频,优质,1.0,1.0,0.0,38.9,有负债
13246,女,1942-01-13,46,57,>55,104,424440,1,超高频,普通,1.0,1.0,0.0,18.2,有负债
13260,女,1977-05-27,72,21,≤25,373,2241628,1,超高频,优质,1.0,1.0,0.0,62.2,有负债
13261,男,1944-08-01,75,54,46-55,286,3263181,1,超高频,高价值,1.0,1.0,0.0,27.8,有负债
13262,女,1938-02-09,75,60,>55,286,3263181,1,超高频,高价值,1.0,1.0,0.0,27.8,有负债
13276,男,1977-01-20,76,21,≤25,83,186249,1,超高频,普通,1.0,1.0,0.0,16.7,有负债
13285,男,1935-12-25,34,63,>55,190,2346907,1,超高频,高价值,1.0,1.0,0.0,34.1,有负债
13290,男,1941-06-23,16,57,>55,114,1037979,1,超高频,优质,1.0,1.0,0.0,21.1,有负债
13291,女,1940-11-13,16,58,>55,114,1037979,1,超高频,优质,1.0,1.0,0.0,21.1,有负债
13346,男,1956-04-15,50,42,36-45,158,1348465,1,超高频,优质,1.0,0.0,0.0,27.4,无负债
13380,男,1942-09-18,65,56,>55,363,2281932,1,超高频,优质,1.0,1.0,0.0,47.0,有负债
13404,男,1966-09-25,48,32,26-35,364,800965,1,超高频,普通,0.0,0.0,0.0,62.1,无负债
13405,男,1958-08-13,32,40,36-45,177,525013,1,超高频,普通,1.0,1.0,1.0,25.7,有负债
13406,女,1978-04-18,42,20,≤25,389,4190984,1,超高频,高价值,0.0,0.0,1.0,62.5,无负债
13412,男,1954-03-20,1,44,36-45,460,3287346,1,超高频,高价值,1.0,1.0,0.0,68.1,有负债
13417,女,1951-11-17,25,47,46-55,175,768882,1,超高频,普通,1.0,1.0,0.0,22.8,有负债
13447,女,1970-05-05,13,28,26-35,428,3281854,1,超高频,高价值,1.0,1.0,0.0,64.5,有负债
13448,男,1968-07-08,13,30,26-35,428,3281854,1,超高频,高价值,1.0,1.0,0.0,64.5,有负债
13451,女,1955-11-18,44,43,36-45,441,6275675,1,超高频,高价值,1.0,1.0,0.0,55.7,有负债
13468,男,1960-10-31,25,38,36-45,166,787974,1,超高频,普通,1.0,1.0,1.0,29.5,有负债
13469,女,1955-12-08,25,43,36-45,166,787974,1,超高频,普通,1.0,1.0,0.0,29.5,有负债
13480,男,1953-06-01,16,45,36-45,284,3309445,1,超高频,高价值,1.0,1.0,0.0,44.1,有负债
13490,女,1969-05-25,18,29,26-35,474,6246871,1,超高频,高价值,1.0,1.0,0.0,69.4,有负债
13539,男,1978-09-07,63,20,≤25,571,6376289,1,超高频,高价值,1.0,1.0,1.0,71.6,有负债
13548,男,1976-03-18,1,22,≤25,499,5041803,1,超高频,高价值,1.0,0.0,0.0,65.7,无负债
13556,男,1958-07-19,32,40,36-45,181,854250,1,超高频,普通,1.0,1.0,0.0,29.6,有负债
13576,男,1974-07-07,72,24,≤25,321,3673743,1,超高频,高价值,1.0,1.0,1.0,47.8,有负债
13588,男,1974-01-29,46,24,≤25,131,1804285,1,超高频,优质,0.0,0.0,0.0,19.5,无负债
13590,男,1977-08-03,59,21,≤25,232,1477652,1,超高频,优质,1.0,1.0,0.0,35.5,有负债
13603,男,1941-07-28,46,57,>55,403,1773910,1,超高频,优质,1.0,1.0,0.0,70.5,有负债
13608,女,1963-05-15,37,35,26-35,256,2286281,1,超高频,优质,1.0,1.0,0.0,43.6,有负债
13620,男,1970-07-26,16,28,26-35,246,4041912,1,超高频,高价值,1.0,1.0,1.0,38.3,有负债
13640,女,1955-06-09,28,43,36-45,149,1215007,1,超高频,优质,1.0,1.0,0.0,25.1,有负债
13657,女,1963-05-12,59,35,26-35,492,5552154,1,超高频,高价值,1.0,1.0,0.0,68.4,有负债
13658,男,1957-04-23,59,41,36-45,492,5552154,1,超高频,高价值,1.0,1.0,0.0,68.4,有负债
13673,男,1971-02-20,39,27,26-35,146,1043610,1,超高频,优质,0.0,0.0,0.0,29.8,无负债
13687,男,1959-05-23,75,39,36-45,416,2100508,1,超高频,优质,1.0,1.0,0.0,63.6,有负债
13690,男,1963-05-16,70,35,26-35,325,5371592,1,超高频,高价值,1.0,1.0,1.0,41.1,有负债
13694,女,1976-01-20,1,22,≤25,152,1696214,1,超高频,优质,1.0,1.0,1.0,23.0,有负债
13750,女,1980-11-13,12,18,≤25,339,4222474,1,超高频,高价值,1.0,1.0,1.0,50.0,有负债
13751,男,1979-07-20,12,19,≤25,339,4222474,1,超高频,高价值,1.0,1.0,0.0,50.0,有负债
13803,男,1947-11-14,1,51,46-55,173,2185899,1,超高频,优质,1.0,1.0,0.0,23.2,有负债
13820,女,1948-07-31,33,50,46-55,170,2013651,1,超高频,优质,1.0,1.0,0.0,24.0,有负债
13845,男,1973-02-16,15,25,≤25,484,1284945,1,超高频,优质,1.0,1.0,0.0,72.6,有负债
13852,男,1972-01-26,5,26,26-35,303,1045435,1,超高频,优质,1.0,1.0,0.0,40.0,有负债
13886,女,1954-04-12,44,44,36-45,563,2880887,1,超高频,高价值,0.0,0.0,0.0,72.4,无负债
13912,男,1975-11-20,50,23,≤25,155,2168083,1,超高频,优质,1.0,1.0,0.0,18.0,有负债
13915,男,1974-11-23,77,24,≤25,364,2518619,1,超高频,高价值,0.0,0.0,0.0,68.2,无负债
13921,女,1970-12-20,62,28,26-35,149,978410,1,超高频,优质,0.0,0.0,0.0,26.9,无负债
13923,女,1979-02-22,7,19,≤25,75,559884,1,超高频,普通,1.0,1.0,0.0,14.8,有负债
13924,女,1952-09-09,54,46,46-55,146,1326829,1,超高频,优质,1.0,1.0,0.0,26.2,有负债
13931,男,1942-01-01,8,57,>55,368,3295824,1,超高频,高价值,0.0,0.0,0.0,56.0,无负债
13955,女,1945-10-30,1,53,46-55,304,3957378,1,超高频,高价值,1.0,1.0,0.0,43.9,有负债
13956,男,1943-04-06,1,55,46-55,304,3957378,1,超高频,高价值,1.0,1.0,0.0,43.9,有负债
13968,男,1968-04-13,61,30,26-35,378,2948097,1,超高频,高价值,1.0,1.0,1.0,51.8,有负债
13971,女,1962-10-19,67,36,36-45,344,1330026,1,超高频,优质,1.0,1.0,0.0,39.2,有负债
13998,女,1953-08-12,74,45,36-45,253,2623182,1,超高频,高价值,0.0,0.0,0.0,41.0,无负债
