订单日期,商铺城市,产品编号,销售数量,销售额,产品名称,品牌名称,产品类别,采购单价,销售单价,品牌编号,所属企业,城市编码,年度,季度,月份
2018-01-01,成都市,A001,40,186760,GL冰箱,GL,冰箱,2200,4669,A,A企业,510100,2018,1,1
2018-01-02,成都市,A001,12,56028,GL冰箱,GL,冰箱,2200,4669,A,A企业,510100,2018,1,1
2018-01-03,金华市,B001,60,251940,MD冰箱,MD,冰箱,2500,4199,B,B企业,330700,2018,1,1
2018-01-04,金华市,C001,35,125965,HE冰箱,HE,冰箱,1800,3599,C,C企业,330700,2018,1,1
2018-01-05,成都市,B001,50,209950,MD冰箱,MD,冰箱,2500,4199,B,B企业,510100,2018,1,1
2018-01-07,成都市,A001,58,270802,GL冰箱,GL,冰箱,2200,4669,A,A企业,510100,2018,1,1
2018-01-09,成都市,A001,30,140070,GL冰箱,GL,冰箱,2200,4669,A,A企业,510100,2018,1,1
2018-01-10,成都市,B001,36,151164,MD冰箱,MD,冰箱,2500,4199,B,B企业,510100,2018,1,1
2018-01-11,成都市,A001,45,210105,GL冰箱,GL,冰箱,2200,4669,A,A企业,510100,2018,1,1
2018-01-12,上海市,A001,68,317492,GL冰箱,GL,冰箱,2200,4669,A,A企业,310000,2018,1,1
2018-01-13,上海市,A001,25,116725,GL冰箱,GL,冰箱,2200,4669,A,A企业,310000,2018,1,1
2018-01-14,成都市,A001,63,294147,GL冰箱,GL,冰箱,2200,4669,A,A企业,510100,2018,1,1
2018-01-15,成都市,B001,52,218348,MD冰箱,MD,冰箱,2500,4199,B,B企业,510100,2018,1,1
2018-01-16,成都市,B001,20,83980,MD冰箱,MD,冰箱,2500,4199,B,B企业,510100,2018,1,1
2018-01-16,成都市,A001,10,46690,GL冰箱,GL,冰箱,2200,4669,A,A企业,510100,2018,1,1
2018-01-17,长沙市,A001,63,294147,GL冰箱,GL,冰箱,2200,4669,A,A企业,430100,2018,1,1
2018-01-18,成都市,B001,21,88179,MD冰箱,MD,冰箱,2500,4199,B,B企业,510100,2018,1,1
2018-01-19,成都市,A001,57,266133,GL冰箱,GL,冰箱,2200,4669,A,A企业,510100,2018,1,1
2018-01-19,金华市,B001,69,289731,MD冰箱,MD,冰箱,2500,4199,B,B企业,330700,2018,1,1
2018-01-20,成都市,B001,20,83980,MD冰箱,MD,冰箱,2500,4199,B,B企业,510100,2018,1,1
2018-01-21,成都市,A001,54,252126,GL冰箱,GL,冰箱,2200,4669,A,A企业,510100,2018,1,1
2018-01-23,成都市,C001,78,280722,HE冰箱,HE,冰箱,1800,3599,C,C企业,510100,2018,1,1
2018-01-23,成都市,B001,36,151164,MD冰箱,MD,冰箱,2500,4199,B,B企业,510100,2018,1,1
2018-01-24,成都市,A001,26,121394,GL冰箱,GL,冰箱,2200,4669,A,A企业,510100,2018,1,1
2018-01-25,成都市,B001,24,100776,MD冰箱,MD,冰箱,2500,4199,B,B企业,510100,2018,1,1
2018-01-26,成都市,B001,15,62985,MD冰箱,MD,冰箱,2500,4199,B,B企业,510100,2018,1,1
2018-01-26,成都市,A001,18,84042,GL冰箱,GL,冰箱,2200,4669,A,A企业,510100,2018,1,1
2018-01-26,成都市,B003,21,119679,MD洗衣机,MD,洗衣机,3100,5699,B,B企业,510100,2018,1,1
2018-01-27,成都市,A001,9,42021,GL冰箱,GL,冰箱,2200,4669,A,A企业,510100,2018,1,1
2018-01-29,成都市,A001,21,98049,GL冰箱,GL,冰箱,2200,4669,A,A企业,510100,2018,1,1
2018-02-01,成都市,A001,18,84042,GL冰箱,GL,冰箱,2200,4669,A,A企业,510100,2018,1,2
2018-02-02,成都市,A001,18,84042,GL冰箱,GL,冰箱,2200,4669,A,A企业,510100,2018,1,2
2018-02-05,成都市,A001,15,70035,GL冰箱,GL,冰箱,2200,4669,A,A企业,510100,2018,1,2
2018-02-06,成都市,A001,12,56028,GL冰箱,GL,冰箱,2200,4669,A,A企业,510100,2018,1,2
2018-02-08,成都市,B001,27,113373,MD冰箱,MD,冰箱,2500,4199,B,B企业,510100,2018,1,2
2018-02-09,成都市,B001,9,37791,MD冰箱,MD,冰箱,2500,4199,B,B企业,510100,2018,1,2
2018-02-11,成都市,A001,21,98049,GL冰箱,GL,冰箱,2200,4669,A,A企业,510100,2018,1,2
2018-02-11,金华市,B001,9,37791,MD冰箱,MD,冰箱,2500,4199,B,B企业,330700,2018,1,2
2018-02-12,成都市,B001,18,75582,MD冰箱,MD,冰箱,2500,4199,B,B企业,510100,2018,1,2
2018-02-13,成都市,C001,12,43188,HE冰箱,HE,冰箱,1800,3599,C,C企业,510100,2018,1,2
2018-02-13,成都市,B001,18,75582,MD冰箱,MD,冰箱,2500,4199,B,B企业,510100,2018,1,2
2018-02-13,金华市,A001,18,84042,GL冰箱,GL,冰箱,2200,4669,A,A企业,330700,2018,1,2
2018-02-14,成都市,A001,18,84042,GL冰箱,GL,冰箱,2200,4669,A,A企业,510100,2018,1,2
2018-02-15,金华市,A001,6,28014,GL冰箱,GL,冰箱,2200,4669,A,A企业,330700,2018,1,2
2018-02-15,成都市,A001,18,84042,GL冰箱,GL,冰箱,2200,4669,A,A企业,510100,2018,1,2
2018-02-16,成都市,B003,21,119679,MD洗衣机,MD,洗衣机,3100,5699,B,B企业,510100,2018,1,2
2018-02-16,成都市,B001,12,50388,MD冰箱,MD,冰箱,2500,4199,B,B企业,510100,2018,1,2
2018-02-17,成都市,A001,9,42021,GL冰箱,GL,冰箱,2200,4669,A,A企业,510100,2018,1,2
2018-02-17,成都市,B001,18,75582,MD冰箱,MD,冰箱,2500,4199,B,B企业,510100,2018,1,2
2018-02-17,金华市,A001,21,98049,GL冰箱,GL,冰箱,2200,4669,A,A企业,330700,2018,1,2
2018-02-18,金华市,B001,24,100776,MD冰箱,MD,冰箱,2500,4199,B,B企业,330700,2018,1,2
2018-02-19,成都市,A001,21,98049,GL冰箱,GL,冰箱,2200,4669,A,A企业,510100,2018,1,2
2018-02-20,金华市,A001,12,56028,GL冰箱,GL,冰箱,2200,4669,A,A企业,330700,2018,1,2
2018-02-21,金华市,B001,6,25194,MD冰箱,MD,冰箱,2500,4199,B,B企业,330700,2018,1,2
2018-02-21,金华市,C001,15,53985,HE冰箱,HE,冰箱,1800,3599,C,C企业,330700,2018,1,2
2018-02-22,成都市,A001,18,84042,GL冰箱,GL,冰箱,2200,4669,A,A企业,510100,2018,1,2
2018-02-22,金华市,A001,18,84042,GL冰箱,GL,冰箱,2200,4669,A,A企业,330700,2018,1,2
2018-02-24,金华市,B003,18,102582,MD洗衣机,MD,洗衣机,3100,5699,B,B企业,330700,2018,1,2
2018-02-25,金华市,A001,21,98049,GL冰箱,GL,冰箱,2200,4669,A,A企业,330700,2018,1,2
2018-02-26,成都市,A001,15,70035,GL冰箱,GL,冰箱,2200,4669,A,A企业,510100,2018,1,2
2018-03-02,成都市,B001,9,37791,MD冰箱,MD,冰箱,2500,4199,B,B企业,510100,2018,1,3
2018-03-03,金华市,B001,9,37791,MD冰箱,MD,冰箱,2500,4199,B,B企业,330700,2018,1,3
2018-03-04,成都市,B001,18,75582,MD冰箱,MD,冰箱,2500,4199,B,B企业,510100,2018,1,3
2018-03-04,金华市,A001,21,98049,GL冰箱,GL,冰箱,2200,4669,A,A企业,330700,2018,1,3
2018-03-05,金华市,A001,18,84042,GL冰箱,GL,冰箱,2200,4669,A,A企业,330700,2018,1,3
2018-03-05,金华市,B001,21,88179,MD冰箱,MD,冰箱,2500,4199,B,B企业,330700,2018,1,3
2018-03-06,成都市,A001,6,28014,GL冰箱,GL,冰箱,2200,4669,A,A企业,510100,2018,1,3
2018-03-06,成都市,B001,12,50388,MD冰箱,MD,冰箱,2500,4199,B,B企业,510100,2018,1,3
2018-03-07,金华市,A001,6,28014,GL冰箱,GL,冰箱,2200,4669,A,A企业,330700,2018,1,3
2018-03-07,成都市,A001,18,84042,GL冰箱,GL,冰箱,2200,4669,A,A企业,510100,2018,1,3
2018-03-07,金华市,B001,27,113373,MD冰箱,MD,冰箱,2500,4199,B,B企业,330700,2018,1,3
2018-03-08,成都市,B001,12,50388,MD冰箱,MD,冰箱,2500,4199,B,B企业,510100,2018,1,3
2018-03-08,金华市,A001,15,70035,GL冰箱,GL,冰箱,2200,4669,A,A企业,330700,2018,1,3
2018-03-08,金华市,B003,15,85485,MD洗衣机,MD,洗衣机,3100,5699,B,B企业,330700,2018,1,3
2018-03-09,成都市,B001,18,75582,MD冰箱,MD,冰箱,2500,4199,B,B企业,510100,2018,1,3
2018-03-09,金华市,A001,21,98049,GL冰箱,GL,冰箱,2200,4669,A,A企业,330700,2018,1,3
2018-03-09,成都市,A001,6,28014,GL冰箱,GL,冰箱,2200,4669,A,A企业,510100,2018,1,3
2018-03-09,金华市,B001,18,75582,MD冰箱,MD,冰箱,2500,4199,B,B企业,330700,2018,1,3
2018-03-10,金华市,B001,24,100776,MD冰箱,MD,冰箱,2500,4199,B,B企业,330700,2018,1,3
2018-03-10,金华市,A001,18,84042,GL冰箱,GL,冰箱,2200,4669,A,A企业,330700,2018,1,3
2018-03-12,金华市,A001,12,56028,GL冰箱,GL,冰箱,2200,4669,A,A企业,330700,2018,1,3
2018-03-13,金华市,B001,6,25194,MD冰箱,MD,冰箱,2500,4199,B,B企业,330700,2018,1,3
2018-03-13,金华市,C001,15,53985,HE冰箱,HE,冰箱,1800,3599,C,C企业,330700,2018,1,3
2018-03-14,金华市,A001,18,84042,GL冰箱,GL,冰箱,2200,4669,A,A企业,330700,2018,1,3
2018-03-16,金华市,B003,18,102582,MD洗衣机,MD,洗衣机,3100,5699,B,B企业,330700,2018,1,3
2018-03-16,金华市,B001,18,75582,MD冰箱,MD,冰箱,2500,4199,B,B企业,330700,2018,1,3
2018-03-17,金华市,A001,21,98049,GL冰箱,GL,冰箱,2200,4669,A,A企业,330700,2018,1,3
2018-03-17,成都市,A001,6,28014,GL冰箱,GL,冰箱,2200,4669,A,A企业,510100,2018,1,3
2018-03-17,成都市,B001,9,37791,MD冰箱,MD,冰箱,2500,4199,B,B企业,510100,2018,1,3
2018-03-20,成都市,A001,15,70035,GL冰箱,GL,冰箱,2200,4669,A,A企业,510100,2018,1,3
2018-03-22,成都市,A001,24,112056,GL冰箱,GL,冰箱,2200,4669,A,A企业,510100,2018,1,3
2018-03-23,成都市,B001,9,37791,MD冰箱,MD,冰箱,2500,4199,B,B企业,510100,2018,1,3
2018-03-24,成都市,A001,18,84042,GL冰箱,GL,冰箱,2200,4669,A,A企业,510100,2018,1,3
2018-03-25,金华市,A001,21,98049,GL冰箱,GL,冰箱,2200,4669,A,A企业,330700,2018,1,3
2018-03-25,成都市,A001,18,84042,GL冰箱,GL,冰箱,2200,4669,A,A企业,510100,2018,1,3
2018-03-26,金华市,A001,12,56028,GL冰箱,GL,冰箱,2200,4669,A,A企业,330700,2018,1,3
2018-03-26,金华市,B001,21,88179,MD冰箱,MD,冰箱,2500,4199,B,B企业,330700,2018,1,3
2018-03-26,厦门市,C002,6,25194,HE电视,HE,电视,2200,4199,C,C企业,350200,2018,1,3
2018-03-27,成都市,B001,12,50388,MD冰箱,MD,冰箱,2500,4199,B,B企业,510100,2018,1,3
2018-03-28,金华市,B001,27,113373,MD冰箱,MD,冰箱,2500,4199,B,B企业,330700,2018,1,3
2018-03-28,金华市,A001,15,70035,GL冰箱,GL,冰箱,2200,4669,A,A企业,330700,2018,1,3
2018-03-28,厦门市,A001,6,28014,GL冰箱,GL,冰箱,2200,4669,A,A企业,350200,2018,1,3
2018-03-28,成都市,B001,12,50388,MD冰箱,MD,冰箱,2500,4199,B,B企业,510100,2018,1,3
2018-03-28,厦门市,C001,18,64782,HE冰箱,HE,冰箱,1800,3599,C,C企业,350200,2018,1,3
2018-03-28,成都市,A001,15,70035,GL冰箱,GL,冰箱,2200,4669,A,A企业,510100,2018,1,3
2018-03-29,金华市,A001,15,70035,GL冰箱,GL,冰箱,2200,4669,A,A企业,330700,2018,1,3
2018-03-29,金华市,B003,15,85485,MD洗衣机,MD,洗衣机,3100,5699,B,B企业,330700,2018,1,3
2018-03-29,成都市,B001,12,50388,MD冰箱,MD,冰箱,2500,4199,B,B企业,510100,2018,1,3
2018-03-29,厦门市,C001,12,43188,HE冰箱,HE,冰箱,1800,3599,C,C企业,350200,2018,1,3
2018-03-29,成都市,A001,18,84042,GL冰箱,GL,冰箱,2200,4669,A,A企业,510100,2018,1,3
2018-03-29,厦门市,B003,6,34194,MD洗衣机,MD,洗衣机,3100,5699,B,B企业,350200,2018,1,3
2018-03-30,成都市,A001,6,28014,GL冰箱,GL,冰箱,2200,4669,A,A企业,510100,2018,1,3
2018-03-30,金华市,B001,18,75582,MD冰箱,MD,冰箱,2500,4199,B,B企业,330700,2018,1,3
2018-03-30,厦门市,C002,9,37791,HE电视,HE,电视,2200,4199,C,C企业,350200,2018,1,3
2018-03-30,厦门市,B001,9,37791,MD冰箱,MD,冰箱,2500,4199,B,B企业,350200,2018,1,3
2018-03-30,金华市,A001,9,42021,GL冰箱,GL,冰箱,2200,4669,A,A企业,330700,2018,1,3
2018-03-30,厦门市,C001,15,53985,HE冰箱,HE,冰箱,1800,3599,C,C企业,350200,2018,1,3
2018-03-30,成都市,B001,12,50388,MD冰箱,MD,冰箱,2500,4199,B,B企业,510100,2018,1,3
2018-03-30,厦门市,B003,21,119679,MD洗衣机,MD,洗衣机,3100,5699,B,B企业,350200,2018,1,3
2018-03-31,金华市,A001,18,84042,GL冰箱,GL,冰箱,2200,4669,A,A企业,330700,2018,1,3
2018-03-31,厦门市,C001,15,53985,HE冰箱,HE,冰箱,1800,3599,C,C企业,350200,2018,1,3
2018-04-01,成都市,B001,6,25194,MD冰箱,MD,冰箱,2500,4199,B,B企业,510100,2018,2,4
2018-04-01,厦门市,B003,18,102582,MD洗衣机,MD,洗衣机,3100,5699,B,B企业,350200,2018,2,4
2018-04-01,厦门市,B002,21,75579,MD电视,MD,电视,2000,4299,B,B企业,350200,2018,2,4
2018-04-01,成都市,A001,18,84042,GL冰箱,GL,冰箱,2200,4669,A,A企业,510100,2018,2,4
2018-04-01,金华市,B001,9,37791,MD冰箱,MD,冰箱,2500,4199,B,B企业,330700,2018,2,4
2018-04-01,金华市,A001,18,84042,GL冰箱,GL,冰箱,2200,4669,A,A企业,330700,2018,2,4
2018-04-02,厦门市,C002,9,37791,HE电视,HE,电视,2200,4199,C,C企业,350200,2018,2,4
2018-04-02,厦门市,A001,18,84042,GL冰箱,GL,冰箱,2200,4669,A,A企业,350200,2018,2,4
2018-04-02,厦门市,B002,24,86376,MD电视,MD,电视,2000,4299,B,B企业,350200,2018,2,4
2018-04-02,成都市,B001,18,75582,MD冰箱,MD,冰箱,2500,4199,B,B企业,510100,2018,2,4
2018-04-02,金华市,A001,12,56028,GL冰箱,GL,冰箱,2200,4669,A,A企业,330700,2018,2,4
2018-04-02,厦门市,B003,9,51291,MD洗衣机,MD,洗衣机,3100,5699,B,B企业,350200,2018,2,4
2018-04-03,成都市,B001,12,50388,MD冰箱,MD,冰箱,2500,4199,B,B企业,510100,2018,2,4
2018-04-03,厦门市,B003,6,34194,MD洗衣机,MD,洗衣机,3100,5699,B,B企业,350200,2018,2,4
2018-04-03,厦门市,C001,15,53985,HE冰箱,HE,冰箱,1800,3599,C,C企业,350200,2018,2,4
2018-04-04,金华市,A001,12,56028,GL冰箱,GL,冰箱,2200,4669,A,A企业,330700,2018,2,4
2018-04-04,厦门市,A001,15,70035,GL冰箱,GL,冰箱,2200,4669,A,A企业,350200,2018,2,4
2018-04-04,成都市,A001,12,56028,GL冰箱,GL,冰箱,2200,4669,A,A企业,510100,2018,2,4
2018-04-04,厦门市,B003,12,68388,MD洗衣机,MD,洗衣机,3100,5699,B,B企业,350200,2018,2,4
2018-04-05,厦门市,C002,18,75582,HE电视,HE,电视,2200,4199,C,C企业,350200,2018,2,4
2018-04-05,金华市,B001,15,62985,MD冰箱,MD,冰箱,2500,4199,B,B企业,330700,2018,2,4
2018-04-05,厦门市,A001,27,126063,GL冰箱,GL,冰箱,2200,4669,A,A企业,350200,2018,2,4
2018-04-05,成都市,A001,9,42021,GL冰箱,GL,冰箱,2200,4669,A,A企业,510100,2018,2,4
2018-04-06,金华市,B001,18,75582,MD冰箱,MD,冰箱,2500,4199,B,B企业,330700,2018,2,4
2018-04-06,厦门市,B001,15,62985,MD冰箱,MD,冰箱,2500,4199,B,B企业,350200,2018,2,4
2018-04-06,成都市,A001,12,56028,GL冰箱,GL,冰箱,2200,4669,A,A企业,510100,2018,2,4
2018-04-06,金华市,C001,15,53985,HE冰箱,HE,冰箱,1800,3599,C,C企业,330700,2018,2,4
2018-04-06,成都市,B001,6,25194,MD冰箱,MD,冰箱,2500,4199,B,B企业,510100,2018,2,4
2018-04-07,成都市,A001,6,28014,GL冰箱,GL,冰箱,2200,4669,A,A企业,510100,2018,2,4
2018-04-07,成都市,B001,9,37791,MD冰箱,MD,冰箱,2500,4199,B,B企业,510100,2018,2,4
2018-04-07,厦门市,A001,24,112056,GL冰箱,GL,冰箱,2200,4669,A,A企业,350200,2018,2,4
2018-04-07,金华市,A001,18,84042,GL冰箱,GL,冰箱,2200,4669,A,A企业,330700,2018,2,4
2018-04-07,厦门市,B001,18,75582,MD冰箱,MD,冰箱,2500,4199,B,B企业,350200,2018,2,4
2018-04-08,成都市,A001,12,56028,GL冰箱,GL,冰箱,2200,4669,A,A企业,510100,2018,2,4
2018-04-08,厦门市,B001,12,50388,MD冰箱,MD,冰箱,2500,4199,B,B企业,350200,2018,2,4
2018-04-08,厦门市,A001,12,56028,GL冰箱,GL,冰箱,2200,4669,A,A企业,350200,2018,2,4
2018-04-08,金华市,A001,6,28014,GL冰箱,GL,冰箱,2200,4669,A,A企业,330700,2018,2,4
2018-04-08,金华市,B001,12,50388,MD冰箱,MD,冰箱,2500,4199,B,B企业,330700,2018,2,4
2018-04-09,厦门市,C001,15,53985,HE冰箱,HE,冰箱,1800,3599,C,C企业,350200,2018,2,4
2018-04-09,金华市,B001,9,37791,MD冰箱,MD,冰箱,2500,4199,B,B企业,330700,2018,2,4
2018-04-10,成都市,A001,15,70035,GL冰箱,GL,冰箱,2200,4669,A,A企业,510100,2018,2,4
2018-04-10,金华市,B001,12,50388,MD冰箱,MD,冰箱,2500,4199,B,B企业,330700,2018,2,4
2018-04-10,厦门市,B001,24,100776,MD冰箱,MD,冰箱,2500,4199,B,B企业,350200,2018,2,4
2018-04-11,金华市,B001,12,50388,MD冰箱,MD,冰箱,2500,4199,B,B企业,330700,2018,2,4
2018-04-11,金华市,A001,6,28014,GL冰箱,GL,冰箱,2200,4669,A,A企业,330700,2018,2,4
2018-04-11,厦门市,B001,12,50388,MD冰箱,MD,冰箱,2500,4199,B,B企业,350200,2018,2,4
2018-04-12,成都市,A001,24,112056,GL冰箱,GL,冰箱,2200,4669,A,A企业,510100,2018,2,4
2018-04-12,成都市,B001,15,62985,MD冰箱,MD,冰箱,2500,4199,B,B企业,510100,2018,2,4
2018-04-12,厦门市,C002,6,25194,HE电视,HE,电视,2200,4199,C,C企业,350200,2018,2,4
2018-04-12,金华市,A001,15,70035,GL冰箱,GL,冰箱,2200,4669,A,A企业,330700,2018,2,4
2018-04-12,厦门市,B001,12,50388,MD冰箱,MD,冰箱,2500,4199,B,B企业,350200,2018,2,4
2018-04-12,厦门市,B003,24,136776,MD洗衣机,MD,洗衣机,3100,5699,B,B企业,350200,2018,2,4
2018-04-13,成都市,B001,18,75582,MD冰箱,MD,冰箱,2500,4199,B,B企业,510100,2018,2,4
2018-04-13,厦门市,A001,6,28014,GL冰箱,GL,冰箱,2200,4669,A,A企业,350200,2018,2,4
2018-04-13,成都市,A001,21,98049,GL冰箱,GL,冰箱,2200,4669,A,A企业,510100,2018,2,4
2018-04-13,金华市,B001,6,25194,MD冰箱,MD,冰箱,2500,4199,B,B企业,330700,2018,2,4
2018-04-14,成都市,A001,18,84042,GL冰箱,GL,冰箱,2200,4669,A,A企业,510100,2018,2,4
2018-04-14,厦门市,A001,24,112056,GL冰箱,GL,冰箱,2200,4669,A,A企业,350200,2018,2,4
2018-04-14,金华市,A001,18,84042,GL冰箱,GL,冰箱,2200,4669,A,A企业,330700,2018,2,4
2018-04-15,成都市,A001,18,84042,GL冰箱,GL,冰箱,2200,4669,A,A企业,510100,2018,2,4
2018-04-15,金华市,B001,21,88179,MD冰箱,MD,冰箱,2500,4199,B,B企业,330700,2018,2,4
2018-04-15,厦门市,C001,9,32391,HE冰箱,HE,冰箱,1800,3599,C,C企业,350200,2018,2,4
2018-04-15,厦门市,B001,12,50388,MD冰箱,MD,冰箱,2500,4199,B,B企业,350200,2018,2,4
2018-04-16,厦门市,C002,6,25194,HE电视,HE,电视,2200,4199,C,C企业,350200,2018,2,4
2018-04-16,厦门市,B001,9,37791,MD冰箱,MD,冰箱,2500,4199,B,B企业,350200,2018,2,4
2018-04-16,厦门市,A001,6,28014,GL冰箱,GL,冰箱,2200,4669,A,A企业,350200,2018,2,4
2018-04-16,金华市,A001,27,126063,GL冰箱,GL,冰箱,2200,4669,A,A企业,330700,2018,2,4
2018-04-16,成都市,A001,9,42021,GL冰箱,GL,冰箱,2200,4669,A,A企业,510100,2018,2,4
2018-04-17,成都市,B001,6,25194,MD冰箱,MD,冰箱,2500,4199,B,B企业,510100,2018,2,4
2018-04-17,厦门市,C002,24,100776,HE电视,HE,电视,2200,4199,C,C企业,350200,2018,2,4
2018-04-17,金华市,B001,12,50388,MD冰箱,MD,冰箱,2500,4199,B,B企业,330700,2018,2,4
2018-04-17,金华市,A001,15,70035,GL冰箱,GL,冰箱,2200,4669,A,A企业,330700,2018,2,4
2018-04-17,厦门市,A001,18,84042,GL冰箱,GL,冰箱,2200,4669,A,A企业,350200,2018,2,4
2018-04-17,厦门市,B001,12,50388,MD冰箱,MD,冰箱,2500,4199,B,B企业,350200,2018,2,4
2018-04-18,厦门市,A001,6,28014,GL冰箱,GL,冰箱,2200,4669,A,A企业,350200,2018,2,4
2018-04-18,成都市,B001,12,50388,MD冰箱,MD,冰箱,2500,4199,B,B企业,510100,2018,2,4
2018-04-18,厦门市,C001,18,64782,HE冰箱,HE,冰箱,1800,3599,C,C企业,350200,2018,2,4
2018-04-18,金华市,B001,15,62985,MD冰箱,MD,冰箱,2500,4199,B,B企业,330700,2018,2,4
2018-04-18,成都市,A001,15,70035,GL冰箱,GL,冰箱,2200,4669,A,A企业,510100,2018,2,4
2018-04-18,厦门市,C002,12,50388,HE电视,HE,电视,2200,4199,C,C企业,350200,2018,2,4
2018-04-18,厦门市,B001,6,25194,MD冰箱,MD,冰箱,2500,4199,B,B企业,350200,2018,2,4
2018-04-19,厦门市,C001,12,43188,HE冰箱,HE,冰箱,1800,3599,C,C企业,350200,2018,2,4
2018-04-19,成都市,A001,18,84042,GL冰箱,GL,冰箱,2200,4669,A,A企业,510100,2018,2,4
2018-04-19,厦门市,B003,6,34194,MD洗衣机,MD,洗衣机,3100,5699,B,B企业,350200,2018,2,4
2018-04-19,成都市,B001,15,62985,MD冰箱,MD,冰箱,2500,4199,B,B企业,510100,2018,2,4
2018-04-19,厦门市,A001,21,98049,GL冰箱,GL,冰箱,2200,4669,A,A企业,350200,2018,2,4
2018-04-19,厦门市,B001,15,62985,MD冰箱,MD,冰箱,2500,4199,B,B企业,350200,2018,2,4
2018-04-19,金华市,B001,24,100776,MD冰箱,MD,冰箱,2500,4199,B,B企业,330700,2018,2,4
2018-04-20,厦门市,C002,9,37791,HE电视,HE,电视,2200,4199,C,C企业,350200,2018,2,4
2018-04-20,厦门市,B001,9,37791,MD冰箱,MD,冰箱,2500,4199,B,B企业,350200,2018,2,4
2018-04-20,金华市,A001,9,42021,GL冰箱,GL,冰箱,2200,4669,A,A企业,330700,2018,2,4
2018-04-20,厦门市,C001,15,53985,HE冰箱,HE,冰箱,1800,3599,C,C企业,350200,2018,2,4
2018-04-20,成都市,B001,12,50388,MD冰箱,MD,冰箱,2500,4199,B,B企业,510100,2018,2,4
2018-04-20,金华市,B001,9,37791,MD冰箱,MD,冰箱,2500,4199,B,B企业,330700,2018,2,4
2018-04-20,厦门市,B003,21,119679,MD洗衣机,MD,洗衣机,3100,5699,B,B企业,350200,2018,2,4
2018-04-20,厦门市,A001,18,84042,GL冰箱,GL,冰箱,2200,4669,A,A企业,350200,2018,2,4
2018-04-21,厦门市,C001,15,53985,HE冰箱,HE,冰箱,1800,3599,C,C企业,350200,2018,2,4
2018-04-21,成都市,A001,12,56028,GL冰箱,GL,冰箱,2200,4669,A,A企业,510100,2018,2,4
2018-04-21,厦门市,A001,24,112056,GL冰箱,GL,冰箱,2200,4669,A,A企业,350200,2018,2,4
2018-04-21,金华市,C001,18,64782,HE冰箱,HE,冰箱,1800,3599,C,C企业,330700,2018,2,4
2018-04-22,成都市,B001,6,25194,MD冰箱,MD,冰箱,2500,4199,B,B企业,510100,2018,2,4
2018-04-22,厦门市,B003,18,102582,MD洗衣机,MD,洗衣机,3100,5699,B,B企业,350200,2018,2,4
2018-04-22,厦门市,B002,21,75579,MD电视,MD,电视,2000,4299,B,B企业,350200,2018,2,4
2018-04-22,成都市,A001,18,84042,GL冰箱,GL,冰箱,2200,4669,A,A企业,510100,2018,2,4
2018-04-22,金华市,B001,9,37791,MD冰箱,MD,冰箱,2500,4199,B,B企业,330700,2018,2,4
2018-04-22,金华市,A001,18,84042,GL冰箱,GL,冰箱,2200,4669,A,A企业,330700,2018,2,4
2018-04-22,厦门市,C001,12,43188,HE冰箱,HE,冰箱,1800,3599,C,C企业,350200,2018,2,4
2018-04-23,厦门市,C002,9,37791,HE电视,HE,电视,2200,4199,C,C企业,350200,2018,2,4
2018-04-23,厦门市,A001,18,84042,GL冰箱,GL,冰箱,2200,4669,A,A企业,350200,2018,2,4
2018-04-23,厦门市,B002,24,86376,MD电视,MD,电视,2000,4299,B,B企业,350200,2018,2,4
2018-04-23,成都市,B001,18,75582,MD冰箱,MD,冰箱,2500,4199,B,B企业,510100,2018,2,4
2018-04-23,金华市,A001,12,56028,GL冰箱,GL,冰箱,2200,4669,A,A企业,330700,2018,2,4
2018-04-23,厦门市,B003,9,51291,MD洗衣机,MD,洗衣机,3100,5699,B,B企业,350200,2018,2,4
2018-04-23,厦门市,C001,15,53985,HE冰箱,HE,冰箱,1800,3599,C,C企业,350200,2018,2,4
2018-04-23,金华市,B001,24,100776,MD冰箱,MD,冰箱,2500,4199,B,B企业,330700,2018,2,4
2018-04-23,金华市,B002,12,43188,MD电视,MD,电视,2000,4299,B,B企业,330700,2018,2,4
2018-04-24,成都市,B001,12,50388,MD冰箱,MD,冰箱,2500,4199,B,B企业,510100,2018,2,4
2018-04-24,厦门市,B003,6,34194,MD洗衣机,MD,洗衣机,3100,5699,B,B企业,350200,2018,2,4
2018-04-24,厦门市,C001,15,53985,HE冰箱,HE,冰箱,1800,3599,C,C企业,350200,2018,2,4
2018-04-24,厦门市,A001,24,112056,GL冰箱,GL,冰箱,2200,4669,A,A企业,350200,2018,2,4
2018-04-24,金华市,B001,12,50388,MD冰箱,MD,冰箱,2500,4199,B,B企业,330700,2018,2,4
2018-04-25,厦门市,A001,15,70035,GL冰箱,GL,冰箱,2200,4669,A,A企业,350200,2018,2,4
2018-04-25,成都市,A001,12,56028,GL冰箱,GL,冰箱,2200,4669,A,A企业,510100,2018,2,4
2018-04-25,厦门市,B003,12,68388,MD洗衣机,MD,洗衣机,3100,5699,B,B企业,350200,2018,2,4
2018-04-25,金华市,B001,15,62985,MD冰箱,MD,冰箱,2500,4199,B,B企业,330700,2018,2,4
2018-04-25,厦门市,B001,15,62985,MD冰箱,MD,冰箱,2500,4199,B,B企业,350200,2018,2,4
2018-04-26,厦门市,C002,18,75582,HE电视,HE,电视,2200,4199,C,C企业,350200,2018,2,4
2018-04-26,金华市,B001,15,62985,MD冰箱,MD,冰箱,2500,4199,B,B企业,330700,2018,2,4
2018-04-26,厦门市,A001,27,126063,GL冰箱,GL,冰箱,2200,4669,A,A企业,350200,2018,2,4
2018-04-26,成都市,A001,9,42021,GL冰箱,GL,冰箱,2200,4669,A,A企业,510100,2018,2,4
2018-04-26,厦门市,B002,15,53985,MD电视,MD,电视,2000,4299,B,B企业,350200,2018,2,4
2018-04-26,成都市,B001,12,50388,MD冰箱,MD,冰箱,2500,4199,B,B企业,510100,2018,2,4
2018-04-26,厦门市,B001,6,25194,MD冰箱,MD,冰箱,2500,4199,B,B企业,350200,2018,2,4
2018-04-27,厦门市,B001,15,62985,MD冰箱,MD,冰箱,2500,4199,B,B企业,350200,2018,2,4
2018-04-27,成都市,A001,12,56028,GL冰箱,GL,冰箱,2200,4669,A,A企业,510100,2018,2,4
2018-04-27,金华市,C001,15,53985,HE冰箱,HE,冰箱,1800,3599,C,C企业,330700,2018,2,4
2018-04-27,金华市,B001,15,62985,MD冰箱,MD,冰箱,2500,4199,B,B企业,330700,2018,2,4
2018-04-27,成都市,B001,6,25194,MD冰箱,MD,冰箱,2500,4199,B,B企业,510100,2018,2,4
2018-04-27,厦门市,A001,6,28014,GL冰箱,GL,冰箱,2200,4669,A,A企业,350200,2018,2,4
2018-04-27,金华市,A001,12,56028,GL冰箱,GL,冰箱,2200,4669,A,A企业,330700,2018,2,4
2018-04-28,厦门市,A001,24,112056,GL冰箱,GL,冰箱,2200,4669,A,A企业,350200,2018,2,4
2018-04-28,金华市,A001,18,84042,GL冰箱,GL,冰箱,2200,4669,A,A企业,330700,2018,2,4
2018-04-28,成都市,A001,21,98049,GL冰箱,GL,冰箱,2200,4669,A,A企业,510100,2018,2,4
2018-04-28,厦门市,B001,18,75582,MD冰箱,MD,冰箱,2500,4199,B,B企业,350200,2018,2,4
2018-04-28,成都市,B001,18,75582,MD冰箱,MD,冰箱,2500,4199,B,B企业,510100,2018,2,4
2018-04-28,厦门市,B002,12,43188,MD电视,MD,电视,2000,4299,B,B企业,350200,2018,2,4
2018-04-29,成都市,A001,12,56028,GL冰箱,GL,冰箱,2200,4669,A,A企业,510100,2018,2,4
2018-04-29,厦门市,B001,12,50388,MD冰箱,MD,冰箱,2500,4199,B,B企业,350200,2018,2,4
2018-04-29,厦门市,A001,12,56028,GL冰箱,GL,冰箱,2200,4669,A,A企业,350200,2018,2,4
2018-04-29,金华市,A001,6,28014,GL冰箱,GL,冰箱,2200,4669,A,A企业,330700,2018,2,4
2018-04-29,金华市,B001,12,50388,MD冰箱,MD,冰箱,2500,4199,B,B企业,330700,2018,2,4
2018-04-29,厦门市,C001,9,32391,HE冰箱,HE,冰箱,1800,3599,C,C企业,350200,2018,2,4
2018-04-30,厦门市,C001,15,53985,HE冰箱,HE,冰箱,1800,3599,C,C企业,350200,2018,2,4
2018-04-30,金华市,B001,9,37791,MD冰箱,MD,冰箱,2500,4199,B,B企业,330700,2018,2,4
2018-04-30,厦门市,A001,21,98049,GL冰箱,GL,冰箱,2200,4669,A,A企业,350200,2018,2,4
2018-04-30,金华市,A001,15,70035,GL冰箱,GL,冰箱,2200,4669,A,A企业,330700,2018,2,4
2018-04-30,厦门市,B001,15,62985,MD冰箱,MD,冰箱,2500,4199,B,B企业,350200,2018,2,4
2018-05-01,金华市,B001,12,50388,MD冰箱,MD,冰箱,2500,4199,B,B企业,330700,2018,2,5
2018-05-01,厦门市,B001,24,100776,MD冰箱,MD,冰箱,2500,4199,B,B企业,350200,2018,2,5
2018-05-01,成都市,A001,6,28014,GL冰箱,GL,冰箱,2200,4669,A,A企业,510100,2018,2,5
2018-05-01,金华市,A001,9,42021,GL冰箱,GL,冰箱,2200,4669,A,A企业,330700,2018,2,5
2018-05-02,金华市,B001,12,50388,MD冰箱,MD,冰箱,2500,4199,B,B企业,330700,2018,2,5
2018-05-02,金华市,A001,6,28014,GL冰箱,GL,冰箱,2200,4669,A,A企业,330700,2018,2,5
2018-05-02,厦门市,B001,12,50388,MD冰箱,MD,冰箱,2500,4199,B,B企业,350200,2018,2,5
2018-05-02,厦门市,C002,9,37791,HE电视,HE,电视,2200,4199,C,C企业,350200,2018,2,5
2018-05-02,厦门市,C001,9,32391,HE冰箱,HE,冰箱,1800,3599,C,C企业,350200,2018,2,5
2018-05-02,厦门市,A001,12,56028,GL冰箱,GL,冰箱,2200,4669,A,A企业,350200,2018,2,5
2018-05-03,成都市,B001,15,62985,MD冰箱,MD,冰箱,2500,4199,B,B企业,510100,2018,2,5
2018-05-03,成都市,A001,9,42021,GL冰箱,GL,冰箱,2200,4669,A,A企业,510100,2018,2,5
2018-05-03,厦门市,C002,6,25194,HE电视,HE,电视,2200,4199,C,C企业,350200,2018,2,5
2018-05-03,金华市,A001,15,70035,GL冰箱,GL,冰箱,2200,4669,A,A企业,330700,2018,2,5
2018-05-03,厦门市,B001,12,50388,MD冰箱,MD,冰箱,2500,4199,B,B企业,350200,2018,2,5
2018-05-03,厦门市,B003,24,136776,MD洗衣机,MD,洗衣机,3100,5699,B,B企业,350200,2018,2,5
2018-05-03,厦门市,A001,18,84042,GL冰箱,GL,冰箱,2200,4669,A,A企业,350200,2018,2,5
2018-05-03,金华市,B001,12,50388,MD冰箱,MD,冰箱,2500,4199,B,B企业,330700,2018,2,5
2018-05-04,厦门市,A001,6,28014,GL冰箱,GL,冰箱,2200,4669,A,A企业,350200,2018,2,5
2018-05-04,成都市,B001,6,25194,MD冰箱,MD,冰箱,2500,4199,B,B企业,510100,2018,2,5
2018-05-04,成都市,A001,21,98049,GL冰箱,GL,冰箱,2200,4669,A,A企业,510100,2018,2,5
2018-05-04,金华市,B001,6,25194,MD冰箱,MD,冰箱,2500,4199,B,B企业,330700,2018,2,5
2018-05-04,厦门市,B001,21,88179,MD冰箱,MD,冰箱,2500,4199,B,B企业,350200,2018,2,5
2018-05-04,金华市,A001,9,42021,GL冰箱,GL,冰箱,2200,4669,A,A企业,330700,2018,2,5
2018-05-04,厦门市,B003,15,85485,MD洗衣机,MD,洗衣机,3100,5699,B,B企业,350200,2018,2,5
2018-05-05,厦门市,A001,24,112056,GL冰箱,GL,冰箱,2200,4669,A,A企业,350200,2018,2,5
2018-05-05,金华市,A001,18,84042,GL冰箱,GL,冰箱,2200,4669,A,A企业,330700,2018,2,5
2018-05-05,金华市,B001,15,62985,MD冰箱,MD,冰箱,2500,4199,B,B企业,330700,2018,2,5
2018-05-05,厦门市,B001,9,37791,MD冰箱,MD,冰箱,2500,4199,B,B企业,350200,2018,2,5
2018-05-06,金华市,B001,21,88179,MD冰箱,MD,冰箱,2500,4199,B,B企业,330700,2018,2,5
2018-05-06,厦门市,C001,9,32391,HE冰箱,HE,冰箱,1800,3599,C,C企业,350200,2018,2,5
2018-05-06,厦门市,B001,12,50388,MD冰箱,MD,冰箱,2500,4199,B,B企业,350200,2018,2,5
2018-05-06,厦门市,A001,12,56028,GL冰箱,GL,冰箱,2200,4669,A,A企业,350200,2018,2,5
2018-05-06,金华市,C001,15,53985,HE冰箱,HE,冰箱,1800,3599,C,C企业,330700,2018,2,5
2018-05-07,厦门市,B001,9,37791,MD冰箱,MD,冰箱,2500,4199,B,B企业,350200,2018,2,5
2018-05-07,厦门市,A001,6,28014,GL冰箱,GL,冰箱,2200,4669,A,A企业,350200,2018,2,5
2018-05-07,金华市,A001,27,126063,GL冰箱,GL,冰箱,2200,4669,A,A企业,330700,2018,2,5
2018-05-07,成都市,A001,9,42021,GL冰箱,GL,冰箱,2200,4669,A,A企业,510100,2018,2,5
2018-05-07,金华市,B001,12,50388,MD冰箱,MD,冰箱,2500,4199,B,B企业,330700,2018,2,5
2018-05-08,厦门市,C002,24,100776,HE电视,HE,电视,2200,4199,C,C企业,350200,2018,2,5
2018-05-08,金华市,B001,12,50388,MD冰箱,MD,冰箱,2500,4199,B,B企业,330700,2018,2,5
2018-05-08,金华市,A001,15,70035,GL冰箱,GL,冰箱,2200,4669,A,A企业,330700,2018,2,5
2018-05-08,厦门市,A001,18,84042,GL冰箱,GL,冰箱,2200,4669,A,A企业,350200,2018,2,5
2018-05-08,厦门市,B001,12,50388,MD冰箱,MD,冰箱,2500,4199,B,B企业,350200,2018,2,5
2018-05-08,成都市,B001,9,37791,MD冰箱,MD,冰箱,2500,4199,B,B企业,510100,2018,2,5
2018-05-09,成都市,A001,6,28014,GL冰箱,GL,冰箱,2200,4669,A,A企业,510100,2018,2,5
2018-05-09,厦门市,C002,12,50388,HE电视,HE,电视,2200,4199,C,C企业,350200,2018,2,5
2018-05-09,厦门市,A001,6,28014,GL冰箱,GL,冰箱,2200,4669,A,A企业,350200,2018,2,5
2018-05-09,厦门市,B001,6,25194,MD冰箱,MD,冰箱,2500,4199,B,B企业,350200,2018,2,5
2018-05-09,金华市,B001,15,62985,MD冰箱,MD,冰箱,2500,4199,B,B企业,330700,2018,2,5
2018-05-09,成都市,B001,18,75582,MD冰箱,MD,冰箱,2500,4199,B,B企业,510100,2018,2,5
2018-05-10,厦门市,A001,21,98049,GL冰箱,GL,冰箱,2200,4669,A,A企业,350200,2018,2,5
2018-05-10,厦门市,B001,15,62985,MD冰箱,MD,冰箱,2500,4199,B,B企业,350200,2018,2,5
2018-05-10,金华市,B001,24,100776,MD冰箱,MD,冰箱,2500,4199,B,B企业,330700,2018,2,5
2018-05-10,厦门市,B003,18,102582,MD洗衣机,MD,洗衣机,3100,5699,B,B企业,350200,2018,2,5
2018-05-10,成都市,B001,27,113373,MD冰箱,MD,冰箱,2500,4199,B,B企业,510100,2018,2,5
2018-05-11,金华市,B001,18,75582,MD冰箱,MD,冰箱,2500,4199,B,B企业,330700,2018,2,5
2018-05-11,厦门市,B001,15,62985,MD冰箱,MD,冰箱,2500,4199,B,B企业,350200,2018,2,5
2018-05-11,厦门市,A001,18,84042,GL冰箱,GL,冰箱,2200,4669,A,A企业,350200,2018,2,5
2018-05-11,厦门市,C001,9,32391,HE冰箱,HE,冰箱,1800,3599,C,C企业,350200,2018,2,5
2018-05-11,成都市,B001,12,50388,MD冰箱,MD,冰箱,2500,4199,B,B企业,510100,2018,2,5
2018-05-11,金华市,A001,9,42021,GL冰箱,GL,冰箱,2200,4669,A,A企业,330700,2018,2,5
2018-05-12,成都市,A001,12,56028,GL冰箱,GL,冰箱,2200,4669,A,A企业,510100,2018,2,5
2018-05-12,厦门市,A001,24,112056,GL冰箱,GL,冰箱,2200,4669,A,A企业,350200,2018,2,5
2018-05-12,厦门市,C001,18,64782,HE冰箱,HE,冰箱,1800,3599,C,C企业,350200,2018,2,5
2018-05-12,金华市,C001,18,64782,HE冰箱,HE,冰箱,1800,3599,C,C企业,330700,2018,2,5
2018-05-12,金华市,A001,9,42021,GL冰箱,GL,冰箱,2200,4669,A,A企业,330700,2018,2,5
2018-05-12,金华市,B001,24,100776,MD冰箱,MD,冰箱,2500,4199,B,B企业,330700,2018,2,5
2018-05-12,厦门市,B003,18,102582,MD洗衣机,MD,洗衣机,3100,5699,B,B企业,350200,2018,2,5
2018-05-12,厦门市,B001,6,25194,MD冰箱,MD,冰箱,2500,4199,B,B企业,350200,2018,2,5
2018-05-13,厦门市,B002,12,43188,MD电视,MD,电视,2000,4299,B,B企业,350200,2018,2,5
2018-05-13,金华市,B001,9,37791,MD冰箱,MD,冰箱,2500,4199,B,B企业,330700,2018,2,5
2018-05-13,厦门市,C001,12,43188,HE冰箱,HE,冰箱,1800,3599,C,C企业,350200,2018,2,5
2018-05-13,金华市,A001,9,42021,GL冰箱,GL,冰箱,2200,4669,A,A企业,330700,2018,2,5
2018-05-13,厦门市,A001,18,84042,GL冰箱,GL,冰箱,2200,4669,A,A企业,350200,2018,2,5
2018-05-14,厦门市,A001,15,70035,GL冰箱,GL,冰箱,2200,4669,A,A企业,350200,2018,2,5
2018-05-14,成都市,B001,15,62985,MD冰箱,MD,冰箱,2500,4199,B,B企业,510100,2018,2,5
2018-05-14,厦门市,C001,15,53985,HE冰箱,HE,冰箱,1800,3599,C,C企业,350200,2018,2,5
2018-05-14,金华市,B001,24,100776,MD冰箱,MD,冰箱,2500,4199,B,B企业,330700,2018,2,5
2018-05-14,金华市,B002,12,43188,MD电视,MD,电视,2000,4299,B,B企业,330700,2018,2,5
2018-05-14,金华市,A001,12,56028,GL冰箱,GL,冰箱,2200,4669,A,A企业,330700,2018,2,5
2018-05-14,厦门市,B001,9,37791,MD冰箱,MD,冰箱,2500,4199,B,B企业,350200,2018,2,5
2018-05-15,厦门市,A001,24,112056,GL冰箱,GL,冰箱,2200,4669,A,A企业,350200,2018,2,5
2018-05-15,金华市,B001,12,50388,MD冰箱,MD,冰箱,2500,4199,B,B企业,330700,2018,2,5
2018-05-15,厦门市,C001,12,43188,HE冰箱,HE,冰箱,1800,3599,C,C企业,350200,2018,2,5
2018-05-15,金华市,A001,15,70035,GL冰箱,GL,冰箱,2200,4669,A,A企业,330700,2018,2,5
2018-05-15,成都市,A001,21,98049,GL冰箱,GL,冰箱,2200,4669,A,A企业,510100,2018,2,5
2018-05-16,厦门市,A001,15,70035,GL冰箱,GL,冰箱,2200,4669,A,A企业,350200,2018,2,5
2018-05-16,金华市,B001,15,62985,MD冰箱,MD,冰箱,2500,4199,B,B企业,330700,2018,2,5
2018-05-16,厦门市,B001,15,62985,MD冰箱,MD,冰箱,2500,4199,B,B企业,350200,2018,2,5
2018-05-16,成都市,A001,9,42021,GL冰箱,GL,冰箱,2200,4669,A,A企业,510100,2018,2,5
2018-05-17,厦门市,B002,15,53985,MD电视,MD,电视,2000,4299,B,B企业,350200,2018,2,5
2018-05-17,成都市,B001,12,50388,MD冰箱,MD,冰箱,2500,4199,B,B企业,510100,2018,2,5
2018-05-17,厦门市,A001,9,42021,GL冰箱,GL,冰箱,2200,4669,A,A企业,350200,2018,2,5
2018-05-17,厦门市,B001,6,25194,MD冰箱,MD,冰箱,2500,4199,B,B企业,350200,2018,2,5
2018-05-17,金华市,B001,15,62985,MD冰箱,MD,冰箱,2500,4199,B,B企业,330700,2018,2,5
2018-05-18,厦门市,A001,6,28014,GL冰箱,GL,冰箱,2200,4669,A,A企业,350200,2018,2,5
2018-05-18,厦门市,B001,9,37791,MD冰箱,MD,冰箱,2500,4199,B,B企业,350200,2018,2,5
2018-05-18,金华市,B001,18,75582,MD冰箱,MD,冰箱,2500,4199,B,B企业,330700,2018,2,5
2018-05-18,金华市,A001,12,56028,GL冰箱,GL,冰箱,2200,4669,A,A企业,330700,2018,2,5
2018-05-18,成都市,B001,21,88179,MD冰箱,MD,冰箱,2500,4199,B,B企业,510100,2018,2,5
2018-05-18,成都市,A001,18,84042,GL冰箱,GL,冰箱,2200,4669,A,A企业,510100,2018,2,5
2018-05-18,厦门市,C001,24,86376,HE冰箱,HE,冰箱,1800,3599,C,C企业,350200,2018,2,5
2018-05-19,金华市,A001,12,56028,GL冰箱,GL,冰箱,2200,4669,A,A企业,330700,2018,2,5
2018-05-19,厦门市,B002,12,43188,MD电视,MD,电视,2000,4299,B,B企业,350200,2018,2,5
2018-05-19,厦门市,A001,18,84042,GL冰箱,GL,冰箱,2200,4669,A,A企业,350200,2018,2,5
2018-05-19,成都市,B001,12,50388,MD冰箱,MD,冰箱,2500,4199,B,B企业,510100,2018,2,5
2018-05-19,金华市,B001,12,50388,MD冰箱,MD,冰箱,2500,4199,B,B企业,330700,2018,2,5
2018-05-20,金华市,B001,9,37791,MD冰箱,MD,冰箱,2500,4199,B,B企业,330700,2018,2,5
2018-05-20,金华市,A001,15,70035,GL冰箱,GL,冰箱,2200,4669,A,A企业,330700,2018,2,5
2018-05-20,厦门市,A001,21,98049,GL冰箱,GL,冰箱,2200,4669,A,A企业,350200,2018,2,5
2018-05-20,厦门市,B001,15,62985,MD冰箱,MD,冰箱,2500,4199,B,B企业,350200,2018,2,5
2018-05-20,厦门市,C001,9,32391,HE冰箱,HE,冰箱,1800,3599,C,C企业,350200,2018,2,5
2018-05-20,成都市,A001,18,84042,GL冰箱,GL,冰箱,2200,4669,A,A企业,510100,2018,2,5
2018-05-21,厦门市,A001,21,98049,GL冰箱,GL,冰箱,2200,4669,A,A企业,350200,2018,2,5
2018-05-21,金华市,A001,15,70035,GL冰箱,GL,冰箱,2200,4669,A,A企业,330700,2018,2,5
2018-05-21,厦门市,B001,15,62985,MD冰箱,MD,冰箱,2500,4199,B,B企业,350200,2018,2,5
2018-05-21,金华市,B001,18,75582,MD冰箱,MD,冰箱,2500,4199,B,B企业,330700,2018,2,5
2018-05-22,金华市,A001,9,42021,GL冰箱,GL,冰箱,2200,4669,A,A企业,330700,2018,2,5
2018-05-22,金华市,B001,12,50388,MD冰箱,MD,冰箱,2500,4199,B,B企业,330700,2018,2,5
2018-05-22,厦门市,A001,6,28014,GL冰箱,GL,冰箱,2200,4669,A,A企业,350200,2018,2,5
2018-05-22,厦门市,C001,18,64782,HE冰箱,HE,冰箱,1800,3599,C,C企业,350200,2018,2,5
2018-05-22,厦门市,B001,15,62985,MD冰箱,MD,冰箱,2500,4199,B,B企业,350200,2018,2,5
2018-05-23,厦门市,B001,18,75582,MD冰箱,MD,冰箱,2500,4199,B,B企业,350200,2018,2,5
2018-05-23,厦门市,C002,9,37791,HE电视,HE,电视,2200,4199,C,C企业,350200,2018,2,5
2018-05-23,厦门市,C001,9,32391,HE冰箱,HE,冰箱,1800,3599,C,C企业,350200,2018,2,5
2018-05-23,金华市,A001,15,70035,GL冰箱,GL,冰箱,2200,4669,A,A企业,330700,2018,2,5
2018-05-23,金华市,B001,15,62985,MD冰箱,MD,冰箱,2500,4199,B,B企业,330700,2018,2,5
2018-05-23,厦门市,A001,12,56028,GL冰箱,GL,冰箱,2200,4669,A,A企业,350200,2018,2,5
2018-05-24,成都市,B001,21,88179,MD冰箱,MD,冰箱,2500,4199,B,B企业,510100,2018,2,5
2018-05-24,成都市,A001,18,84042,GL冰箱,GL,冰箱,2200,4669,A,A企业,510100,2018,2,5
2018-05-24,厦门市,A001,18,84042,GL冰箱,GL,冰箱,2200,4669,A,A企业,350200,2018,2,5
2018-05-24,厦门市,B001,18,75582,MD冰箱,MD,冰箱,2500,4199,B,B企业,350200,2018,2,5
2018-05-24,厦门市,C002,18,75582,HE电视,HE,电视,2200,4199,C,C企业,350200,2018,2,5
2018-05-24,金华市,B001,12,50388,MD冰箱,MD,冰箱,2500,4199,B,B企业,330700,2018,2,5
2018-05-25,厦门市,A001,18,84042,GL冰箱,GL,冰箱,2200,4669,A,A企业,350200,2018,2,5
2018-05-25,厦门市,B001,21,88179,MD冰箱,MD,冰箱,2500,4199,B,B企业,350200,2018,2,5
2018-05-25,金华市,A001,9,42021,GL冰箱,GL,冰箱,2200,4669,A,A企业,330700,2018,2,5
2018-05-25,厦门市,B003,15,85485,MD洗衣机,MD,洗衣机,3100,5699,B,B企业,350200,2018,2,5
2018-05-25,金华市,B001,6,25194,MD冰箱,MD,冰箱,2500,4199,B,B企业,330700,2018,2,5
2018-05-25,厦门市,C001,27,97173,HE冰箱,HE,冰箱,1800,3599,C,C企业,350200,2018,2,5
2018-05-26,金华市,B001,15,62985,MD冰箱,MD,冰箱,2500,4199,B,B企业,330700,2018,2,5
2018-05-26,厦门市,B001,9,37791,MD冰箱,MD,冰箱,2500,4199,B,B企业,350200,2018,2,5
2018-05-26,厦门市,A001,9,42021,GL冰箱,GL,冰箱,2200,4669,A,A企业,350200,2018,2,5
2018-05-26,成都市,A001,21,98049,GL冰箱,GL,冰箱,2200,4669,A,A企业,510100,2018,2,5
2018-05-27,厦门市,A001,12,56028,GL冰箱,GL,冰箱,2200,4669,A,A企业,350200,2018,2,5
2018-05-27,金华市,B001,6,25194,MD冰箱,MD,冰箱,2500,4199,B,B企业,330700,2018,2,5
2018-05-27,金华市,C001,15,53985,HE冰箱,HE,冰箱,1800,3599,C,C企业,330700,2018,2,5
2018-05-27,厦门市,C001,9,32391,HE冰箱,HE,冰箱,1800,3599,C,C企业,350200,2018,2,5
2018-05-27,厦门市,B002,12,43188,MD电视,MD,电视,2000,4299,B,B企业,350200,2018,2,5
2018-05-27,厦门市,B001,24,100776,MD冰箱,MD,冰箱,2500,4199,B,B企业,350200,2018,2,5
2018-05-27,金华市,A001,9,42021,GL冰箱,GL,冰箱,2200,4669,A,A企业,330700,2018,2,5
2018-05-27,成都市,B001,27,113373,MD冰箱,MD,冰箱,2500,4199,B,B企业,510100,2018,2,5
2018-05-28,金华市,B001,12,50388,MD冰箱,MD,冰箱,2500,4199,B,B企业,330700,2018,2,5
2018-05-28,厦门市,A001,12,56028,GL冰箱,GL,冰箱,2200,4669,A,A企业,350200,2018,2,5
2018-05-28,厦门市,B002,12,43188,MD电视,MD,电视,2000,4299,B,B企业,350200,2018,2,5
2018-05-28,金华市,A001,15,70035,GL冰箱,GL,冰箱,2200,4669,A,A企业,330700,2018,2,5
2018-05-28,厦门市,B001,9,37791,MD冰箱,MD,冰箱,2500,4199,B,B企业,350200,2018,2,5
2018-05-29,成都市,B001,9,37791,MD冰箱,MD,冰箱,2500,4199,B,B企业,510100,2018,2,5
2018-05-29,金华市,B001,12,50388,MD冰箱,MD,冰箱,2500,4199,B,B企业,330700,2018,2,5
2018-05-29,厦门市,B001,12,50388,MD冰箱,MD,冰箱,2500,4199,B,B企业,350200,2018,2,5
2018-05-30,厦门市,A001,18,84042,GL冰箱,GL,冰箱,2200,4669,A,A企业,350200,2018,2,5
2018-05-30,金华市,B001,18,75582,MD冰箱,MD,冰箱,2500,4199,B,B企业,330700,2018,2,5
2018-05-30,成都市,B001,18,75582,MD冰箱,MD,冰箱,2500,4199,B,B企业,510100,2018,2,5
2018-05-30,厦门市,B001,21,88179,MD冰箱,MD,冰箱,2500,4199,B,B企业,350200,2018,2,5
2018-05-31,厦门市,B003,18,102582,MD洗衣机,MD,洗衣机,3100,5699,B,B企业,350200,2018,2,5
2018-05-31,厦门市,B001,12,50388,MD冰箱,MD,冰箱,2500,4199,B,B企业,350200,2018,2,5
2018-05-31,成都市,B001,27,113373,MD冰箱,MD,冰箱,2500,4199,B,B企业,510100,2018,2,5
2018-05-31,厦门市,A001,24,112056,GL冰箱,GL,冰箱,2200,4669,A,A企业,350200,2018,2,5
2018-05-31,金华市,B001,12,50388,MD冰箱,MD,冰箱,2500,4199,B,B企业,330700,2018,2,5
2018-05-31,金华市,A001,15,70035,GL冰箱,GL,冰箱,2200,4669,A,A企业,330700,2018,2,5
2018-05-31,厦门市,C001,21,75579,HE冰箱,HE,冰箱,1800,3599,C,C企业,350200,2018,2,5
2018-05-31,金华市,C001,12,43188,HE冰箱,HE,冰箱,1800,3599,C,C企业,330700,2018,2,5
2018-06-01,金华市,A001,9,42021,GL冰箱,GL,冰箱,2200,4669,A,A企业,330700,2018,2,6
2018-06-01,厦门市,B001,12,50388,MD冰箱,MD,冰箱,2500,4199,B,B企业,350200,2018,2,6
2018-06-01,金华市,B001,18,75582,MD冰箱,MD,冰箱,2500,4199,B,B企业,330700,2018,2,6
2018-06-01,厦门市,A001,6,28014,GL冰箱,GL,冰箱,2200,4669,A,A企业,350200,2018,2,6
2018-06-01,成都市,A001,15,70035,GL冰箱,GL,冰箱,2200,4669,A,A企业,510100,2018,2,6
2018-06-01,金华市,C001,18,64782,HE冰箱,HE,冰箱,1800,3599,C,C企业,330700,2018,2,6
2018-06-02,金华市,A001,9,42021,GL冰箱,GL,冰箱,2200,4669,A,A企业,330700,2018,2,6
2018-06-02,金华市,B001,24,100776,MD冰箱,MD,冰箱,2500,4199,B,B企业,330700,2018,2,6
2018-06-02,成都市,A001,15,70035,GL冰箱,GL,冰箱,2200,4669,A,A企业,510100,2018,2,6
2018-06-02,厦门市,B003,18,102582,MD洗衣机,MD,洗衣机,3100,5699,B,B企业,350200,2018,2,6
2018-06-02,厦门市,B001,6,25194,MD冰箱,MD,冰箱,2500,4199,B,B企业,350200,2018,2,6
2018-06-02,成都市,B001,9,37791,MD冰箱,MD,冰箱,2500,4199,B,B企业,510100,2018,2,6
2018-06-02,厦门市,A001,15,70035,GL冰箱,GL,冰箱,2200,4669,A,A企业,350200,2018,2,6
2018-06-03,金华市,A001,12,56028,GL冰箱,GL,冰箱,2200,4669,A,A企业,330700,2018,2,6
2018-06-03,金华市,B001,18,75582,MD冰箱,MD,冰箱,2500,4199,B,B企业,330700,2018,2,6
2018-06-03,厦门市,A001,18,84042,GL冰箱,GL,冰箱,2200,4669,A,A企业,350200,2018,2,6
2018-06-03,成都市,B001,9,37791,MD冰箱,MD,冰箱,2500,4199,B,B企业,510100,2018,2,6
2018-06-03,金华市,B003,21,119679,MD洗衣机,MD,洗衣机,3100,5699,B,B企业,330700,2018,2,6
2018-06-04,厦门市,A001,9,42021,GL冰箱,GL,冰箱,2200,4669,A,A企业,350200,2018,2,6
2018-06-04,金华市,B001,24,100776,MD冰箱,MD,冰箱,2500,4199,B,B企业,330700,2018,2,6
2018-06-04,金华市,A001,12,56028,GL冰箱,GL,冰箱,2200,4669,A,A企业,330700,2018,2,6
2018-06-04,金华市,B002,12,43188,MD电视,MD,电视,2000,4299,B,B企业,330700,2018,2,6
2018-06-04,厦门市,B001,9,37791,MD冰箱,MD,冰箱,2500,4199,B,B企业,350200,2018,2,6
2018-06-04,成都市,B001,6,25194,MD冰箱,MD,冰箱,2500,4199,B,B企业,510100,2018,2,6
2018-06-04,成都市,A001,21,98049,GL冰箱,GL,冰箱,2200,4669,A,A企业,510100,2018,2,6
2018-06-05,厦门市,A001,21,98049,GL冰箱,GL,冰箱,2200,4669,A,A企业,350200,2018,2,6
2018-06-05,金华市,B001,24,100776,MD冰箱,MD,冰箱,2500,4199,B,B企业,330700,2018,2,6
2018-06-05,金华市,A001,15,70035,GL冰箱,GL,冰箱,2200,4669,A,A企业,330700,2018,2,6
2018-06-05,成都市,A001,21,98049,GL冰箱,GL,冰箱,2200,4669,A,A企业,510100,2018,2,6
2018-06-05,厦门市,B002,6,21594,MD电视,MD,电视,2000,4299,B,B企业,350200,2018,2,6
2018-06-05,厦门市,B001,12,50388,MD冰箱,MD,冰箱,2500,4199,B,B企业,350200,2018,2,6
2018-06-06,成都市,A001,9,42021,GL冰箱,GL,冰箱,2200,4669,A,A企业,510100,2018,2,6
2018-06-06,金华市,B001,27,113373,MD冰箱,MD,冰箱,2500,4199,B,B企业,330700,2018,2,6
2018-06-06,厦门市,A001,18,84042,GL冰箱,GL,冰箱,2200,4669,A,A企业,350200,2018,2,6
2018-06-06,成都市,B001,15,62985,MD冰箱,MD,冰箱,2500,4199,B,B企业,510100,2018,2,6
2018-06-06,厦门市,B001,15,62985,MD冰箱,MD,冰箱,2500,4199,B,B企业,350200,2018,2,6
2018-06-06,金华市,A001,15,70035,GL冰箱,GL,冰箱,2200,4669,A,A企业,330700,2018,2,6
2018-06-07,厦门市,A001,6,28014,GL冰箱,GL,冰箱,2200,4669,A,A企业,350200,2018,2,6
2018-06-07,金华市,B001,18,75582,MD冰箱,MD,冰箱,2500,4199,B,B企业,330700,2018,2,6
2018-06-07,厦门市,B001,18,75582,MD冰箱,MD,冰箱,2500,4199,B,B企业,350200,2018,2,6
2018-06-07,金华市,A001,18,84042,GL冰箱,GL,冰箱,2200,4669,A,A企业,330700,2018,2,6
2018-06-07,金华市,B003,6,34194,MD洗衣机,MD,洗衣机,3100,5699,B,B企业,330700,2018,2,6
2018-06-08,厦门市,B001,12,50388,MD冰箱,MD,冰箱,2500,4199,B,B企业,350200,2018,2,6
2018-06-08,厦门市,A001,6,28014,GL冰箱,GL,冰箱,2200,4669,A,A企业,350200,2018,2,6
2018-06-08,成都市,A001,18,84042,GL冰箱,GL,冰箱,2200,4669,A,A企业,510100,2018,2,6
2018-06-08,厦门市,C001,24,86376,HE冰箱,HE,冰箱,1800,3599,C,C企业,350200,2018,2,6
2018-06-08,金华市,A001,18,84042,GL冰箱,GL,冰箱,2200,4669,A,A企业,330700,2018,2,6
2018-06-08,金华市,B001,6,25194,MD冰箱,MD,冰箱,2500,4199,B,B企业,330700,2018,2,6
2018-06-08,厦门市,C002,9,37791,HE电视,HE,电视,2200,4199,C,C企业,350200,2018,2,6
2018-06-09,厦门市,A001,6,28014,GL冰箱,GL,冰箱,2200,4669,A,A企业,350200,2018,2,6
2018-06-09,金华市,A001,6,28014,GL冰箱,GL,冰箱,2200,4669,A,A企业,330700,2018,2,6
2018-06-09,金华市,B001,12,50388,MD冰箱,MD,冰箱,2500,4199,B,B企业,330700,2018,2,6
2018-06-09,厦门市,B001,12,50388,MD冰箱,MD,冰箱,2500,4199,B,B企业,350200,2018,2,6
2018-06-09,厦门市,B003,6,34194,MD洗衣机,MD,洗衣机,3100,5699,B,B企业,350200,2018,2,6
2018-06-10,金华市,A001,12,56028,GL冰箱,GL,冰箱,2200,4669,A,A企业,330700,2018,2,6
2018-06-10,成都市,A001,18,84042,GL冰箱,GL,冰箱,2200,4669,A,A企业,510100,2018,2,6
2018-06-10,厦门市,C001,12,43188,HE冰箱,HE,冰箱,1800,3599,C,C企业,350200,2018,2,6
2018-06-10,厦门市,A001,9,42021,GL冰箱,GL,冰箱,2200,4669,A,A企业,350200,2018,2,6
2018-06-10,厦门市,B003,9,51291,MD洗衣机,MD,洗衣机,3100,5699,B,B企业,350200,2018,2,6
2018-06-10,厦门市,B001,21,88179,MD冰箱,MD,冰箱,2500,4199,B,B企业,350200,2018,2,6
2018-06-11,厦门市,A001,12,56028,GL冰箱,GL,冰箱,2200,4669,A,A企业,350200,2018,2,6
2018-06-11,金华市,B001,18,75582,MD冰箱,MD,冰箱,2500,4199,B,B企业,330700,2018,2,6
2018-06-11,厦门市,B001,27,113373,MD冰箱,MD,冰箱,2500,4199,B,B企业,350200,2018,2,6
2018-06-11,金华市,A001,18,84042,GL冰箱,GL,冰箱,2200,4669,A,A企业,330700,2018,2,6
2018-06-11,成都市,A001,27,126063,GL冰箱,GL,冰箱,2200,4669,A,A企业,510100,2018,2,6
2018-06-12,厦门市,A001,6,28014,GL冰箱,GL,冰箱,2200,4669,A,A企业,350200,2018,2,6
2018-06-12,厦门市,C001,18,64782,HE冰箱,HE,冰箱,1800,3599,C,C企业,350200,2018,2,6
2018-06-12,金华市,A001,6,28014,GL冰箱,GL,冰箱,2200,4669,A,A企业,330700,2018,2,6
2018-06-12,金华市,B001,18,75582,MD冰箱,MD,冰箱,2500,4199,B,B企业,330700,2018,2,6
2018-06-12,厦门市,B001,15,62985,MD冰箱,MD,冰箱,2500,4199,B,B企业,350200,2018,2,6
2018-06-12,厦门市,B003,6,34194,MD洗衣机,MD,洗衣机,3100,5699,B,B企业,350200,2018,2,6
2018-06-13,金华市,B001,21,88179,MD冰箱,MD,冰箱,2500,4199,B,B企业,330700,2018,2,6
2018-06-13,厦门市,B001,6,25194,MD冰箱,MD,冰箱,2500,4199,B,B企业,350200,2018,2,6
2018-06-13,厦门市,A001,9,42021,GL冰箱,GL,冰箱,2200,4669,A,A企业,350200,2018,2,6
2018-06-13,金华市,A001,12,56028,GL冰箱,GL,冰箱,2200,4669,A,A企业,330700,2018,2,6
2018-06-14,金华市,B001,9,37791,MD冰箱,MD,冰箱,2500,4199,B,B企业,330700,2018,2,6
2018-06-14,厦门市,B001,12,50388,MD冰箱,MD,冰箱,2500,4199,B,B企业,350200,2018,2,6
2018-06-14,厦门市,A001,12,56028,GL冰箱,GL,冰箱,2200,4669,A,A企业,350200,2018,2,6
2018-06-14,金华市,A001,6,28014,GL冰箱,GL,冰箱,2200,4669,A,A企业,330700,2018,2,6
2018-06-14,成都市,B001,18,75582,MD冰箱,MD,冰箱,2500,4199,B,B企业,510100,2018,2,6
2018-06-14,长沙市,A001,18,84042,GL冰箱,GL,冰箱,2200,4669,A,A企业,430100,2018,2,6
2018-06-15,金华市,B001,6,25194,MD冰箱,MD,冰箱,2500,4199,B,B企业,330700,2018,2,6
2018-06-15,厦门市,B001,15,62985,MD冰箱,MD,冰箱,2500,4199,B,B企业,350200,2018,2,6
2018-06-15,厦门市,C001,27,97173,HE冰箱,HE,冰箱,1800,3599,C,C企业,350200,2018,2,6
2018-06-15,厦门市,A001,15,70035,GL冰箱,GL,冰箱,2200,4669,A,A企业,350200,2018,2,6
2018-06-15,金华市,A001,9,42021,GL冰箱,GL,冰箱,2200,4669,A,A企业,330700,2018,2,6
2018-06-15,成都市,B001,21,88179,MD冰箱,MD,冰箱,2500,4199,B,B企业,510100,2018,2,6
2018-06-16,厦门市,A001,6,28014,GL冰箱,GL,冰箱,2200,4669,A,A企业,350200,2018,2,6
2018-06-16,金华市,B001,18,75582,MD冰箱,MD,冰箱,2500,4199,B,B企业,330700,2018,2,6
2018-06-16,成都市,A001,21,98049,GL冰箱,GL,冰箱,2200,4669,A,A企业,510100,2018,2,6
2018-06-16,厦门市,B001,18,75582,MD冰箱,MD,冰箱,2500,4199,B,B企业,350200,2018,2,6
2018-06-17,厦门市,B002,12,43188,MD电视,MD,电视,2000,4299,B,B企业,350200,2018,2,6
2018-06-17,金华市,B001,9,37791,MD冰箱,MD,冰箱,2500,4199,B,B企业,330700,2018,2,6
2018-06-17,厦门市,B001,24,100776,MD冰箱,MD,冰箱,2500,4199,B,B企业,350200,2018,2,6
2018-06-17,金华市,A001,9,42021,GL冰箱,GL,冰箱,2200,4669,A,A企业,330700,2018,2,6
2018-06-17,成都市,B001,27,113373,MD冰箱,MD,冰箱,2500,4199,B,B企业,510100,2018,2,6
2018-06-17,厦门市,A001,9,42021,GL冰箱,GL,冰箱,2200,4669,A,A企业,350200,2018,2,6
2018-06-18,厦门市,B002,12,43188,MD电视,MD,电视,2000,4299,B,B企业,350200,2018,2,6
2018-06-18,金华市,A001,15,70035,GL冰箱,GL,冰箱,2200,4669,A,A企业,330700,2018,2,6
2018-06-18,金华市,B001,9,37791,MD冰箱,MD,冰箱,2500,4199,B,B企业,330700,2018,2,6
2018-06-18,厦门市,B001,9,37791,MD冰箱,MD,冰箱,2500,4199,B,B企业,350200,2018,2,6
2018-06-18,厦门市,C002,21,88179,HE电视,HE,电视,2200,4199,C,C企业,350200,2018,2,6
2018-06-18,厦门市,C003,9,42021,HE洗衣机,HE,洗衣机,2600,4699,C,C企业,350200,2018,2,6
2018-06-18,厦门市,A001,18,84042,GL冰箱,GL,冰箱,2200,4669,A,A企业,350200,2018,2,6
2018-06-18,长沙市,A001,12,56028,GL冰箱,GL,冰箱,2200,4669,A,A企业,430100,2018,2,6
2018-06-18,成都市,B001,6,25194,MD冰箱,MD,冰箱,2500,4199,B,B企业,510100,2018,2,6
2018-06-19,金华市,B001,12,50388,MD冰箱,MD,冰箱,2500,4199,B,B企业,330700,2018,2,6
2018-06-19,厦门市,B001,12,50388,MD冰箱,MD,冰箱,2500,4199,B,B企业,350200,2018,2,6
2018-06-19,厦门市,C002,15,62985,HE电视,HE,电视,2200,4199,C,C企业,350200,2018,2,6
2018-06-19,成都市,B001,21,88179,MD冰箱,MD,冰箱,2500,4199,B,B企业,510100,2018,2,6
2018-06-19,厦门市,A001,15,70035,GL冰箱,GL,冰箱,2200,4669,A,A企业,350200,2018,2,6
2018-06-19,长沙市,A001,18,84042,GL冰箱,GL,冰箱,2200,4669,A,A企业,430100,2018,2,6
2018-06-20,金华市,B001,12,50388,MD冰箱,MD,冰箱,2500,4199,B,B企业,330700,2018,2,6
2018-06-20,厦门市,B001,15,62985,MD冰箱,MD,冰箱,2500,4199,B,B企业,350200,2018,2,6
2018-06-20,厦门市,A001,18,84042,GL冰箱,GL,冰箱,2200,4669,A,A企业,350200,2018,2,6
2018-06-20,金华市,C003,18,84042,HE洗衣机,HE,洗衣机,2600,4699,C,C企业,330700,2018,2,6
2018-06-20,厦门市,A003,15,70035,GL洗衣机,GL,洗衣机,3200,4669,A,A企业,350200,2018,2,6
2018-06-20,金华市,A001,6,28014,GL冰箱,GL,冰箱,2200,4669,A,A企业,330700,2018,2,6
2018-06-21,厦门市,A001,24,112056,GL冰箱,GL,冰箱,2200,4669,A,A企业,350200,2018,2,6
2018-06-21,金华市,B001,12,50388,MD冰箱,MD,冰箱,2500,4199,B,B企业,330700,2018,2,6
2018-06-21,金华市,A001,15,70035,GL冰箱,GL,冰箱,2200,4669,A,A企业,330700,2018,2,6
2018-06-21,厦门市,C001,21,75579,HE冰箱,HE,冰箱,1800,3599,C,C企业,350200,2018,2,6
2018-06-21,金华市,C001,12,43188,HE冰箱,HE,冰箱,1800,3599,C,C企业,330700,2018,2,6
2018-06-21,金华市,A003,21,98049,GL洗衣机,GL,洗衣机,3200,4669,A,A企业,330700,2018,2,6
2018-06-21,厦门市,B001,18,75582,MD冰箱,MD,冰箱,2500,4199,B,B企业,350200,2018,2,6
2018-06-21,厦门市,C002,15,62985,HE电视,HE,电视,2200,4199,C,C企业,350200,2018,2,6
2018-06-22,厦门市,B001,15,62985,MD冰箱,MD,冰箱,2500,4199,B,B企业,350200,2018,2,6
2018-06-22,金华市,A001,18,84042,GL冰箱,GL,冰箱,2200,4669,A,A企业,330700,2018,2,6
2018-06-22,成都市,A001,15,70035,GL冰箱,GL,冰箱,2200,4669,A,A企业,510100,2018,2,6
2018-06-22,金华市,C001,18,64782,HE冰箱,HE,冰箱,1800,3599,C,C企业,330700,2018,2,6
2018-06-22,厦门市,A001,18,84042,GL冰箱,GL,冰箱,2200,4669,A,A企业,350200,2018,2,6
2018-06-22,金华市,B001,27,113373,MD冰箱,MD,冰箱,2500,4199,B,B企业,330700,2018,2,6
2018-06-22,成都市,B001,12,50388,MD冰箱,MD,冰箱,2500,4199,B,B企业,510100,2018,2,6
2018-06-23,金华市,B001,21,88179,MD冰箱,MD,冰箱,2500,4199,B,B企业,330700,2018,2,6
2018-06-23,成都市,B001,9,37791,MD冰箱,MD,冰箱,2500,4199,B,B企业,510100,2018,2,6
2018-06-23,厦门市,B001,18,75582,MD冰箱,MD,冰箱,2500,4199,B,B企业,350200,2018,2,6
2018-06-23,厦门市,A001,15,70035,GL冰箱,GL,冰箱,2200,4669,A,A企业,350200,2018,2,6
2018-06-23,厦门市,B002,15,53985,MD电视,MD,电视,2000,4299,B,B企业,350200,2018,2,6
2018-06-23,厦门市,A003,12,56028,GL洗衣机,GL,洗衣机,3200,4669,A,A企业,350200,2018,2,6
2018-06-23,金华市,B002,15,53985,MD电视,MD,电视,2000,4299,B,B企业,330700,2018,2,6
2018-06-23,成都市,A001,15,70035,GL冰箱,GL,冰箱,2200,4669,A,A企业,510100,2018,2,6
2018-06-24,成都市,B001,9,37791,MD冰箱,MD,冰箱,2500,4199,B,B企业,510100,2018,2,6
2018-06-24,厦门市,A001,18,84042,GL冰箱,GL,冰箱,2200,4669,A,A企业,350200,2018,2,6
2018-06-24,金华市,B003,21,119679,MD洗衣机,MD,洗衣机,3100,5699,B,B企业,330700,2018,2,6
2018-06-24,金华市,A001,18,84042,GL冰箱,GL,冰箱,2200,4669,A,A企业,330700,2018,2,6
2018-06-24,金华市,B001,12,50388,MD冰箱,MD,冰箱,2500,4199,B,B企业,330700,2018,2,6
2018-06-25,金华市,B001,12,50388,MD冰箱,MD,冰箱,2500,4199,B,B企业,330700,2018,2,6
2018-06-25,成都市,B001,6,25194,MD冰箱,MD,冰箱,2500,4199,B,B企业,510100,2018,2,6
2018-06-25,成都市,A001,21,98049,GL冰箱,GL,冰箱,2200,4669,A,A企业,510100,2018,2,6
2018-06-25,厦门市,B001,24,100776,MD冰箱,MD,冰箱,2500,4199,B,B企业,350200,2018,2,6
2018-06-25,金华市,A001,18,84042,GL冰箱,GL,冰箱,2200,4669,A,A企业,330700,2018,2,6
2018-06-25,厦门市,A001,18,84042,GL冰箱,GL,冰箱,2200,4669,A,A企业,350200,2018,2,6
2018-06-25,厦门市,B002,6,21594,MD电视,MD,电视,2000,4299,B,B企业,350200,2018,2,6
2018-06-25,厦门市,A003,15,70035,GL洗衣机,GL,洗衣机,3200,4669,A,A企业,350200,2018,2,6
2018-06-26,厦门市,B002,6,21594,MD电视,MD,电视,2000,4299,B,B企业,350200,2018,2,6
2018-06-26,金华市,A001,15,70035,GL冰箱,GL,冰箱,2200,4669,A,A企业,330700,2018,2,6
2018-06-26,厦门市,A001,12,56028,GL冰箱,GL,冰箱,2200,4669,A,A企业,350200,2018,2,6
2018-06-26,厦门市,B001,12,50388,MD冰箱,MD,冰箱,2500,4199,B,B企业,350200,2018,2,6
2018-06-26,金华市,B001,6,25194,MD冰箱,MD,冰箱,2500,4199,B,B企业,330700,2018,2,6
2018-06-26,厦门市,C003,12,56028,HE洗衣机,HE,洗衣机,2600,4699,C,C企业,350200,2018,2,6
2018-06-26,厦门市,A003,15,70035,GL洗衣机,GL,洗衣机,3200,4669,A,A企业,350200,2018,2,6
2018-06-27,厦门市,A001,9,42021,GL冰箱,GL,冰箱,2200,4669,A,A企业,350200,2018,2,6
2018-06-27,成都市,B001,15,62985,MD冰箱,MD,冰箱,2500,4199,B,B企业,510100,2018,2,6
2018-06-27,金华市,B001,15,62985,MD冰箱,MD,冰箱,2500,4199,B,B企业,330700,2018,2,6
2018-06-27,厦门市,B001,15,62985,MD冰箱,MD,冰箱,2500,4199,B,B企业,350200,2018,2,6
2018-06-27,金华市,A001,15,70035,GL冰箱,GL,冰箱,2200,4669,A,A企业,330700,2018,2,6
2018-06-27,厦门市,C003,9,42021,HE洗衣机,HE,洗衣机,2600,4699,C,C企业,350200,2018,2,6
2018-06-27,厦门市,A003,15,70035,GL洗衣机,GL,洗衣机,3200,4669,A,A企业,350200,2018,2,6
2018-06-28,金华市,A001,18,84042,GL冰箱,GL,冰箱,2200,4669,A,A企业,330700,2018,2,6
2018-06-28,厦门市,B001,6,25194,MD冰箱,MD,冰箱,2500,4199,B,B企业,350200,2018,2,6
2018-06-28,金华市,B003,6,34194,MD洗衣机,MD,洗衣机,3100,5699,B,B企业,330700,2018,2,6
2018-06-28,厦门市,A001,21,98049,GL冰箱,GL,冰箱,2200,4669,A,A企业,350200,2018,2,6
2018-06-28,金华市,A003,6,28014,GL洗衣机,GL,洗衣机,3200,4669,A,A企业,330700,2018,2,6
2018-06-28,长沙市,C001,15,53985,HE冰箱,HE,冰箱,1800,3599,C,C企业,430100,2018,2,6
2018-06-28,厦门市,C001,6,21594,HE冰箱,HE,冰箱,1800,3599,C,C企业,350200,2018,2,6
2018-06-28,厦门市,A003,6,28014,GL洗衣机,GL,洗衣机,3200,4669,A,A企业,350200,2018,2,6
2018-06-28,金华市,B001,9,37791,MD冰箱,MD,冰箱,2500,4199,B,B企业,330700,2018,2,6
2018-06-29,厦门市,A001,18,84042,GL冰箱,GL,冰箱,2200,4669,A,A企业,350200,2018,2,6
2018-06-29,厦门市,C002,9,37791,HE电视,HE,电视,2200,4199,C,C企业,350200,2018,2,6
2018-06-29,厦门市,B001,15,62985,MD冰箱,MD,冰箱,2500,4199,B,B企业,350200,2018,2,6
2018-06-29,成都市,A001,15,70035,GL冰箱,GL,冰箱,2200,4669,A,A企业,510100,2018,2,6
2018-06-29,金华市,A001,24,112056,GL冰箱,GL,冰箱,2200,4669,A,A企业,330700,2018,2,6
2018-06-29,成都市,B001,21,88179,MD冰箱,MD,冰箱,2500,4199,B,B企业,510100,2018,2,6
2018-06-29,金华市,B001,15,62985,MD冰箱,MD,冰箱,2500,4199,B,B企业,330700,2018,2,6
2018-06-29,厦门市,C003,15,70035,HE洗衣机,HE,洗衣机,2600,4699,C,C企业,350200,2018,2,6
2018-06-29,厦门市,B002,15,53985,MD电视,MD,电视,2000,4299,B,B企业,350200,2018,2,6
2018-06-30,厦门市,B001,12,50388,MD冰箱,MD,冰箱,2500,4199,B,B企业,350200,2018,2,6
2018-06-30,金华市,A001,12,56028,GL冰箱,GL,冰箱,2200,4669,A,A企业,330700,2018,2,6
2018-06-30,厦门市,B003,6,34194,MD洗衣机,MD,洗衣机,3100,5699,B,B企业,350200,2018,2,6
2018-06-30,金华市,B001,15,62985,MD冰箱,MD,冰箱,2500,4199,B,B企业,330700,2018,2,6
2018-06-30,长沙市,A001,12,56028,GL冰箱,GL,冰箱,2200,4669,A,A企业,430100,2018,2,6
2018-06-30,成都市,A001,18,84042,GL冰箱,GL,冰箱,2200,4669,A,A企业,510100,2018,2,6
2018-06-30,厦门市,C001,24,86376,HE冰箱,HE,冰箱,1800,3599,C,C企业,350200,2018,2,6
2018-06-30,金华市,C001,18,64782,HE冰箱,HE,冰箱,1800,3599,C,C企业,330700,2018,2,6
2018-06-30,厦门市,A003,6,28014,GL洗衣机,GL,洗衣机,3200,4669,A,A企业,350200,2018,2,6
2018-06-30,厦门市,A001,12,56028,GL冰箱,GL,冰箱,2200,4669,A,A企业,350200,2018,2,6
2018-07-01,成都市,A001,6,28014,GL冰箱,GL,冰箱,2200,4669,A,A企业,510100,2018,3,7
2018-07-01,厦门市,B003,9,51291,MD洗衣机,MD,洗衣机,3100,5699,B,B企业,350200,2018,3,7
2018-07-01,金华市,A001,15,70035,GL冰箱,GL,冰箱,2200,4669,A,A企业,330700,2018,3,7
2018-07-01,厦门市,B001,21,88179,MD冰箱,MD,冰箱,2500,4199,B,B企业,350200,2018,3,7
2018-07-01,厦门市,A001,9,42021,GL冰箱,GL,冰箱,2200,4669,A,A企业,350200,2018,3,7
2018-07-01,金华市,A003,15,70035,GL洗衣机,GL,洗衣机,3200,4669,A,A企业,330700,2018,3,7
2018-07-01,厦门市,C001,9,32391,HE冰箱,HE,冰箱,1800,3599,C,C企业,350200,2018,3,7
2018-07-01,厦门市,C002,12,50388,HE电视,HE,电视,2200,4199,C,C企业,350200,2018,3,7
2018-07-01,金华市,B001,12,50388,MD冰箱,MD,冰箱,2500,4199,B,B企业,330700,2018,3,7
2018-07-01,长沙市,C002,6,25194,HE电视,HE,电视,2200,4199,C,C企业,430100,2018,3,7
2018-07-01,长沙市,B001,18,75582,MD冰箱,MD,冰箱,2500,4199,B,B企业,430100,2018,3,7
2018-07-02,金华市,A001,6,28014,GL冰箱,GL,冰箱,2200,4669,A,A企业,330700,2018,3,7
2018-07-02,厦门市,B001,15,62985,MD冰箱,MD,冰箱,2500,4199,B,B企业,350200,2018,3,7
2018-07-02,厦门市,A001,24,112056,GL冰箱,GL,冰箱,2200,4669,A,A企业,350200,2018,3,7
2018-07-02,成都市,A001,27,126063,GL冰箱,GL,冰箱,2200,4669,A,A企业,510100,2018,3,7
2018-07-02,金华市,B001,12,50388,MD冰箱,MD,冰箱,2500,4199,B,B企业,330700,2018,3,7
2018-07-03,金华市,B001,18,75582,MD冰箱,MD,冰箱,2500,4199,B,B企业,330700,2018,3,7
2018-07-03,金华市,A001,18,84042,GL冰箱,GL,冰箱,2200,4669,A,A企业,330700,2018,3,7
2018-07-03,厦门市,C001,18,64782,HE冰箱,HE,冰箱,1800,3599,C,C企业,350200,2018,3,7
2018-07-03,厦门市,A001,9,42021,GL冰箱,GL,冰箱,2200,4669,A,A企业,350200,2018,3,7
2018-07-03,厦门市,B003,6,34194,MD洗衣机,MD,洗衣机,3100,5699,B,B企业,350200,2018,3,7
2018-07-03,厦门市,B001,12,50388,MD冰箱,MD,冰箱,2500,4199,B,B企业,350200,2018,3,7
2018-07-03,厦门市,C002,18,75582,HE电视,HE,电视,2200,4199,C,C企业,350200,2018,3,7
2018-07-03,长沙市,B001,18,75582,MD冰箱,MD,冰箱,2500,4199,B,B企业,430100,2018,3,7
2018-07-04,金华市,A001,12,56028,GL冰箱,GL,冰箱,2200,4669,A,A企业,330700,2018,3,7
2018-07-04,厦门市,A001,21,98049,GL冰箱,GL,冰箱,2200,4669,A,A企业,350200,2018,3,7
2018-07-04,金华市,B001,12,50388,MD冰箱,MD,冰箱,2500,4199,B,B企业,330700,2018,3,7
2018-07-04,长沙市,B003,18,102582,MD洗衣机,MD,洗衣机,3100,5699,B,B企业,430100,2018,3,7
2018-07-04,厦门市,B003,9,51291,MD洗衣机,MD,洗衣机,3100,5699,B,B企业,350200,2018,3,7
2018-07-04,厦门市,B001,6,25194,MD冰箱,MD,冰箱,2500,4199,B,B企业,350200,2018,3,7
2018-07-05,金华市,A001,6,28014,GL冰箱,GL,冰箱,2200,4669,A,A企业,330700,2018,3,7
2018-07-05,厦门市,B001,12,50388,MD冰箱,MD,冰箱,2500,4199,B,B企业,350200,2018,3,7
2018-07-05,厦门市,A001,18,84042,GL冰箱,GL,冰箱,2200,4669,A,A企业,350200,2018,3,7
2018-07-05,成都市,B001,18,75582,MD冰箱,MD,冰箱,2500,4199,B,B企业,510100,2018,3,7
2018-07-05,长沙市,A001,18,84042,GL冰箱,GL,冰箱,2200,4669,A,A企业,430100,2018,3,7
2018-07-05,成都市,A001,18,84042,GL冰箱,GL,冰箱,2200,4669,A,A企业,510100,2018,3,7
2018-07-05,厦门市,A003,24,112056,GL洗衣机,GL,洗衣机,3200,4669,A,A企业,350200,2018,3,7
2018-07-05,金华市,A003,18,84042,GL洗衣机,GL,洗衣机,3200,4669,A,A企业,330700,2018,3,7
2018-07-05,厦门市,B003,21,119679,MD洗衣机,MD,洗衣机,3100,5699,B,B企业,350200,2018,3,7
2018-07-06,金华市,A001,9,42021,GL冰箱,GL,冰箱,2200,4669,A,A企业,330700,2018,3,7
2018-07-06,厦门市,A001,21,98049,GL冰箱,GL,冰箱,2200,4669,A,A企业,350200,2018,3,7
2018-07-06,金华市,B001,12,50388,MD冰箱,MD,冰箱,2500,4199,B,B企业,330700,2018,3,7
2018-07-06,厦门市,B001,24,100776,MD冰箱,MD,冰箱,2500,4199,B,B企业,350200,2018,3,7
2018-07-06,成都市,B001,21,88179,MD冰箱,MD,冰箱,2500,4199,B,B企业,510100,2018,3,7
2018-07-06,厦门市,C001,9,32391,HE冰箱,HE,冰箱,1800,3599,C,C企业,350200,2018,3,7
2018-07-06,成都市,A001,6,28014,GL冰箱,GL,冰箱,2200,4669,A,A企业,510100,2018,3,7
2018-07-06,金华市,A003,15,70035,GL洗衣机,GL,洗衣机,3200,4669,A,A企业,330700,2018,3,7
2018-07-06,厦门市,C002,6,25194,HE电视,HE,电视,2200,4199,C,C企业,350200,2018,3,7
2018-07-06,厦门市,C003,12,56028,HE洗衣机,HE,洗衣机,2600,4699,C,C企业,350200,2018,3,7
2018-07-07,厦门市,A001,21,98049,GL冰箱,GL,冰箱,2200,4669,A,A企业,350200,2018,3,7
2018-07-07,成都市,A001,24,112056,GL冰箱,GL,冰箱,2200,4669,A,A企业,510100,2018,3,7
2018-07-07,厦门市,B001,18,75582,MD冰箱,MD,冰箱,2500,4199,B,B企业,350200,2018,3,7
2018-07-07,金华市,A003,27,126063,GL洗衣机,GL,洗衣机,3200,4669,A,A企业,330700,2018,3,7
2018-07-07,金华市,B001,12,50388,MD冰箱,MD,冰箱,2500,4199,B,B企业,330700,2018,3,7
2018-07-07,厦门市,B003,27,153873,MD洗衣机,MD,洗衣机,3100,5699,B,B企业,350200,2018,3,7
2018-07-07,金华市,A001,12,56028,GL冰箱,GL,冰箱,2200,4669,A,A企业,330700,2018,3,7
2018-07-07,厦门市,A003,15,70035,GL洗衣机,GL,洗衣机,3200,4669,A,A企业,350200,2018,3,7
2018-07-07,金华市,B003,21,119679,MD洗衣机,MD,洗衣机,3100,5699,B,B企业,330700,2018,3,7
2018-07-08,金华市,A001,21,98049,GL冰箱,GL,冰箱,2200,4669,A,A企业,330700,2018,3,7
2018-07-08,厦门市,A001,9,42021,GL冰箱,GL,冰箱,2200,4669,A,A企业,350200,2018,3,7
2018-07-08,厦门市,B001,15,62985,MD冰箱,MD,冰箱,2500,4199,B,B企业,350200,2018,3,7
2018-07-08,厦门市,B003,12,68388,MD洗衣机,MD,洗衣机,3100,5699,B,B企业,350200,2018,3,7
2018-07-08,金华市,A003,21,98049,GL洗衣机,GL,洗衣机,3200,4669,A,A企业,330700,2018,3,7
2018-07-08,金华市,C003,12,56028,HE洗衣机,HE,洗衣机,2600,4699,C,C企业,330700,2018,3,7
2018-07-08,金华市,B001,6,25194,MD冰箱,MD,冰箱,2500,4199,B,B企业,330700,2018,3,7
2018-07-08,长沙市,A003,21,98049,GL洗衣机,GL,洗衣机,3200,4669,A,A企业,430100,2018,3,7
2018-07-09,厦门市,B001,12,50388,MD冰箱,MD,冰箱,2500,4199,B,B企业,350200,2018,3,7
2018-07-09,厦门市,C002,21,88179,HE电视,HE,电视,2200,4199,C,C企业,350200,2018,3,7
2018-07-09,厦门市,C003,9,42021,HE洗衣机,HE,洗衣机,2600,4699,C,C企业,350200,2018,3,7
2018-07-09,厦门市,A001,18,84042,GL冰箱,GL,冰箱,2200,4669,A,A企业,350200,2018,3,7
2018-07-09,金华市,A001,12,56028,GL冰箱,GL,冰箱,2200,4669,A,A企业,330700,2018,3,7
2018-07-09,长沙市,A001,12,56028,GL冰箱,GL,冰箱,2200,4669,A,A企业,430100,2018,3,7
2018-07-09,成都市,B001,6,25194,MD冰箱,MD,冰箱,2500,4199,B,B企业,510100,2018,3,7
2018-07-09,厦门市,A003,9,42021,GL洗衣机,GL,洗衣机,3200,4669,A,A企业,350200,2018,3,7
2018-07-09,长沙市,C001,6,21594,HE冰箱,HE,冰箱,1800,3599,C,C企业,430100,2018,3,7
2018-07-09,长沙市,A003,12,56028,GL洗衣机,GL,洗衣机,3200,4669,A,A企业,430100,2018,3,7
2018-07-09,厦门市,C001,15,53985,HE冰箱,HE,冰箱,1800,3599,C,C企业,350200,2018,3,7
2018-07-10,厦门市,C002,15,62985,HE电视,HE,电视,2200,4199,C,C企业,350200,2018,3,7
2018-07-10,成都市,B001,21,88179,MD冰箱,MD,冰箱,2500,4199,B,B企业,510100,2018,3,7
2018-07-10,厦门市,A001,15,70035,GL冰箱,GL,冰箱,2200,4669,A,A企业,350200,2018,3,7
2018-07-10,厦门市,B001,6,25194,MD冰箱,MD,冰箱,2500,4199,B,B企业,350200,2018,3,7
2018-07-10,长沙市,A001,18,84042,GL冰箱,GL,冰箱,2200,4669,A,A企业,430100,2018,3,7
2018-07-10,金华市,B001,15,62985,MD冰箱,MD,冰箱,2500,4199,B,B企业,330700,2018,3,7
2018-07-10,金华市,A001,18,84042,GL冰箱,GL,冰箱,2200,4669,A,A企业,330700,2018,3,7
2018-07-10,长沙市,B003,18,102582,MD洗衣机,MD,洗衣机,3100,5699,B,B企业,430100,2018,3,7
2018-07-10,金华市,C003,9,42021,HE洗衣机,HE,洗衣机,2600,4699,C,C企业,330700,2018,3,7
2018-07-10,厦门市,C003,12,56028,HE洗衣机,HE,洗衣机,2600,4699,C,C企业,350200,2018,3,7
2018-07-11,金华市,C003,18,84042,HE洗衣机,HE,洗衣机,2600,4699,C,C企业,330700,2018,3,7
2018-07-11,厦门市,B001,6,25194,MD冰箱,MD,冰箱,2500,4199,B,B企业,350200,2018,3,7
2018-07-11,厦门市,A003,15,70035,GL洗衣机,GL,洗衣机,3200,4669,A,A企业,350200,2018,3,7
2018-07-11,厦门市,A001,6,28014,GL冰箱,GL,冰箱,2200,4669,A,A企业,350200,2018,3,7
2018-07-11,金华市,A001,6,28014,GL冰箱,GL,冰箱,2200,4669,A,A企业,330700,2018,3,7
2018-07-11,金华市,B001,15,62985,MD冰箱,MD,冰箱,2500,4199,B,B企业,330700,2018,3,7
2018-07-11,厦门市,B003,6,34194,MD洗衣机,MD,洗衣机,3100,5699,B,B企业,350200,2018,3,7
2018-07-11,长沙市,B001,18,75582,MD冰箱,MD,冰箱,2500,4199,B,B企业,430100,2018,3,7
2018-07-11,成都市,A001,24,112056,GL冰箱,GL,冰箱,2200,4669,A,A企业,510100,2018,3,7
2018-07-12,厦门市,C001,21,75579,HE冰箱,HE,冰箱,1800,3599,C,C企业,350200,2018,3,7
2018-07-12,金华市,B001,15,62985,MD冰箱,MD,冰箱,2500,4199,B,B企业,330700,2018,3,7
2018-07-12,金华市,A003,21,98049,GL洗衣机,GL,洗衣机,3200,4669,A,A企业,330700,2018,3,7
2018-07-12,厦门市,B001,18,75582,MD冰箱,MD,冰箱,2500,4199,B,B企业,350200,2018,3,7
2018-07-12,厦门市,C002,15,62985,HE电视,HE,电视,2200,4199,C,C企业,350200,2018,3,7
2018-07-12,厦门市,A001,15,70035,GL冰箱,GL,冰箱,2200,4669,A,A企业,350200,2018,3,7
2018-07-12,长沙市,B003,6,34194,MD洗衣机,MD,洗衣机,3100,5699,B,B企业,430100,2018,3,7
2018-07-12,金华市,C002,21,88179,HE电视,HE,电视,2200,4199,C,C企业,330700,2018,3,7
2018-07-12,厦门市,C003,18,84042,HE洗衣机,HE,洗衣机,2600,4699,C,C企业,350200,2018,3,7
2018-07-12,金华市,A001,27,126063,GL冰箱,GL,冰箱,2200,4669,A,A企业,330700,2018,3,7
2018-07-12,成都市,A001,18,84042,GL冰箱,GL,冰箱,2200,4669,A,A企业,510100,2018,3,7
2018-07-12,长沙市,A001,15,70035,GL冰箱,GL,冰箱,2200,4669,A,A企业,430100,2018,3,7
2018-07-12,厦门市,A003,9,42021,GL洗衣机,GL,洗衣机,3200,4669,A,A企业,350200,2018,3,7
2018-07-13,成都市,A001,6,28014,GL冰箱,GL,冰箱,2200,4669,A,A企业,510100,2018,3,7
2018-07-13,厦门市,B001,24,100776,MD冰箱,MD,冰箱,2500,4199,B,B企业,350200,2018,3,7
2018-07-13,金华市,B001,27,113373,MD冰箱,MD,冰箱,2500,4199,B,B企业,330700,2018,3,7
2018-07-13,成都市,B001,12,50388,MD冰箱,MD,冰箱,2500,4199,B,B企业,510100,2018,3,7
2018-07-13,金华市,A001,12,56028,GL冰箱,GL,冰箱,2200,4669,A,A企业,330700,2018,3,7
2018-07-13,厦门市,A001,12,56028,GL冰箱,GL,冰箱,2200,4669,A,A企业,350200,2018,3,7
2018-07-13,厦门市,C003,15,70035,HE洗衣机,HE,洗衣机,2600,4699,C,C企业,350200,2018,3,7
2018-07-14,厦门市,A001,24,112056,GL冰箱,GL,冰箱,2200,4669,A,A企业,350200,2018,3,7
2018-07-14,厦门市,B002,15,53985,MD电视,MD,电视,2000,4299,B,B企业,350200,2018,3,7
2018-07-14,厦门市,A003,12,56028,GL洗衣机,GL,洗衣机,3200,4669,A,A企业,350200,2018,3,7
2018-07-14,厦门市,B001,21,88179,MD冰箱,MD,冰箱,2500,4199,B,B企业,350200,2018,3,7
2018-07-14,金华市,B002,15,53985,MD电视,MD,电视,2000,4299,B,B企业,330700,2018,3,7
2018-07-14,成都市,A001,15,70035,GL冰箱,GL,冰箱,2200,4669,A,A企业,510100,2018,3,7
2018-07-14,金华市,A001,18,84042,GL冰箱,GL,冰箱,2200,4669,A,A企业,330700,2018,3,7
2018-07-15,厦门市,A001,12,56028,GL冰箱,GL,冰箱,2200,4669,A,A企业,350200,2018,3,7
2018-07-15,金华市,B001,12,50388,MD冰箱,MD,冰箱,2500,4199,B,B企业,330700,2018,3,7
2018-07-15,金华市,C003,12,56028,HE洗衣机,HE,洗衣机,2600,4699,C,C企业,330700,2018,3,7
2018-07-15,厦门市,B002,21,75579,MD电视,MD,电视,2000,4299,B,B企业,350200,2018,3,7
2018-07-16,厦门市,B001,6,25194,MD冰箱,MD,冰箱,2500,4199,B,B企业,350200,2018,3,7
2018-07-16,厦门市,A001,18,84042,GL冰箱,GL,冰箱,2200,4669,A,A企业,350200,2018,3,7
2018-07-16,厦门市,B002,6,21594,MD电视,MD,电视,2000,4299,B,B企业,350200,2018,3,7
2018-07-16,厦门市,A003,15,70035,GL洗衣机,GL,洗衣机,3200,4669,A,A企业,350200,2018,3,7
2018-07-16,成都市,B001,24,100776,MD冰箱,MD,冰箱,2500,4199,B,B企业,510100,2018,3,7
2018-07-16,金华市,A003,15,70035,GL洗衣机,GL,洗衣机,3200,4669,A,A企业,330700,2018,3,7
2018-07-16,金华市,A001,6,28014,GL冰箱,GL,冰箱,2200,4669,A,A企业,330700,2018,3,7
2018-07-16,金华市,B002,15,53985,MD电视,MD,电视,2000,4299,B,B企业,330700,2018,3,7
2018-07-16,厦门市,C003,12,56028,HE洗衣机,HE,洗衣机,2600,4699,C,C企业,350200,2018,3,7
2018-07-16,金华市,B001,27,113373,MD冰箱,MD,冰箱,2500,4199,B,B企业,330700,2018,3,7
2018-07-17,厦门市,A001,6,28014,GL冰箱,GL,冰箱,2200,4669,A,A企业,350200,2018,3,7
2018-07-17,金华市,B001,6,25194,MD冰箱,MD,冰箱,2500,4199,B,B企业,330700,2018,3,7
2018-07-17,金华市,A001,9,42021,GL冰箱,GL,冰箱,2200,4669,A,A企业,330700,2018,3,7
2018-07-17,厦门市,C003,12,56028,HE洗衣机,HE,洗衣机,2600,4699,C,C企业,350200,2018,3,7
2018-07-17,厦门市,A003,15,70035,GL洗衣机,GL,洗衣机,3200,4669,A,A企业,350200,2018,3,7
2018-07-17,厦门市,B001,12,50388,MD冰箱,MD,冰箱,2500,4199,B,B企业,350200,2018,3,7
2018-07-17,长沙市,B002,6,21594,MD电视,MD,电视,2000,4299,B,B企业,430100,2018,3,7
2018-07-17,成都市,B001,21,88179,MD冰箱,MD,冰箱,2500,4199,B,B企业,510100,2018,3,7
2018-07-17,长沙市,A001,27,126063,GL冰箱,GL,冰箱,2200,4669,A,A企业,430100,2018,3,7
2018-07-18,金华市,B001,18,75582,MD冰箱,MD,冰箱,2500,4199,B,B企业,330700,2018,3,7
2018-07-18,厦门市,C003,9,42021,HE洗衣机,HE,洗衣机,2600,4699,C,C企业,350200,2018,3,7
2018-07-18,厦门市,B001,21,88179,MD冰箱,MD,冰箱,2500,4199,B,B企业,350200,2018,3,7
2018-07-18,厦门市,A003,15,70035,GL洗衣机,GL,洗衣机,3200,4669,A,A企业,350200,2018,3,7
2018-07-18,厦门市,A001,18,84042,GL冰箱,GL,冰箱,2200,4669,A,A企业,350200,2018,3,7
2018-07-18,长沙市,B001,12,50388,MD冰箱,MD,冰箱,2500,4199,B,B企业,430100,2018,3,7
2018-07-18,成都市,B001,18,75582,MD冰箱,MD,冰箱,2500,4199,B,B企业,510100,2018,3,7
2018-07-19,金华市,A003,6,28014,GL洗衣机,GL,洗衣机,3200,4669,A,A企业,330700,2018,3,7
2018-07-19,长沙市,C001,15,53985,HE冰箱,HE,冰箱,1800,3599,C,C企业,430100,2018,3,7
2018-07-19,厦门市,A001,15,70035,GL冰箱,GL,冰箱,2200,4669,A,A企业,350200,2018,3,7
2018-07-19,厦门市,C001,6,21594,HE冰箱,HE,冰箱,1800,3599,C,C企业,350200,2018,3,7
2018-07-19,厦门市,B001,12,50388,MD冰箱,MD,冰箱,2500,4199,B,B企业,350200,2018,3,7
2018-07-19,厦门市,A003,6,28014,GL洗衣机,GL,洗衣机,3200,4669,A,A企业,350200,2018,3,7
2018-07-19,金华市,B001,9,37791,MD冰箱,MD,冰箱,2500,4199,B,B企业,330700,2018,3,7
2018-07-19,成都市,A001,12,56028,GL冰箱,GL,冰箱,2200,4669,A,A企业,510100,2018,3,7
2018-07-19,金华市,A001,6,28014,GL冰箱,GL,冰箱,2200,4669,A,A企业,330700,2018,3,7
2018-07-19,厦门市,B002,6,21594,MD电视,MD,电视,2000,4299,B,B企业,350200,2018,3,7
2018-07-20,厦门市,B001,12,50388,MD冰箱,MD,冰箱,2500,4199,B,B企业,350200,2018,3,7
2018-07-20,成都市,B001,21,88179,MD冰箱,MD,冰箱,2500,4199,B,B企业,510100,2018,3,7
2018-07-20,金华市,B001,15,62985,MD冰箱,MD,冰箱,2500,4199,B,B企业,330700,2018,3,7
2018-07-20,厦门市,C003,15,70035,HE洗衣机,HE,洗衣机,2600,4699,C,C企业,350200,2018,3,7
2018-07-20,厦门市,B002,15,53985,MD电视,MD,电视,2000,4299,B,B企业,350200,2018,3,7
2018-07-20,金华市,A001,12,56028,GL冰箱,GL,冰箱,2200,4669,A,A企业,330700,2018,3,7
2018-07-20,厦门市,A001,15,70035,GL冰箱,GL,冰箱,2200,4669,A,A企业,350200,2018,3,7
2018-07-20,厦门市,C001,18,64782,HE冰箱,HE,冰箱,1800,3599,C,C企业,350200,2018,3,7
2018-07-20,金华市,C003,21,98049,HE洗衣机,HE,洗衣机,2600,4699,C,C企业,330700,2018,3,7
2018-07-20,成都市,A001,6,28014,GL冰箱,GL,冰箱,2200,4669,A,A企业,510100,2018,3,7
2018-07-21,厦门市,B001,6,25194,MD冰箱,MD,冰箱,2500,4199,B,B企业,350200,2018,3,7
2018-07-21,长沙市,A001,12,56028,GL冰箱,GL,冰箱,2200,4669,A,A企业,430100,2018,3,7
2018-07-21,成都市,A001,18,84042,GL冰箱,GL,冰箱,2200,4669,A,A企业,510100,2018,3,7
2018-07-21,厦门市,C001,24,86376,HE冰箱,HE,冰箱,1800,3599,C,C企业,350200,2018,3,7
2018-07-21,金华市,C001,18,64782,HE冰箱,HE,冰箱,1800,3599,C,C企业,330700,2018,3,7
2018-07-21,厦门市,A003,6,28014,GL洗衣机,GL,洗衣机,3200,4669,A,A企业,350200,2018,3,7
2018-07-21,金华市,B001,15,62985,MD冰箱,MD,冰箱,2500,4199,B,B企业,330700,2018,3,7
2018-07-21,厦门市,A001,12,56028,GL冰箱,GL,冰箱,2200,4669,A,A企业,350200,2018,3,7
2018-07-22,厦门市,B001,9,37791,MD冰箱,MD,冰箱,2500,4199,B,B企业,350200,2018,3,7
2018-07-22,金华市,A001,15,70035,GL冰箱,GL,冰箱,2200,4669,A,A企业,330700,2018,3,7
2018-07-22,金华市,A003,15,70035,GL洗衣机,GL,洗衣机,3200,4669,A,A企业,330700,2018,3,7
2018-07-22,厦门市,C001,9,32391,HE冰箱,HE,冰箱,1800,3599,C,C企业,350200,2018,3,7
2018-07-22,厦门市,C002,12,50388,HE电视,HE,电视,2200,4199,C,C企业,350200,2018,3,7
2018-07-22,金华市,B001,12,50388,MD冰箱,MD,冰箱,2500,4199,B,B企业,330700,2018,3,7
2018-07-22,厦门市,B003,15,85485,MD洗衣机,MD,洗衣机,3100,5699,B,B企业,350200,2018,3,7
2018-07-22,长沙市,C002,6,25194,HE电视,HE,电视,2200,4199,C,C企业,430100,2018,3,7
2018-07-22,长沙市,B001,18,75582,MD冰箱,MD,冰箱,2500,4199,B,B企业,430100,2018,3,7
2018-07-22,成都市,A001,12,56028,GL冰箱,GL,冰箱,2200,4669,A,A企业,510100,2018,3,7
2018-07-22,厦门市,A001,12,56028,GL冰箱,GL,冰箱,2200,4669,A,A企业,350200,2018,3,7
2018-07-23,长沙市,B001,21,88179,MD冰箱,MD,冰箱,2500,4199,B,B企业,430100,2018,3,7
2018-07-23,厦门市,A003,9,42021,GL洗衣机,GL,洗衣机,3200,4669,A,A企业,350200,2018,3,7
2018-07-23,金华市,A001,15,70035,GL冰箱,GL,冰箱,2200,4669,A,A企业,330700,2018,3,7
2018-07-23,厦门市,B001,15,62985,MD冰箱,MD,冰箱,2500,4199,B,B企业,350200,2018,3,7
2018-07-23,成都市,A001,18,84042,GL冰箱,GL,冰箱,2200,4669,A,A企业,510100,2018,3,7
2018-07-23,金华市,A003,18,84042,GL洗衣机,GL,洗衣机,3200,4669,A,A企业,330700,2018,3,7
2018-07-23,金华市,B001,9,37791,MD冰箱,MD,冰箱,2500,4199,B,B企业,330700,2018,3,7
2018-07-24,厦门市,B003,6,34194,MD洗衣机,MD,洗衣机,3100,5699,B,B企业,350200,2018,3,7
2018-07-24,厦门市,B001,12,50388,MD冰箱,MD,冰箱,2500,4199,B,B企业,350200,2018,3,7
2018-07-24,厦门市,C002,18,75582,HE电视,HE,电视,2200,4199,C,C企业,350200,2018,3,7
2018-07-24,金华市,A001,12,56028,GL冰箱,GL,冰箱,2200,4669,A,A企业,330700,2018,3,7
2018-07-24,长沙市,B001,18,75582,MD冰箱,MD,冰箱,2500,4199,B,B企业,430100,2018,3,7
2018-07-24,厦门市,A001,15,70035,GL冰箱,GL,冰箱,2200,4669,A,A企业,350200,2018,3,7
2018-07-24,厦门市,A003,15,70035,GL洗衣机,GL,洗衣机,3200,4669,A,A企业,350200,2018,3,7
2018-07-24,成都市,A001,18,84042,GL冰箱,GL,冰箱,2200,4669,A,A企业,510100,2018,3,7
2018-07-24,成都市,B001,21,88179,MD冰箱,MD,冰箱,2500,4199,B,B企业,510100,2018,3,7
2018-07-24,金华市,B001,6,25194,MD冰箱,MD,冰箱,2500,4199,B,B企业,330700,2018,3,7
2018-07-24,厦门市,C003,9,42021,HE洗衣机,HE,洗衣机,2600,4699,C,C企业,350200,2018,3,7
2018-07-25,长沙市,B003,18,102582,MD洗衣机,MD,洗衣机,3100,5699,B,B企业,430100,2018,3,7
2018-07-25,厦门市,B003,9,51291,MD洗衣机,MD,洗衣机,3100,5699,B,B企业,350200,2018,3,7
2018-07-25,厦门市,B001,6,25194,MD冰箱,MD,冰箱,2500,4199,B,B企业,350200,2018,3,7
2018-07-25,金华市,A001,18,84042,GL冰箱,GL,冰箱,2200,4669,A,A企业,330700,2018,3,7
2018-07-25,长沙市,A001,24,112056,GL冰箱,GL,冰箱,2200,4669,A,A企业,430100,2018,3,7
2018-07-25,厦门市,C003,15,70035,HE洗衣机,HE,洗衣机,2600,4699,C,C企业,350200,2018,3,7
2018-07-25,金华市,B001,9,37791,MD冰箱,MD,冰箱,2500,4199,B,B企业,330700,2018,3,7
2018-07-25,成都市,B001,27,113373,MD冰箱,MD,冰箱,2500,4199,B,B企业,510100,2018,3,7
2018-07-26,成都市,A001,18,84042,GL冰箱,GL,冰箱,2200,4669,A,A企业,510100,2018,3,7
2018-07-26,厦门市,A001,6,28014,GL冰箱,GL,冰箱,2200,4669,A,A企业,350200,2018,3,7
2018-07-26,厦门市,B001,27,113373,MD冰箱,MD,冰箱,2500,4199,B,B企业,350200,2018,3,7
2018-07-26,厦门市,A003,24,112056,GL洗衣机,GL,洗衣机,3200,4669,A,A企业,350200,2018,3,7
2018-07-26,金华市,A003,18,84042,GL洗衣机,GL,洗衣机,3200,4669,A,A企业,330700,2018,3,7
2018-07-26,金华市,A001,15,70035,GL冰箱,GL,冰箱,2200,4669,A,A企业,330700,2018,3,7
2018-07-26,厦门市,B003,21,119679,MD洗衣机,MD,洗衣机,3100,5699,B,B企业,350200,2018,3,7
2018-07-26,金华市,B002,6,21594,MD电视,MD,电视,2000,4299,B,B企业,330700,2018,3,7
2018-07-26,长沙市,A001,6,28014,GL冰箱,GL,冰箱,2200,4669,A,A企业,430100,2018,3,7
2018-07-27,厦门市,A001,12,56028,GL冰箱,GL,冰箱,2200,4669,A,A企业,350200,2018,3,7
2018-07-27,金华市,B001,15,62985,MD冰箱,MD,冰箱,2500,4199,B,B企业,330700,2018,3,7
2018-07-27,厦门市,B001,12,50388,MD冰箱,MD,冰箱,2500,4199,B,B企业,350200,2018,3,7
2018-07-27,成都市,A001,6,28014,GL冰箱,GL,冰箱,2200,4669,A,A企业,510100,2018,3,7
2018-07-27,金华市,A003,15,70035,GL洗衣机,GL,洗衣机,3200,4669,A,A企业,330700,2018,3,7
2018-07-27,厦门市,C002,6,25194,HE电视,HE,电视,2200,4199,C,C企业,350200,2018,3,7
2018-07-27,厦门市,C003,12,56028,HE洗衣机,HE,洗衣机,2600,4699,C,C企业,350200,2018,3,7
2018-07-27,长沙市,C003,15,70035,HE洗衣机,HE,洗衣机,2600,4699,C,C企业,430100,2018,3,7
2018-07-27,厦门市,A003,21,98049,GL洗衣机,GL,洗衣机,3200,4669,A,A企业,350200,2018,3,7
2018-07-27,长沙市,B001,21,88179,MD冰箱,MD,冰箱,2500,4199,B,B企业,430100,2018,3,7
2018-07-27,成都市,B001,15,62985,MD冰箱,MD,冰箱,2500,4199,B,B企业,510100,2018,3,7
2018-07-27,长沙市,A001,12,56028,GL冰箱,GL,冰箱,2200,4669,A,A企业,430100,2018,3,7
2018-07-27,金华市,A001,21,98049,GL冰箱,GL,冰箱,2200,4669,A,A企业,330700,2018,3,7
2018-07-28,金华市,A003,27,126063,GL洗衣机,GL,洗衣机,3200,4669,A,A企业,330700,2018,3,7
2018-07-28,厦门市,B001,6,25194,MD冰箱,MD,冰箱,2500,4199,B,B企业,350200,2018,3,7
2018-07-28,金华市,B001,12,50388,MD冰箱,MD,冰箱,2500,4199,B,B企业,330700,2018,3,7
2018-07-28,厦门市,B003,27,153873,MD洗衣机,MD,洗衣机,3100,5699,B,B企业,350200,2018,3,7
2018-07-28,金华市,A001,12,56028,GL冰箱,GL,冰箱,2200,4669,A,A企业,330700,2018,3,7
2018-07-28,厦门市,A003,15,70035,GL洗衣机,GL,洗衣机,3200,4669,A,A企业,350200,2018,3,7
2018-07-28,金华市,B003,21,119679,MD洗衣机,MD,洗衣机,3100,5699,B,B企业,330700,2018,3,7
2018-07-28,厦门市,A001,9,42021,GL冰箱,GL,冰箱,2200,4669,A,A企业,350200,2018,3,7
2018-07-28,长沙市,B001,15,62985,MD冰箱,MD,冰箱,2500,4199,B,B企业,430100,2018,3,7
2018-07-28,成都市,A001,12,56028,GL冰箱,GL,冰箱,2200,4669,A,A企业,510100,2018,3,7
2018-07-28,上海市,B001,12,50388,MD冰箱,MD,冰箱,2500,4199,B,B企业,310000,2018,3,7
2018-07-28,上海市,A001,9,42021,GL冰箱,GL,冰箱,2200,4669,A,A企业,310000,2018,3,7
2018-07-28,厦门市,C003,18,84042,HE洗衣机,HE,洗衣机,2600,4699,C,C企业,350200,2018,3,7
2018-07-29,厦门市,B003,12,68388,MD洗衣机,MD,洗衣机,3100,5699,B,B企业,350200,2018,3,7
2018-07-29,金华市,A003,21,98049,GL洗衣机,GL,洗衣机,3200,4669,A,A企业,330700,2018,3,7
2018-07-29,金华市,A001,18,84042,GL冰箱,GL,冰箱,2200,4669,A,A企业,330700,2018,3,7
2018-07-29,金华市,C003,12,56028,HE洗衣机,HE,洗衣机,2600,4699,C,C企业,330700,2018,3,7
2018-07-29,厦门市,B001,9,37791,MD冰箱,MD,冰箱,2500,4199,B,B企业,350200,2018,3,7
2018-07-29,金华市,B001,6,25194,MD冰箱,MD,冰箱,2500,4199,B,B企业,330700,2018,3,7
2018-07-29,长沙市,A003,21,98049,GL洗衣机,GL,洗衣机,3200,4669,A,A企业,430100,2018,3,7
2018-07-29,上海市,A001,27,126063,GL冰箱,GL,冰箱,2200,4669,A,A企业,310000,2018,3,7
2018-07-29,厦门市,A003,15,70035,GL洗衣机,GL,洗衣机,3200,4669,A,A企业,350200,2018,3,7
2018-07-30,厦门市,A003,9,42021,GL洗衣机,GL,洗衣机,3200,4669,A,A企业,350200,2018,3,7
2018-07-30,金华市,A001,21,98049,GL冰箱,GL,冰箱,2200,4669,A,A企业,330700,2018,3,7
2018-07-30,长沙市,C001,6,21594,HE冰箱,HE,冰箱,1800,3599,C,C企业,430100,2018,3,7
2018-07-30,长沙市,A003,12,56028,GL洗衣机,GL,洗衣机,3200,4669,A,A企业,430100,2018,3,7
2018-07-30,厦门市,C001,15,53985,HE冰箱,HE,冰箱,1800,3599,C,C企业,350200,2018,3,7
2018-07-30,厦门市,C003,6,28014,HE洗衣机,HE,洗衣机,2600,4699,C,C企业,350200,2018,3,7
2018-07-30,厦门市,A001,6,28014,GL冰箱,GL,冰箱,2200,4669,A,A企业,350200,2018,3,7
2018-07-30,上海市,B001,9,37791,MD冰箱,MD,冰箱,2500,4199,B,B企业,310000,2018,3,7
2018-07-30,金华市,A003,12,56028,GL洗衣机,GL,洗衣机,3200,4669,A,A企业,330700,2018,3,7
2018-07-30,金华市,B001,21,88179,MD冰箱,MD,冰箱,2500,4199,B,B企业,330700,2018,3,7
2018-07-30,金华市,B002,9,32391,MD电视,MD,电视,2000,4299,B,B企业,330700,2018,3,7
2018-07-31,厦门市,A001,6,28014,GL冰箱,GL,冰箱,2200,4669,A,A企业,350200,2018,3,7
2018-07-31,金华市,A001,18,84042,GL冰箱,GL,冰箱,2200,4669,A,A企业,330700,2018,3,7
2018-07-31,金华市,B001,9,37791,MD冰箱,MD,冰箱,2500,4199,B,B企业,330700,2018,3,7
2018-07-31,厦门市,B001,9,37791,MD冰箱,MD,冰箱,2500,4199,B,B企业,350200,2018,3,7
2018-07-31,厦门市,C002,9,37791,HE电视,HE,电视,2200,4199,C,C企业,350200,2018,3,7
2018-07-31,长沙市,B003,18,102582,MD洗衣机,MD,洗衣机,3100,5699,B,B企业,430100,2018,3,7
2018-07-31,金华市,C003,9,42021,HE洗衣机,HE,洗衣机,2600,4699,C,C企业,330700,2018,3,7
2018-07-31,成都市,B001,15,62985,MD冰箱,MD,冰箱,2500,4199,B,B企业,510100,2018,3,7
2018-07-31,厦门市,C003,12,56028,HE洗衣机,HE,洗衣机,2600,4699,C,C企业,350200,2018,3,7
2018-07-31,金华市,C001,18,64782,HE冰箱,HE,冰箱,1800,3599,C,C企业,330700,2018,3,7
2018-08-01,厦门市,B001,9,37791,MD冰箱,MD,冰箱,2500,4199,B,B企业,350200,2018,3,8
2018-08-01,厦门市,B003,6,34194,MD洗衣机,MD,洗衣机,3100,5699,B,B企业,350200,2018,3,8
2018-08-01,金华市,A001,24,112056,GL冰箱,GL,冰箱,2200,4669,A,A企业,330700,2018,3,8
2018-08-01,厦门市,A001,12,56028,GL冰箱,GL,冰箱,2200,4669,A,A企业,350200,2018,3,8
2018-08-01,长沙市,B001,18,75582,MD冰箱,MD,冰箱,2500,4199,B,B企业,430100,2018,3,8
2018-08-01,成都市,A001,24,112056,GL冰箱,GL,冰箱,2200,4669,A,A企业,510100,2018,3,8
2018-08-01,上海市,A001,12,56028,GL冰箱,GL,冰箱,2200,4669,A,A企业,310000,2018,3,8
2018-08-02,长沙市,B003,6,34194,MD洗衣机,MD,洗衣机,3100,5699,B,B企业,430100,2018,3,8
2018-08-02,厦门市,B001,15,62985,MD冰箱,MD,冰箱,2500,4199,B,B企业,350200,2018,3,8
2018-08-02,金华市,C002,21,88179,HE电视,HE,电视,2200,4199,C,C企业,330700,2018,3,8
2018-08-02,厦门市,A001,18,84042,GL冰箱,GL,冰箱,2200,4669,A,A企业,350200,2018,3,8
2018-08-02,厦门市,C003,18,84042,HE洗衣机,HE,洗衣机,2600,4699,C,C企业,350200,2018,3,8
2018-08-02,金华市,A001,27,126063,GL冰箱,GL,冰箱,2200,4669,A,A企业,330700,2018,3,8
2018-08-02,成都市,A001,18,84042,GL冰箱,GL,冰箱,2200,4669,A,A企业,510100,2018,3,8
2018-08-02,长沙市,A001,15,70035,GL冰箱,GL,冰箱,2200,4669,A,A企业,430100,2018,3,8
2018-08-02,厦门市,A003,9,42021,GL洗衣机,GL,洗衣机,3200,4669,A,A企业,350200,2018,3,8
2018-08-02,厦门市,C001,12,43188,HE冰箱,HE,冰箱,1800,3599,C,C企业,350200,2018,3,8
2018-08-02,长沙市,B001,15,62985,MD冰箱,MD,冰箱,2500,4199,B,B企业,430100,2018,3,8
2018-08-02,成都市,B001,12,50388,MD冰箱,MD,冰箱,2500,4199,B,B企业,510100,2018,3,8
2018-08-02,厦门市,B002,9,32391,MD电视,MD,电视,2000,4299,B,B企业,350200,2018,3,8
2018-08-02,长沙市,C001,15,53985,HE冰箱,HE,冰箱,1800,3599,C,C企业,430100,2018,3,8
2018-08-02,金华市,A003,21,98049,GL洗衣机,GL,洗衣机,3200,4669,A,A企业,330700,2018,3,8
2018-08-03,金华市,A001,15,70035,GL冰箱,GL,冰箱,2200,4669,A,A企业,330700,2018,3,8
2018-08-03,厦门市,B001,18,75582,MD冰箱,MD,冰箱,2500,4199,B,B企业,350200,2018,3,8
2018-08-03,厦门市,A001,9,42021,GL冰箱,GL,冰箱,2200,4669,A,A企业,350200,2018,3,8
2018-08-03,金华市,B001,9,37791,MD冰箱,MD,冰箱,2500,4199,B,B企业,330700,2018,3,8
2018-08-03,厦门市,C003,15,70035,HE洗衣机,HE,洗衣机,2600,4699,C,C企业,350200,2018,3,8
2018-08-03,成都市,B001,21,88179,MD冰箱,MD,冰箱,2500,4199,B,B企业,510100,2018,3,8
2018-08-03,上海市,B001,21,88179,MD冰箱,MD,冰箱,2500,4199,B,B企业,310000,2018,3,8
2018-08-03,厦门市,A003,9,42021,GL洗衣机,GL,洗衣机,3200,4669,A,A企业,350200,2018,3,8
2018-08-03,长沙市,C002,21,88179,HE电视,HE,电视,2200,4199,C,C企业,430100,2018,3,8
2018-08-04,厦门市,A003,21,98049,GL洗衣机,GL,洗衣机,3200,4669,A,A企业,350200,2018,3,8
2018-08-04,厦门市,A001,12,56028,GL冰箱,GL,冰箱,2200,4669,A,A企业,350200,2018,3,8
2018-08-04,金华市,A001,18,84042,GL冰箱,GL,冰箱,2200,4669,A,A企业,330700,2018,3,8
2018-08-04,上海市,A003,21,98049,GL洗衣机,GL,洗衣机,3200,4669,A,A企业,310000,2018,3,8
2018-08-04,长沙市,A001,6,28014,GL冰箱,GL,冰箱,2200,4669,A,A企业,430100,2018,3,8
2018-08-04,金华市,B001,18,75582,MD冰箱,MD,冰箱,2500,4199,B,B企业,330700,2018,3,8
2018-08-04,厦门市,B001,12,50388,MD冰箱,MD,冰箱,2500,4199,B,B企业,350200,2018,3,8
2018-08-04,金华市,C001,27,97173,HE冰箱,HE,冰箱,1800,3599,C,C企业,330700,2018,3,8
2018-08-05,金华市,C003,12,56028,HE洗衣机,HE,洗衣机,2600,4699,C,C企业,330700,2018,3,8
2018-08-05,厦门市,B002,21,75579,MD电视,MD,电视,2000,4299,B,B企业,350200,2018,3,8
2018-08-05,厦门市,A001,15,70035,GL冰箱,GL,冰箱,2200,4669,A,A企业,350200,2018,3,8
2018-08-05,金华市,B001,21,88179,MD冰箱,MD,冰箱,2500,4199,B,B企业,330700,2018,3,8
2018-08-05,金华市,A003,18,84042,GL洗衣机,GL,洗衣机,3200,4669,A,A企业,330700,2018,3,8
2018-08-05,上海市,B001,21,88179,MD冰箱,MD,冰箱,2500,4199,B,B企业,310000,2018,3,8
2018-08-05,长沙市,C001,9,32391,HE冰箱,HE,冰箱,1800,3599,C,C企业,430100,2018,3,8
2018-08-06,厦门市,B001,21,88179,MD冰箱,MD,冰箱,2500,4199,B,B企业,350200,2018,3,8
2018-08-06,金华市,A003,15,70035,GL洗衣机,GL,洗衣机,3200,4669,A,A企业,330700,2018,3,8
2018-08-06,成都市,B001,6,25194,MD冰箱,MD,冰箱,2500,4199,B,B企业,510100,2018,3,8
2018-08-06,金华市,A001,6,28014,GL冰箱,GL,冰箱,2200,4669,A,A企业,330700,2018,3,8
2018-08-06,厦门市,A003,27,126063,GL洗衣机,GL,洗衣机,3200,4669,A,A企业,350200,2018,3,8
2018-08-06,金华市,B002,15,53985,MD电视,MD,电视,2000,4299,B,B企业,330700,2018,3,8
2018-08-06,厦门市,C003,12,56028,HE洗衣机,HE,洗衣机,2600,4699,C,C企业,350200,2018,3,8
2018-08-06,金华市,B001,27,113373,MD冰箱,MD,冰箱,2500,4199,B,B企业,330700,2018,3,8
2018-08-06,长沙市,B001,15,62985,MD冰箱,MD,冰箱,2500,4199,B,B企业,430100,2018,3,8
2018-08-06,金华市,C002,12,50388,HE电视,HE,电视,2200,4199,C,C企业,330700,2018,3,8
2018-08-06,上海市,A003,15,70035,GL洗衣机,GL,洗衣机,3200,4669,A,A企业,310000,2018,3,8
2018-08-06,成都市,A001,24,112056,GL冰箱,GL,冰箱,2200,4669,A,A企业,510100,2018,3,8
2018-08-06,厦门市,A001,18,84042,GL冰箱,GL,冰箱,2200,4669,A,A企业,350200,2018,3,8
2018-08-07,长沙市,B002,6,21594,MD电视,MD,电视,2000,4299,B,B企业,430100,2018,3,8
2018-08-07,金华市,A001,12,56028,GL冰箱,GL,冰箱,2200,4669,A,A企业,330700,2018,3,8
2018-08-07,成都市,B001,21,88179,MD冰箱,MD,冰箱,2500,4199,B,B企业,510100,2018,3,8
2018-08-07,厦门市,A001,21,98049,GL冰箱,GL,冰箱,2200,4669,A,A企业,350200,2018,3,8
2018-08-07,厦门市,B001,21,88179,MD冰箱,MD,冰箱,2500,4199,B,B企业,350200,2018,3,8
2018-08-07,长沙市,A001,27,126063,GL冰箱,GL,冰箱,2200,4669,A,A企业,430100,2018,3,8
2018-08-07,上海市,B001,15,62985,MD冰箱,MD,冰箱,2500,4199,B,B企业,310000,2018,3,8
2018-08-07,金华市,C003,15,70035,HE洗衣机,HE,洗衣机,2600,4699,C,C企业,330700,2018,3,8
2018-08-07,金华市,B001,15,62985,MD冰箱,MD,冰箱,2500,4199,B,B企业,330700,2018,3,8
2018-08-08,厦门市,B001,21,88179,MD冰箱,MD,冰箱,2500,4199,B,B企业,350200,2018,3,8
2018-08-08,金华市,B001,12,50388,MD冰箱,MD,冰箱,2500,4199,B,B企业,330700,2018,3,8
2018-08-08,长沙市,B001,12,50388,MD冰箱,MD,冰箱,2500,4199,B,B企业,430100,2018,3,8
2018-08-08,成都市,B001,18,75582,MD冰箱,MD,冰箱,2500,4199,B,B企业,510100,2018,3,8
2018-08-08,厦门市,A001,15,70035,GL冰箱,GL,冰箱,2200,4669,A,A企业,350200,2018,3,8
2018-08-08,厦门市,C002,15,62985,HE电视,HE,电视,2200,4199,C,C企业,350200,2018,3,8
2018-08-08,长沙市,A001,18,84042,GL冰箱,GL,冰箱,2200,4669,A,A企业,430100,2018,3,8
2018-08-08,长沙市,A003,18,84042,GL洗衣机,GL,洗衣机,3200,4669,A,A企业,430100,2018,3,8
2018-08-08,成都市,A001,15,70035,GL冰箱,GL,冰箱,2200,4669,A,A企业,510100,2018,3,8
2018-08-08,金华市,A003,15,70035,GL洗衣机,GL,洗衣机,3200,4669,A,A企业,330700,2018,3,8
2018-08-08,金华市,C002,12,50388,HE电视,HE,电视,2200,4199,C,C企业,330700,2018,3,8
2018-08-09,成都市,A001,12,56028,GL冰箱,GL,冰箱,2200,4669,A,A企业,510100,2018,3,8
2018-08-09,厦门市,A003,27,126063,GL洗衣机,GL,洗衣机,3200,4669,A,A企业,350200,2018,3,8
2018-08-09,金华市,B001,9,37791,MD冰箱,MD,冰箱,2500,4199,B,B企业,330700,2018,3,8
2018-08-09,厦门市,A001,18,84042,GL冰箱,GL,冰箱,2200,4669,A,A企业,350200,2018,3,8
2018-08-09,金华市,A001,6,28014,GL冰箱,GL,冰箱,2200,4669,A,A企业,330700,2018,3,8
2018-08-09,厦门市,B002,6,21594,MD电视,MD,电视,2000,4299,B,B企业,350200,2018,3,8
2018-08-09,金华市,A003,18,84042,GL洗衣机,GL,洗衣机,3200,4669,A,A企业,330700,2018,3,8
2018-08-09,厦门市,B001,9,37791,MD冰箱,MD,冰箱,2500,4199,B,B企业,350200,2018,3,8
2018-08-10,厦门市,A001,15,70035,GL冰箱,GL,冰箱,2200,4669,A,A企业,350200,2018,3,8
2018-08-10,厦门市,C001,18,64782,HE冰箱,HE,冰箱,1800,3599,C,C企业,350200,2018,3,8
2018-08-10,金华市,C003,21,98049,HE洗衣机,HE,洗衣机,2600,4699,C,C企业,330700,2018,3,8
2018-08-10,成都市,A001,6,28014,GL冰箱,GL,冰箱,2200,4669,A,A企业,510100,2018,3,8
2018-08-10,厦门市,B001,9,37791,MD冰箱,MD,冰箱,2500,4199,B,B企业,350200,2018,3,8
2018-08-10,成都市,B001,27,113373,MD冰箱,MD,冰箱,2500,4199,B,B企业,510100,2018,3,8
2018-08-10,上海市,A001,21,98049,GL冰箱,GL,冰箱,2200,4669,A,A企业,310000,2018,3,8
2018-08-10,金华市,B001,24,100776,MD冰箱,MD,冰箱,2500,4199,B,B企业,330700,2018,3,8
2018-08-10,长沙市,C003,18,84042,HE洗衣机,HE,洗衣机,2600,4699,C,C企业,430100,2018,3,8
2018-08-10,上海市,A003,9,42021,GL洗衣机,GL,洗衣机,3200,4669,A,A企业,310000,2018,3,8
2018-08-10,金华市,A001,12,56028,GL冰箱,GL,冰箱,2200,4669,A,A企业,330700,2018,3,8
2018-08-11,金华市,B001,24,100776,MD冰箱,MD,冰箱,2500,4199,B,B企业,330700,2018,3,8
2018-08-11,厦门市,A001,24,112056,GL冰箱,GL,冰箱,2200,4669,A,A企业,350200,2018,3,8
2018-08-11,金华市,C003,21,98049,HE洗衣机,HE,洗衣机,2600,4699,C,C企业,330700,2018,3,8
2018-08-11,长沙市,A001,18,84042,GL冰箱,GL,冰箱,2200,4669,A,A企业,430100,2018,3,8
2018-08-11,厦门市,C002,6,25194,HE电视,HE,电视,2200,4199,C,C企业,350200,2018,3,8
2018-08-11,上海市,B001,15,62985,MD冰箱,MD,冰箱,2500,4199,B,B企业,310000,2018,3,8
2018-08-11,上海市,A003,18,84042,GL洗衣机,GL,洗衣机,3200,4669,A,A企业,310000,2018,3,8
2018-08-12,厦门市,B001,15,62985,MD冰箱,MD,冰箱,2500,4199,B,B企业,350200,2018,3,8
2018-08-12,成都市,A001,12,56028,GL冰箱,GL,冰箱,2200,4669,A,A企业,510100,2018,3,8
2018-08-12,厦门市,A001,12,56028,GL冰箱,GL,冰箱,2200,4669,A,A企业,350200,2018,3,8
2018-08-12,金华市,A003,18,84042,GL洗衣机,GL,洗衣机,3200,4669,A,A企业,330700,2018,3,8
2018-08-12,金华市,A001,15,70035,GL冰箱,GL,冰箱,2200,4669,A,A企业,330700,2018,3,8
2018-08-12,上海市,A003,15,70035,GL洗衣机,GL,洗衣机,3200,4669,A,A企业,310000,2018,3,8
2018-08-12,金华市,B002,24,86376,MD电视,MD,电视,2000,4299,B,B企业,330700,2018,3,8
2018-08-13,长沙市,B001,21,88179,MD冰箱,MD,冰箱,2500,4199,B,B企业,430100,2018,3,8
2018-08-13,厦门市,A003,9,42021,GL洗衣机,GL,洗衣机,3200,4669,A,A企业,350200,2018,3,8
2018-08-13,金华市,A001,15,70035,GL冰箱,GL,冰箱,2200,4669,A,A企业,330700,2018,3,8
2018-08-13,厦门市,B001,15,62985,MD冰箱,MD,冰箱,2500,4199,B,B企业,350200,2018,3,8
2018-08-13,成都市,A001,18,84042,GL冰箱,GL,冰箱,2200,4669,A,A企业,510100,2018,3,8
2018-08-13,金华市,A003,18,84042,GL洗衣机,GL,洗衣机,3200,4669,A,A企业,330700,2018,3,8
2018-08-13,金华市,B001,9,37791,MD冰箱,MD,冰箱,2500,4199,B,B企业,330700,2018,3,8
2018-08-13,长沙市,A001,27,126063,GL冰箱,GL,冰箱,2200,4669,A,A企业,430100,2018,3,8
2018-08-14,厦门市,A001,24,112056,GL冰箱,GL,冰箱,2200,4669,A,A企业,350200,2018,3,8
2018-08-14,厦门市,A003,15,70035,GL洗衣机,GL,洗衣机,3200,4669,A,A企业,350200,2018,3,8
2018-08-14,成都市,A001,18,84042,GL冰箱,GL,冰箱,2200,4669,A,A企业,510100,2018,3,8
2018-08-14,成都市,B001,21,88179,MD冰箱,MD,冰箱,2500,4199,B,B企业,510100,2018,3,8
2018-08-14,厦门市,B001,21,88179,MD冰箱,MD,冰箱,2500,4199,B,B企业,350200,2018,3,8
2018-08-14,金华市,A001,12,56028,GL冰箱,GL,冰箱,2200,4669,A,A企业,330700,2018,3,8
2018-08-14,金华市,B001,6,25194,MD冰箱,MD,冰箱,2500,4199,B,B企业,330700,2018,3,8
2018-08-14,厦门市,C003,9,42021,HE洗衣机,HE,洗衣机,2600,4699,C,C企业,350200,2018,3,8
2018-08-14,长沙市,B001,15,62985,MD冰箱,MD,冰箱,2500,4199,B,B企业,430100,2018,3,8
2018-08-14,上海市,A003,15,70035,GL洗衣机,GL,洗衣机,3200,4669,A,A企业,310000,2018,3,8
2018-08-15,长沙市,A001,24,112056,GL冰箱,GL,冰箱,2200,4669,A,A企业,430100,2018,3,8
2018-08-15,厦门市,B001,18,75582,MD冰箱,MD,冰箱,2500,4199,B,B企业,350200,2018,3,8
2018-08-15,厦门市,C003,15,70035,HE洗衣机,HE,洗衣机,2600,4699,C,C企业,350200,2018,3,8
2018-08-15,金华市,B001,9,37791,MD冰箱,MD,冰箱,2500,4199,B,B企业,330700,2018,3,8
2018-08-15,成都市,B001,27,113373,MD冰箱,MD,冰箱,2500,4199,B,B企业,510100,2018,3,8
2018-08-15,金华市,A001,21,98049,GL冰箱,GL,冰箱,2200,4669,A,A企业,330700,2018,3,8
2018-08-15,厦门市,A001,21,98049,GL冰箱,GL,冰箱,2200,4669,A,A企业,350200,2018,3,8
2018-08-15,成都市,A001,18,84042,GL冰箱,GL,冰箱,2200,4669,A,A企业,510100,2018,3,8
2018-08-16,成都市,A001,21,98049,GL冰箱,GL,冰箱,2200,4669,A,A企业,510100,2018,3,8
2018-08-16,金华市,B002,6,21594,MD电视,MD,电视,2000,4299,B,B企业,330700,2018,3,8
2018-08-16,厦门市,B001,24,100776,MD冰箱,MD,冰箱,2500,4199,B,B企业,350200,2018,3,8
2018-08-16,金华市,A001,12,56028,GL冰箱,GL,冰箱,2200,4669,A,A企业,330700,2018,3,8
2018-08-16,长沙市,A001,6,28014,GL冰箱,GL,冰箱,2200,4669,A,A企业,430100,2018,3,8
2018-08-16,长沙市,A003,18,84042,GL洗衣机,GL,洗衣机,3200,4669,A,A企业,430100,2018,3,8
2018-08-16,厦门市,A001,15,70035,GL冰箱,GL,冰箱,2200,4669,A,A企业,350200,2018,3,8
2018-08-16,成都市,B001,21,88179,MD冰箱,MD,冰箱,2500,4199,B,B企业,510100,2018,3,8
2018-08-16,金华市,B001,18,75582,MD冰箱,MD,冰箱,2500,4199,B,B企业,330700,2018,3,8
2018-08-16,厦门市,B002,18,64782,MD电视,MD,电视,2000,4299,B,B企业,350200,2018,3,8
2018-08-16,金华市,B003,18,102582,MD洗衣机,MD,洗衣机,3100,5699,B,B企业,330700,2018,3,8
2018-08-16,上海市,B003,12,68388,MD洗衣机,MD,洗衣机,3100,5699,B,B企业,310000,2018,3,8
2018-08-17,厦门市,A001,15,70035,GL冰箱,GL,冰箱,2200,4669,A,A企业,350200,2018,3,8
2018-08-17,厦门市,B001,9,37791,MD冰箱,MD,冰箱,2500,4199,B,B企业,350200,2018,3,8
2018-08-17,长沙市,C003,15,70035,HE洗衣机,HE,洗衣机,2600,4699,C,C企业,430100,2018,3,8
2018-08-17,厦门市,A003,21,98049,GL洗衣机,GL,洗衣机,3200,4669,A,A企业,350200,2018,3,8
2018-08-17,长沙市,B001,21,88179,MD冰箱,MD,冰箱,2500,4199,B,B企业,430100,2018,3,8
2018-08-17,成都市,B001,15,62985,MD冰箱,MD,冰箱,2500,4199,B,B企业,510100,2018,3,8
2018-08-17,长沙市,A001,12,56028,GL冰箱,GL,冰箱,2200,4669,A,A企业,430100,2018,3,8
2018-08-17,金华市,A001,21,98049,GL冰箱,GL,冰箱,2200,4669,A,A企业,330700,2018,3,8
2018-08-17,金华市,C001,15,53985,HE冰箱,HE,冰箱,1800,3599,C,C企业,330700,2018,3,8
2018-08-17,成都市,A001,18,84042,GL冰箱,GL,冰箱,2200,4669,A,A企业,510100,2018,3,8
2018-08-17,金华市,B001,6,25194,MD冰箱,MD,冰箱,2500,4199,B,B企业,330700,2018,3,8
2018-08-17,厦门市,B003,18,102582,MD洗衣机,MD,洗衣机,3100,5699,B,B企业,350200,2018,3,8
2018-08-18,厦门市,A001,9,42021,GL冰箱,GL,冰箱,2200,4669,A,A企业,350200,2018,3,8
2018-08-18,长沙市,B001,15,62985,MD冰箱,MD,冰箱,2500,4199,B,B企业,430100,2018,3,8
2018-08-18,金华市,A001,15,70035,GL冰箱,GL,冰箱,2200,4669,A,A企业,330700,2018,3,8
2018-08-18,成都市,A001,12,56028,GL冰箱,GL,冰箱,2200,4669,A,A企业,510100,2018,3,8
2018-08-18,厦门市,A003,9,42021,GL洗衣机,GL,洗衣机,3200,4669,A,A企业,350200,2018,3,8
2018-08-18,上海市,B001,12,50388,MD冰箱,MD,冰箱,2500,4199,B,B企业,310000,2018,3,8
2018-08-18,上海市,A001,9,42021,GL冰箱,GL,冰箱,2200,4669,A,A企业,310000,2018,3,8
2018-08-18,金华市,B001,12,50388,MD冰箱,MD,冰箱,2500,4199,B,B企业,330700,2018,3,8
2018-08-18,厦门市,B001,12,50388,MD冰箱,MD,冰箱,2500,4199,B,B企业,350200,2018,3,8
2018-08-18,厦门市,C003,18,84042,HE洗衣机,HE,洗衣机,2600,4699,C,C企业,350200,2018,3,8
2018-08-18,厦门市,B002,9,32391,MD电视,MD,电视,2000,4299,B,B企业,350200,2018,3,8
2018-08-18,金华市,A003,12,56028,GL洗衣机,GL,洗衣机,3200,4669,A,A企业,330700,2018,3,8
2018-08-18,厦门市,B003,18,102582,MD洗衣机,MD,洗衣机,3100,5699,B,B企业,350200,2018,3,8
2018-08-18,上海市,A003,21,98049,GL洗衣机,GL,洗衣机,3200,4669,A,A企业,310000,2018,3,8
2018-08-19,厦门市,B001,21,88179,MD冰箱,MD,冰箱,2500,4199,B,B企业,350200,2018,3,8
2018-08-19,金华市,B001,15,62985,MD冰箱,MD,冰箱,2500,4199,B,B企业,330700,2018,3,8
2018-08-19,金华市,A001,18,84042,GL冰箱,GL,冰箱,2200,4669,A,A企业,330700,2018,3,8
2018-08-19,上海市,A001,27,126063,GL冰箱,GL,冰箱,2200,4669,A,A企业,310000,2018,3,8
2018-08-19,厦门市,A003,15,70035,GL洗衣机,GL,洗衣机,3200,4669,A,A企业,350200,2018,3,8
2018-08-19,厦门市,A001,6,28014,GL冰箱,GL,冰箱,2200,4669,A,A企业,350200,2018,3,8
2018-08-19,上海市,A003,6,28014,GL洗衣机,GL,洗衣机,3200,4669,A,A企业,310000,2018,3,8
2018-08-19,成都市,B001,21,88179,MD冰箱,MD,冰箱,2500,4199,B,B企业,510100,2018,3,8
2018-08-19,金华市,A003,15,70035,GL洗衣机,GL,洗衣机,3200,4669,A,A企业,330700,2018,3,8
2018-08-19,上海市,B002,6,21594,MD电视,MD,电视,2000,4299,B,B企业,310000,2018,3,8
2018-08-20,厦门市,C003,6,28014,HE洗衣机,HE,洗衣机,2600,4699,C,C企业,350200,2018,3,8
2018-08-20,厦门市,C001,21,75579,HE冰箱,HE,冰箱,1800,3599,C,C企业,350200,2018,3,8
2018-08-20,厦门市,A001,6,28014,GL冰箱,GL,冰箱,2200,4669,A,A企业,350200,2018,3,8
2018-08-20,上海市,B001,9,37791,MD冰箱,MD,冰箱,2500,4199,B,B企业,310000,2018,3,8
2018-08-20,金华市,A003,12,56028,GL洗衣机,GL,洗衣机,3200,4669,A,A企业,330700,2018,3,8
2018-08-20,金华市,B001,21,88179,MD冰箱,MD,冰箱,2500,4199,B,B企业,330700,2018,3,8
2018-08-20,金华市,B002,9,32391,MD电视,MD,电视,2000,4299,B,B企业,330700,2018,3,8
2018-08-20,金华市,A001,15,70035,GL冰箱,GL,冰箱,2200,4669,A,A企业,330700,2018,3,8
2018-08-20,成都市,B001,18,75582,MD冰箱,MD,冰箱,2500,4199,B,B企业,510100,2018,3,8
2018-08-20,厦门市,B001,15,62985,MD冰箱,MD,冰箱,2500,4199,B,B企业,350200,2018,3,8
2018-08-20,上海市,A001,18,84042,GL冰箱,GL,冰箱,2200,4669,A,A企业,310000,2018,3,8
2018-08-20,金华市,C001,15,53985,HE冰箱,HE,冰箱,1800,3599,C,C企业,330700,2018,3,8
2018-08-20,长沙市,C001,27,97173,HE冰箱,HE,冰箱,1800,3599,C,C企业,430100,2018,3,8
2018-08-21,厦门市,B001,21,88179,MD冰箱,MD,冰箱,2500,4199,B,B企业,350200,2018,3,8
2018-08-21,金华市,C001,18,64782,HE冰箱,HE,冰箱,1800,3599,C,C企业,330700,2018,3,8
2018-08-21,厦门市,A001,18,84042,GL冰箱,GL,冰箱,2200,4669,A,A企业,350200,2018,3,8
2018-08-21,长沙市,B001,21,88179,MD冰箱,MD,冰箱,2500,4199,B,B企业,430100,2018,3,8
2018-08-21,厦门市,A003,15,70035,GL洗衣机,GL,洗衣机,3200,4669,A,A企业,350200,2018,3,8
2018-08-21,成都市,B001,18,75582,MD冰箱,MD,冰箱,2500,4199,B,B企业,510100,2018,3,8
2018-08-22,金华市,A001,12,56028,GL冰箱,GL,冰箱,2200,4669,A,A企业,330700,2018,3,8
2018-08-22,上海市,A001,12,56028,GL冰箱,GL,冰箱,2200,4669,A,A企业,310000,2018,3,8
2018-08-22,长沙市,B001,15,62985,MD冰箱,MD,冰箱,2500,4199,B,B企业,430100,2018,3,8
2018-08-22,厦门市,A003,21,98049,GL洗衣机,GL,洗衣机,3200,4669,A,A企业,350200,2018,3,8
2018-08-22,金华市,A003,18,84042,GL洗衣机,GL,洗衣机,3200,4669,A,A企业,330700,2018,3,8
2018-08-22,厦门市,B001,12,50388,MD冰箱,MD,冰箱,2500,4199,B,B企业,350200,2018,3,8
2018-08-22,长沙市,B002,12,43188,MD电视,MD,电视,2000,4299,B,B企业,430100,2018,3,8
2018-08-22,厦门市,A001,21,98049,GL冰箱,GL,冰箱,2200,4669,A,A企业,350200,2018,3,8
2018-08-23,长沙市,B001,15,62985,MD冰箱,MD,冰箱,2500,4199,B,B企业,430100,2018,3,8
2018-08-23,金华市,A001,12,56028,GL冰箱,GL,冰箱,2200,4669,A,A企业,330700,2018,3,8
2018-08-23,成都市,B001,12,50388,MD冰箱,MD,冰箱,2500,4199,B,B企业,510100,2018,3,8
2018-08-23,厦门市,C001,18,64782,HE冰箱,HE,冰箱,1800,3599,C,C企业,350200,2018,3,8
2018-08-23,厦门市,C003,12,56028,HE洗衣机,HE,洗衣机,2600,4699,C,C企业,350200,2018,3,8
2018-08-23,厦门市,B002,9,32391,MD电视,MD,电视,2000,4299,B,B企业,350200,2018,3,8
2018-08-23,长沙市,C001,15,53985,HE冰箱,HE,冰箱,1800,3599,C,C企业,430100,2018,3,8
2018-08-23,厦门市,A001,12,56028,GL冰箱,GL,冰箱,2200,4669,A,A企业,350200,2018,3,8
2018-08-23,金华市,A003,21,98049,GL洗衣机,GL,洗衣机,3200,4669,A,A企业,330700,2018,3,8
2018-08-23,长沙市,A001,12,56028,GL冰箱,GL,冰箱,2200,4669,A,A企业,430100,2018,3,8
2018-08-23,成都市,A001,21,98049,GL冰箱,GL,冰箱,2200,4669,A,A企业,510100,2018,3,8
2018-08-23,厦门市,B001,15,62985,MD冰箱,MD,冰箱,2500,4199,B,B企业,350200,2018,3,8
2018-08-23,金华市,B001,15,62985,MD冰箱,MD,冰箱,2500,4199,B,B企业,330700,2018,3,8
2018-08-24,厦门市,B001,6,25194,MD冰箱,MD,冰箱,2500,4199,B,B企业,350200,2018,3,8
2018-08-24,上海市,B001,21,88179,MD冰箱,MD,冰箱,2500,4199,B,B企业,310000,2018,3,8
2018-08-24,金华市,B001,12,50388,MD冰箱,MD,冰箱,2500,4199,B,B企业,330700,2018,3,8
2018-08-24,厦门市,A003,9,42021,GL洗衣机,GL,洗衣机,3200,4669,A,A企业,350200,2018,3,8
2018-08-24,长沙市,C002,21,88179,HE电视,HE,电视,2200,4199,C,C企业,430100,2018,3,8
2018-08-24,成都市,B001,24,100776,MD冰箱,MD,冰箱,2500,4199,B,B企业,510100,2018,3,8
2018-08-24,长沙市,A003,12,56028,GL洗衣机,GL,洗衣机,3200,4669,A,A企业,430100,2018,3,8
2018-08-24,厦门市,C003,12,56028,HE洗衣机,HE,洗衣机,2600,4699,C,C企业,350200,2018,3,8
2018-08-24,厦门市,A001,9,42021,GL冰箱,GL,冰箱,2200,4669,A,A企业,350200,2018,3,8
2018-08-24,金华市,A001,18,84042,GL冰箱,GL,冰箱,2200,4669,A,A企业,330700,2018,3,8
2018-08-24,厦门市,C002,12,50388,HE电视,HE,电视,2200,4199,C,C企业,350200,2018,3,8
2018-08-25,上海市,A003,21,98049,GL洗衣机,GL,洗衣机,3200,4669,A,A企业,310000,2018,3,8
2018-08-25,长沙市,A001,6,28014,GL冰箱,GL,冰箱,2200,4669,A,A企业,430100,2018,3,8
2018-08-25,厦门市,A001,6,28014,GL冰箱,GL,冰箱,2200,4669,A,A企业,350200,2018,3,8
2018-08-25,金华市,B001,18,75582,MD冰箱,MD,冰箱,2500,4199,B,B企业,330700,2018,3,8
2018-08-25,厦门市,B001,12,50388,MD冰箱,MD,冰箱,2500,4199,B,B企业,350200,2018,3,8
2018-08-25,金华市,A001,27,126063,GL冰箱,GL,冰箱,2200,4669,A,A企业,330700,2018,3,8
2018-08-25,金华市,C001,27,97173,HE冰箱,HE,冰箱,1800,3599,C,C企业,330700,2018,3,8
2018-08-25,金华市,A003,18,84042,GL洗衣机,GL,洗衣机,3200,4669,A,A企业,330700,2018,3,8
2018-08-25,成都市,A001,15,70035,GL冰箱,GL,冰箱,2200,4669,A,A企业,510100,2018,3,8
2018-08-25,成都市,B001,15,62985,MD冰箱,MD,冰箱,2500,4199,B,B企业,510100,2018,3,8
2018-08-26,金华市,A003,18,84042,GL洗衣机,GL,洗衣机,3200,4669,A,A企业,330700,2018,3,8
2018-08-26,金华市,B001,15,62985,MD冰箱,MD,冰箱,2500,4199,B,B企业,330700,2018,3,8
2018-08-26,上海市,B001,21,88179,MD冰箱,MD,冰箱,2500,4199,B,B企业,310000,2018,3,8
2018-08-26,厦门市,A001,18,84042,GL冰箱,GL,冰箱,2200,4669,A,A企业,350200,2018,3,8
2018-08-26,长沙市,C001,9,32391,HE冰箱,HE,冰箱,1800,3599,C,C企业,430100,2018,3,8
2018-08-26,金华市,C003,15,70035,HE洗衣机,HE,洗衣机,2600,4699,C,C企业,330700,2018,3,8
2018-08-26,厦门市,B001,15,62985,MD冰箱,MD,冰箱,2500,4199,B,B企业,350200,2018,3,8
2018-08-26,厦门市,C003,6,28014,HE洗衣机,HE,洗衣机,2600,4699,C,C企业,350200,2018,3,8
2018-08-26,上海市,A003,15,70035,GL洗衣机,GL,洗衣机,3200,4669,A,A企业,310000,2018,3,8
2018-08-26,上海市,B003,18,102582,MD洗衣机,MD,洗衣机,3100,5699,B,B企业,310000,2018,3,8
2018-08-26,金华市,A001,24,112056,GL冰箱,GL,冰箱,2200,4669,A,A企业,330700,2018,3,8
2018-08-26,成都市,B001,21,88179,MD冰箱,MD,冰箱,2500,4199,B,B企业,510100,2018,3,8
2018-08-26,长沙市,A001,9,42021,GL冰箱,GL,冰箱,2200,4669,A,A企业,430100,2018,3,8
2018-08-27,长沙市,B001,15,62985,MD冰箱,MD,冰箱,2500,4199,B,B企业,430100,2018,3,8
2018-08-27,金华市,C002,12,50388,HE电视,HE,电视,2200,4199,C,C企业,330700,2018,3,8
2018-08-27,上海市,A003,15,70035,GL洗衣机,GL,洗衣机,3200,4669,A,A企业,310000,2018,3,8
2018-08-27,金华市,A003,18,84042,GL洗衣机,GL,洗衣机,3200,4669,A,A企业,330700,2018,3,8
2018-08-27,金华市,A001,18,84042,GL冰箱,GL,冰箱,2200,4669,A,A企业,330700,2018,3,8
2018-08-27,金华市,B001,9,37791,MD冰箱,MD,冰箱,2500,4199,B,B企业,330700,2018,3,8
2018-08-27,成都市,A001,24,112056,GL冰箱,GL,冰箱,2200,4669,A,A企业,510100,2018,3,8
2018-08-27,厦门市,A001,18,84042,GL冰箱,GL,冰箱,2200,4669,A,A企业,350200,2018,3,8
2018-08-27,成都市,B001,12,50388,MD冰箱,MD,冰箱,2500,4199,B,B企业,510100,2018,3,8
2018-08-27,厦门市,C003,15,70035,HE洗衣机,HE,洗衣机,2600,4699,C,C企业,350200,2018,3,8
2018-08-27,长沙市,C003,21,98049,HE洗衣机,HE,洗衣机,2600,4699,C,C企业,430100,2018,3,8
2018-08-27,上海市,A001,6,28014,GL冰箱,GL,冰箱,2200,4669,A,A企业,310000,2018,3,8
2018-08-27,厦门市,B001,9,37791,MD冰箱,MD,冰箱,2500,4199,B,B企业,350200,2018,3,8
2018-08-27,上海市,B003,12,68388,MD洗衣机,MD,洗衣机,3100,5699,B,B企业,310000,2018,3,8
2018-08-27,厦门市,C002,9,37791,HE电视,HE,电视,2200,4199,C,C企业,350200,2018,3,8
2018-08-28,厦门市,B001,18,75582,MD冰箱,MD,冰箱,2500,4199,B,B企业,350200,2018,3,8
2018-08-28,厦门市,A001,18,84042,GL冰箱,GL,冰箱,2200,4669,A,A企业,350200,2018,3,8
2018-08-28,金华市,A001,6,28014,GL冰箱,GL,冰箱,2200,4669,A,A企业,330700,2018,3,8
2018-08-28,上海市,B001,15,62985,MD冰箱,MD,冰箱,2500,4199,B,B企业,310000,2018,3,8
2018-08-28,金华市,C003,15,70035,HE洗衣机,HE,洗衣机,2600,4699,C,C企业,330700,2018,3,8
2018-08-28,金华市,B001,15,62985,MD冰箱,MD,冰箱,2500,4199,B,B企业,330700,2018,3,8
2018-08-28,长沙市,A003,9,42021,GL洗衣机,GL,洗衣机,3200,4669,A,A企业,430100,2018,3,8
2018-08-28,长沙市,A001,6,28014,GL冰箱,GL,冰箱,2200,4669,A,A企业,430100,2018,3,8
2018-08-28,金华市,A003,15,70035,GL洗衣机,GL,洗衣机,3200,4669,A,A企业,330700,2018,3,8
2018-08-29,厦门市,A001,15,70035,GL冰箱,GL,冰箱,2200,4669,A,A企业,350200,2018,3,8
2018-08-29,厦门市,B001,21,88179,MD冰箱,MD,冰箱,2500,4199,B,B企业,350200,2018,3,8
2018-08-29,金华市,B001,15,62985,MD冰箱,MD,冰箱,2500,4199,B,B企业,330700,2018,3,8
2018-08-29,厦门市,C002,15,62985,HE电视,HE,电视,2200,4199,C,C企业,350200,2018,3,8
2018-08-29,长沙市,A001,18,84042,GL冰箱,GL,冰箱,2200,4669,A,A企业,430100,2018,3,8
2018-08-29,长沙市,A003,18,84042,GL洗衣机,GL,洗衣机,3200,4669,A,A企业,430100,2018,3,8
2018-08-29,成都市,A001,15,70035,GL冰箱,GL,冰箱,2200,4669,A,A企业,510100,2018,3,8
2018-08-29,金华市,A003,15,70035,GL洗衣机,GL,洗衣机,3200,4669,A,A企业,330700,2018,3,8
2018-08-29,金华市,C002,12,50388,HE电视,HE,电视,2200,4199,C,C企业,330700,2018,3,8
2018-08-29,上海市,B003,21,119679,MD洗衣机,MD,洗衣机,3100,5699,B,B企业,310000,2018,3,8
2018-08-29,上海市,B001,18,75582,MD冰箱,MD,冰箱,2500,4199,B,B企业,310000,2018,3,8
2018-08-29,厦门市,A003,12,56028,GL洗衣机,GL,洗衣机,3200,4669,A,A企业,350200,2018,3,8
2018-08-29,厦门市,C001,9,32391,HE冰箱,HE,冰箱,1800,3599,C,C企业,350200,2018,3,8
2018-08-30,金华市,A003,18,84042,GL洗衣机,GL,洗衣机,3200,4669,A,A企业,330700,2018,3,8
2018-08-30,厦门市,B001,9,37791,MD冰箱,MD,冰箱,2500,4199,B,B企业,350200,2018,3,8
2018-08-30,厦门市,A001,27,126063,GL冰箱,GL,冰箱,2200,4669,A,A企业,350200,2018,3,8
2018-08-30,金华市,B001,9,37791,MD冰箱,MD,冰箱,2500,4199,B,B企业,330700,2018,3,8
2018-08-30,厦门市,C001,9,32391,HE冰箱,HE,冰箱,1800,3599,C,C企业,350200,2018,3,8
2018-08-30,金华市,A001,18,84042,GL冰箱,GL,冰箱,2200,4669,A,A企业,330700,2018,3,8
2018-08-30,成都市,A001,12,56028,GL冰箱,GL,冰箱,2200,4669,A,A企业,510100,2018,3,8
2018-08-30,长沙市,A001,24,112056,GL冰箱,GL,冰箱,2200,4669,A,A企业,430100,2018,3,8
2018-08-31,厦门市,A001,12,56028,GL冰箱,GL,冰箱,2200,4669,A,A企业,350200,2018,3,8
2018-08-31,成都市,B001,27,113373,MD冰箱,MD,冰箱,2500,4199,B,B企业,510100,2018,3,8
2018-08-31,成都市,A001,6,28014,GL冰箱,GL,冰箱,2200,4669,A,A企业,510100,2018,3,8
2018-08-31,上海市,A001,21,98049,GL冰箱,GL,冰箱,2200,4669,A,A企业,310000,2018,3,8
2018-08-31,金华市,B001,24,100776,MD冰箱,MD,冰箱,2500,4199,B,B企业,330700,2018,3,8
2018-08-31,厦门市,B001,12,50388,MD冰箱,MD,冰箱,2500,4199,B,B企业,350200,2018,3,8
2018-08-31,长沙市,C003,18,84042,HE洗衣机,HE,洗衣机,2600,4699,C,C企业,430100,2018,3,8
2018-08-31,上海市,A003,9,42021,GL洗衣机,GL,洗衣机,3200,4669,A,A企业,310000,2018,3,8
2018-08-31,金华市,A001,12,56028,GL冰箱,GL,冰箱,2200,4669,A,A企业,330700,2018,3,8
2018-08-31,厦门市,C002,21,88179,HE电视,HE,电视,2200,4199,C,C企业,350200,2018,3,8
2018-08-31,长沙市,B001,18,75582,MD冰箱,MD,冰箱,2500,4199,B,B企业,430100,2018,3,8
2018-08-31,金华市,A003,9,42021,GL洗衣机,GL,洗衣机,3200,4669,A,A企业,330700,2018,3,8
2018-09-01,金华市,C003,21,98049,HE洗衣机,HE,洗衣机,2600,4699,C,C企业,330700,2018,3,9
2018-09-01,金华市,B001,12,50388,MD冰箱,MD,冰箱,2500,4199,B,B企业,330700,2018,3,9
2018-09-01,长沙市,A001,18,84042,GL冰箱,GL,冰箱,2200,4669,A,A企业,430100,2018,3,9
2018-09-01,厦门市,C002,6,25194,HE电视,HE,电视,2200,4199,C,C企业,350200,2018,3,9
2018-09-01,上海市,B001,15,62985,MD冰箱,MD,冰箱,2500,4199,B,B企业,310000,2018,3,9
2018-09-01,厦门市,A001,15,70035,GL冰箱,GL,冰箱,2200,4669,A,A企业,350200,2018,3,9
2018-09-01,上海市,A003,18,84042,GL洗衣机,GL,洗衣机,3200,4669,A,A企业,310000,2018,3,9
2018-09-01,金华市,A003,15,70035,GL洗衣机,GL,洗衣机,3200,4669,A,A企业,330700,2018,3,9
2018-09-01,金华市,A001,9,42021,GL冰箱,GL,冰箱,2200,4669,A,A企业,330700,2018,3,9
2018-09-01,成都市,B001,27,113373,MD冰箱,MD,冰箱,2500,4199,B,B企业,510100,2018,3,9
2018-09-01,厦门市,B001,15,62985,MD冰箱,MD,冰箱,2500,4199,B,B企业,350200,2018,3,9
2018-09-02,厦门市,B001,21,88179,MD冰箱,MD,冰箱,2500,4199,B,B企业,350200,2018,3,9
2018-09-02,金华市,A003,18,84042,GL洗衣机,GL,洗衣机,3200,4669,A,A企业,330700,2018,3,9
2018-09-02,金华市,A001,15,70035,GL冰箱,GL,冰箱,2200,4669,A,A企业,330700,2018,3,9
2018-09-02,上海市,A003,15,70035,GL洗衣机,GL,洗衣机,3200,4669,A,A企业,310000,2018,3,9
2018-09-02,金华市,B002,24,86376,MD电视,MD,电视,2000,4299,B,B企业,330700,2018,3,9
2018-09-02,厦门市,A001,18,84042,GL冰箱,GL,冰箱,2200,4669,A,A企业,350200,2018,3,9
2018-09-02,成都市,A001,9,42021,GL冰箱,GL,冰箱,2200,4669,A,A企业,510100,2018,3,9
2018-09-02,金华市,B001,9,37791,MD冰箱,MD,冰箱,2500,4199,B,B企业,330700,2018,3,9
2018-09-02,厦门市,A003,12,56028,GL洗衣机,GL,洗衣机,3200,4669,A,A企业,350200,2018,3,9
2018-09-02,长沙市,B001,12,50388,MD冰箱,MD,冰箱,2500,4199,B,B企业,430100,2018,3,9
2018-09-02,上海市,C001,18,64782,HE冰箱,HE,冰箱,1800,3599,C,C企业,310000,2018,3,9
2018-09-02,上海市,A001,27,126063,GL冰箱,GL,冰箱,2200,4669,A,A企业,310000,2018,3,9
2018-09-03,厦门市,B001,24,100776,MD冰箱,MD,冰箱,2500,4199,B,B企业,350200,2018,3,9
2018-09-03,长沙市,A001,27,126063,GL冰箱,GL,冰箱,2200,4669,A,A企业,430100,2018,3,9
2018-09-03,金华市,B001,24,100776,MD冰箱,MD,冰箱,2500,4199,B,B企业,330700,2018,3,9
2018-09-03,金华市,A001,9,42021,GL冰箱,GL,冰箱,2200,4669,A,A企业,330700,2018,3,9
2018-09-03,长沙市,B001,12,50388,MD冰箱,MD,冰箱,2500,4199,B,B企业,430100,2018,3,9
2018-09-03,金华市,A003,6,28014,GL洗衣机,GL,洗衣机,3200,4669,A,A企业,330700,2018,3,9
2018-09-03,厦门市,A001,15,70035,GL冰箱,GL,冰箱,2200,4669,A,A企业,350200,2018,3,9
2018-09-03,成都市,B001,12,50388,MD冰箱,MD,冰箱,2500,4199,B,B企业,510100,2018,3,9
2018-09-04,长沙市,B001,15,62985,MD冰箱,MD,冰箱,2500,4199,B,B企业,430100,2018,3,9
2018-09-04,金华市,B001,10,41990,MD冰箱,MD,冰箱,2500,4199,B,B企业,330700,2018,3,9
2018-09-04,上海市,A003,10,46690,GL洗衣机,GL,洗衣机,3200,4669,A,A企业,310000,2018,3,9
2018-09-04,厦门市,B001,10,41990,MD冰箱,MD,冰箱,2500,4199,B,B企业,350200,2018,3,9
2018-09-04,金华市,A001,7,32683,GL冰箱,GL,冰箱,2200,4669,A,A企业,330700,2018,3,9
2018-09-04,上海市,B001,13,54587,MD冰箱,MD,冰箱,2500,4199,B,B企业,310000,2018,3,9
2018-09-04,成都市,A001,4,18676,GL冰箱,GL,冰箱,2200,4669,A,A企业,510100,2018,3,9
2018-09-04,厦门市,A001,4,18676,GL冰箱,GL,冰箱,2200,4669,A,A企业,350200,2018,3,9
2018-09-04,厦门市,A003,7,32683,GL洗衣机,GL,洗衣机,3200,4669,A,A企业,350200,2018,3,9
2018-09-04,上海市,C002,4,16796,HE电视,HE,电视,2200,4199,C,C企业,310000,2018,3,9
2018-09-05,金华市,B001,13,54587,MD冰箱,MD,冰箱,2500,4199,B,B企业,330700,2018,3,9
2018-09-05,金华市,A001,16,74704,GL冰箱,GL,冰箱,2200,4669,A,A企业,330700,2018,3,9
2018-09-05,厦门市,B001,4,16796,MD冰箱,MD,冰箱,2500,4199,B,B企业,350200,2018,3,9
2018-09-05,厦门市,A001,16,74704,GL冰箱,GL,冰箱,2200,4669,A,A企业,350200,2018,3,9
2018-09-05,成都市,A001,13,60697,GL冰箱,GL,冰箱,2200,4669,A,A企业,510100,2018,3,9
2018-09-05,成都市,B001,1,4199,MD冰箱,MD,冰箱,2500,4199,B,B企业,510100,2018,3,9
2018-09-05,长沙市,C003,10,46690,HE洗衣机,HE,洗衣机,2600,4699,C,C企业,430100,2018,3,9
2018-09-05,金华市,A003,7,32683,GL洗衣机,GL,洗衣机,3200,4669,A,A企业,330700,2018,3,9
2018-09-05,厦门市,A003,13,60697,GL洗衣机,GL,洗衣机,3200,4669,A,A企业,350200,2018,3,9
2018-09-06,长沙市,A003,13,60697,GL洗衣机,GL,洗衣机,3200,4669,A,A企业,430100,2018,3,9
2018-09-06,厦门市,B001,13,54587,MD冰箱,MD,冰箱,2500,4199,B,B企业,350200,2018,3,9
2018-09-06,厦门市,A001,10,46690,GL冰箱,GL,冰箱,2200,4669,A,A企业,350200,2018,3,9
2018-09-06,金华市,A001,22,102718,GL冰箱,GL,冰箱,2200,4669,A,A企业,330700,2018,3,9
2018-09-06,成都市,B001,16,67184,MD冰箱,MD,冰箱,2500,4199,B,B企业,510100,2018,3,9
2018-09-06,金华市,B001,13,54587,MD冰箱,MD,冰箱,2500,4199,B,B企业,330700,2018,3,9
2018-09-06,厦门市,B002,13,46787,MD电视,MD,电视,2000,4299,B,B企业,350200,2018,3,9
2018-09-06,金华市,B003,13,74087,MD洗衣机,MD,洗衣机,3100,5699,B,B企业,330700,2018,3,9
2018-09-06,上海市,B003,7,39893,MD洗衣机,MD,洗衣机,3100,5699,B,B企业,310000,2018,3,9
2018-09-06,成都市,A001,19,88711,GL冰箱,GL,冰箱,2200,4669,A,A企业,510100,2018,3,9
2018-09-06,金华市,C003,16,74704,HE洗衣机,HE,洗衣机,2600,4699,C,C企业,330700,2018,3,9
2018-09-07,长沙市,A001,7,32683,GL冰箱,GL,冰箱,2200,4669,A,A企业,430100,2018,3,9
2018-09-07,金华市,C001,10,35990,HE冰箱,HE,冰箱,1800,3599,C,C企业,330700,2018,3,9
2018-09-07,厦门市,B001,13,54587,MD冰箱,MD,冰箱,2500,4199,B,B企业,350200,2018,3,9
2018-09-07,厦门市,A003,22,102718,GL洗衣机,GL,洗衣机,3200,4669,A,A企业,350200,2018,3,9
2018-09-07,成都市,A001,13,60697,GL冰箱,GL,冰箱,2200,4669,A,A企业,510100,2018,3,9
2018-09-07,金华市,B001,1,4199,MD冰箱,MD,冰箱,2500,4199,B,B企业,330700,2018,3,9
2018-09-07,厦门市,B003,13,74087,MD洗衣机,MD,洗衣机,3100,5699,B,B企业,350200,2018,3,9
2018-09-07,金华市,A001,13,60697,GL冰箱,GL,冰箱,2200,4669,A,A企业,330700,2018,3,9
2018-09-07,厦门市,A001,19,88711,GL冰箱,GL,冰箱,2200,4669,A,A企业,350200,2018,3,9
2018-09-07,成都市,B001,7,29393,MD冰箱,MD,冰箱,2500,4199,B,B企业,510100,2018,3,9
2018-09-07,金华市,B003,16,91184,MD洗衣机,MD,洗衣机,3100,5699,B,B企业,330700,2018,3,9
2018-09-07,金华市,C003,10,46690,HE洗衣机,HE,洗衣机,2600,4699,C,C企业,330700,2018,3,9
2018-09-07,金华市,A003,13,60697,GL洗衣机,GL,洗衣机,3200,4669,A,A企业,330700,2018,3,9
2018-09-08,厦门市,A001,10,46690,GL冰箱,GL,冰箱,2200,4669,A,A企业,350200,2018,3,9
2018-09-08,厦门市,B002,4,14396,MD电视,MD,电视,2000,4299,B,B企业,350200,2018,3,9
2018-09-08,金华市,A003,7,32683,GL洗衣机,GL,洗衣机,3200,4669,A,A企业,330700,2018,3,9
2018-09-08,厦门市,B003,13,74087,MD洗衣机,MD,洗衣机,3100,5699,B,B企业,350200,2018,3,9
2018-09-08,金华市,A001,19,88711,GL冰箱,GL,冰箱,2200,4669,A,A企业,330700,2018,3,9
2018-09-08,上海市,A003,16,74704,GL洗衣机,GL,洗衣机,3200,4669,A,A企业,310000,2018,3,9
2018-09-08,成都市,A001,10,46690,GL冰箱,GL,冰箱,2200,4669,A,A企业,510100,2018,3,9
2018-09-08,厦门市,B001,7,29393,MD冰箱,MD,冰箱,2500,4199,B,B企业,350200,2018,3,9
2018-09-08,上海市,B001,10,41990,MD冰箱,MD,冰箱,2500,4199,B,B企业,310000,2018,3,9
2018-09-08,长沙市,B003,19,108281,MD洗衣机,MD,洗衣机,3100,5699,B,B企业,430100,2018,3,9
2018-09-08,金华市,C002,4,16796,HE电视,HE,电视,2200,4199,C,C企业,330700,2018,3,9
2018-09-08,厦门市,A003,7,32683,GL洗衣机,GL,洗衣机,3200,4669,A,A企业,350200,2018,3,9
2018-09-08,长沙市,B001,4,16796,MD冰箱,MD,冰箱,2500,4199,B,B企业,430100,2018,3,9
2018-09-08,长沙市,C001,10,35990,HE冰箱,HE,冰箱,1800,3599,C,C企业,430100,2018,3,9
2018-09-09,金华市,B001,10,41990,MD冰箱,MD,冰箱,2500,4199,B,B企业,330700,2018,3,9
2018-09-09,厦门市,A003,19,88711,GL洗衣机,GL,洗衣机,3200,4669,A,A企业,350200,2018,3,9
2018-09-09,厦门市,A001,1,4669,GL冰箱,GL,冰箱,2200,4669,A,A企业,350200,2018,3,9
2018-09-09,上海市,A003,1,4669,GL洗衣机,GL,洗衣机,3200,4669,A,A企业,310000,2018,3,9
2018-09-09,厦门市,B001,13,54587,MD冰箱,MD,冰箱,2500,4199,B,B企业,350200,2018,3,9
2018-09-09,成都市,B001,16,67184,MD冰箱,MD,冰箱,2500,4199,B,B企业,510100,2018,3,9
2018-09-09,金华市,A003,10,46690,GL洗衣机,GL,洗衣机,3200,4669,A,A企业,330700,2018,3,9
2018-09-09,上海市,B002,1,3599,MD电视,MD,电视,2000,4299,B,B企业,310000,2018,3,9
2018-09-09,长沙市,A001,10,46690,GL冰箱,GL,冰箱,2200,4669,A,A企业,430100,2018,3,9
2018-09-09,上海市,A001,13,60697,GL冰箱,GL,冰箱,2200,4669,A,A企业,310000,2018,3,9
2018-09-09,金华市,B003,1,5699,MD洗衣机,MD,洗衣机,3100,5699,B,B企业,330700,2018,3,9
2018-09-09,长沙市,C001,7,25193,HE冰箱,HE,冰箱,1800,3599,C,C企业,430100,2018,3,9
2018-09-09,长沙市,B001,10,41990,MD冰箱,MD,冰箱,2500,4199,B,B企业,430100,2018,3,9
2018-09-10,金华市,A001,10,46690,GL冰箱,GL,冰箱,2200,4669,A,A企业,330700,2018,3,9
2018-09-10,金华市,B001,10,41990,MD冰箱,MD,冰箱,2500,4199,B,B企业,330700,2018,3,9
2018-09-10,厦门市,A001,4,18676,GL冰箱,GL,冰箱,2200,4669,A,A企业,350200,2018,3,9
2018-09-10,金华市,B002,7,25193,MD电视,MD,电视,2000,4299,B,B企业,330700,2018,3,9
2018-09-10,厦门市,C003,4,18676,HE洗衣机,HE,洗衣机,2600,4699,C,C企业,350200,2018,3,9
2018-09-10,成都市,B001,13,54587,MD冰箱,MD,冰箱,2500,4199,B,B企业,510100,2018,3,9
2018-09-10,厦门市,B001,10,41990,MD冰箱,MD,冰箱,2500,4199,B,B企业,350200,2018,3,9
2018-09-10,上海市,A001,13,60697,GL冰箱,GL,冰箱,2200,4669,A,A企业,310000,2018,3,9
2018-09-10,上海市,B001,13,54587,MD冰箱,MD,冰箱,2500,4199,B,B企业,310000,2018,3,9
2018-09-10,金华市,A003,13,60697,GL洗衣机,GL,洗衣机,3200,4669,A,A企业,330700,2018,3,9
2018-09-10,金华市,C001,10,35990,HE冰箱,HE,冰箱,1800,3599,C,C企业,330700,2018,3,9
2018-09-10,长沙市,C001,22,79178,HE冰箱,HE,冰箱,1800,3599,C,C企业,430100,2018,3,9
2018-09-11,厦门市,B001,16,67184,MD冰箱,MD,冰箱,2500,4199,B,B企业,350200,2018,3,9
2018-09-11,厦门市,A001,13,60697,GL冰箱,GL,冰箱,2200,4669,A,A企业,350200,2018,3,9
2018-09-11,长沙市,B001,16,67184,MD冰箱,MD,冰箱,2500,4199,B,B企业,430100,2018,3,9
2018-09-11,厦门市,A003,10,46690,GL洗衣机,GL,洗衣机,3200,4669,A,A企业,350200,2018,3,9
2018-09-11,成都市,B001,13,54587,MD冰箱,MD,冰箱,2500,4199,B,B企业,510100,2018,3,9
2018-09-12,厦门市,A003,16,74704,GL洗衣机,GL,洗衣机,3200,4669,A,A企业,350200,2018,3,9
2018-09-12,金华市,A003,13,60697,GL洗衣机,GL,洗衣机,3200,4669,A,A企业,330700,2018,3,9
2018-09-12,长沙市,B001,16,67184,MD冰箱,MD,冰箱,2500,4199,B,B企业,430100,2018,3,9
2018-09-12,厦门市,B001,7,29393,MD冰箱,MD,冰箱,2500,4199,B,B企业,350200,2018,3,9
2018-09-12,金华市,A001,1,4669,GL冰箱,GL,冰箱,2200,4669,A,A企业,330700,2018,3,9
2018-09-12,长沙市,B002,7,25193,MD电视,MD,电视,2000,4299,B,B企业,430100,2018,3,9
2018-09-12,厦门市,A001,16,74704,GL冰箱,GL,冰箱,2200,4669,A,A企业,350200,2018,3,9
2018-09-12,上海市,B001,10,41990,MD冰箱,MD,冰箱,2500,4199,B,B企业,310000,2018,3,9
2018-09-13,厦门市,A001,10,46690,GL冰箱,GL,冰箱,2200,4669,A,A企业,350200,2018,3,9
2018-09-13,长沙市,A001,7,32683,GL冰箱,GL,冰箱,2200,4669,A,A企业,430100,2018,3,9
2018-09-13,成都市,A001,16,74704,GL冰箱,GL,冰箱,2200,4669,A,A企业,510100,2018,3,9
2018-09-13,厦门市,B001,10,41990,MD冰箱,MD,冰箱,2500,4199,B,B企业,350200,2018,3,9
2018-09-13,长沙市,B001,16,67184,MD冰箱,MD,冰箱,2500,4199,B,B企业,430100,2018,3,9
2018-09-13,金华市,A001,13,60697,GL冰箱,GL,冰箱,2200,4669,A,A企业,330700,2018,3,9
2018-09-13,金华市,B001,10,41990,MD冰箱,MD,冰箱,2500,4199,B,B企业,330700,2018,3,9
2018-09-13,厦门市,A003,16,74704,GL洗衣机,GL,洗衣机,3200,4669,A,A企业,350200,2018,3,9
2018-09-13,金华市,C003,19,88711,HE洗衣机,HE,洗衣机,2600,4699,C,C企业,330700,2018,3,9
2018-09-14,厦门市,A003,22,102718,GL洗衣机,GL,洗衣机,3200,4669,A,A企业,350200,2018,3,9
2018-09-14,长沙市,A003,7,32683,GL洗衣机,GL,洗衣机,3200,4669,A,A企业,430100,2018,3,9
2018-09-14,金华市,B001,4,16796,MD冰箱,MD,冰箱,2500,4199,B,B企业,330700,2018,3,9
2018-09-14,厦门市,C003,7,32683,HE洗衣机,HE,洗衣机,2600,4699,C,C企业,350200,2018,3,9
2018-09-14,厦门市,A001,4,18676,GL冰箱,GL,冰箱,2200,4669,A,A企业,350200,2018,3,9
2018-09-14,金华市,A001,13,60697,GL冰箱,GL,冰箱,2200,4669,A,A企业,330700,2018,3,9
2018-09-14,厦门市,B001,7,29393,MD冰箱,MD,冰箱,2500,4199,B,B企业,350200,2018,3,9
2018-09-14,厦门市,C002,7,29393,HE电视,HE,电视,2200,4199,C,C企业,350200,2018,3,9
2018-09-14,成都市,B001,19,79781,MD冰箱,MD,冰箱,2500,4199,B,B企业,510100,2018,3,9
2018-09-14,长沙市,C001,7,25193,HE冰箱,HE,冰箱,1800,3599,C,C企业,430100,2018,3,9
2018-09-14,长沙市,A001,16,74704,GL冰箱,GL,冰箱,2200,4669,A,A企业,430100,2018,3,9
2018-09-15,金华市,A003,13,60697,GL洗衣机,GL,洗衣机,3200,4669,A,A企业,330700,2018,3,9
2018-09-15,金华市,B001,10,41990,MD冰箱,MD,冰箱,2500,4199,B,B企业,330700,2018,3,9
2018-09-15,成都市,A001,10,46690,GL冰箱,GL,冰箱,2200,4669,A,A企业,510100,2018,3,9
2018-09-15,厦门市,B001,7,29393,MD冰箱,MD,冰箱,2500,4199,B,B企业,350200,2018,3,9
2018-09-15,成都市,B001,10,41990,MD冰箱,MD,冰箱,2500,4199,B,B企业,510100,2018,3,9
2018-09-15,长沙市,B001,16,67184,MD冰箱,MD,冰箱,2500,4199,B,B企业,430100,2018,3,9
2018-09-15,厦门市,C001,13,46787,HE冰箱,HE,冰箱,1800,3599,C,C企业,350200,2018,3,9
2018-09-15,厦门市,A003,7,32683,GL洗衣机,GL,洗衣机,3200,4669,A,A企业,350200,2018,3,9
2018-09-16,金华市,C003,10,46690,HE洗衣机,HE,洗衣机,2600,4699,C,C企业,330700,2018,3,9
2018-09-16,厦门市,B001,10,41990,MD冰箱,MD,冰箱,2500,4199,B,B企业,350200,2018,3,9
2018-09-16,厦门市,C003,1,4669,HE洗衣机,HE,洗衣机,2600,4699,C,C企业,350200,2018,3,9
2018-09-16,上海市,A003,10,46690,GL洗衣机,GL,洗衣机,3200,4669,A,A企业,310000,2018,3,9
2018-09-16,上海市,B003,13,74087,MD洗衣机,MD,洗衣机,3100,5699,B,B企业,310000,2018,3,9
2018-09-16,金华市,A001,19,88711,GL冰箱,GL,冰箱,2200,4669,A,A企业,330700,2018,3,9
2018-09-16,厦门市,A001,1,4669,GL冰箱,GL,冰箱,2200,4669,A,A企业,350200,2018,3,9
2018-09-16,成都市,B001,16,67184,MD冰箱,MD,冰箱,2500,4199,B,B企业,510100,2018,3,9
2018-09-16,长沙市,A001,4,18676,GL冰箱,GL,冰箱,2200,4669,A,A企业,430100,2018,3,9
2018-09-16,厦门市,C002,22,92378,HE电视,HE,电视,2200,4199,C,C企业,350200,2018,3,9
2018-09-16,长沙市,B001,1,4199,MD冰箱,MD,冰箱,2500,4199,B,B企业,430100,2018,3,9
2018-09-17,成都市,B001,7,29393,MD冰箱,MD,冰箱,2500,4199,B,B企业,510100,2018,3,9
2018-09-17,厦门市,C003,10,46690,HE洗衣机,HE,洗衣机,2600,4699,C,C企业,350200,2018,3,9
2018-09-17,金华市,B001,13,54587,MD冰箱,MD,冰箱,2500,4199,B,B企业,330700,2018,3,9
2018-09-17,金华市,A001,7,32683,GL冰箱,GL,冰箱,2200,4669,A,A企业,330700,2018,3,9
2018-09-17,长沙市,C003,16,74704,HE洗衣机,HE,洗衣机,2600,4699,C,C企业,430100,2018,3,9
2018-09-17,上海市,A001,1,4669,GL冰箱,GL,冰箱,2200,4669,A,A企业,310000,2018,3,9
2018-09-17,厦门市,B001,4,16796,MD冰箱,MD,冰箱,2500,4199,B,B企业,350200,2018,3,9
2018-09-17,上海市,B003,7,39893,MD洗衣机,MD,洗衣机,3100,5699,B,B企业,310000,2018,3,9
2018-09-17,厦门市,C002,4,16796,HE电视,HE,电视,2200,4199,C,C企业,350200,2018,3,9
2018-09-17,金华市,A003,7,32683,GL洗衣机,GL,洗衣机,3200,4669,A,A企业,330700,2018,3,9
2018-09-17,长沙市,A003,7,32683,GL洗衣机,GL,洗衣机,3200,4669,A,A企业,430100,2018,3,9
2018-09-17,上海市,A003,16,74704,GL洗衣机,GL,洗衣机,3200,4669,A,A企业,310000,2018,3,9
2018-09-18,长沙市,A003,4,18676,GL洗衣机,GL,洗衣机,3200,4669,A,A企业,430100,2018,3,9
2018-09-18,金华市,B001,10,41990,MD冰箱,MD,冰箱,2500,4199,B,B企业,330700,2018,3,9
2018-09-18,长沙市,A001,1,4669,GL冰箱,GL,冰箱,2200,4669,A,A企业,430100,2018,3,9
2018-09-18,金华市,A001,13,60697,GL冰箱,GL,冰箱,2200,4669,A,A企业,330700,2018,3,9
2018-09-18,厦门市,A001,16,74704,GL冰箱,GL,冰箱,2200,4669,A,A企业,350200,2018,3,9
2018-09-18,厦门市,B001,1,4199,MD冰箱,MD,冰箱,2500,4199,B,B企业,350200,2018,3,9
2018-09-18,金华市,A003,10,46690,GL洗衣机,GL,洗衣机,3200,4669,A,A企业,330700,2018,3,9
2018-09-18,厦门市,C003,4,18676,HE洗衣机,HE,洗衣机,2600,4699,C,C企业,350200,2018,3,9
2018-09-18,成都市,B001,13,54587,MD冰箱,MD,冰箱,2500,4199,B,B企业,510100,2018,3,9
2018-09-18,上海市,B001,4,16796,MD冰箱,MD,冰箱,2500,4199,B,B企业,310000,2018,3,9
2018-09-18,上海市,A001,7,32683,GL冰箱,GL,冰箱,2200,4669,A,A企业,310000,2018,3,9
2018-09-19,上海市,B003,16,91184,MD洗衣机,MD,洗衣机,3100,5699,B,B企业,310000,2018,3,9
2018-09-19,长沙市,A003,16,74704,GL洗衣机,GL,洗衣机,3200,4669,A,A企业,430100,2018,3,9
2018-09-19,上海市,B001,13,54587,MD冰箱,MD,冰箱,2500,4199,B,B企业,310000,2018,3,9
2018-09-19,金华市,B001,19,79781,MD冰箱,MD,冰箱,2500,4199,B,B企业,330700,2018,3,9
2018-09-19,厦门市,A003,7,32683,GL洗衣机,GL,洗衣机,3200,4669,A,A企业,350200,2018,3,9
2018-09-19,金华市,A003,4,18676,GL洗衣机,GL,洗衣机,3200,4669,A,A企业,330700,2018,3,9
2018-09-19,厦门市,C001,4,14396,HE冰箱,HE,冰箱,1800,3599,C,C企业,350200,2018,3,9
2018-09-19,成都市,A001,4,18676,GL冰箱,GL,冰箱,2200,4669,A,A企业,510100,2018,3,9
2018-09-19,厦门市,B001,7,29393,MD冰箱,MD,冰箱,2500,4199,B,B企业,350200,2018,3,9
2018-09-19,金华市,C003,10,46690,HE洗衣机,HE,洗衣机,2600,4699,C,C企业,330700,2018,3,9
2018-09-19,金华市,A001,10,46690,GL冰箱,GL,冰箱,2200,4669,A,A企业,330700,2018,3,9
2018-09-19,金华市,B003,10,56990,MD洗衣机,MD,洗衣机,3100,5699,B,B企业,330700,2018,3,9
2018-09-20,厦门市,C001,4,14396,HE冰箱,HE,冰箱,1800,3599,C,C企业,350200,2018,3,9
2018-09-20,金华市,A001,13,60697,GL冰箱,GL,冰箱,2200,4669,A,A企业,330700,2018,3,9
2018-09-20,成都市,A001,7,32683,GL冰箱,GL,冰箱,2200,4669,A,A企业,510100,2018,3,9
2018-09-20,厦门市,A001,10,46690,GL冰箱,GL,冰箱,2200,4669,A,A企业,350200,2018,3,9
2018-09-20,金华市,B001,13,54587,MD冰箱,MD,冰箱,2500,4199,B,B企业,330700,2018,3,9
2018-09-20,金华市,A003,16,74704,GL洗衣机,GL,洗衣机,3200,4669,A,A企业,330700,2018,3,9
2018-09-20,长沙市,A001,19,88711,GL冰箱,GL,冰箱,2200,4669,A,A企业,430100,2018,3,9
2018-09-20,厦门市,B001,4,16796,MD冰箱,MD,冰箱,2500,4199,B,B企业,350200,2018,3,9
2018-09-20,厦门市,C003,13,60697,HE洗衣机,HE,洗衣机,2600,4699,C,C企业,350200,2018,3,9
2018-09-20,厦门市,B003,4,22796,MD洗衣机,MD,洗衣机,3100,5699,B,B企业,350200,2018,3,9
2018-09-20,上海市,C003,4,18676,HE洗衣机,HE,洗衣机,2600,4699,C,C企业,310000,2018,3,9
2018-09-20,金华市,C002,7,29393,HE电视,HE,电视,2200,4199,C,C企业,330700,2018,3,9
2018-09-20,长沙市,A003,4,18676,GL洗衣机,GL,洗衣机,3200,4669,A,A企业,430100,2018,3,9
2018-09-20,金华市,C003,10,46690,HE洗衣机,HE,洗衣机,2600,4699,C,C企业,330700,2018,3,9
2018-09-21,厦门市,C002,16,67184,HE电视,HE,电视,2200,4199,C,C企业,350200,2018,3,9
2018-09-21,金华市,B001,16,67184,MD冰箱,MD,冰箱,2500,4199,B,B企业,330700,2018,3,9
2018-09-21,厦门市,B001,22,92378,MD冰箱,MD,冰箱,2500,4199,B,B企业,350200,2018,3,9
2018-09-21,长沙市,B001,13,54587,MD冰箱,MD,冰箱,2500,4199,B,B企业,430100,2018,3,9
2018-09-21,金华市,A003,4,18676,GL洗衣机,GL,洗衣机,3200,4669,A,A企业,330700,2018,3,9
2018-09-21,厦门市,A001,10,46690,GL冰箱,GL,冰箱,2200,4669,A,A企业,350200,2018,3,9
2018-09-21,成都市,A001,7,32683,GL冰箱,GL,冰箱,2200,4669,A,A企业,510100,2018,3,9
2018-09-21,金华市,A001,1,4669,GL冰箱,GL,冰箱,2200,4669,A,A企业,330700,2018,3,9
2018-09-21,厦门市,B002,19,68381,MD电视,MD,电视,2000,4299,B,B企业,350200,2018,3,9
2018-09-21,厦门市,A003,16,74704,GL洗衣机,GL,洗衣机,3200,4669,A,A企业,350200,2018,3,9
2018-09-21,厦门市,B003,4,22796,MD洗衣机,MD,洗衣机,3100,5699,B,B企业,350200,2018,3,9
2018-09-21,成都市,B001,13,54587,MD冰箱,MD,冰箱,2500,4199,B,B企业,510100,2018,3,9
2018-09-21,上海市,B001,4,16796,MD冰箱,MD,冰箱,2500,4199,B,B企业,310000,2018,3,9
2018-09-22,金华市,A003,10,46690,GL洗衣机,GL,洗衣机,3200,4669,A,A企业,330700,2018,3,9
2018-09-22,金华市,B001,1,4199,MD冰箱,MD,冰箱,2500,4199,B,B企业,330700,2018,3,9
2018-09-22,厦门市,A001,4,18676,GL冰箱,GL,冰箱,2200,4669,A,A企业,350200,2018,3,9
2018-09-22,金华市,A001,4,18676,GL冰箱,GL,冰箱,2200,4669,A,A企业,330700,2018,3,9
2018-09-22,成都市,B001,22,92378,MD冰箱,MD,冰箱,2500,4199,B,B企业,510100,2018,3,9
2018-09-22,厦门市,B001,10,41990,MD冰箱,MD,冰箱,2500,4199,B,B企业,350200,2018,3,9
2018-09-22,金华市,C003,10,46690,HE洗衣机,HE,洗衣机,2600,4699,C,C企业,330700,2018,3,9
2018-09-22,厦门市,B003,10,56990,MD洗衣机,MD,洗衣机,3100,5699,B,B企业,350200,2018,3,9
2018-09-22,长沙市,B001,4,16796,MD冰箱,MD,冰箱,2500,4199,B,B企业,430100,2018,3,9
2018-09-22,长沙市,A003,4,18676,GL洗衣机,GL,洗衣机,3200,4669,A,A企业,430100,2018,3,9
2018-09-23,金华市,B001,4,16796,MD冰箱,MD,冰箱,2500,4199,B,B企业,330700,2018,3,9
2018-09-23,金华市,A001,13,60697,GL冰箱,GL,冰箱,2200,4669,A,A企业,330700,2018,3,9
2018-09-23,厦门市,A003,7,32683,GL洗衣机,GL,洗衣机,3200,4669,A,A企业,350200,2018,3,9
2018-09-23,长沙市,B001,7,29393,MD冰箱,MD,冰箱,2500,4199,B,B企业,430100,2018,3,9
2018-09-23,上海市,C001,13,46787,HE冰箱,HE,冰箱,1800,3599,C,C企业,310000,2018,3,9
2018-09-23,上海市,A001,22,102718,GL冰箱,GL,冰箱,2200,4669,A,A企业,310000,2018,3,9
2018-09-23,金华市,A003,13,60697,GL洗衣机,GL,洗衣机,3200,4669,A,A企业,330700,2018,3,9
2018-09-23,厦门市,B001,16,67184,MD冰箱,MD,冰箱,2500,4199,B,B企业,350200,2018,3,9
2018-09-23,金华市,C003,10,46690,HE洗衣机,HE,洗衣机,2600,4699,C,C企业,330700,2018,3,9
2018-09-23,成都市,B001,19,79781,MD冰箱,MD,冰箱,2500,4199,B,B企业,510100,2018,3,9
2018-09-23,厦门市,B003,13,74087,MD洗衣机,MD,洗衣机,3100,5699,B,B企业,350200,2018,3,9
2018-09-23,上海市,B001,1,4199,MD冰箱,MD,冰箱,2500,4199,B,B企业,310000,2018,3,9
2018-09-24,金华市,A003,1,4669,GL洗衣机,GL,洗衣机,3200,4669,A,A企业,330700,2018,3,9
2018-09-24,厦门市,B001,1,4199,MD冰箱,MD,冰箱,2500,4199,B,B企业,350200,2018,3,9
2018-09-24,厦门市,A001,10,46690,GL冰箱,GL,冰箱,2200,4669,A,A企业,350200,2018,3,9
2018-09-24,成都市,B001,7,29393,MD冰箱,MD,冰箱,2500,4199,B,B企业,510100,2018,3,9
2018-09-24,金华市,B001,16,67184,MD冰箱,MD,冰箱,2500,4199,B,B企业,330700,2018,3,9
2018-09-24,长沙市,B001,10,41990,MD冰箱,MD,冰箱,2500,4199,B,B企业,430100,2018,3,9
2018-09-24,厦门市,A003,10,46690,GL洗衣机,GL,洗衣机,3200,4669,A,A企业,350200,2018,3,9
2018-09-24,厦门市,B003,10,56990,MD洗衣机,MD,洗衣机,3100,5699,B,B企业,350200,2018,3,9
2018-09-24,成都市,A001,13,60697,GL冰箱,GL,冰箱,2200,4669,A,A企业,510100,2018,3,9
2018-09-24,长沙市,A001,16,74704,GL冰箱,GL,冰箱,2200,4669,A,A企业,430100,2018,3,9
2018-09-25,长沙市,B001,13,54587,MD冰箱,MD,冰箱,2500,4199,B,B企业,430100,2018,3,9
2018-09-25,金华市,A001,7,32683,GL冰箱,GL,冰箱,2200,4669,A,A企业,330700,2018,3,9
2018-09-25,厦门市,B001,13,54587,MD冰箱,MD,冰箱,2500,4199,B,B企业,350200,2018,3,9
2018-09-25,金华市,B001,10,41990,MD冰箱,MD,冰箱,2500,4199,B,B企业,330700,2018,3,9
2018-09-25,上海市,B001,13,54587,MD冰箱,MD,冰箱,2500,4199,B,B企业,310000,2018,3,9
2018-09-25,成都市,A001,4,18676,GL冰箱,GL,冰箱,2200,4669,A,A企业,510100,2018,3,9
2018-09-25,厦门市,A001,4,18676,GL冰箱,GL,冰箱,2200,4669,A,A企业,350200,2018,3,9
2018-09-25,厦门市,A003,7,32683,GL洗衣机,GL,洗衣机,3200,4669,A,A企业,350200,2018,3,9
2018-09-25,上海市,C002,4,16796,HE电视,HE,电视,2200,4199,C,C企业,310000,2018,3,9
2018-09-25,长沙市,B003,1,5699,MD洗衣机,MD,洗衣机,3100,5699,B,B企业,430100,2018,3,9
2018-09-25,上海市,A001,10,46690,GL冰箱,GL,冰箱,2200,4669,A,A企业,310000,2018,3,9
2018-09-25,长沙市,A003,4,18676,GL洗衣机,GL,洗衣机,3200,4669,A,A企业,430100,2018,3,9
2018-09-25,上海市,A003,13,60697,GL洗衣机,GL,洗衣机,3200,4669,A,A企业,310000,2018,3,9
2018-09-25,金华市,B003,10,56990,MD洗衣机,MD,洗衣机,3100,5699,B,B企业,330700,2018,3,9
2018-09-25,厦门市,C001,13,46787,HE冰箱,HE,冰箱,1800,3599,C,C企业,350200,2018,3,9
2018-09-26,长沙市,C003,10,46690,HE洗衣机,HE,洗衣机,2600,4699,C,C企业,430100,2018,3,9
2018-09-26,成都市,B001,19,79781,MD冰箱,MD,冰箱,2500,4199,B,B企业,510100,2018,3,9
2018-09-26,金华市,B001,7,29393,MD冰箱,MD,冰箱,2500,4199,B,B企业,330700,2018,3,9
2018-09-26,金华市,A003,7,32683,GL洗衣机,GL,洗衣机,3200,4669,A,A企业,330700,2018,3,9
2018-09-26,厦门市,A003,13,60697,GL洗衣机,GL,洗衣机,3200,4669,A,A企业,350200,2018,3,9
2018-09-26,成都市,A001,10,46690,GL冰箱,GL,冰箱,2200,4669,A,A企业,510100,2018,3,9
2018-09-26,厦门市,A001,10,46690,GL冰箱,GL,冰箱,2200,4669,A,A企业,350200,2018,3,9
2018-09-26,金华市,A001,13,60697,GL冰箱,GL,冰箱,2200,4669,A,A企业,330700,2018,3,9
2018-09-26,厦门市,B002,19,68381,MD电视,MD,电视,2000,4299,B,B企业,350200,2018,3,9
2018-09-26,长沙市,A001,7,32683,GL冰箱,GL,冰箱,2200,4669,A,A企业,430100,2018,3,9
2018-09-26,厦门市,B001,7,29393,MD冰箱,MD,冰箱,2500,4199,B,B企业,350200,2018,3,9
2018-09-26,上海市,B001,10,41990,MD冰箱,MD,冰箱,2500,4199,B,B企业,310000,2018,3,9
2018-09-27,成都市,B001,13,54587,MD冰箱,MD,冰箱,2500,4199,B,B企业,510100,2018,3,9
2018-09-27,成都市,A001,19,88711,GL冰箱,GL,冰箱,2200,4669,A,A企业,510100,2018,3,9
2018-09-27,厦门市,A001,1,4669,GL冰箱,GL,冰箱,2200,4669,A,A企业,350200,2018,3,9
2018-09-27,金华市,A001,13,60697,GL冰箱,GL,冰箱,2200,4669,A,A企业,330700,2018,3,9
2018-09-27,金华市,B001,13,54587,MD冰箱,MD,冰箱,2500,4199,B,B企业,330700,2018,3,9
2018-09-27,厦门市,B001,7,29393,MD冰箱,MD,冰箱,2500,4199,B,B企业,350200,2018,3,9
2018-09-27,金华市,C003,16,74704,HE洗衣机,HE,洗衣机,2600,4699,C,C企业,330700,2018,3,9
2018-09-28,金华市,A001,13,60697,GL冰箱,GL,冰箱,2200,4669,A,A企业,330700,2018,3,9
2018-09-28,厦门市,B003,7,39893,MD洗衣机,MD,洗衣机,3100,5699,B,B企业,350200,2018,3,9
2018-09-28,厦门市,A001,10,46690,GL冰箱,GL,冰箱,2200,4669,A,A企业,350200,2018,3,9
2018-09-28,成都市,B001,7,29393,MD冰箱,MD,冰箱,2500,4199,B,B企业,510100,2018,3,9
2018-09-28,金华市,B001,7,29393,MD冰箱,MD,冰箱,2500,4199,B,B企业,330700,2018,3,9
2018-09-28,金华市,B003,16,91184,MD洗衣机,MD,洗衣机,3100,5699,B,B企业,330700,2018,3,9
2018-09-28,金华市,C003,10,46690,HE洗衣机,HE,洗衣机,2600,4699,C,C企业,330700,2018,3,9
2018-09-28,金华市,A003,13,60697,GL洗衣机,GL,洗衣机,3200,4669,A,A企业,330700,2018,3,9
2018-09-28,金华市,C001,7,25193,HE冰箱,HE,冰箱,1800,3599,C,C企业,330700,2018,3,9
2018-09-28,上海市,A003,7,32683,GL洗衣机,GL,洗衣机,3200,4669,A,A企业,310000,2018,3,9
2018-09-28,厦门市,B001,13,54587,MD冰箱,MD,冰箱,2500,4199,B,B企业,350200,2018,3,9
2018-09-28,厦门市,A003,1,4669,GL洗衣机,GL,洗衣机,3200,4669,A,A企业,350200,2018,3,9
2018-09-28,长沙市,A001,16,74704,GL冰箱,GL,冰箱,2200,4669,A,A企业,430100,2018,3,9
2018-09-29,长沙市,B003,19,108281,MD洗衣机,MD,洗衣机,3100,5699,B,B企业,430100,2018,3,9
2018-09-29,金华市,C002,4,16796,HE电视,HE,电视,2200,4199,C,C企业,330700,2018,3,9
2018-09-29,厦门市,B001,10,41990,MD冰箱,MD,冰箱,2500,4199,B,B企业,350200,2018,3,9
2018-09-29,厦门市,A003,7,32683,GL洗衣机,GL,洗衣机,3200,4669,A,A企业,350200,2018,3,9
2018-09-29,金华市,A001,4,18676,GL冰箱,GL,冰箱,2200,4669,A,A企业,330700,2018,3,9
2018-09-29,长沙市,B001,4,16796,MD冰箱,MD,冰箱,2500,4199,B,B企业,430100,2018,3,9
2018-09-29,长沙市,C001,10,35990,HE冰箱,HE,冰箱,1800,3599,C,C企业,430100,2018,3,9
2018-09-29,成都市,B001,16,67184,MD冰箱,MD,冰箱,2500,4199,B,B企业,510100,2018,3,9
2018-09-29,厦门市,A001,4,18676,GL冰箱,GL,冰箱,2200,4669,A,A企业,350200,2018,3,9
2018-09-29,金华市,C003,1,4669,HE洗衣机,HE,洗衣机,2600,4699,C,C企业,330700,2018,3,9
2018-09-29,成都市,A001,13,60697,GL冰箱,GL,冰箱,2200,4669,A,A企业,510100,2018,3,9
2018-09-29,长沙市,C003,10,46690,HE洗衣机,HE,洗衣机,2600,4699,C,C企业,430100,2018,3,9
2018-09-29,金华市,B001,7,29393,MD冰箱,MD,冰箱,2500,4199,B,B企业,330700,2018,3,9
2018-09-30,上海市,A003,13,60697,GL洗衣机,GL,洗衣机,3200,4669,A,A企业,310000,2018,3,9
2018-09-30,长沙市,A001,10,46690,GL冰箱,GL,冰箱,2200,4669,A,A企业,430100,2018,3,9
2018-09-30,金华市,B001,10,41990,MD冰箱,MD,冰箱,2500,4199,B,B企业,330700,2018,3,9
2018-09-30,上海市,A001,13,60697,GL冰箱,GL,冰箱,2200,4669,A,A企业,310000,2018,3,9
2018-09-30,金华市,A003,7,32683,GL洗衣机,GL,洗衣机,3200,4669,A,A企业,330700,2018,3,9
2018-09-30,金华市,B003,1,5699,MD洗衣机,MD,洗衣机,3100,5699,B,B企业,330700,2018,3,9
2018-09-30,长沙市,C001,7,25193,HE冰箱,HE,冰箱,1800,3599,C,C企业,430100,2018,3,9
2018-09-30,长沙市,B001,10,41990,MD冰箱,MD,冰箱,2500,4199,B,B企业,430100,2018,3,9
2018-09-30,厦门市,B001,10,41990,MD冰箱,MD,冰箱,2500,4199,B,B企业,350200,2018,3,9
2018-09-30,厦门市,A003,13,60697,GL洗衣机,GL,洗衣机,3200,4669,A,A企业,350200,2018,3,9
2018-09-30,长沙市,A003,1,4669,GL洗衣机,GL,洗衣机,3200,4669,A,A企业,430100,2018,3,9
2018-09-30,成都市,A001,19,88711,GL冰箱,GL,冰箱,2200,4669,A,A企业,510100,2018,3,9
2018-09-30,厦门市,C001,4,14396,HE冰箱,HE,冰箱,1800,3599,C,C企业,350200,2018,3,9
2018-09-30,金华市,A001,13,60697,GL冰箱,GL,冰箱,2200,4669,A,A企业,330700,2018,3,9
2018-09-30,厦门市,A001,4,18676,GL冰箱,GL,冰箱,2200,4669,A,A企业,350200,2018,3,9
2018-09-30,厦门市,C003,1,4669,HE洗衣机,HE,洗衣机,2600,4699,C,C企业,350200,2018,3,9
2018-09-30,厦门市,B003,10,56990,MD洗衣机,MD,洗衣机,3100,5699,B,B企业,350200,2018,3,9
2018-10-01,厦门市,B001,4,16796,MD冰箱,MD,冰箱,2500,4199,B,B企业,350200,2018,4,10
2018-10-01,长沙市,A003,13,60697,GL洗衣机,GL,洗衣机,3200,4669,A,A企业,430100,2018,4,10
2018-10-01,厦门市,C003,7,54587,HE洗衣机,HE,洗衣机,2600,4699,C,C企业,350200,2018,4,10
2018-10-01,金华市,B001,13,74704,MD冰箱,MD,冰箱,2500,4199,B,B企业,330700,2018,4,10
2018-10-01,金华市,A003,16,74704,GL洗衣机,GL,洗衣机,3200,4669,A,A企业,330700,2018,4,10
2018-10-01,厦门市,B002,22,79178,MD电视,MD,电视,2000,4299,B,B企业,350200,2018,4,10
2018-10-01,厦门市,A001,7,32683,GL冰箱,GL,冰箱,2200,4669,A,A企业,350200,2018,4,10
2018-10-01,长沙市,B001,10,41990,MD冰箱,MD,冰箱,2500,4199,B,B企业,430100,2018,4,10
2018-10-02,厦门市,B002,7,25193,MD电视,MD,电视,2000,4299,B,B企业,350200,2018,4,10
2018-10-02,长沙市,B002,13,46787,MD电视,MD,电视,2000,4299,B,B企业,430100,2018,4,10
2018-10-02,成都市,B001,13,54587,MD冰箱,MD,冰箱,2500,4199,B,B企业,510100,2018,4,10
2018-10-02,金华市,C002,10,41990,HE电视,HE,电视,2200,4199,C,C企业,330700,2018,4,10
2018-10-02,厦门市,C002,10,41990,HE电视,HE,电视,2200,4199,C,C企业,350200,2018,4,10
2018-10-03,上海市,B001,10,41990,MD冰箱,MD,冰箱,2500,4199,B,B企业,310000,2018,4,10
2018-10-03,长沙市,A001,1,4669,GL冰箱,GL,冰箱,2200,4669,A,A企业,430100,2018,4,10
2018-10-03,金华市,B001,10,41990,MD冰箱,MD,冰箱,2500,4199,B,B企业,330700,2018,4,10
2018-10-03,成都市,B001,13,54587,MD冰箱,MD,冰箱,2500,4199,B,B企业,510100,2018,4,10
2018-10-03,厦门市,A003,7,32683,GL洗衣机,GL,洗衣机,3200,4669,A,A企业,350200,2018,4,10
2018-10-03,金华市,A001,10,46690,GL冰箱,GL,冰箱,2200,4669,A,A企业,330700,2018,4,10
2018-10-03,上海市,B003,22,125378,MD洗衣机,MD,洗衣机,3100,5699,B,B企业,310000,2018,4,10
2018-10-03,上海市,A003,4,18676,GL洗衣机,GL,洗衣机,3200,4669,A,A企业,310000,2018,4,10
2018-10-03,上海市,C003,7,32683,HE洗衣机,HE,洗衣机,2600,4699,C,C企业,310000,2018,4,10
2018-10-03,金华市,C003,7,32683,HE洗衣机,HE,洗衣机,2600,4699,C,C企业,330700,2018,4,10
2018-10-03,金华市,B003,1,5699,MD洗衣机,MD,洗衣机,3100,5699,B,B企业,330700,2018,4,10
2018-10-03,厦门市,C003,13,60697,HE洗衣机,HE,洗衣机,2600,4699,C,C企业,350200,2018,4,10
2018-10-03,长沙市,A003,1,4669,GL洗衣机,GL,洗衣机,3200,4669,A,A企业,430100,2018,4,10
2018-10-03,金华市,A003,19,88711,GL洗衣机,GL,洗衣机,3200,4669,A,A企业,330700,2018,4,10
2018-10-03,厦门市,B001,4,16796,MD冰箱,MD,冰箱,2500,4199,B,B企业,350200,2018,4,10
2018-10-04,厦门市,A003,16,74704,GL洗衣机,GL,洗衣机,3200,4669,A,A企业,350200,2018,4,10
2018-10-04,金华市,C003,19,88711,HE洗衣机,HE,洗衣机,2600,4699,C,C企业,330700,2018,4,10
2018-10-04,金华市,B001,4,16796,MD冰箱,MD,冰箱,2500,4199,B,B企业,330700,2018,4,10
2018-10-04,金华市,A001,1,4669,GL冰箱,GL,冰箱,2200,4669,A,A企业,330700,2018,4,10
2018-10-04,厦门市,B001,7,29393,MD冰箱,MD,冰箱,2500,4199,B,B企业,350200,2018,4,10
2018-10-04,长沙市,B001,7,29393,MD冰箱,MD,冰箱,2500,4199,B,B企业,430100,2018,4,10
2018-10-04,重庆市,B001,10,41990,MD冰箱,MD,冰箱,2500,4199,B,B企业,500000,2018,4,10
2018-10-04,金华市,C001,7,25193,HE冰箱,HE,冰箱,1800,3599,C,C企业,330700,2018,4,10
2018-10-04,厦门市,C003,13,60697,HE洗衣机,HE,洗衣机,2600,4699,C,C企业,350200,2018,4,10
2018-10-05,长沙市,C001,7,25193,HE冰箱,HE,冰箱,1800,3599,C,C企业,430100,2018,4,10
2018-10-05,长沙市,A001,16,74704,GL冰箱,GL,冰箱,2200,4669,A,A企业,430100,2018,4,10
2018-10-05,金华市,A003,13,60697,GL洗衣机,GL,洗衣机,3200,4669,A,A企业,330700,2018,4,10
2018-10-05,金华市,B001,16,67184,MD冰箱,MD,冰箱,2500,4199,B,B企业,330700,2018,4,10
2018-10-05,金华市,C001,10,35990,HE冰箱,HE,冰箱,1800,3599,C,C企业,330700,2018,4,10
2018-10-05,重庆市,C001,19,68381,HE冰箱,HE,冰箱,1800,3599,C,C企业,500000,2018,4,10
2018-10-05,金华市,C002,16,67184,HE电视,HE,电视,2200,4199,C,C企业,330700,2018,4,10
2018-10-05,厦门市,C001,7,25193,HE冰箱,HE,冰箱,1800,3599,C,C企业,350200,2018,4,10
2018-10-05,上海市,B001,13,54587,MD冰箱,MD,冰箱,2500,4199,B,B企业,310000,2018,4,10
2018-10-05,厦门市,C002,4,16796,HE电视,HE,电视,2200,4199,C,C企业,350200,2018,4,10
2018-10-05,厦门市,A001,4,18676,GL冰箱,GL,冰箱,2200,4669,A,A企业,350200,2018,4,10
2018-10-05,厦门市,B001,22,92378,MD冰箱,MD,冰箱,2500,4199,B,B企业,350200,2018,4,10
2018-10-06,长沙市,B001,16,67184,MD冰箱,MD,冰箱,2500,4199,B,B企业,430100,2018,4,10
2018-10-06,厦门市,C001,13,46787,HE冰箱,HE,冰箱,1800,3599,C,C企业,350200,2018,4,10
2018-10-06,厦门市,B001,13,54587,MD冰箱,MD,冰箱,2500,4199,B,B企业,350200,2018,4,10
2018-10-06,厦门市,A003,7,32683,GL洗衣机,GL,洗衣机,3200,4669,A,A企业,350200,2018,4,10
2018-10-06,金华市,A003,7,32683,GL洗衣机,GL,洗衣机,3200,4669,A,A企业,330700,2018,4,10
2018-10-06,成都市,A001,4,18676,GL冰箱,GL,冰箱,2200,4669,A,A企业,510100,2018,4,10
2018-10-06,重庆市,B003,10,56990,MD洗衣机,MD,洗衣机,3100,5699,B,B企业,500000,2018,4,10
2018-10-06,金华市,A001,4,18676,GL冰箱,GL,冰箱,2200,4669,A,A企业,330700,2018,4,10
2018-10-06,厦门市,A001,7,32683,GL冰箱,GL,冰箱,2200,4669,A,A企业,350200,2018,4,10
2018-10-06,金华市,B001,13,54587,MD冰箱,MD,冰箱,2500,4199,B,B企业,330700,2018,4,10
2018-10-06,厦门市,B003,1,5699,MD洗衣机,MD,洗衣机,3100,5699,B,B企业,350200,2018,4,10
2018-10-06,成都市,B001,19,79781,MD冰箱,MD,冰箱,2500,4199,B,B企业,510100,2018,4,10
2018-10-06,金华市,C003,7,32683,HE洗衣机,HE,洗衣机,2600,4699,C,C企业,330700,2018,4,10
2018-10-06,金华市,B003,4,22796,MD洗衣机,MD,洗衣机,3100,5699,B,B企业,330700,2018,4,10
2018-10-06,厦门市,C003,16,74704,HE洗衣机,HE,洗衣机,2600,4699,C,C企业,350200,2018,4,10
2018-10-07,金华市,A001,13,60697,GL冰箱,GL,冰箱,2200,4669,A,A企业,330700,2018,4,10
2018-10-07,厦门市,B001,4,16796,MD冰箱,MD,冰箱,2500,4199,B,B企业,350200,2018,4,10
2018-10-07,厦门市,C002,22,92378,HE电视,HE,电视,2200,4199,C,C企业,350200,2018,4,10
2018-10-07,厦门市,A001,7,32683,GL冰箱,GL,冰箱,2200,4669,A,A企业,350200,2018,4,10
2018-10-07,长沙市,B001,1,4199,MD冰箱,MD,冰箱,2500,4199,B,B企业,430100,2018,4,10
2018-10-07,厦门市,B003,7,39893,MD洗衣机,MD,洗衣机,3100,5699,B,B企业,350200,2018,4,10
2018-10-07,厦门市,A003,4,18676,GL洗衣机,GL,洗衣机,3200,4669,A,A企业,350200,2018,4,10
2018-10-07,金华市,C002,10,41990,HE电视,HE,电视,2200,4199,C,C企业,330700,2018,4,10
2018-10-07,金华市,B001,10,41990,MD冰箱,MD,冰箱,2500,4199,B,B企业,330700,2018,4,10
2018-10-07,厦门市,C001,10,35990,HE冰箱,HE,冰箱,1800,3599,C,C企业,350200,2018,4,10
2018-10-07,金华市,A003,13,60697,GL洗衣机,GL,洗衣机,3200,4669,A,A企业,330700,2018,4,10
2018-10-08,厦门市,B001,16,67184,MD冰箱,MD,冰箱,2500,4199,B,B企业,350200,2018,4,10
2018-10-08,长沙市,A003,7,32683,GL洗衣机,GL,洗衣机,3200,4669,A,A企业,430100,2018,4,10
2018-10-08,金华市,B001,22,92378,MD冰箱,MD,冰箱,2500,4199,B,B企业,330700,2018,4,10
2018-10-08,金华市,A001,10,46690,GL冰箱,GL,冰箱,2200,4669,A,A企业,330700,2018,4,10
2018-10-08,上海市,A003,16,74704,GL洗衣机,GL,洗衣机,3200,4669,A,A企业,310000,2018,4,10
2018-10-08,金华市,A003,19,88711,GL洗衣机,GL,洗衣机,3200,4669,A,A企业,330700,2018,4,10
2018-10-08,重庆市,C002,10,41990,HE电视,HE,电视,2200,4199,C,C企业,500000,2018,4,10
2018-10-08,厦门市,C001,4,14396,HE冰箱,HE,冰箱,1800,3599,C,C企业,350200,2018,4,10
2018-10-08,重庆市,A003,10,46690,GL洗衣机,GL,洗衣机,3200,4669,A,A企业,500000,2018,4,10
2018-10-08,厦门市,C003,13,60697,HE洗衣机,HE,洗衣机,2600,4699,C,C企业,350200,2018,4,10
2018-10-08,金华市,C003,1,4669,HE洗衣机,HE,洗衣机,2600,4699,C,C企业,330700,2018,4,10
2018-10-08,成都市,B001,1,4199,MD冰箱,MD,冰箱,2500,4199,B,B企业,510100,2018,4,10
2018-10-08,厦门市,B002,1,3599,MD电视,MD,电视,2000,4299,B,B企业,350200,2018,4,10
2018-10-08,金华市,C001,13,46787,HE冰箱,HE,冰箱,1800,3599,C,C企业,330700,2018,4,10
2018-10-08,厦门市,A001,7,32683,GL冰箱,GL,冰箱,2200,4669,A,A企业,350200,2018,4,10
2018-10-08,厦门市,A003,13,60697,GL洗衣机,GL,洗衣机,3200,4669,A,A企业,350200,2018,4,10
2018-10-09,厦门市,C003,4,18676,HE洗衣机,HE,洗衣机,2600,4699,C,C企业,350200,2018,4,10
2018-10-09,厦门市,A001,7,32683,GL冰箱,GL,冰箱,2200,4669,A,A企业,350200,2018,4,10
2018-10-09,成都市,B001,13,54587,MD冰箱,MD,冰箱,2500,4199,B,B企业,510100,2018,4,10
2018-10-09,上海市,B001,4,16796,MD冰箱,MD,冰箱,2500,4199,B,B企业,310000,2018,4,10
2018-10-09,长沙市,A003,10,46690,GL洗衣机,GL,洗衣机,3200,4669,A,A企业,430100,2018,4,10
2018-10-09,金华市,B001,13,54587,MD冰箱,MD,冰箱,2500,4199,B,B企业,330700,2018,4,10
2018-10-09,上海市,A001,7,32683,GL冰箱,GL,冰箱,2200,4669,A,A企业,310000,2018,4,10
2018-10-09,金华市,B002,10,35990,MD电视,MD,电视,2000,4299,B,B企业,330700,2018,4,10
2018-10-09,金华市,C002,7,29393,HE电视,HE,电视,2200,4199,C,C企业,330700,2018,4,10
2018-10-09,厦门市,C002,7,29393,HE电视,HE,电视,2200,4199,C,C企业,350200,2018,4,10
2018-10-09,厦门市,A003,4,18676,GL洗衣机,GL,洗衣机,3200,4669,A,A企业,350200,2018,4,10
2018-10-09,长沙市,A001,7,32683,GL冰箱,GL,冰箱,2200,4669,A,A企业,430100,2018,4,10
2018-10-09,金华市,A001,1,4669,GL冰箱,GL,冰箱,2200,4669,A,A企业,330700,2018,4,10
2018-10-09,重庆市,A001,10,46690,GL冰箱,GL,冰箱,2200,4669,A,A企业,500000,2018,4,10
2018-10-09,金华市,A003,10,46690,GL洗衣机,GL,洗衣机,3200,4669,A,A企业,330700,2018,4,10
2018-10-09,厦门市,C001,13,46787,HE冰箱,HE,冰箱,1800,3599,C,C企业,350200,2018,4,10
2018-10-09,厦门市,B001,4,16796,MD冰箱,MD,冰箱,2500,4199,B,B企业,350200,2018,4,10
2018-10-10,成都市,A001,4,18676,GL冰箱,GL,冰箱,2200,4669,A,A企业,510100,2018,4,10
2018-10-10,厦门市,B001,7,29393,MD冰箱,MD,冰箱,2500,4199,B,B企业,350200,2018,4,10
2018-10-10,金华市,B001,16,67184,MD冰箱,MD,冰箱,2500,4199,B,B企业,330700,2018,4,10
2018-10-10,金华市,C003,10,46690,HE洗衣机,HE,洗衣机,2600,4699,C,C企业,330700,2018,4,10
2018-10-10,长沙市,A003,4,18676,GL洗衣机,GL,洗衣机,3200,4669,A,A企业,430100,2018,4,10
2018-10-10,金华市,A001,10,46690,GL冰箱,GL,冰箱,2200,4669,A,A企业,330700,2018,4,10
2018-10-10,金华市,B003,10,56990,MD洗衣机,MD,洗衣机,3100,5699,B,B企业,330700,2018,4,10
2018-10-10,上海市,C002,4,16796,HE电视,HE,电视,2200,4199,C,C企业,310000,2018,4,10
2018-10-10,长沙市,B001,10,41990,MD冰箱,MD,冰箱,2500,4199,B,B企业,430100,2018,4,10
2018-10-10,厦门市,A001,13,60697,GL冰箱,GL,冰箱,2200,4669,A,A企业,350200,2018,4,10
2018-10-10,金华市,C001,16,57584,HE冰箱,HE,冰箱,1800,3599,C,C企业,330700,2018,4,10
2018-10-10,厦门市,C002,13,54587,HE电视,HE,电视,2200,4199,C,C企业,350200,2018,4,10
2018-10-10,成都市,B001,4,16796,MD冰箱,MD,冰箱,2500,4199,B,B企业,510100,2018,4,10
2018-10-11,金华市,B001,13,54587,MD冰箱,MD,冰箱,2500,4199,B,B企业,330700,2018,4,10
2018-10-11,厦门市,A001,4,18676,GL冰箱,GL,冰箱,2200,4669,A,A企业,350200,2018,4,10
2018-10-11,厦门市,C003,13,60697,HE洗衣机,HE,洗衣机,2600,4699,C,C企业,350200,2018,4,10
2018-10-11,厦门市,B003,4,22796,MD洗衣机,MD,洗衣机,3100,5699,B,B企业,350200,2018,4,10
2018-10-11,上海市,C003,4,18676,HE洗衣机,HE,洗衣机,2600,4699,C,C企业,310000,2018,4,10
2018-10-11,厦门市,B001,4,16796,MD冰箱,MD,冰箱,2500,4199,B,B企业,350200,2018,4,10
2018-10-11,长沙市,A001,1,4669,GL冰箱,GL,冰箱,2200,4669,A,A企业,430100,2018,4,10
2018-10-11,金华市,C002,7,29393,HE电视,HE,电视,2200,4199,C,C企业,330700,2018,4,10
2018-10-11,长沙市,A003,4,18676,GL洗衣机,GL,洗衣机,3200,4669,A,A企业,430100,2018,4,10
2018-10-11,金华市,C003,10,46690,HE洗衣机,HE,洗衣机,2600,4699,C,C企业,330700,2018,4,10
2018-10-11,长沙市,B001,10,41990,MD冰箱,MD,冰箱,2500,4199,B,B企业,430100,2018,4,10
2018-10-11,厦门市,C001,10,35990,HE冰箱,HE,冰箱,1800,3599,C,C企业,350200,2018,4,10
2018-10-11,成都市,A001,16,74704,GL冰箱,GL,冰箱,2200,4669,A,A企业,510100,2018,4,10
2018-10-11,重庆市,C001,4,14396,HE冰箱,HE,冰箱,1800,3599,C,C企业,500000,2018,4,10
2018-10-11,金华市,A003,13,60697,GL洗衣机,GL,洗衣机,3200,4669,A,A企业,330700,2018,4,10
2018-10-11,金华市,B003,22,125378,MD洗衣机,MD,洗衣机,3100,5699,B,B企业,330700,2018,4,10
2018-10-11,金华市,A001,16,74704,GL冰箱,GL,冰箱,2200,4669,A,A企业,330700,2018,4,10
2018-10-11,金华市,C001,7,25193,HE冰箱,HE,冰箱,1800,3599,C,C企业,330700,2018,4,10
2018-10-11,长沙市,C003,7,32683,HE洗衣机,HE,洗衣机,2600,4699,C,C企业,430100,2018,4,10
2018-10-11,上海市,B003,1,5699,MD洗衣机,MD,洗衣机,3100,5699,B,B企业,310000,2018,4,10
2018-10-11,重庆市,A001,10,46690,GL冰箱,GL,冰箱,2200,4669,A,A企业,500000,2018,4,10
2018-10-12,厦门市,B001,10,41990,MD冰箱,MD,冰箱,2500,4199,B,B企业,350200,2018,4,10
2018-10-12,厦门市,A001,13,60697,GL冰箱,GL,冰箱,2200,4669,A,A企业,350200,2018,4,10
2018-10-12,厦门市,B002,19,68381,MD电视,MD,电视,2000,4299,B,B企业,350200,2018,4,10
2018-10-12,厦门市,A003,16,74704,GL洗衣机,GL,洗衣机,3200,4669,A,A企业,350200,2018,4,10
2018-10-12,厦门市,B003,4,22796,MD洗衣机,MD,洗衣机,3100,5699,B,B企业,350200,2018,4,10
2018-10-12,成都市,B001,13,54587,MD冰箱,MD,冰箱,2500,4199,B,B企业,510100,2018,4,10
2018-10-12,上海市,B001,4,16796,MD冰箱,MD,冰箱,2500,4199,B,B企业,310000,2018,4,10
2018-10-12,长沙市,A001,7,32683,GL冰箱,GL,冰箱,2200,4669,A,A企业,430100,2018,4,10
2018-10-12,长沙市,C003,13,60697,HE洗衣机,HE,洗衣机,2600,4699,C,C企业,430100,2018,4,10
2018-10-12,厦门市,C003,7,32683,HE洗衣机,HE,洗衣机,2600,4699,C,C企业,350200,2018,4,10
2018-10-12,厦门市,C002,16,67184,HE电视,HE,电视,2200,4199,C,C企业,350200,2018,4,10
2018-10-12,金华市,B001,4,16796,MD冰箱,MD,冰箱,2500,4199,B,B企业,330700,2018,4,10
2018-10-12,重庆市,B001,13,54587,MD冰箱,MD,冰箱,2500,4199,B,B企业,500000,2018,4,10
2018-10-12,金华市,A003,10,46690,GL洗衣机,GL,洗衣机,3200,4669,A,A企业,330700,2018,4,10
2018-10-12,金华市,A001,13,60697,GL冰箱,GL,冰箱,2200,4669,A,A企业,330700,2018,4,10
2018-10-12,厦门市,C001,10,35990,HE冰箱,HE,冰箱,1800,3599,C,C企业,350200,2018,4,10
2018-10-13,厦门市,B003,10,56990,MD洗衣机,MD,洗衣机,3100,5699,B,B企业,350200,2018,4,10
2018-10-13,长沙市,B001,4,16796,MD冰箱,MD,冰箱,2500,4199,B,B企业,430100,2018,4,10
2018-10-13,金华市,A001,7,32683,GL冰箱,GL,冰箱,2200,4669,A,A企业,330700,2018,4,10
2018-10-13,金华市,B001,19,79781,MD冰箱,MD,冰箱,2500,4199,B,B企业,330700,2018,4,10
2018-10-13,长沙市,A003,4,18676,GL洗衣机,GL,洗衣机,3200,4669,A,A企业,430100,2018,4,10
2018-10-13,厦门市,C003,13,60697,HE洗衣机,HE,洗衣机,2600,4699,C,C企业,350200,2018,4,10
2018-10-13,厦门市,B001,7,29393,MD冰箱,MD,冰箱,2500,4199,B,B企业,350200,2018,4,10
2018-10-13,金华市,A003,7,32683,GL洗衣机,GL,洗衣机,3200,4669,A,A企业,330700,2018,4,10
2018-10-13,厦门市,C001,7,25193,HE冰箱,HE,冰箱,1800,3599,C,C企业,350200,2018,4,10
2018-10-13,金华市,C002,4,16796,HE电视,HE,电视,2200,4199,C,C企业,330700,2018,4,10
2018-10-13,厦门市,A003,13,60697,GL洗衣机,GL,洗衣机,3200,4669,A,A企业,350200,2018,4,10
2018-10-13,金华市,B003,1,5699,MD洗衣机,MD,洗衣机,3100,5699,B,B企业,330700,2018,4,10
2018-10-13,金华市,C001,10,35990,HE冰箱,HE,冰箱,1800,3599,C,C企业,330700,2018,4,10
2018-10-13,成都市,B001,10,41990,MD冰箱,MD,冰箱,2500,4199,B,B企业,510100,2018,4,10
2018-10-13,长沙市,B003,13,74087,MD洗衣机,MD,洗衣机,3100,5699,B,B企业,430100,2018,4,10
2018-10-14,金华市,A003,4,18676,GL洗衣机,GL,洗衣机,3200,4669,A,A企业,330700,2018,4,10
2018-10-14,厦门市,B001,10,41990,MD冰箱,MD,冰箱,2500,4199,B,B企业,350200,2018,4,10
2018-10-14,金华市,C003,10,46690,HE洗衣机,HE,洗衣机,2600,4699,C,C企业,330700,2018,4,10
2018-10-14,金华市,A001,7,32683,GL冰箱,GL,冰箱,2200,4669,A,A企业,330700,2018,4,10
2018-10-14,金华市,B001,1,4199,MD冰箱,MD,冰箱,2500,4199,B,B企业,330700,2018,4,10
2018-10-14,上海市,A001,7,32683,GL冰箱,GL,冰箱,2200,4669,A,A企业,310000,2018,4,10
2018-10-14,成都市,B001,19,79781,MD冰箱,MD,冰箱,2500,4199,B,B企业,510100,2018,4,10
2018-10-14,厦门市,B003,13,74087,MD洗衣机,MD,洗衣机,3100,5699,B,B企业,350200,2018,4,10
2018-10-14,上海市,B001,1,4199,MD冰箱,MD,冰箱,2500,4199,B,B企业,310000,2018,4,10
2018-10-14,厦门市,C001,13,46787,HE冰箱,HE,冰箱,1800,3599,C,C企业,350200,2018,4,10
2018-10-14,长沙市,B001,1,4199,MD冰箱,MD,冰箱,2500,4199,B,B企业,430100,2018,4,10
2018-10-15,厦门市,A003,10,46690,GL洗衣机,GL,洗衣机,3200,4669,A,A企业,350200,2018,4,10
2018-10-15,厦门市,B001,10,41990,MD冰箱,MD,冰箱,2500,4199,B,B企业,350200,2018,4,10
2018-10-15,厦门市,B003,10,56990,MD洗衣机,MD,洗衣机,3100,5699,B,B企业,350200,2018,4,10
2018-10-15,成都市,A001,13,60697,GL冰箱,GL,冰箱,2200,4669,A,A企业,510100,2018,4,10
2018-10-15,长沙市,B001,13,54587,MD冰箱,MD,冰箱,2500,4199,B,B企业,430100,2018,4,10
2018-10-15,长沙市,A001,16,74704,GL冰箱,GL,冰箱,2200,4669,A,A企业,430100,2018,4,10
2018-10-16,长沙市,B003,1,5699,MD洗衣机,MD,洗衣机,3100,5699,B,B企业,430100,2018,4,10
2018-10-16,长沙市,B001,10,41990,MD冰箱,MD,冰箱,2500,4199,B,B企业,430100,2018,4,10
2018-10-16,上海市,A001,10,46690,GL冰箱,GL,冰箱,2200,4669,A,A企业,310000,2018,4,10
2018-10-16,厦门市,B001,22,92378,MD冰箱,MD,冰箱,2500,4199,B,B企业,350200,2018,4,10
2018-10-16,金华市,B001,10,41990,MD冰箱,MD,冰箱,2500,4199,B,B企业,330700,2018,4,10
2018-10-16,长沙市,A003,4,18676,GL洗衣机,GL,洗衣机,3200,4669,A,A企业,430100,2018,4,10
2018-10-16,上海市,A003,13,60697,GL洗衣机,GL,洗衣机,3200,4669,A,A企业,310000,2018,4,10
2018-10-16,金华市,B003,10,56990,MD洗衣机,MD,洗衣机,3100,5699,B,B企业,330700,2018,4,10
2018-10-16,金华市,A001,7,32683,GL冰箱,GL,冰箱,2200,4669,A,A企业,330700,2018,4,10
2018-10-16,厦门市,C001,13,46787,HE冰箱,HE,冰箱,1800,3599,C,C企业,350200,2018,4,10
2018-10-16,厦门市,A001,7,32683,GL冰箱,GL,冰箱,2200,4669,A,A企业,350200,2018,4,10
2018-10-17,厦门市,B002,19,68381,MD电视,MD,电视,2000,4299,B,B企业,350200,2018,4,10
2018-10-17,长沙市,A001,7,32683,GL冰箱,GL,冰箱,2200,4669,A,A企业,430100,2018,4,10
2018-10-17,厦门市,B001,7,29393,MD冰箱,MD,冰箱,2500,4199,B,B企业,350200,2018,4,10
2018-10-17,金华市,A001,16,74704,GL冰箱,GL,冰箱,2200,4669,A,A企业,330700,2018,4,10
2018-10-17,金华市,B001,10,41990,MD冰箱,MD,冰箱,2500,4199,B,B企业,330700,2018,4,10
2018-10-17,金华市,A003,4,18676,GL洗衣机,GL,洗衣机,3200,4669,A,A企业,330700,2018,4,10
2018-10-17,厦门市,A001,13,60697,GL冰箱,GL,冰箱,2200,4669,A,A企业,350200,2018,4,10
2018-10-17,上海市,B001,10,41990,MD冰箱,MD,冰箱,2500,4199,B,B企业,310000,2018,4,10
2018-10-18,金华市,A001,13,60697,GL冰箱,GL,冰箱,2200,4669,A,A企业,330700,2018,4,10
2018-10-18,厦门市,B001,13,54587,MD冰箱,MD,冰箱,2500,4199,B,B企业,350200,2018,4,10
2018-10-18,厦门市,A001,4,18676,GL冰箱,GL,冰箱,2200,4669,A,A企业,350200,2018,4,10
2018-10-18,金华市,C003,13,60697,HE洗衣机,HE,洗衣机,2600,4699,C,C企业,330700,2018,4,10
2018-10-18,金华市,B001,13,54587,MD冰箱,MD,冰箱,2500,4199,B,B企业,330700,2018,4,10
2018-10-19,上海市,A003,7,32683,GL洗衣机,GL,洗衣机,3200,4669,A,A企业,310000,2018,4,10
2018-10-19,厦门市,B001,13,54587,MD冰箱,MD,冰箱,2500,4199,B,B企业,350200,2018,4,10
2018-10-19,厦门市,A003,1,4669,GL洗衣机,GL,洗衣机,3200,4669,A,A企业,350200,2018,4,10
2018-10-19,金华市,B001,10,41990,MD冰箱,MD,冰箱,2500,4199,B,B企业,330700,2018,4,10
2018-10-19,金华市,A001,13,60697,GL冰箱,GL,冰箱,2200,4669,A,A企业,330700,2018,4,10
2018-10-19,金华市,A003,1,4669,GL洗衣机,GL,洗衣机,3200,4669,A,A企业,330700,2018,4,10
2018-10-19,长沙市,A001,16,74704,GL冰箱,GL,冰箱,2200,4669,A,A企业,430100,2018,4,10
2018-10-20,厦门市,A003,7,32683,GL洗衣机,GL,洗衣机,3200,4669,A,A企业,350200,2018,4,10
2018-10-20,成都市,B001,16,67184,MD冰箱,MD,冰箱,2500,4199,B,B企业,510100,2018,4,10
2018-10-20,厦门市,B001,10,41990,MD冰箱,MD,冰箱,2500,4199,B,B企业,350200,2018,4,10
2018-10-20,长沙市,B001,13,54587,MD冰箱,MD,冰箱,2500,4199,B,B企业,430100,2018,4,10
2018-10-20,厦门市,A001,4,18676,GL冰箱,GL,冰箱,2200,4669,A,A企业,350200,2018,4,10
2018-10-20,金华市,C003,1,4669,HE洗衣机,HE,洗衣机,2600,4699,C,C企业,330700,2018,4,10
2018-10-20,成都市,A001,13,60697,GL冰箱,GL,冰箱,2200,4669,A,A企业,510100,2018,4,10
2018-10-20,金华市,A001,22,102718,GL冰箱,GL,冰箱,2200,4669,A,A企业,330700,2018,4,10
2018-10-20,长沙市,C003,10,46690,HE洗衣机,HE,洗衣机,2600,4699,C,C企业,430100,2018,4,10
2018-10-20,金华市,B001,7,29393,MD冰箱,MD,冰箱,2500,4199,B,B企业,330700,2018,4,10
2018-10-21,厦门市,B001,10,41990,MD冰箱,MD,冰箱,2500,4199,B,B企业,350200,2018,4,10
2018-10-21,厦门市,A003,13,60697,GL洗衣机,GL,洗衣机,3200,4669,A,A企业,350200,2018,4,10
2018-10-21,长沙市,A003,1,4669,GL洗衣机,GL,洗衣机,3200,4669,A,A企业,430100,2018,4,10
2018-10-21,成都市,A001,19,88711,GL冰箱,GL,冰箱,2200,4669,A,A企业,510100,2018,4,10
2018-10-21,厦门市,C001,4,14396,HE冰箱,HE,冰箱,1800,3599,C,C企业,350200,2018,4,10
2018-10-21,金华市,A001,13,60697,GL冰箱,GL,冰箱,2200,4669,A,A企业,330700,2018,4,10
2018-10-21,厦门市,A001,4,18676,GL冰箱,GL,冰箱,2200,4669,A,A企业,350200,2018,4,10
2018-10-21,厦门市,C003,1,4669,HE洗衣机,HE,洗衣机,2600,4699,C,C企业,350200,2018,4,10
2018-10-21,厦门市,B003,10,56990,MD洗衣机,MD,洗衣机,3100,5699,B,B企业,350200,2018,4,10
2018-10-22,长沙市,A003,13,60697,GL洗衣机,GL,洗衣机,3200,4669,A,A企业,430100,2018,4,10
2018-10-22,厦门市,C003,7,32683,HE洗衣机,HE,洗衣机,2600,4699,C,C企业,350200,2018,4,10
2018-10-22,金华市,B001,13,54587,MD冰箱,MD,冰箱,2500,4199,B,B企业,330700,2018,4,10
2018-10-22,金华市,A003,16,74704,GL洗衣机,GL,洗衣机,3200,4669,A,A企业,330700,2018,4,10
2018-10-22,厦门市,B001,7,29393,MD冰箱,MD,冰箱,2500,4199,B,B企业,350200,2018,4,10
2018-10-22,厦门市,B002,22,79178,MD电视,MD,电视,2000,4299,B,B企业,350200,2018,4,10
2018-10-22,厦门市,A001,7,32683,GL冰箱,GL,冰箱,2200,4669,A,A企业,350200,2018,4,10
2018-10-22,长沙市,B001,10,41990,MD冰箱,MD,冰箱,2500,4199,B,B企业,430100,2018,4,10
2018-10-23,厦门市,B002,7,25193,MD电视,MD,电视,2000,4299,B,B企业,350200,2018,4,10
2018-10-23,长沙市,B002,13,46787,MD电视,MD,电视,2000,4299,B,B企业,430100,2018,4,10
2018-10-23,成都市,B001,13,54587,MD冰箱,MD,冰箱,2500,4199,B,B企业,510100,2018,4,10
2018-10-23,金华市,C002,10,41990,HE电视,HE,电视,2200,4199,C,C企业,330700,2018,4,10
2018-10-23,厦门市,C002,10,41990,HE电视,HE,电视,2200,4199,C,C企业,350200,2018,4,10
2018-10-24,长沙市,A001,1,4669,GL冰箱,GL,冰箱,2200,4669,A,A企业,430100,2018,4,10
2018-10-24,金华市,B001,10,41990,MD冰箱,MD,冰箱,2500,4199,B,B企业,330700,2018,4,10
2018-10-24,成都市,B001,13,54587,MD冰箱,MD,冰箱,2500,4199,B,B企业,510100,2018,4,10
2018-10-24,厦门市,A003,7,32683,GL洗衣机,GL,洗衣机,3200,4669,A,A企业,350200,2018,4,10
2018-10-24,金华市,A001,10,46690,GL冰箱,GL,冰箱,2200,4669,A,A企业,330700,2018,4,10
2018-10-24,上海市,B003,22,125378,MD洗衣机,MD,洗衣机,3100,5699,B,B企业,310000,2018,4,10
2018-10-24,上海市,A003,4,18676,GL洗衣机,GL,洗衣机,3200,4669,A,A企业,310000,2018,4,10
2018-10-24,上海市,C003,7,32683,HE洗衣机,HE,洗衣机,2600,4699,C,C企业,310000,2018,4,10
2018-10-24,金华市,C003,7,32683,HE洗衣机,HE,洗衣机,2600,4699,C,C企业,330700,2018,4,10
2018-10-24,金华市,B003,1,5699,MD洗衣机,MD,洗衣机,3100,5699,B,B企业,330700,2018,4,10
2018-10-24,厦门市,C003,13,60697,HE洗衣机,HE,洗衣机,2600,4699,C,C企业,350200,2018,4,10
2018-10-24,长沙市,A003,1,4669,GL洗衣机,GL,洗衣机,3200,4669,A,A企业,430100,2018,4,10
2018-10-24,金华市,A003,19,88711,GL洗衣机,GL,洗衣机,3200,4669,A,A企业,330700,2018,4,10
2018-10-24,厦门市,B001,4,16796,MD冰箱,MD,冰箱,2500,4199,B,B企业,350200,2018,4,10
2018-10-25,金华市,B001,16,67184,MD冰箱,MD,冰箱,2500,4199,B,B企业,330700,2018,4,10
2018-10-25,金华市,A001,1,4669,GL冰箱,GL,冰箱,2200,4669,A,A企业,330700,2018,4,10
2018-10-25,厦门市,B001,7,29393,MD冰箱,MD,冰箱,2500,4199,B,B企业,350200,2018,4,10
2018-10-25,长沙市,B001,7,29393,MD冰箱,MD,冰箱,2500,4199,B,B企业,430100,2018,4,10
2018-10-25,重庆市,B001,10,41990,MD冰箱,MD,冰箱,2500,4199,B,B企业,500000,2018,4,10
2018-10-25,金华市,C001,7,25193,HE冰箱,HE,冰箱,1800,3599,C,C企业,330700,2018,4,10
2018-10-25,厦门市,C003,13,60697,HE洗衣机,HE,洗衣机,2600,4699,C,C企业,350200,2018,4,10
2018-10-26,金华市,A003,13,60697,GL洗衣机,GL,洗衣机,3200,4669,A,A企业,330700,2018,4,10
2018-10-26,金华市,B001,16,67184,MD冰箱,MD,冰箱,2500,4199,B,B企业,330700,2018,4,10
2018-10-26,金华市,C001,10,35990,HE冰箱,HE,冰箱,1800,3599,C,C企业,330700,2018,4,10
2018-10-26,重庆市,C001,19,68381,HE冰箱,HE,冰箱,1800,3599,C,C企业,500000,2018,4,10
2018-10-26,金华市,C002,16,67184,HE电视,HE,电视,2200,4199,C,C企业,330700,2018,4,10
2018-10-26,厦门市,C001,7,25193,HE冰箱,HE,冰箱,1800,3599,C,C企业,350200,2018,4,10
2018-10-26,上海市,B001,13,54587,MD冰箱,MD,冰箱,2500,4199,B,B企业,310000,2018,4,10
2018-10-26,厦门市,C002,4,16796,HE电视,HE,电视,2200,4199,C,C企业,350200,2018,4,10
2018-10-26,厦门市,A001,4,18676,GL冰箱,GL,冰箱,2200,4669,A,A企业,350200,2018,4,10
2018-10-26,厦门市,B001,22,92378,MD冰箱,MD,冰箱,2500,4199,B,B企业,350200,2018,4,10
2018-10-27,重庆市,B003,10,56990,MD洗衣机,MD,洗衣机,3100,5699,B,B企业,500000,2018,4,10
2018-10-27,金华市,A001,4,18676,GL冰箱,GL,冰箱,2200,4669,A,A企业,330700,2018,4,10
2018-10-27,厦门市,A001,7,32683,GL冰箱,GL,冰箱,2200,4669,A,A企业,350200,2018,4,10
2018-10-27,金华市,B001,13,54587,MD冰箱,MD,冰箱,2500,4199,B,B企业,330700,2018,4,10
2018-10-27,厦门市,B003,1,5699,MD洗衣机,MD,洗衣机,3100,5699,B,B企业,350200,2018,4,10
2018-10-27,厦门市,A003,22,102718,GL洗衣机,GL,洗衣机,3200,4669,A,A企业,350200,2018,4,10
2018-10-27,成都市,B001,19,79781,MD冰箱,MD,冰箱,2500,4199,B,B企业,510100,2018,4,10
2018-10-27,金华市,C003,7,32683,HE洗衣机,HE,洗衣机,2600,4699,C,C企业,330700,2018,4,10
2018-10-27,厦门市,C001,4,14396,HE冰箱,HE,冰箱,1800,3599,C,C企业,350200,2018,4,10
2018-10-27,金华市,B003,4,22796,MD洗衣机,MD,洗衣机,3100,5699,B,B企业,330700,2018,4,10
2018-10-27,厦门市,C003,16,74704,HE洗衣机,HE,洗衣机,2600,4699,C,C企业,350200,2018,4,10
2018-10-27,金华市,A003,4,18676,GL洗衣机,GL,洗衣机,3200,4669,A,A企业,330700,2018,4,10
2018-10-28,厦门市,B003,7,39893,MD洗衣机,MD,洗衣机,3100,5699,B,B企业,350200,2018,4,10
2018-10-28,厦门市,A003,4,18676,GL洗衣机,GL,洗衣机,3200,4669,A,A企业,350200,2018,4,10
2018-10-28,金华市,C002,10,41990,HE电视,HE,电视,2200,4199,C,C企业,330700,2018,4,10
2018-10-28,金华市,B001,10,41990,MD冰箱,MD,冰箱,2500,4199,B,B企业,330700,2018,4,10
2018-10-28,厦门市,C001,10,35990,HE冰箱,HE,冰箱,1800,3599,C,C企业,350200,2018,4,10
2018-10-28,厦门市,B001,7,29393,MD冰箱,MD,冰箱,2500,4199,B,B企业,350200,2018,4,10
2018-10-28,金华市,A003,13,60697,GL洗衣机,GL,洗衣机,3200,4669,A,A企业,330700,2018,4,10
2018-10-28,厦门市,A001,7,32683,GL冰箱,GL,冰箱,2200,4669,A,A企业,350200,2018,4,10
2018-10-29,重庆市,C002,10,41990,HE电视,HE,电视,2200,4199,C,C企业,500000,2018,4,10
2018-10-29,厦门市,C001,4,14396,HE冰箱,HE,冰箱,1800,3599,C,C企业,350200,2018,4,10
2018-10-29,金华市,A003,4,18676,GL洗衣机,GL,洗衣机,3200,4669,A,A企业,330700,2018,4,10
2018-10-29,重庆市,A003,10,46690,GL洗衣机,GL,洗衣机,3200,4669,A,A企业,500000,2018,4,10
2018-10-29,金华市,B001,13,54587,MD冰箱,MD,冰箱,2500,4199,B,B企业,330700,2018,4,10
2018-10-29,厦门市,C003,13,60697,HE洗衣机,HE,洗衣机,2600,4699,C,C企业,350200,2018,4,10
2018-10-29,金华市,C003,1,4669,HE洗衣机,HE,洗衣机,2600,4699,C,C企业,330700,2018,4,10
2018-10-29,成都市,B001,1,4199,MD冰箱,MD,冰箱,2500,4199,B,B企业,510100,2018,4,10
2018-10-29,厦门市,B002,1,3599,MD电视,MD,电视,2000,4299,B,B企业,350200,2018,4,10
2018-10-29,厦门市,B001,7,29393,MD冰箱,MD,冰箱,2500,4199,B,B企业,350200,2018,4,10
2018-10-29,金华市,C001,13,46787,HE冰箱,HE,冰箱,1800,3599,C,C企业,330700,2018,4,10
2018-10-29,厦门市,A001,7,32683,GL冰箱,GL,冰箱,2200,4669,A,A企业,350200,2018,4,10
2018-10-29,厦门市,A003,13,60697,GL洗衣机,GL,洗衣机,3200,4669,A,A企业,350200,2018,4,10
2018-10-30,金华市,B002,10,35990,MD电视,MD,电视,2000,4299,B,B企业,330700,2018,4,10
2018-10-30,金华市,C002,7,29393,HE电视,HE,电视,2200,4199,C,C企业,330700,2018,4,10
2018-10-30,厦门市,C002,7,29393,HE电视,HE,电视,2200,4199,C,C企业,350200,2018,4,10
2018-10-30,金华市,B001,13,54587,MD冰箱,MD,冰箱,2500,4199,B,B企业,330700,2018,4,10
2018-10-30,厦门市,A003,4,18676,GL洗衣机,GL,洗衣机,3200,4669,A,A企业,350200,2018,4,10
2018-10-30,长沙市,A001,7,32683,GL冰箱,GL,冰箱,2200,4669,A,A企业,430100,2018,4,10
2018-10-30,金华市,A001,1,4669,GL冰箱,GL,冰箱,2200,4669,A,A企业,330700,2018,4,10
2018-10-30,重庆市,A001,10,46690,GL冰箱,GL,冰箱,2200,4669,A,A企业,500000,2018,4,10
2018-10-30,上海市,B001,19,79781,MD冰箱,MD,冰箱,2500,4199,B,B企业,310000,2018,4,10
2018-10-30,金华市,A003,10,46690,GL洗衣机,GL,洗衣机,3200,4669,A,A企业,330700,2018,4,10
2018-10-30,厦门市,C001,13,46787,HE冰箱,HE,冰箱,1800,3599,C,C企业,350200,2018,4,10
2018-10-30,厦门市,B001,4,16796,MD冰箱,MD,冰箱,2500,4199,B,B企业,350200,2018,4,10
2018-10-31,上海市,C002,4,16796,HE电视,HE,电视,2200,4199,C,C企业,310000,2018,4,10
2018-10-31,长沙市,B001,10,41990,MD冰箱,MD,冰箱,2500,4199,B,B企业,430100,2018,4,10
2018-10-31,金华市,A001,16,74704,GL冰箱,GL,冰箱,2200,4669,A,A企业,330700,2018,4,10
2018-10-31,厦门市,A001,13,60697,GL冰箱,GL,冰箱,2200,4669,A,A企业,350200,2018,4,10
2018-10-31,金华市,C001,16,57584,HE冰箱,HE,冰箱,1800,3599,C,C企业,330700,2018,4,10
2018-10-31,厦门市,C002,13,54587,HE电视,HE,电视,2200,4199,C,C企业,350200,2018,4,10
2018-10-31,金华市,B001,1,4199,MD冰箱,MD,冰箱,2500,4199,B,B企业,330700,2018,4,10
2018-10-31,成都市,B001,4,16796,MD冰箱,MD,冰箱,2500,4199,B,B企业,510100,2018,4,10
2018-11-01,长沙市,B001,10,41990,MD冰箱,MD,冰箱,2500,4199,B,B企业,430100,2018,4,11
2018-11-01,厦门市,C001,10,35990,HE冰箱,HE,冰箱,1800,3599,C,C企业,350200,2018,4,11
2018-11-01,成都市,A001,16,74704,GL冰箱,GL,冰箱,2200,4669,A,A企业,510100,2018,4,11
2018-11-01,重庆市,C001,4,14396,HE冰箱,HE,冰箱,1800,3599,C,C企业,500000,2018,4,11
2018-11-01,厦门市,B003,16,91184,MD洗衣机,MD,洗衣机,3100,5699,B,B企业,350200,2018,4,11
2018-11-01,金华市,A003,13,60697,GL洗衣机,GL,洗衣机,3200,4669,A,A企业,330700,2018,4,11
2018-11-01,长沙市,A003,4,18676,GL洗衣机,GL,洗衣机,3200,4669,A,A企业,430100,2018,4,11
2018-11-01,金华市,B003,22,125378,MD洗衣机,MD,洗衣机,3100,5699,B,B企业,330700,2018,4,11
2018-11-01,金华市,B001,19,79781,MD冰箱,MD,冰箱,2500,4199,B,B企业,330700,2018,4,11
2018-11-01,金华市,A001,16,74704,GL冰箱,GL,冰箱,2200,4669,A,A企业,330700,2018,4,11
2018-11-01,金华市,C001,7,25193,HE冰箱,HE,冰箱,1800,3599,C,C企业,330700,2018,4,11
2018-11-01,长沙市,C003,7,32683,HE洗衣机,HE,洗衣机,2600,4699,C,C企业,430100,2018,4,11
2018-11-01,上海市,B003,1,5699,MD洗衣机,MD,洗衣机,3100,5699,B,B企业,310000,2018,4,11
2018-11-01,重庆市,A001,10,46690,GL冰箱,GL,冰箱,2200,4669,A,A企业,500000,2018,4,11
2018-11-01,厦门市,B001,4,16796,MD冰箱,MD,冰箱,2500,4199,B,B企业,350200,2018,4,11
2018-11-01,长沙市,C002,4,16796,HE电视,HE,电视,2200,4199,C,C企业,430100,2018,4,11
2018-11-02,长沙市,A001,7,32683,GL冰箱,GL,冰箱,2200,4669,A,A企业,430100,2018,4,11
2018-11-02,厦门市,A001,16,74704,GL冰箱,GL,冰箱,2200,4669,A,A企业,350200,2018,4,11
2018-11-02,长沙市,C003,13,60697,HE洗衣机,HE,洗衣机,2600,4699,C,C企业,430100,2018,4,11
2018-11-02,厦门市,C003,7,32683,HE洗衣机,HE,洗衣机,2600,4699,C,C企业,350200,2018,4,11
2018-11-02,厦门市,B003,10,56990,MD洗衣机,MD,洗衣机,3100,5699,B,B企业,350200,2018,4,11
2018-11-02,厦门市,C002,16,67184,HE电视,HE,电视,2200,4199,C,C企业,350200,2018,4,11
2018-11-02,金华市,B001,4,16796,MD冰箱,MD,冰箱,2500,4199,B,B企业,330700,2018,4,11
2018-11-02,重庆市,B001,13,54587,MD冰箱,MD,冰箱,2500,4199,B,B企业,500000,2018,4,11
2018-11-02,金华市,A003,10,46690,GL洗衣机,GL,洗衣机,3200,4669,A,A企业,330700,2018,4,11
2018-11-02,金华市,A001,13,60697,GL冰箱,GL,冰箱,2200,4669,A,A企业,330700,2018,4,11
2018-11-02,上海市,B001,13,54587,MD冰箱,MD,冰箱,2500,4199,B,B企业,310000,2018,4,11
2018-11-02,厦门市,C001,10,35990,HE冰箱,HE,冰箱,1800,3599,C,C企业,350200,2018,4,11
2018-11-02,长沙市,C001,10,35990,HE冰箱,HE,冰箱,1800,3599,C,C企业,430100,2018,4,11
2018-11-02,厦门市,A003,1,4669,GL洗衣机,GL,洗衣机,3200,4669,A,A企业,350200,2018,4,11
2018-11-02,金华市,B003,13,74087,MD洗衣机,MD,洗衣机,3100,5699,B,B企业,330700,2018,4,11
2018-11-02,上海市,C002,13,54587,HE电视,HE,电视,2200,4199,C,C企业,310000,2018,4,11
2018-11-02,上海市,C001,4,14396,HE冰箱,HE,冰箱,1800,3599,C,C企业,310000,2018,4,11
2018-11-02,金华市,B002,13,46787,MD电视,MD,电视,2000,4299,B,B企业,330700,2018,4,11
2018-11-03,厦门市,C003,13,60697,HE洗衣机,HE,洗衣机,2600,4699,C,C企业,350200,2018,4,11
2018-11-03,厦门市,B001,7,29393,MD冰箱,MD,冰箱,2500,4199,B,B企业,350200,2018,4,11
2018-11-03,金华市,A003,7,32683,GL洗衣机,GL,洗衣机,3200,4669,A,A企业,330700,2018,4,11
2018-11-03,长沙市,A003,22,102718,GL洗衣机,GL,洗衣机,3200,4669,A,A企业,430100,2018,4,11
2018-11-03,厦门市,C001,7,25193,HE冰箱,HE,冰箱,1800,3599,C,C企业,350200,2018,4,11
2018-11-03,金华市,C002,4,16796,HE电视,HE,电视,2200,4199,C,C企业,330700,2018,4,11
2018-11-03,厦门市,B003,19,108281,MD洗衣机,MD,洗衣机,3100,5699,B,B企业,350200,2018,4,11
2018-11-03,厦门市,A003,13,60697,GL洗衣机,GL,洗衣机,3200,4669,A,A企业,350200,2018,4,11
2018-11-03,金华市,B003,1,5699,MD洗衣机,MD,洗衣机,3100,5699,B,B企业,330700,2018,4,11
2018-11-03,金华市,C001,10,35990,HE冰箱,HE,冰箱,1800,3599,C,C企业,330700,2018,4,11
2018-11-03,成都市,B001,10,41990,MD冰箱,MD,冰箱,2500,4199,B,B企业,510100,2018,4,11
2018-11-03,长沙市,B003,13,74087,MD洗衣机,MD,洗衣机,3100,5699,B,B企业,430100,2018,4,11
2018-11-03,金华市,B001,13,54587,MD冰箱,MD,冰箱,2500,4199,B,B企业,330700,2018,4,11
2018-11-03,厦门市,B002,13,46787,MD电视,MD,电视,2000,4299,B,B企业,350200,2018,4,11
2018-11-03,长沙市,B002,10,35990,MD电视,MD,电视,2000,4299,B,B企业,430100,2018,4,11
2018-11-03,长沙市,B001,10,41990,MD冰箱,MD,冰箱,2500,4199,B,B企业,430100,2018,4,11
2018-11-03,金华市,B002,10,35990,MD电视,MD,电视,2000,4299,B,B企业,330700,2018,4,11
2018-11-03,金华市,A001,7,32683,GL冰箱,GL,冰箱,2200,4669,A,A企业,330700,2018,4,11
2018-11-03,重庆市,C003,4,18676,HE洗衣机,HE,洗衣机,2600,4699,C,C企业,500000,2018,4,11
2018-11-04,厦门市,B003,4,22796,MD洗衣机,MD,洗衣机,3100,5699,B,B企业,350200,2018,4,11
2018-11-04,厦门市,C001,13,46787,HE冰箱,HE,冰箱,1800,3599,C,C企业,350200,2018,4,11
2018-11-04,成都市,B001,13,54587,MD冰箱,MD,冰箱,2500,4199,B,B企业,510100,2018,4,11
2018-11-04,长沙市,B001,1,4199,MD冰箱,MD,冰箱,2500,4199,B,B企业,430100,2018,4,11
2018-11-04,长沙市,C002,4,16796,HE电视,HE,电视,2200,4199,C,C企业,430100,2018,4,11
2018-11-04,金华市,C001,4,14396,HE冰箱,HE,冰箱,1800,3599,C,C企业,330700,2018,4,11
2018-11-04,金华市,B001,10,41990,MD冰箱,MD,冰箱,2500,4199,B,B企业,330700,2018,4,11
2018-11-04,成都市,A001,1,4669,GL冰箱,GL,冰箱,2200,4669,A,A企业,510100,2018,4,11
2018-11-04,厦门市,B001,1,4199,MD冰箱,MD,冰箱,2500,4199,B,B企业,350200,2018,4,11
2018-11-04,金华市,A003,4,18676,GL洗衣机,GL,洗衣机,3200,4669,A,A企业,330700,2018,4,11
2018-11-04,金华市,A001,4,18676,GL冰箱,GL,冰箱,2200,4669,A,A企业,330700,2018,4,11
2018-11-04,重庆市,B001,13,54587,MD冰箱,MD,冰箱,2500,4199,B,B企业,500000,2018,4,11
2018-11-04,上海市,A003,13,60697,GL洗衣机,GL,洗衣机,3200,4669,A,A企业,310000,2018,4,11
2018-11-04,上海市,B001,7,29393,MD冰箱,MD,冰箱,2500,4199,B,B企业,310000,2018,4,11
2018-11-04,厦门市,A001,22,102718,GL冰箱,GL,冰箱,2200,4669,A,A企业,350200,2018,4,11
2018-11-04,金华市,B002,13,46787,MD电视,MD,电视,2000,4299,B,B企业,330700,2018,4,11
2018-11-05,厦门市,C001,4,14396,HE冰箱,HE,冰箱,1800,3599,C,C企业,350200,2018,4,11
2018-11-05,长沙市,C001,10,35990,HE冰箱,HE,冰箱,1800,3599,C,C企业,430100,2018,4,11
2018-11-05,厦门市,A003,1,4669,GL洗衣机,GL,洗衣机,3200,4669,A,A企业,350200,2018,4,11
2018-11-05,厦门市,A001,4,18676,GL冰箱,GL,冰箱,2200,4669,A,A企业,350200,2018,4,11
2018-11-05,金华市,B001,1,4199,MD冰箱,MD,冰箱,2500,4199,B,B企业,330700,2018,4,11
2018-11-05,金华市,B003,13,74087,MD洗衣机,MD,洗衣机,3100,5699,B,B企业,330700,2018,4,11
2018-11-05,上海市,C002,13,54587,HE电视,HE,电视,2200,4199,C,C企业,310000,2018,4,11
2018-11-05,上海市,C001,4,14396,HE冰箱,HE,冰箱,1800,3599,C,C企业,310000,2018,4,11
2018-11-05,金华市,B002,13,46787,MD电视,MD,电视,2000,4299,B,B企业,330700,2018,4,11
2018-11-05,金华市,A001,13,60697,GL冰箱,GL,冰箱,2200,4669,A,A企业,330700,2018,4,11
2018-11-05,厦门市,C003,10,46690,HE洗衣机,HE,洗衣机,2600,4699,C,C企业,350200,2018,4,11
2018-11-05,上海市,B001,13,54587,MD冰箱,MD,冰箱,2500,4199,B,B企业,310000,2018,4,11
2018-11-05,金华市,A003,4,18676,GL洗衣机,GL,洗衣机,3200,4669,A,A企业,330700,2018,4,11
2018-11-05,金华市,C003,4,18676,HE洗衣机,HE,洗衣机,2600,4699,C,C企业,330700,2018,4,11
2018-11-05,成都市,B001,10,41990,MD冰箱,MD,冰箱,2500,4199,B,B企业,510100,2018,4,11
2018-11-05,厦门市,B003,4,22796,MD洗衣机,MD,洗衣机,3100,5699,B,B企业,350200,2018,4,11
2018-11-06,金华市,B001,13,54587,MD冰箱,MD,冰箱,2500,4199,B,B企业,330700,2018,4,11
2018-11-06,厦门市,B001,1,4199,MD冰箱,MD,冰箱,2500,4199,B,B企业,350200,2018,4,11
2018-11-06,厦门市,B002,13,46787,MD电视,MD,电视,2000,4299,B,B企业,350200,2018,4,11
2018-11-06,厦门市,A003,7,32683,GL洗衣机,GL,洗衣机,3200,4669,A,A企业,350200,2018,4,11
2018-11-06,长沙市,B002,10,35990,MD电视,MD,电视,2000,4299,B,B企业,430100,2018,4,11
2018-11-06,长沙市,B001,10,41990,MD冰箱,MD,冰箱,2500,4199,B,B企业,430100,2018,4,11
2018-11-06,长沙市,A003,10,46690,GL洗衣机,GL,洗衣机,3200,4669,A,A企业,430100,2018,4,11
2018-11-06,金华市,B002,10,35990,MD电视,MD,电视,2000,4299,B,B企业,330700,2018,4,11
2018-11-06,金华市,A001,7,32683,GL冰箱,GL,冰箱,2200,4669,A,A企业,330700,2018,4,11
2018-11-06,厦门市,C001,13,46787,HE冰箱,HE,冰箱,1800,3599,C,C企业,350200,2018,4,11
2018-11-06,重庆市,C003,4,18676,HE洗衣机,HE,洗衣机,2600,4699,C,C企业,500000,2018,4,11
2018-11-06,金华市,A003,19,88711,GL洗衣机,GL,洗衣机,3200,4669,A,A企业,330700,2018,4,11
2018-11-06,长沙市,C003,13,60697,HE洗衣机,HE,洗衣机,2600,4699,C,C企业,430100,2018,4,11
2018-11-06,成都市,A001,13,60697,GL冰箱,GL,冰箱,2200,4669,A,A企业,510100,2018,4,11
2018-11-06,重庆市,B002,16,57584,MD电视,MD,电视,2000,4299,B,B企业,500000,2018,4,11
2018-11-06,厦门市,A001,10,46690,GL冰箱,GL,冰箱,2200,4669,A,A企业,350200,2018,4,11
2018-11-06,厦门市,C003,1,4669,HE洗衣机,HE,洗衣机,2600,4699,C,C企业,350200,2018,4,11
2018-11-06,上海市,C003,7,32683,HE洗衣机,HE,洗衣机,2600,4699,C,C企业,310000,2018,4,11
2018-11-06,长沙市,A001,4,18676,GL冰箱,GL,冰箱,2200,4669,A,A企业,430100,2018,4,11
2018-11-07,金华市,A003,4,18676,GL洗衣机,GL,洗衣机,3200,4669,A,A企业,330700,2018,4,11
2018-11-07,厦门市,B001,7,29393,MD冰箱,MD,冰箱,2500,4199,B,B企业,350200,2018,4,11
2018-11-07,金华市,A001,4,18676,GL冰箱,GL,冰箱,2200,4669,A,A企业,330700,2018,4,11
2018-11-07,重庆市,B001,13,54587,MD冰箱,MD,冰箱,2500,4199,B,B企业,500000,2018,4,11
2018-11-07,厦门市,C001,7,25193,HE冰箱,HE,冰箱,1800,3599,C,C企业,350200,2018,4,11
2018-11-07,金华市,B001,4,16796,MD冰箱,MD,冰箱,2500,4199,B,B企业,330700,2018,4,11
2018-11-07,上海市,A003,13,60697,GL洗衣机,GL,洗衣机,3200,4669,A,A企业,310000,2018,4,11
2018-11-07,金华市,C001,1,3599,HE冰箱,HE,冰箱,1800,3599,C,C企业,330700,2018,4,11
2018-11-07,上海市,B001,7,29393,MD冰箱,MD,冰箱,2500,4199,B,B企业,310000,2018,4,11
2018-11-07,厦门市,A001,22,102718,GL冰箱,GL,冰箱,2200,4669,A,A企业,350200,2018,4,11
2018-11-07,金华市,B002,13,46787,MD电视,MD,电视,2000,4299,B,B企业,330700,2018,4,11
2018-11-07,长沙市,A001,16,74704,GL冰箱,GL,冰箱,2200,4669,A,A企业,430100,2018,4,11
2018-11-07,厦门市,B003,19,108281,MD洗衣机,MD,洗衣机,3100,5699,B,B企业,350200,2018,4,11
2018-11-07,金华市,B003,7,39893,MD洗衣机,MD,洗衣机,3100,5699,B,B企业,330700,2018,4,11
2018-11-07,长沙市,B001,7,29393,MD冰箱,MD,冰箱,2500,4199,B,B企业,430100,2018,4,11
2018-11-07,长沙市,B002,7,25193,MD电视,MD,电视,2000,4299,B,B企业,430100,2018,4,11
2018-11-07,长沙市,C003,10,46690,HE洗衣机,HE,洗衣机,2600,4699,C,C企业,430100,2018,4,11
2018-11-07,厦门市,A003,4,18676,GL洗衣机,GL,洗衣机,3200,4669,A,A企业,350200,2018,4,11
2018-11-07,上海市,C001,19,68381,HE冰箱,HE,冰箱,1800,3599,C,C企业,310000,2018,4,11
2018-11-07,成都市,A001,16,74704,GL冰箱,GL,冰箱,2200,4669,A,A企业,510100,2018,4,11
2018-11-07,厦门市,B002,7,25193,MD电视,MD,电视,2000,4299,B,B企业,350200,2018,4,11
2018-11-08,厦门市,C003,10,46690,HE洗衣机,HE,洗衣机,2600,4699,C,C企业,350200,2018,4,11
2018-11-08,厦门市,A001,19,88711,GL冰箱,GL,冰箱,2200,4669,A,A企业,350200,2018,4,11
2018-11-08,金华市,B001,10,41990,MD冰箱,MD,冰箱,2500,4199,B,B企业,330700,2018,4,11
2018-11-08,上海市,B001,13,54587,MD冰箱,MD,冰箱,2500,4199,B,B企业,310000,2018,4,11
2018-11-08,金华市,A003,4,18676,GL洗衣机,GL,洗衣机,3200,4669,A,A企业,330700,2018,4,11
2018-11-08,金华市,C003,4,18676,HE洗衣机,HE,洗衣机,2600,4699,C,C企业,330700,2018,4,11
2018-11-08,上海市,C001,13,46787,HE冰箱,HE,冰箱,1800,3599,C,C企业,310000,2018,4,11
2018-11-08,成都市,B001,10,41990,MD冰箱,MD,冰箱,2500,4199,B,B企业,510100,2018,4,11
2018-11-08,厦门市,C001,1,3599,HE冰箱,HE,冰箱,1800,3599,C,C企业,350200,2018,4,11
2018-11-08,厦门市,B003,4,22796,MD洗衣机,MD,洗衣机,3100,5699,B,B企业,350200,2018,4,11
2018-11-08,成都市,A001,1,4669,GL冰箱,GL,冰箱,2200,4669,A,A企业,510100,2018,4,11
2018-11-08,厦门市,B001,7,29393,MD冰箱,MD,冰箱,2500,4199,B,B企业,350200,2018,4,11
2018-11-08,厦门市,A003,1,4669,GL洗衣机,GL,洗衣机,3200,4669,A,A企业,350200,2018,4,11
2018-11-08,金华市,A001,4,18676,GL冰箱,GL,冰箱,2200,4669,A,A企业,330700,2018,4,11
2018-11-08,长沙市,C003,16,74704,HE洗衣机,HE,洗衣机,2600,4699,C,C企业,430100,2018,4,11
2018-11-08,长沙市,A003,13,60697,GL洗衣机,GL,洗衣机,3200,4669,A,A企业,430100,2018,4,11
2018-11-08,长沙市,B001,13,54587,MD冰箱,MD,冰箱,2500,4199,B,B企业,430100,2018,4,11
2018-11-08,上海市,B002,13,46787,MD电视,MD,电视,2000,4299,B,B企业,310000,2018,4,11
2018-11-08,金华市,B003,7,39893,MD洗衣机,MD,洗衣机,3100,5699,B,B企业,330700,2018,4,11
2018-11-08,长沙市,B003,10,56990,MD洗衣机,MD,洗衣机,3100,5699,B,B企业,430100,2018,4,11
2018-11-08,成都市,C001,10,35990,HE冰箱,HE,冰箱,1800,3599,C,C企业,510100,2018,4,11
2018-11-08,厦门市,B002,7,25193,MD电视,MD,电视,2000,4299,B,B企业,350200,2018,4,11
2018-11-09,金华市,A003,19,88711,GL洗衣机,GL,洗衣机,3200,4669,A,A企业,330700,2018,4,11
2018-11-09,长沙市,C003,13,60697,HE洗衣机,HE,洗衣机,2600,4699,C,C企业,430100,2018,4,11
2018-11-09,金华市,B001,7,29393,MD冰箱,MD,冰箱,2500,4199,B,B企业,330700,2018,4,11
2018-11-09,成都市,A001,13,60697,GL冰箱,GL,冰箱,2200,4669,A,A企业,510100,2018,4,11
2018-11-09,长沙市,B001,19,79781,MD冰箱,MD,冰箱,2500,4199,B,B企业,430100,2018,4,11
2018-11-09,重庆市,B002,16,57584,MD电视,MD,电视,2000,4299,B,B企业,500000,2018,4,11
2018-11-09,厦门市,C001,4,14396,HE冰箱,HE,冰箱,1800,3599,C,C企业,350200,2018,4,11
2018-11-09,金华市,A001,19,88711,GL冰箱,GL,冰箱,2200,4669,A,A企业,330700,2018,4,11
2018-11-09,金华市,B002,13,46787,MD电视,MD,电视,2000,4299,B,B企业,330700,2018,4,11
2018-11-09,厦门市,A001,10,46690,GL冰箱,GL,冰箱,2200,4669,A,A企业,350200,2018,4,11
2018-11-09,厦门市,C003,1,4669,HE洗衣机,HE,洗衣机,2600,4699,C,C企业,350200,2018,4,11
2018-11-09,厦门市,A003,1,4669,GL洗衣机,GL,洗衣机,3200,4669,A,A企业,350200,2018,4,11
2018-11-09,上海市,C003,7,32683,HE洗衣机,HE,洗衣机,2600,4699,C,C企业,310000,2018,4,11
2018-11-09,长沙市,A001,4,18676,GL冰箱,GL,冰箱,2200,4669,A,A企业,430100,2018,4,11
2018-11-09,金华市,C002,22,92378,HE电视,HE,电视,2200,4199,C,C企业,330700,2018,4,11
2018-11-09,上海市,C001,4,14396,HE冰箱,HE,冰箱,1800,3599,C,C企业,310000,2018,4,11
2018-11-09,成都市,C002,7,29393,HE电视,HE,电视,2200,4199,C,C企业,510100,2018,4,11
2018-11-09,上海市,C002,7,29393,HE电视,HE,电视,2200,4199,C,C企业,310000,2018,4,11
2018-11-09,厦门市,B001,13,54587,MD冰箱,MD,冰箱,2500,4199,B,B企业,350200,2018,4,11
2018-11-09,上海市,A003,10,46690,GL洗衣机,GL,洗衣机,3200,4669,A,A企业,310000,2018,4,11
2018-11-09,厦门市,B003,13,74087,MD洗衣机,MD,洗衣机,3100,5699,B,B企业,350200,2018,4,11
2018-11-09,长沙市,A003,13,60697,GL洗衣机,GL,洗衣机,3200,4669,A,A企业,430100,2018,4,11
2018-11-09,重庆市,B001,10,41990,MD冰箱,MD,冰箱,2500,4199,B,B企业,500000,2018,4,11
2018-11-09,厦门市,C002,16,67184,HE电视,HE,电视,2200,4199,C,C企业,350200,2018,4,11
2018-11-09,金华市,C001,7,25193,HE冰箱,HE,冰箱,1800,3599,C,C企业,330700,2018,4,11
2018-11-10,长沙市,A001,16,74704,GL冰箱,GL,冰箱,2200,4669,A,A企业,430100,2018,4,11
2018-11-10,厦门市,B003,19,108281,MD洗衣机,MD,洗衣机,3100,5699,B,B企业,350200,2018,4,11
2018-11-10,金华市,B003,7,39893,MD洗衣机,MD,洗衣机,3100,5699,B,B企业,330700,2018,4,11
2018-11-10,长沙市,B001,7,29393,MD冰箱,MD,冰箱,2500,4199,B,B企业,430100,2018,4,11
2018-11-10,长沙市,B002,7,25193,MD电视,MD,电视,2000,4299,B,B企业,430100,2018,4,11
2018-11-10,长沙市,C003,10,46690,HE洗衣机,HE,洗衣机,2600,4699,C,C企业,430100,2018,4,11
2018-11-10,厦门市,A003,4,18676,GL洗衣机,GL,洗衣机,3200,4669,A,A企业,350200,2018,4,11
2018-11-10,金华市,A001,7,32683,GL冰箱,GL,冰箱,2200,4669,A,A企业,330700,2018,4,11
2018-11-10,上海市,C001,19,68381,HE冰箱,HE,冰箱,1800,3599,C,C企业,310000,2018,4,11
2018-11-10,成都市,A001,16,74704,GL冰箱,GL,冰箱,2200,4669,A,A企业,510100,2018,4,11
2018-11-10,厦门市,B002,7,25193,MD电视,MD,电视,2000,4299,B,B企业,350200,2018,4,11
2018-11-10,厦门市,C003,10,46690,HE洗衣机,HE,洗衣机,2600,4699,C,C企业,350200,2018,4,11
2018-11-10,金华市,B001,22,92378,MD冰箱,MD,冰箱,2500,4199,B,B企业,330700,2018,4,11
2018-11-10,厦门市,B001,1,4199,MD冰箱,MD,冰箱,2500,4199,B,B企业,350200,2018,4,11
2018-11-10,金华市,A003,4,18676,GL洗衣机,GL,洗衣机,3200,4669,A,A企业,330700,2018,4,11
2018-11-10,金华市,C001,13,46787,HE冰箱,HE,冰箱,1800,3599,C,C企业,330700,2018,4,11
2018-11-10,厦门市,A001,16,74704,GL冰箱,GL,冰箱,2200,4669,A,A企业,350200,2018,4,11
2018-11-10,厦门市,C001,10,35990,HE冰箱,HE,冰箱,1800,3599,C,C企业,350200,2018,4,11
2018-11-10,重庆市,B001,10,41990,MD冰箱,MD,冰箱,2500,4199,B,B企业,500000,2018,4,11
2018-11-11,成都市,A001,1,4669,GL冰箱,GL,冰箱,2200,4669,A,A企业,510100,2018,4,11
2018-11-11,厦门市,B001,7,29393,MD冰箱,MD,冰箱,2500,4199,B,B企业,350200,2018,4,11
2018-11-11,厦门市,A003,1,4669,GL洗衣机,GL,洗衣机,3200,4669,A,A企业,350200,2018,4,11
2018-11-11,金华市,A001,4,18676,GL冰箱,GL,冰箱,2200,4669,A,A企业,330700,2018,4,11
2018-11-11,长沙市,C003,16,74704,HE洗衣机,HE,洗衣机,2600,4699,C,C企业,430100,2018,4,11
2018-11-11,长沙市,A003,13,60697,GL洗衣机,GL,洗衣机,3200,4669,A,A企业,430100,2018,4,11
2018-11-11,长沙市,B001,13,54587,MD冰箱,MD,冰箱,2500,4199,B,B企业,430100,2018,4,11
2018-11-11,厦门市,A001,1,4669,GL冰箱,GL,冰箱,2200,4669,A,A企业,350200,2018,4,11
2018-11-11,上海市,B002,13,46787,MD电视,MD,电视,2000,4299,B,B企业,310000,2018,4,11
2018-11-11,金华市,C003,13,60697,HE洗衣机,HE,洗衣机,2600,4699,C,C企业,330700,2018,4,11
2018-11-11,金华市,B003,7,39893,MD洗衣机,MD,洗衣机,3100,5699,B,B企业,330700,2018,4,11
2018-11-11,长沙市,B003,10,56990,MD洗衣机,MD,洗衣机,3100,5699,B,B企业,430100,2018,4,11
2018-11-11,成都市,C001,10,35990,HE冰箱,HE,冰箱,1800,3599,C,C企业,510100,2018,4,11
2018-11-11,厦门市,B002,7,25193,MD电视,MD,电视,2000,4299,B,B企业,350200,2018,4,11
2018-11-11,成都市,B001,13,54587,MD冰箱,MD,冰箱,2500,4199,B,B企业,510100,2018,4,11
2018-11-11,金华市,A003,13,60697,GL洗衣机,GL,洗衣机,3200,4669,A,A企业,330700,2018,4,11
2018-11-11,厦门市,C002,1,4199,HE电视,HE,电视,2200,4199,C,C企业,350200,2018,4,11
2018-11-11,金华市,B001,13,54587,MD冰箱,MD,冰箱,2500,4199,B,B企业,330700,2018,4,11
2018-11-11,上海市,A001,22,102718,GL冰箱,GL,冰箱,2200,4669,A,A企业,310000,2018,4,11
2018-11-11,金华市,C002,10,41990,HE电视,HE,电视,2200,4199,C,C企业,330700,2018,4,11
2018-11-11,重庆市,C002,10,41990,HE电视,HE,电视,2200,4199,C,C企业,500000,2018,4,11
2018-11-11,重庆市,C003,10,46690,HE洗衣机,HE,洗衣机,2600,4699,C,C企业,500000,2018,4,11
2018-11-12,金华市,C002,22,92378,HE电视,HE,电视,2200,4199,C,C企业,330700,2018,4,11
2018-11-12,上海市,C001,4,14396,HE冰箱,HE,冰箱,1800,3599,C,C企业,310000,2018,4,11
2018-11-12,成都市,C002,7,29393,HE电视,HE,电视,2200,4199,C,C企业,510100,2018,4,11
2018-11-12,上海市,C002,7,29393,HE电视,HE,电视,2200,4199,C,C企业,310000,2018,4,11
2018-11-12,厦门市,B001,13,54587,MD冰箱,MD,冰箱,2500,4199,B,B企业,350200,2018,4,11
2018-11-12,上海市,A003,10,46690,GL洗衣机,GL,洗衣机,3200,4669,A,A企业,310000,2018,4,11
2018-11-12,长沙市,B001,1,4199,MD冰箱,MD,冰箱,2500,4199,B,B企业,430100,2018,4,11
2018-11-12,厦门市,B003,13,74087,MD洗衣机,MD,洗衣机,3100,5699,B,B企业,350200,2018,4,11
2018-11-12,长沙市,A003,13,60697,GL洗衣机,GL,洗衣机,3200,4669,A,A企业,430100,2018,4,11
2018-11-12,金华市,A003,4,18676,GL洗衣机,GL,洗衣机,3200,4669,A,A企业,330700,2018,4,11
2018-11-12,金华市,B001,4,16796,MD冰箱,MD,冰箱,2500,4199,B,B企业,330700,2018,4,11
2018-11-12,重庆市,B001,10,41990,MD冰箱,MD,冰箱,2500,4199,B,B企业,500000,2018,4,11
2018-11-12,厦门市,C002,16,67184,HE电视,HE,电视,2200,4199,C,C企业,350200,2018,4,11
2018-11-12,金华市,C001,7,25193,HE冰箱,HE,冰箱,1800,3599,C,C企业,330700,2018,4,11
2018-11-12,厦门市,A001,1,4669,GL冰箱,GL,冰箱,2200,4669,A,A企业,350200,2018,4,11
2018-11-12,厦门市,C001,13,46787,HE冰箱,HE,冰箱,1800,3599,C,C企业,350200,2018,4,11
2018-11-12,厦门市,A003,19,88711,GL洗衣机,GL,洗衣机,3200,4669,A,A企业,350200,2018,4,11
2018-11-12,成都市,A001,19,88711,GL冰箱,GL,冰箱,2200,4669,A,A企业,510100,2018,4,11
2018-11-12,金华市,C003,7,32683,HE洗衣机,HE,洗衣机,2600,4699,C,C企业,330700,2018,4,11
2018-11-12,重庆市,B003,16,91184,MD洗衣机,MD,洗衣机,3100,5699,B,B企业,500000,2018,4,11
2018-11-12,金华市,B003,1,5699,MD洗衣机,MD,洗衣机,3100,5699,B,B企业,330700,2018,4,11
2018-11-12,上海市,B003,13,74087,MD洗衣机,MD,洗衣机,3100,5699,B,B企业,310000,2018,4,11
2018-11-12,上海市,B001,1,4199,MD冰箱,MD,冰箱,2500,4199,B,B企业,310000,2018,4,11
2018-11-12,金华市,A001,13,60697,GL冰箱,GL,冰箱,2200,4669,A,A企业,330700,2018,4,11
2018-11-12,长沙市,A001,13,60697,GL冰箱,GL,冰箱,2200,4669,A,A企业,430100,2018,4,11
2018-11-12,重庆市,A003,10,46690,GL洗衣机,GL,洗衣机,3200,4669,A,A企业,500000,2018,4,11
2018-11-13,金华市,A001,10,46690,GL冰箱,GL,冰箱,2200,4669,A,A企业,330700,2018,4,11
2018-11-13,厦门市,C003,10,46690,HE洗衣机,HE,洗衣机,2600,4699,C,C企业,350200,2018,4,11
2018-11-13,金华市,B001,22,92378,MD冰箱,MD,冰箱,2500,4199,B,B企业,330700,2018,4,11
2018-11-13,厦门市,B001,1,4199,MD冰箱,MD,冰箱,2500,4199,B,B企业,350200,2018,4,11
2018-11-13,金华市,A003,4,18676,GL洗衣机,GL,洗衣机,3200,4669,A,A企业,330700,2018,4,11
2018-11-13,厦门市,A003,10,46690,GL洗衣机,GL,洗衣机,3200,4669,A,A企业,350200,2018,4,11
2018-11-13,金华市,C001,13,46787,HE冰箱,HE,冰箱,1800,3599,C,C企业,330700,2018,4,11
2018-11-13,成都市,A001,7,32683,GL冰箱,GL,冰箱,2200,4669,A,A企业,510100,2018,4,11
2018-11-13,厦门市,A001,16,74704,GL冰箱,GL,冰箱,2200,4669,A,A企业,350200,2018,4,11
2018-11-13,厦门市,C001,10,35990,HE冰箱,HE,冰箱,1800,3599,C,C企业,350200,2018,4,11
2018-11-13,重庆市,B001,10,41990,MD冰箱,MD,冰箱,2500,4199,B,B企业,500000,2018,4,11
2018-11-13,厦门市,B002,10,35990,MD电视,MD,电视,2000,4299,B,B企业,350200,2018,4,11
2018-11-13,厦门市,B003,7,39893,MD洗衣机,MD,洗衣机,3100,5699,B,B企业,350200,2018,4,11
2018-11-13,重庆市,C001,16,57584,HE冰箱,HE,冰箱,1800,3599,C,C企业,500000,2018,4,11
2018-11-13,长沙市,C003,19,88711,HE洗衣机,HE,洗衣机,2600,4699,C,C企业,430100,2018,4,11
2018-11-13,金华市,B002,16,57584,MD电视,MD,电视,2000,4299,B,B企业,330700,2018,4,11
2018-11-13,长沙市,A003,1,4669,GL洗衣机,GL,洗衣机,3200,4669,A,A企业,430100,2018,4,11
2018-11-13,长沙市,B003,10,56990,MD洗衣机,MD,洗衣机,3100,5699,B,B企业,430100,2018,4,11
2018-11-13,长沙市,A001,10,46690,GL冰箱,GL,冰箱,2200,4669,A,A企业,430100,2018,4,11
2018-11-14,成都市,B001,13,54587,MD冰箱,MD,冰箱,2500,4199,B,B企业,510100,2018,4,11
2018-11-14,金华市,A003,13,60697,GL洗衣机,GL,洗衣机,3200,4669,A,A企业,330700,2018,4,11
2018-11-14,厦门市,B001,22,92378,MD冰箱,MD,冰箱,2500,4199,B,B企业,350200,2018,4,11
2018-11-14,金华市,C003,10,46690,HE洗衣机,HE,洗衣机,2600,4699,C,C企业,330700,2018,4,11
2018-11-14,金华市,A001,4,18676,GL冰箱,GL,冰箱,2200,4669,A,A企业,330700,2018,4,11
2018-11-14,厦门市,C002,1,4199,HE电视,HE,电视,2200,4199,C,C企业,350200,2018,4,11
2018-11-14,金华市,B001,13,54587,MD冰箱,MD,冰箱,2500,4199,B,B企业,330700,2018,4,11
2018-11-14,上海市,A001,22,102718,GL冰箱,GL,冰箱,2200,4669,A,A企业,310000,2018,4,11
2018-11-14,金华市,C002,10,41990,HE电视,HE,电视,2200,4199,C,C企业,330700,2018,4,11
2018-11-14,重庆市,C002,10,41990,HE电视,HE,电视,2200,4199,C,C企业,500000,2018,4,11
2018-11-14,重庆市,C003,10,46690,HE洗衣机,HE,洗衣机,2600,4699,C,C企业,500000,2018,4,11
2018-11-14,金华市,B003,22,125378,MD洗衣机,MD,洗衣机,3100,5699,B,B企业,330700,2018,4,11
2018-11-14,上海市,C001,1,3599,HE冰箱,HE,冰箱,1800,3599,C,C企业,310000,2018,4,11
2018-11-14,厦门市,A003,7,32683,GL洗衣机,GL,洗衣机,3200,4669,A,A企业,350200,2018,4,11
2018-11-14,厦门市,C001,4,14396,HE冰箱,HE,冰箱,1800,3599,C,C企业,350200,2018,4,11
2018-11-14,长沙市,A001,7,32683,GL冰箱,GL,冰箱,2200,4669,A,A企业,430100,2018,4,11
2018-11-14,上海市,C003,13,60697,HE洗衣机,HE,洗衣机,2600,4699,C,C企业,310000,2018,4,11
2018-11-14,长沙市,B001,22,92378,MD冰箱,MD,冰箱,2500,4199,B,B企业,430100,2018,4,11
2018-11-15,金华市,C003,7,32683,HE洗衣机,HE,洗衣机,2600,4699,C,C企业,330700,2018,4,11
2018-11-15,重庆市,B003,16,91184,MD洗衣机,MD,洗衣机,3100,5699,B,B企业,500000,2018,4,11
2018-11-15,金华市,B003,1,5699,MD洗衣机,MD,洗衣机,3100,5699,B,B企业,330700,2018,4,11
2018-11-15,上海市,B003,13,74087,MD洗衣机,MD,洗衣机,3100,5699,B,B企业,310000,2018,4,11
2018-11-15,厦门市,B003,7,39893,MD洗衣机,MD,洗衣机,3100,5699,B,B企业,350200,2018,4,11
2018-11-15,上海市,B001,1,4199,MD冰箱,MD,冰箱,2500,4199,B,B企业,310000,2018,4,11
2018-11-15,金华市,A001,13,60697,GL冰箱,GL,冰箱,2200,4669,A,A企业,330700,2018,4,11
2018-11-15,厦门市,A003,7,32683,GL洗衣机,GL,洗衣机,3200,4669,A,A企业,350200,2018,4,11
2018-11-15,长沙市,A001,13,60697,GL冰箱,GL,冰箱,2200,4669,A,A企业,430100,2018,4,11
2018-11-15,厦门市,C001,13,46787,HE冰箱,HE,冰箱,1800,3599,C,C企业,350200,2018,4,11
2018-11-15,重庆市,A003,10,46690,GL洗衣机,GL,洗衣机,3200,4669,A,A企业,500000,2018,4,11
2018-11-15,厦门市,B001,4,16796,MD冰箱,MD,冰箱,2500,4199,B,B企业,350200,2018,4,11
2018-11-15,重庆市,B001,4,16796,MD冰箱,MD,冰箱,2500,4199,B,B企业,500000,2018,4,11
2018-11-15,厦门市,C002,13,54587,HE电视,HE,电视,2200,4199,C,C企业,350200,2018,4,11
2018-11-15,长沙市,B001,10,41990,MD冰箱,MD,冰箱,2500,4199,B,B企业,430100,2018,4,11
2018-11-15,金华市,A003,19,88711,GL洗衣机,GL,洗衣机,3200,4669,A,A企业,330700,2018,4,11
2018-11-15,金华市,B001,4,16796,MD冰箱,MD,冰箱,2500,4199,B,B企业,330700,2018,4,11
2018-11-15,厦门市,C003,13,60697,HE洗衣机,HE,洗衣机,2600,4699,C,C企业,350200,2018,4,11
2018-11-16,厦门市,B002,10,35990,MD电视,MD,电视,2000,4299,B,B企业,350200,2018,4,11
2018-11-16,金华市,B001,13,54587,MD冰箱,MD,冰箱,2500,4199,B,B企业,330700,2018,4,11
2018-11-16,厦门市,C001,13,46787,HE冰箱,HE,冰箱,1800,3599,C,C企业,350200,2018,4,11
2018-11-16,厦门市,A001,4,18676,GL冰箱,GL,冰箱,2200,4669,A,A企业,350200,2018,4,11
2018-11-16,厦门市,B003,7,39893,MD洗衣机,MD,洗衣机,3100,5699,B,B企业,350200,2018,4,11
2018-11-16,重庆市,C001,16,57584,HE冰箱,HE,冰箱,1800,3599,C,C企业,500000,2018,4,11
2018-11-16,长沙市,C003,19,88711,HE洗衣机,HE,洗衣机,2600,4699,C,C企业,430100,2018,4,11
2018-11-16,金华市,B002,16,57584,MD电视,MD,电视,2000,4299,B,B企业,330700,2018,4,11
2018-11-16,金华市,A001,13,60697,GL冰箱,GL,冰箱,2200,4669,A,A企业,330700,2018,4,11
2018-11-16,长沙市,A003,1,4669,GL洗衣机,GL,洗衣机,3200,4669,A,A企业,430100,2018,4,11
2018-11-16,长沙市,B003,10,56990,MD洗衣机,MD,洗衣机,3100,5699,B,B企业,430100,2018,4,11
2018-11-16,长沙市,A001,10,46690,GL冰箱,GL,冰箱,2200,4669,A,A企业,430100,2018,4,11
2018-11-16,上海市,B002,13,46787,MD电视,MD,电视,2000,4299,B,B企业,310000,2018,4,11
2018-11-16,金华市,A003,13,60697,GL洗衣机,GL,洗衣机,3200,4669,A,A企业,330700,2018,4,11
2018-11-16,厦门市,B001,22,92378,MD冰箱,MD,冰箱,2500,4199,B,B企业,350200,2018,4,11
2018-11-16,成都市,B001,7,29393,MD冰箱,MD,冰箱,2500,4199,B,B企业,510100,2018,4,11
2018-11-16,重庆市,A003,7,32683,GL洗衣机,GL,洗衣机,3200,4669,A,A企业,500000,2018,4,11
2018-11-16,厦门市,C003,16,74704,HE洗衣机,HE,洗衣机,2600,4699,C,C企业,350200,2018,4,11
2018-11-16,厦门市,A003,13,60697,GL洗衣机,GL,洗衣机,3200,4669,A,A企业,350200,2018,4,11
2018-11-16,金华市,C001,4,14396,HE冰箱,HE,冰箱,1800,3599,C,C企业,330700,2018,4,11
2018-11-17,上海市,C001,1,3599,HE冰箱,HE,冰箱,1800,3599,C,C企业,310000,2018,4,11
2018-11-17,成都市,B001,7,29393,MD冰箱,MD,冰箱,2500,4199,B,B企业,510100,2018,4,11
2018-11-17,厦门市,A003,7,32683,GL洗衣机,GL,洗衣机,3200,4669,A,A企业,350200,2018,4,11
2018-11-17,厦门市,C001,4,14396,HE冰箱,HE,冰箱,1800,3599,C,C企业,350200,2018,4,11
2018-11-17,长沙市,A001,7,32683,GL冰箱,GL,冰箱,2200,4669,A,A企业,430100,2018,4,11
2018-11-17,金华市,B001,16,67184,MD冰箱,MD,冰箱,2500,4199,B,B企业,330700,2018,4,11
2018-11-17,厦门市,B001,7,29393,MD冰箱,MD,冰箱,2500,4199,B,B企业,350200,2018,4,11
2018-11-17,上海市,C003,13,60697,HE洗衣机,HE,洗衣机,2600,4699,C,C企业,310000,2018,4,11
2018-11-17,长沙市,B001,22,92378,MD冰箱,MD,冰箱,2500,4199,B,B企业,430100,2018,4,11
2018-11-17,厦门市,C003,16,74704,HE洗衣机,HE,洗衣机,2600,4699,C,C企业,350200,2018,4,11
2018-11-17,上海市,B001,4,16796,MD冰箱,MD,冰箱,2500,4199,B,B企业,310000,2018,4,11
2018-11-17,金华市,A001,16,74704,GL冰箱,GL,冰箱,2200,4669,A,A企业,330700,2018,4,11
2018-11-17,深圳市,B001,13,54587,MD冰箱,MD,冰箱,2500,4199,B,B企业,440300,2018,4,11
2018-11-17,金华市,B002,22,79178,MD电视,MD,电视,2000,4299,B,B企业,330700,2018,4,11
2018-11-17,厦门市,C002,4,16796,HE电视,HE,电视,2200,4199,C,C企业,350200,2018,4,11
2018-11-17,重庆市,B001,19,79781,MD冰箱,MD,冰箱,2500,4199,B,B企业,500000,2018,4,11
2018-11-17,成都市,A001,1,4669,GL冰箱,GL,冰箱,2200,4669,A,A企业,510100,2018,4,11
2018-11-18,长沙市,B001,10,41990,MD冰箱,MD,冰箱,2500,4199,B,B企业,430100,2018,4,11
2018-11-18,金华市,A003,19,88711,GL洗衣机,GL,洗衣机,3200,4669,A,A企业,330700,2018,4,11
2018-11-18,厦门市,A003,4,18676,GL洗衣机,GL,洗衣机,3200,4669,A,A企业,350200,2018,4,11
2018-11-18,金华市,B003,13,74087,MD洗衣机,MD,洗衣机,3100,5699,B,B企业,330700,2018,4,11
2018-11-18,金华市,B001,4,16796,MD冰箱,MD,冰箱,2500,4199,B,B企业,330700,2018,4,11
2018-11-18,上海市,B001,13,54587,MD冰箱,MD,冰箱,2500,4199,B,B企业,310000,2018,4,11
2018-11-18,厦门市,B001,13,54587,MD冰箱,MD,冰箱,2500,4199,B,B企业,350200,2018,4,11
2018-11-18,重庆市,A003,22,102718,GL洗衣机,GL,洗衣机,3200,4669,A,A企业,500000,2018,4,11
2018-11-18,厦门市,C003,13,60697,HE洗衣机,HE,洗衣机,2600,4699,C,C企业,350200,2018,4,11
2018-11-18,重庆市,B001,10,41990,MD冰箱,MD,冰箱,2500,4199,B,B企业,500000,2018,4,11
2018-11-18,金华市,A001,16,74704,GL冰箱,GL,冰箱,2200,4669,A,A企业,330700,2018,4,11
2018-11-18,厦门市,C002,10,41990,HE电视,HE,电视,2200,4199,C,C企业,350200,2018,4,11
2018-11-18,深圳市,B001,13,54587,MD冰箱,MD,冰箱,2500,4199,B,B企业,440300,2018,4,11
2018-11-18,成都市,A001,10,46690,GL冰箱,GL,冰箱,2200,4669,A,A企业,510100,2018,4,11
2018-11-18,长沙市,A003,19,88711,GL洗衣机,GL,洗衣机,3200,4669,A,A企业,430100,2018,4,11
2018-11-19,上海市,B002,13,46787,MD电视,MD,电视,2000,4299,B,B企业,310000,2018,4,11
2018-11-19,金华市,A003,13,60697,GL洗衣机,GL,洗衣机,3200,4669,A,A企业,330700,2018,4,11
2018-11-19,厦门市,B001,22,92378,MD冰箱,MD,冰箱,2500,4199,B,B企业,350200,2018,4,11
2018-11-19,成都市,B001,7,29393,MD冰箱,MD,冰箱,2500,4199,B,B企业,510100,2018,4,11
2018-11-19,重庆市,A003,7,32683,GL洗衣机,GL,洗衣机,3200,4669,A,A企业,500000,2018,4,11
2018-11-19,厦门市,C001,16,57584,HE冰箱,HE,冰箱,1800,3599,C,C企业,350200,2018,4,11
2018-11-19,金华市,B001,13,54587,MD冰箱,MD,冰箱,2500,4199,B,B企业,330700,2018,4,11
2018-11-19,厦门市,C003,16,74704,HE洗衣机,HE,洗衣机,2600,4699,C,C企业,350200,2018,4,11
2018-11-19,厦门市,B002,4,14396,MD电视,MD,电视,2000,4299,B,B企业,350200,2018,4,11
2018-11-19,厦门市,A003,13,60697,GL洗衣机,GL,洗衣机,3200,4669,A,A企业,350200,2018,4,11
2018-11-19,金华市,B002,19,68381,MD电视,MD,电视,2000,4299,B,B企业,330700,2018,4,11
2018-11-19,金华市,C001,4,14396,HE冰箱,HE,冰箱,1800,3599,C,C企业,330700,2018,4,11
2018-11-19,金华市,C002,4,16796,HE电视,HE,电视,2200,4199,C,C企业,330700,2018,4,11
2018-11-19,厦门市,C002,10,41990,HE电视,HE,电视,2200,4199,C,C企业,350200,2018,4,11
2018-11-19,长沙市,B001,7,29393,MD冰箱,MD,冰箱,2500,4199,B,B企业,430100,2018,4,11
2018-11-19,上海市,A001,19,88711,GL冰箱,GL,冰箱,2200,4669,A,A企业,310000,2018,4,11
2018-11-19,重庆市,C003,4,18676,HE洗衣机,HE,洗衣机,2600,4699,C,C企业,500000,2018,4,11
2018-11-19,长沙市,A003,7,32683,GL洗衣机,GL,洗衣机,3200,4669,A,A企业,430100,2018,4,11
2018-11-19,长沙市,C001,13,46787,HE冰箱,HE,冰箱,1800,3599,C,C企业,430100,2018,4,11
2018-11-19,重庆市,B001,16,67184,MD冰箱,MD,冰箱,2500,4199,B,B企业,500000,2018,4,11
2018-11-19,长沙市,A001,16,74704,GL冰箱,GL,冰箱,2200,4669,A,A企业,430100,2018,4,11
2018-11-19,上海市,B003,13,74087,MD洗衣机,MD,洗衣机,3100,5699,B,B企业,310000,2018,4,11
2018-11-20,厦门市,C003,16,74704,HE洗衣机,HE,洗衣机,2600,4699,C,C企业,350200,2018,4,11
2018-11-20,上海市,B001,4,16796,MD冰箱,MD,冰箱,2500,4199,B,B企业,310000,2018,4,11
2018-11-20,金华市,A001,16,74704,GL冰箱,GL,冰箱,2200,4669,A,A企业,330700,2018,4,11
2018-11-20,深圳市,B001,13,54587,MD冰箱,MD,冰箱,2500,4199,B,B企业,440300,2018,4,11
2018-11-20,厦门市,B001,10,41990,MD冰箱,MD,冰箱,2500,4199,B,B企业,350200,2018,4,11
2018-11-20,金华市,B002,22,79178,MD电视,MD,电视,2000,4299,B,B企业,330700,2018,4,11
2018-11-20,厦门市,C002,4,16796,HE电视,HE,电视,2200,4199,C,C企业,350200,2018,4,11
2018-11-20,厦门市,A003,13,60697,GL洗衣机,GL,洗衣机,3200,4669,A,A企业,350200,2018,4,11
2018-11-20,金华市,B001,16,67184,MD冰箱,MD,冰箱,2500,4199,B,B企业,330700,2018,4,11
2018-11-20,重庆市,B001,19,79781,MD冰箱,MD,冰箱,2500,4199,B,B企业,500000,2018,4,11
2018-11-20,上海市,C003,7,32683,HE洗衣机,HE,洗衣机,2600,4699,C,C企业,310000,2018,4,11
2018-11-20,厦门市,C001,7,25193,HE冰箱,HE,冰箱,1800,3599,C,C企业,350200,2018,4,11
2018-11-20,成都市,B001,16,67184,MD冰箱,MD,冰箱,2500,4199,B,B企业,510100,2018,4,11
2018-11-20,成都市,A001,1,4669,GL冰箱,GL,冰箱,2200,4669,A,A企业,510100,2018,4,11
2018-11-20,金华市,A003,13,60697,GL洗衣机,GL,洗衣机,3200,4669,A,A企业,330700,2018,4,11
2018-11-20,上海市,C001,13,46787,HE冰箱,HE,冰箱,1800,3599,C,C企业,310000,2018,4,11
2018-11-20,长沙市,C001,10,35990,HE冰箱,HE,冰箱,1800,3599,C,C企业,430100,2018,4,11
2018-11-20,金华市,C001,10,35990,HE冰箱,HE,冰箱,1800,3599,C,C企业,330700,2018,4,11
2018-11-20,上海市,C002,13,54587,HE电视,HE,电视,2200,4199,C,C企业,310000,2018,4,11
2018-11-20,金华市,B003,16,91184,MD洗衣机,MD,洗衣机,3100,5699,B,B企业,330700,2018,4,11
2018-11-20,深圳市,C001,10,35990,HE冰箱,HE,冰箱,1800,3599,C,C企业,440300,2018,4,11
2018-11-20,金华市,C003,7,32683,HE洗衣机,HE,洗衣机,2600,4699,C,C企业,330700,2018,4,11
2018-11-20,上海市,B002,13,46787,MD电视,MD,电视,2000,4299,B,B企业,310000,2018,4,11
2018-11-20,厦门市,B003,22,125378,MD洗衣机,MD,洗衣机,3100,5699,B,B企业,350200,2018,4,11
2018-11-20,厦门市,A001,10,46690,GL冰箱,GL,冰箱,2200,4669,A,A企业,350200,2018,4,11
2018-11-20,成都市,C001,19,68381,HE冰箱,HE,冰箱,1800,3599,C,C企业,510100,2018,4,11
2018-11-20,重庆市,B003,10,56990,MD洗衣机,MD,洗衣机,3100,5699,B,B企业,500000,2018,4,11
2018-11-21,厦门市,B001,13,54587,MD冰箱,MD,冰箱,2500,4199,B,B企业,350200,2018,4,11
2018-11-21,金华市,A003,7,32683,GL洗衣机,GL,洗衣机,3200,4669,A,A企业,330700,2018,4,11
2018-11-21,厦门市,C002,10,41990,HE电视,HE,电视,2200,4199,C,C企业,350200,2018,4,11
2018-11-21,深圳市,B001,13,54587,MD冰箱,MD,冰箱,2500,4199,B,B企业,440300,2018,4,11
2018-11-21,成都市,A001,10,46690,GL冰箱,GL,冰箱,2200,4669,A,A企业,510100,2018,4,11
2018-11-21,长沙市,A003,19,88711,GL洗衣机,GL,洗衣机,3200,4669,A,A企业,430100,2018,4,11
2018-11-21,长沙市,B001,16,67184,MD冰箱,MD,冰箱,2500,4199,B,B企业,430100,2018,4,11
2018-11-21,金华市,B001,13,54587,MD冰箱,MD,冰箱,2500,4199,B,B企业,330700,2018,4,11
2018-11-21,厦门市,A003,1,4669,GL洗衣机,GL,洗衣机,3200,4669,A,A企业,350200,2018,4,11
2018-11-21,金华市,C001,10,35990,HE冰箱,HE,冰箱,1800,3599,C,C企业,330700,2018,4,11
2018-11-21,厦门市,B002,7,25193,MD电视,MD,电视,2000,4299,B,B企业,350200,2018,4,11
2018-11-21,金华市,A001,13,60697,GL冰箱,GL,冰箱,2200,4669,A,A企业,330700,2018,4,11
2018-11-21,厦门市,C001,13,46787,HE冰箱,HE,冰箱,1800,3599,C,C企业,350200,2018,4,11
2018-11-21,厦门市,A001,4,18676,GL冰箱,GL,冰箱,2200,4669,A,A企业,350200,2018,4,11
2018-11-21,金华市,B002,16,57584,MD电视,MD,电视,2000,4299,B,B企业,330700,2018,4,11
2018-11-21,重庆市,A001,22,102718,GL冰箱,GL,冰箱,2200,4669,A,A企业,500000,2018,4,11
2018-11-22,金华市,A003,10,46690,GL洗衣机,GL,洗衣机,3200,4669,A,A企业,330700,2018,4,11
2018-11-22,金华市,C002,4,16796,HE电视,HE,电视,2200,4199,C,C企业,330700,2018,4,11
2018-11-22,厦门市,C002,10,41990,HE电视,HE,电视,2200,4199,C,C企业,350200,2018,4,11
2018-11-22,长沙市,B001,7,29393,MD冰箱,MD,冰箱,2500,4199,B,B企业,430100,2018,4,11
2018-11-22,上海市,A001,19,88711,GL冰箱,GL,冰箱,2200,4669,A,A企业,310000,2018,4,11
2018-11-22,重庆市,C003,4,18676,HE洗衣机,HE,洗衣机,2600,4699,C,C企业,500000,2018,4,11
2018-11-22,长沙市,A003,7,32683,GL洗衣机,GL,洗衣机,3200,4669,A,A企业,430100,2018,4,11
2018-11-22,长沙市,C001,13,46787,HE冰箱,HE,冰箱,1800,3599,C,C企业,430100,2018,4,11
2018-11-22,重庆市,B001,16,67184,MD冰箱,MD,冰箱,2500,4199,B,B企业,500000,2018,4,11
2018-11-22,长沙市,A001,16,74704,GL冰箱,GL,冰箱,2200,4669,A,A企业,430100,2018,4,11
2018-11-22,上海市,B003,13,74087,MD洗衣机,MD,洗衣机,3100,5699,B,B企业,310000,2018,4,11
2018-11-22,金华市,C001,7,25193,HE冰箱,HE,冰箱,1800,3599,C,C企业,330700,2018,4,11
2018-11-22,金华市,B001,22,92378,MD冰箱,MD,冰箱,2500,4199,B,B企业,330700,2018,4,11
2018-11-22,厦门市,C001,1,3599,HE冰箱,HE,冰箱,1800,3599,C,C企业,350200,2018,4,11
2018-11-22,金华市,A001,16,74704,GL冰箱,GL,冰箱,2200,4669,A,A企业,330700,2018,4,11
2018-11-22,金华市,B002,13,46787,MD电视,MD,电视,2000,4299,B,B企业,330700,2018,4,11
2018-11-22,金华市,C003,10,46690,HE洗衣机,HE,洗衣机,2600,4699,C,C企业,330700,2018,4,11
2018-11-22,厦门市,B001,4,16796,MD冰箱,MD,冰箱,2500,4199,B,B企业,350200,2018,4,11
2018-11-22,厦门市,A001,13,60697,GL冰箱,GL,冰箱,2200,4669,A,A企业,350200,2018,4,11
2018-11-22,厦门市,B002,7,25193,MD电视,MD,电视,2000,4299,B,B企业,350200,2018,4,11
2018-11-22,厦门市,A003,10,46690,GL洗衣机,GL,洗衣机,3200,4669,A,A企业,350200,2018,4,11
2018-11-22,成都市,B001,10,41990,MD冰箱,MD,冰箱,2500,4199,B,B企业,510100,2018,4,11
2018-11-23,金华市,A003,13,60697,GL洗衣机,GL,洗衣机,3200,4669,A,A企业,330700,2018,4,11
2018-11-23,上海市,C001,13,46787,HE冰箱,HE,冰箱,1800,3599,C,C企业,310000,2018,4,11
2018-11-23,长沙市,C001,10,35990,HE冰箱,HE,冰箱,1800,3599,C,C企业,430100,2018,4,11
2018-11-23,厦门市,A003,16,74704,GL洗衣机,GL,洗衣机,3200,4669,A,A企业,350200,2018,4,11
2018-11-23,金华市,C001,10,35990,HE冰箱,HE,冰箱,1800,3599,C,C企业,330700,2018,4,11
2018-11-23,厦门市,C002,7,29393,HE电视,HE,电视,2200,4199,C,C企业,350200,2018,4,11
2018-11-23,上海市,C002,13,54587,HE电视,HE,电视,2200,4199,C,C企业,310000,2018,4,11
2018-11-23,金华市,B003,16,91184,MD洗衣机,MD,洗衣机,3100,5699,B,B企业,330700,2018,4,11
2018-11-23,金华市,A001,13,60697,GL冰箱,GL,冰箱,2200,4669,A,A企业,330700,2018,4,11
2018-11-23,深圳市,C001,10,35990,HE冰箱,HE,冰箱,1800,3599,C,C企业,440300,2018,4,11
2018-11-23,金华市,B001,16,67184,MD冰箱,MD,冰箱,2500,4199,B,B企业,330700,2018,4,11
2018-11-23,金华市,C003,7,32683,HE洗衣机,HE,洗衣机,2600,4699,C,C企业,330700,2018,4,11
2018-11-23,上海市,B002,13,46787,MD电视,MD,电视,2000,4299,B,B企业,310000,2018,4,11
2018-11-23,厦门市,B003,22,125378,MD洗衣机,MD,洗衣机,3100,5699,B,B企业,350200,2018,4,11
2018-11-23,厦门市,B001,16,67184,MD冰箱,MD,冰箱,2500,4199,B,B企业,350200,2018,4,11
2018-11-23,厦门市,A001,10,46690,GL冰箱,GL,冰箱,2200,4669,A,A企业,350200,2018,4,11
2018-11-23,成都市,C001,19,68381,HE冰箱,HE,冰箱,1800,3599,C,C企业,510100,2018,4,11
2018-11-23,重庆市,B003,10,56990,MD洗衣机,MD,洗衣机,3100,5699,B,B企业,500000,2018,4,11
2018-11-23,长沙市,A003,7,32683,GL洗衣机,GL,洗衣机,3200,4669,A,A企业,430100,2018,4,11
2018-11-23,厦门市,C003,4,18676,HE洗衣机,HE,洗衣机,2600,4699,C,C企业,350200,2018,4,11
2018-11-23,上海市,C003,13,60697,HE洗衣机,HE,洗衣机,2600,4699,C,C企业,310000,2018,4,11
2018-11-23,上海市,A003,22,102718,GL洗衣机,GL,洗衣机,3200,4669,A,A企业,310000,2018,4,11
2018-11-23,深圳市,B001,10,41990,MD冰箱,MD,冰箱,2500,4199,B,B企业,440300,2018,4,11
2018-11-23,长沙市,A001,22,102718,GL冰箱,GL,冰箱,2200,4669,A,A企业,430100,2018,4,11
2018-11-23,厦门市,C001,16,57584,HE冰箱,HE,冰箱,1800,3599,C,C企业,350200,2018,4,11
2018-11-23,长沙市,B001,1,4199,MD冰箱,MD,冰箱,2500,4199,B,B企业,430100,2018,4,11
2018-11-24,金华市,A003,10,46690,GL洗衣机,GL,洗衣机,3200,4669,A,A企业,330700,2018,4,11
2018-11-24,金华市,C001,10,35990,HE冰箱,HE,冰箱,1800,3599,C,C企业,330700,2018,4,11
2018-11-24,厦门市,B002,7,25193,MD电视,MD,电视,2000,4299,B,B企业,350200,2018,4,11
2018-11-24,金华市,A001,13,60697,GL冰箱,GL,冰箱,2200,4669,A,A企业,330700,2018,4,11
2018-11-24,厦门市,C001,13,46787,HE冰箱,HE,冰箱,1800,3599,C,C企业,350200,2018,4,11
2018-11-24,厦门市,A001,4,18676,GL冰箱,GL,冰箱,2200,4669,A,A企业,350200,2018,4,11
2018-11-24,金华市,B002,16,57584,MD电视,MD,电视,2000,4299,B,B企业,330700,2018,4,11
2018-11-24,厦门市,B001,13,54587,MD冰箱,MD,冰箱,2500,4199,B,B企业,350200,2018,4,11
2018-11-24,金华市,B001,13,54587,MD冰箱,MD,冰箱,2500,4199,B,B企业,330700,2018,4,11
2018-11-24,重庆市,A001,22,102718,GL冰箱,GL,冰箱,2200,4669,A,A企业,500000,2018,4,11
2018-11-24,长沙市,C001,4,14396,HE冰箱,HE,冰箱,1800,3599,C,C企业,430100,2018,4,11
2018-11-24,长沙市,B001,7,29393,MD冰箱,MD,冰箱,2500,4199,B,B企业,430100,2018,4,11
2018-11-24,金华市,B003,13,74087,MD洗衣机,MD,洗衣机,3100,5699,B,B企业,330700,2018,4,11
2018-11-24,厦门市,B003,13,74087,MD洗衣机,MD,洗衣机,3100,5699,B,B企业,350200,2018,4,11
2018-11-24,重庆市,C001,19,68381,HE冰箱,HE,冰箱,1800,3599,C,C企业,500000,2018,4,11
2018-11-24,上海市,B002,10,35990,MD电视,MD,电视,2000,4299,B,B企业,310000,2018,4,11
2018-11-24,长沙市,B002,7,25193,MD电视,MD,电视,2000,4299,B,B企业,430100,2018,4,11
2018-11-24,上海市,C001,10,35990,HE冰箱,HE,冰箱,1800,3599,C,C企业,310000,2018,4,11
2018-11-25,金华市,B001,22,92378,MD冰箱,MD,冰箱,2500,4199,B,B企业,330700,2018,4,11
2018-11-25,厦门市,C001,1,3599,HE冰箱,HE,冰箱,1800,3599,C,C企业,350200,2018,4,11
2018-11-25,金华市,C001,7,25193,HE冰箱,HE,冰箱,1800,3599,C,C企业,330700,2018,4,11
2018-11-25,金华市,A001,16,74704,GL冰箱,GL,冰箱,2200,4669,A,A企业,330700,2018,4,11
2018-11-25,金华市,B002,13,46787,MD电视,MD,电视,2000,4299,B,B企业,330700,2018,4,11
2018-11-25,金华市,C003,10,46690,HE洗衣机,HE,洗衣机,2600,4699,C,C企业,330700,2018,4,11
2018-11-25,厦门市,B001,4,16796,MD冰箱,MD,冰箱,2500,4199,B,B企业,350200,2018,4,11
2018-11-25,厦门市,A001,13,60697,GL冰箱,GL,冰箱,2200,4669,A,A企业,350200,2018,4,11
2018-11-25,厦门市,B002,7,25193,MD电视,MD,电视,2000,4299,B,B企业,350200,2018,4,11
2018-11-25,厦门市,A003,10,46690,GL洗衣机,GL,洗衣机,3200,4669,A,A企业,350200,2018,4,11
2018-11-25,长沙市,B001,4,16796,MD冰箱,MD,冰箱,2500,4199,B,B企业,430100,2018,4,11
2018-11-25,成都市,B001,10,41990,MD冰箱,MD,冰箱,2500,4199,B,B企业,510100,2018,4,11
2018-11-25,重庆市,B002,7,25193,MD电视,MD,电视,2000,4299,B,B企业,500000,2018,4,11
2018-11-25,厦门市,C002,19,79781,HE电视,HE,电视,2200,4199,C,C企业,350200,2018,4,11
2018-11-25,上海市,B003,7,39893,MD洗衣机,MD,洗衣机,3100,5699,B,B企业,310000,2018,4,11
2018-11-25,厦门市,C003,19,88711,HE洗衣机,HE,洗衣机,2600,4699,C,C企业,350200,2018,4,11
2018-11-25,金华市,B003,10,56990,MD洗衣机,MD,洗衣机,3100,5699,B,B企业,330700,2018,4,11
2018-11-25,厦门市,B003,10,56990,MD洗衣机,MD,洗衣机,3100,5699,B,B企业,350200,2018,4,11
2018-11-25,金华市,A003,13,60697,GL洗衣机,GL,洗衣机,3200,4669,A,A企业,330700,2018,4,11
2018-11-25,深圳市,A003,4,18676,GL洗衣机,GL,洗衣机,3200,4669,A,A企业,440300,2018,4,11
2018-11-25,重庆市,B001,7,29393,MD冰箱,MD,冰箱,2500,4199,B,B企业,500000,2018,4,11
2018-11-25,重庆市,C002,13,54587,HE电视,HE,电视,2200,4199,C,C企业,500000,2018,4,11
2018-11-25,上海市,C003,4,18676,HE洗衣机,HE,洗衣机,2600,4699,C,C企业,310000,2018,4,11
2018-11-26,金华市,B001,13,54587,MD冰箱,MD,冰箱,2500,4199,B,B企业,330700,2018,4,11
2018-11-26,金华市,A001,13,60697,GL冰箱,GL,冰箱,2200,4669,A,A企业,330700,2018,4,11
2018-11-26,厦门市,A001,10,46690,GL冰箱,GL,冰箱,2200,4669,A,A企业,350200,2018,4,11
2018-11-26,厦门市,B001,7,29393,MD冰箱,MD,冰箱,2500,4199,B,B企业,350200,2018,4,11
2018-11-26,长沙市,A003,7,32683,GL洗衣机,GL,洗衣机,3200,4669,A,A企业,430100,2018,4,11
2018-11-26,厦门市,C003,4,18676,HE洗衣机,HE,洗衣机,2600,4699,C,C企业,350200,2018,4,11
2018-11-26,上海市,C003,13,60697,HE洗衣机,HE,洗衣机,2600,4699,C,C企业,310000,2018,4,11
2018-11-26,上海市,A003,22,102718,GL洗衣机,GL,洗衣机,3200,4669,A,A企业,310000,2018,4,11
2018-11-26,深圳市,B001,10,41990,MD冰箱,MD,冰箱,2500,4199,B,B企业,440300,2018,4,11
2018-11-26,金华市,C001,4,14396,HE冰箱,HE,冰箱,1800,3599,C,C企业,330700,2018,4,11
2018-11-26,长沙市,A001,22,102718,GL冰箱,GL,冰箱,2200,4669,A,A企业,430100,2018,4,11
2018-11-26,厦门市,C001,16,57584,HE冰箱,HE,冰箱,1800,3599,C,C企业,350200,2018,4,11
2018-11-26,长沙市,B001,1,4199,MD冰箱,MD,冰箱,2500,4199,B,B企业,430100,2018,4,11
2018-11-26,上海市,B002,10,35990,MD电视,MD,电视,2000,4299,B,B企业,310000,2018,4,11
2018-11-26,上海市,B001,16,67184,MD冰箱,MD,冰箱,2500,4199,B,B企业,310000,2018,4,11
2018-11-26,重庆市,B001,10,41990,MD冰箱,MD,冰箱,2500,4199,B,B企业,500000,2018,4,11
2018-11-26,金华市,C003,1,4669,HE洗衣机,HE,洗衣机,2600,4699,C,C企业,330700,2018,4,11
2018-11-26,深圳市,C001,10,35990,HE冰箱,HE,冰箱,1800,3599,C,C企业,440300,2018,4,11
2018-11-26,上海市,C001,19,68381,HE冰箱,HE,冰箱,1800,3599,C,C企业,310000,2018,4,11
2018-11-26,成都市,B001,4,16796,MD冰箱,MD,冰箱,2500,4199,B,B企业,510100,2018,4,11
2018-11-26,金华市,A003,4,18676,GL洗衣机,GL,洗衣机,3200,4669,A,A企业,330700,2018,4,11
2018-11-27,长沙市,C001,4,14396,HE冰箱,HE,冰箱,1800,3599,C,C企业,430100,2018,4,11
2018-11-27,厦门市,A001,4,18676,GL冰箱,GL,冰箱,2200,4669,A,A企业,350200,2018,4,11
2018-11-27,长沙市,B001,7,29393,MD冰箱,MD,冰箱,2500,4199,B,B企业,430100,2018,4,11
2018-11-27,金华市,B003,13,74087,MD洗衣机,MD,洗衣机,3100,5699,B,B企业,330700,2018,4,11
2018-11-27,厦门市,B001,13,54587,MD冰箱,MD,冰箱,2500,4199,B,B企业,350200,2018,4,11
2018-11-27,厦门市,B003,13,74087,MD洗衣机,MD,洗衣机,3100,5699,B,B企业,350200,2018,4,11
2018-11-27,重庆市,C001,19,68381,HE冰箱,HE,冰箱,1800,3599,C,C企业,500000,2018,4,11
2018-11-27,金华市,C001,16,57584,HE冰箱,HE,冰箱,1800,3599,C,C企业,330700,2018,4,11
2018-11-27,上海市,B002,10,35990,MD电视,MD,电视,2000,4299,B,B企业,310000,2018,4,11
2018-11-27,金华市,B001,1,4199,MD冰箱,MD,冰箱,2500,4199,B,B企业,330700,2018,4,11
2018-11-27,长沙市,B002,7,25193,MD电视,MD,电视,2000,4299,B,B企业,430100,2018,4,11
2018-11-27,金华市,A001,7,32683,GL冰箱,GL,冰箱,2200,4669,A,A企业,330700,2018,4,11
2018-11-27,上海市,C001,10,35990,HE冰箱,HE,冰箱,1800,3599,C,C企业,310000,2018,4,11
2018-11-27,厦门市,C001,13,46787,HE冰箱,HE,冰箱,1800,3599,C,C企业,350200,2018,4,11
2018-11-27,上海市,B001,4,16796,MD冰箱,MD,冰箱,2500,4199,B,B企业,310000,2018,4,11
2018-11-27,长沙市,C003,1,4669,HE洗衣机,HE,洗衣机,2600,4699,C,C企业,430100,2018,4,11
2018-11-27,成都市,B001,1,4199,MD冰箱,MD,冰箱,2500,4199,B,B企业,510100,2018,4,11
2018-11-27,长沙市,A001,1,4669,GL冰箱,GL,冰箱,2200,4669,A,A企业,430100,2018,4,11
2018-11-27,重庆市,C002,10,41990,HE电视,HE,电视,2200,4199,C,C企业,500000,2018,4,11
2018-11-27,成都市,A001,13,60697,GL冰箱,GL,冰箱,2200,4669,A,A企业,510100,2018,4,11
2018-11-27,厦门市,A003,19,88711,GL洗衣机,GL,洗衣机,3200,4669,A,A企业,350200,2018,4,11
2018-11-27,金华市,A003,7,32683,GL洗衣机,GL,洗衣机,3200,4669,A,A企业,330700,2018,4,11
2018-11-27,厦门市,C002,10,41990,HE电视,HE,电视,2200,4199,C,C企业,350200,2018,4,11
2018-11-27,长沙市,A003,7,32683,GL洗衣机,GL,洗衣机,3200,4669,A,A企业,430100,2018,4,11
2018-11-27,深圳市,A003,4,18676,GL洗衣机,GL,洗衣机,3200,4669,A,A企业,440300,2018,4,11
2018-11-28,金华市,A001,4,18676,GL冰箱,GL,冰箱,2200,4669,A,A企业,330700,2018,4,11
2018-11-28,金华市,B001,10,41990,MD冰箱,MD,冰箱,2500,4199,B,B企业,330700,2018,4,11
2018-11-28,厦门市,A003,10,46690,GL洗衣机,GL,洗衣机,3200,4669,A,A企业,350200,2018,4,11
2018-11-28,金华市,B002,7,25193,MD电视,MD,电视,2000,4299,B,B企业,330700,2018,4,11
2018-11-28,重庆市,B002,7,25193,MD电视,MD,电视,2000,4299,B,B企业,500000,2018,4,11
2018-11-28,厦门市,B002,7,25193,MD电视,MD,电视,2000,4299,B,B企业,350200,2018,4,11
2018-11-28,厦门市,C002,19,79781,HE电视,HE,电视,2200,4199,C,C企业,350200,2018,4,11
2018-11-28,上海市,B003,7,39893,MD洗衣机,MD,洗衣机,3100,5699,B,B企业,310000,2018,4,11
2018-11-28,厦门市,C003,19,88711,HE洗衣机,HE,洗衣机,2600,4699,C,C企业,350200,2018,4,11
2018-11-28,金华市,B003,10,56990,MD洗衣机,MD,洗衣机,3100,5699,B,B企业,330700,2018,4,11
2018-11-28,厦门市,B003,10,56990,MD洗衣机,MD,洗衣机,3100,5699,B,B企业,350200,2018,4,11
2018-11-28,厦门市,B001,10,41990,MD冰箱,MD,冰箱,2500,4199,B,B企业,350200,2018,4,11
2018-11-28,厦门市,A001,1,4669,GL冰箱,GL,冰箱,2200,4669,A,A企业,350200,2018,4,11
2018-11-28,金华市,A003,13,60697,GL洗衣机,GL,洗衣机,3200,4669,A,A企业,330700,2018,4,11
2018-11-28,深圳市,A003,4,18676,GL洗衣机,GL,洗衣机,3200,4669,A,A企业,440300,2018,4,11
2018-11-28,重庆市,B001,7,29393,MD冰箱,MD,冰箱,2500,4199,B,B企业,500000,2018,4,11
2018-11-28,重庆市,C002,13,54587,HE电视,HE,电视,2200,4199,C,C企业,500000,2018,4,11
2018-11-28,上海市,C003,4,18676,HE洗衣机,HE,洗衣机,2600,4699,C,C企业,310000,2018,4,11
2018-11-28,长沙市,B001,7,29393,MD冰箱,MD,冰箱,2500,4199,B,B企业,430100,2018,4,11
2018-11-28,金华市,C002,10,41990,HE电视,HE,电视,2200,4199,C,C企业,330700,2018,4,11
2018-11-28,成都市,C001,10,35990,HE冰箱,HE,冰箱,1800,3599,C,C企业,510100,2018,4,11
2018-11-28,重庆市,A003,19,88711,GL洗衣机,GL,洗衣机,3200,4669,A,A企业,500000,2018,4,11
2018-11-28,重庆市,C001,7,25193,HE冰箱,HE,冰箱,1800,3599,C,C企业,500000,2018,4,11
2018-11-28,成都市,B001,10,41990,MD冰箱,MD,冰箱,2500,4199,B,B企业,510100,2018,4,11
2018-11-28,长沙市,C003,4,18676,HE洗衣机,HE,洗衣机,2600,4699,C,C企业,430100,2018,4,11
2018-11-28,厦门市,C001,13,46787,HE冰箱,HE,冰箱,1800,3599,C,C企业,350200,2018,4,11
2018-11-28,成都市,A003,13,60697,GL洗衣机,GL,洗衣机,3200,4669,A,A企业,510100,2018,4,11
2018-11-28,长沙市,B002,4,14396,MD电视,MD,电视,2000,4299,B,B企业,430100,2018,4,11
2018-11-28,长沙市,B003,7,39893,MD洗衣机,MD,洗衣机,3100,5699,B,B企业,430100,2018,4,11
2018-11-29,厦门市,A001,7,32683,GL冰箱,GL,冰箱,2200,4669,A,A企业,350200,2018,4,11
2018-11-29,金华市,B001,1,4199,MD冰箱,MD,冰箱,2500,4199,B,B企业,330700,2018,4,11
2018-11-29,上海市,B001,16,67184,MD冰箱,MD,冰箱,2500,4199,B,B企业,310000,2018,4,11
2018-11-29,厦门市,B001,13,54587,MD冰箱,MD,冰箱,2500,4199,B,B企业,350200,2018,4,11
2018-11-29,重庆市,B001,10,41990,MD冰箱,MD,冰箱,2500,4199,B,B企业,500000,2018,4,11
2018-11-29,金华市,C003,1,4669,HE洗衣机,HE,洗衣机,2600,4699,C,C企业,330700,2018,4,11
2018-11-29,深圳市,C001,10,35990,HE冰箱,HE,冰箱,1800,3599,C,C企业,440300,2018,4,11
2018-11-29,金华市,A001,22,102718,GL冰箱,GL,冰箱,2200,4669,A,A企业,330700,2018,4,11
2018-11-29,厦门市,C001,13,46787,HE冰箱,HE,冰箱,1800,3599,C,C企业,350200,2018,4,11
2018-11-29,上海市,C001,19,68381,HE冰箱,HE,冰箱,1800,3599,C,C企业,310000,2018,4,11
2018-11-29,成都市,B001,4,16796,MD冰箱,MD,冰箱,2500,4199,B,B企业,510100,2018,4,11
2018-11-29,金华市,A003,4,18676,GL洗衣机,GL,洗衣机,3200,4669,A,A企业,330700,2018,4,11
2018-11-29,长沙市,B001,22,92378,MD冰箱,MD,冰箱,2500,4199,B,B企业,430100,2018,4,11
2018-11-29,厦门市,B003,10,56990,MD洗衣机,MD,洗衣机,3100,5699,B,B企业,350200,2018,4,11
2018-11-29,成都市,B003,13,74087,MD洗衣机,MD,洗衣机,3100,5699,B,B企业,510100,2018,4,11
2018-11-29,金华市,B002,13,46787,MD电视,MD,电视,2000,4299,B,B企业,330700,2018,4,11
2018-11-29,厦门市,A003,16,74704,GL洗衣机,GL,洗衣机,3200,4669,A,A企业,350200,2018,4,11
2018-11-29,重庆市,A001,16,74704,GL冰箱,GL,冰箱,2200,4669,A,A企业,500000,2018,4,11
2018-11-29,厦门市,C003,13,60697,HE洗衣机,HE,洗衣机,2600,4699,C,C企业,350200,2018,4,11
2018-11-29,深圳市,B001,4,16796,MD冰箱,MD,冰箱,2500,4199,B,B企业,440300,2018,4,11
2018-11-30,厦门市,C001,13,46787,HE冰箱,HE,冰箱,1800,3599,C,C企业,350200,2018,4,11
2018-11-30,上海市,B001,4,16796,MD冰箱,MD,冰箱,2500,4199,B,B企业,310000,2018,4,11
2018-11-30,长沙市,C003,1,4669,HE洗衣机,HE,洗衣机,2600,4699,C,C企业,430100,2018,4,11
2018-11-30,成都市,B001,1,4199,MD冰箱,MD,冰箱,2500,4199,B,B企业,510100,2018,4,11
2018-11-30,长沙市,A001,1,4669,GL冰箱,GL,冰箱,2200,4669,A,A企业,430100,2018,4,11
2018-11-30,厦门市,B001,7,29393,MD冰箱,MD,冰箱,2500,4199,B,B企业,350200,2018,4,11
2018-11-30,重庆市,C002,10,41990,HE电视,HE,电视,2200,4199,C,C企业,500000,2018,4,11
2018-11-30,金华市,A001,19,88711,GL冰箱,GL,冰箱,2200,4669,A,A企业,330700,2018,4,11
2018-11-30,成都市,A001,13,60697,GL冰箱,GL,冰箱,2200,4669,A,A企业,510100,2018,4,11
2018-11-30,金华市,B001,10,41990,MD冰箱,MD,冰箱,2500,4199,B,B企业,330700,2018,4,11
2018-11-30,厦门市,A003,19,88711,GL洗衣机,GL,洗衣机,3200,4669,A,A企业,350200,2018,4,11
2018-11-30,金华市,A003,7,32683,GL洗衣机,GL,洗衣机,3200,4669,A,A企业,330700,2018,4,11
2018-11-30,厦门市,C002,10,41990,HE电视,HE,电视,2200,4199,C,C企业,350200,2018,4,11
2018-11-30,长沙市,B001,1,4199,MD冰箱,MD,冰箱,2500,4199,B,B企业,430100,2018,4,11
2018-11-30,长沙市,A003,7,32683,GL洗衣机,GL,洗衣机,3200,4669,A,A企业,430100,2018,4,11
2018-11-30,深圳市,A003,4,18676,GL洗衣机,GL,洗衣机,3200,4669,A,A企业,440300,2018,4,11
2018-11-30,重庆市,B002,13,46787,MD电视,MD,电视,2000,4299,B,B企业,500000,2018,4,11
2018-11-30,上海市,B002,10,35990,MD电视,MD,电视,2000,4299,B,B企业,310000,2018,4,11
2018-11-30,厦门市,B002,4,14396,MD电视,MD,电视,2000,4299,B,B企业,350200,2018,4,11
2018-11-30,金华市,C001,4,14396,HE冰箱,HE,冰箱,1800,3599,C,C企业,330700,2018,4,11
2018-11-30,厦门市,A001,10,46690,GL冰箱,GL,冰箱,2200,4669,A,A企业,350200,2018,4,11
2018-11-30,重庆市,B001,1,4199,MD冰箱,MD,冰箱,2500,4199,B,B企业,500000,2018,4,11
2018-12-01,厦门市,C002,19,79781,HE电视,HE,电视,2200,4199,C,C企业,350200,2018,4,12
2018-12-01,厦门市,B001,10,41990,MD冰箱,MD,冰箱,2500,4199,B,B企业,350200,2018,4,12
2018-12-01,金华市,B001,7,29393,MD冰箱,MD,冰箱,2500,4199,B,B企业,330700,2018,4,12
2018-12-01,长沙市,B001,7,29393,MD冰箱,MD,冰箱,2500,4199,B,B企业,430100,2018,4,12
2018-12-01,金华市,C002,10,41990,HE电视,HE,电视,2200,4199,C,C企业,330700,2018,4,12
2018-12-01,成都市,C001,10,35990,HE冰箱,HE,冰箱,1800,3599,C,C企业,510100,2018,4,12
2018-12-01,重庆市,A003,19,88711,GL洗衣机,GL,洗衣机,3200,4669,A,A企业,500000,2018,4,12
2018-12-01,重庆市,C001,7,25193,HE冰箱,HE,冰箱,1800,3599,C,C企业,500000,2018,4,12
2018-12-01,厦门市,C003,19,88711,HE洗衣机,HE,洗衣机,2600,4699,C,C企业,350200,2018,4,12
2018-12-01,厦门市,A003,7,32683,GL洗衣机,GL,洗衣机,3200,4669,A,A企业,350200,2018,4,12
2018-12-01,厦门市,B002,4,14396,MD电视,MD,电视,2000,4299,B,B企业,350200,2018,4,12
2018-12-01,重庆市,B002,4,14396,MD电视,MD,电视,2000,4299,B,B企业,500000,2018,4,12
2018-12-01,成都市,B001,10,41990,MD冰箱,MD,冰箱,2500,4199,B,B企业,510100,2018,4,12
2018-12-01,重庆市,B001,7,29393,MD冰箱,MD,冰箱,2500,4199,B,B企业,500000,2018,4,12
2018-12-01,长沙市,C003,4,18676,HE洗衣机,HE,洗衣机,2600,4699,C,C企业,430100,2018,4,12
2018-12-01,厦门市,C001,13,46787,HE冰箱,HE,冰箱,1800,3599,C,C企业,350200,2018,4,12
2018-12-01,成都市,A003,13,60697,GL洗衣机,GL,洗衣机,3200,4669,A,A企业,510100,2018,4,12
2018-12-01,长沙市,B002,4,14396,MD电视,MD,电视,2000,4299,B,B企业,430100,2018,4,12
2018-12-01,金华市,A003,10,46690,GL洗衣机,GL,洗衣机,3200,4669,A,A企业,330700,2018,4,12
2018-12-01,长沙市,B003,7,39893,MD洗衣机,MD,洗衣机,3100,5699,B,B企业,430100,2018,4,12
2018-12-01,上海市,C001,22,79178,HE冰箱,HE,冰箱,1800,3599,C,C企业,310000,2018,4,12
2018-12-01,深圳市,A003,1,4669,GL洗衣机,GL,洗衣机,3200,4669,A,A企业,440300,2018,4,12
2018-12-01,上海市,B001,4,16796,MD冰箱,MD,冰箱,2500,4199,B,B企业,310000,2018,4,12
2018-12-01,上海市,B002,4,14396,MD电视,MD,电视,2000,4299,B,B企业,310000,2018,4,12
2018-12-02,金华市,A001,7,32683,GL冰箱,GL,冰箱,2200,4669,A,A企业,330700,2018,4,12
2018-12-02,长沙市,B001,22,92378,MD冰箱,MD,冰箱,2500,4199,B,B企业,430100,2018,4,12
2018-12-02,厦门市,B003,10,56990,MD洗衣机,MD,洗衣机,3100,5699,B,B企业,350200,2018,4,12
2018-12-02,厦门市,A001,10,46690,GL冰箱,GL,冰箱,2200,4669,A,A企业,350200,2018,4,12
2018-12-02,成都市,B003,13,74087,MD洗衣机,MD,洗衣机,3100,5699,B,B企业,510100,2018,4,12
2018-12-02,金华市,B002,13,46787,MD电视,MD,电视,2000,4299,B,B企业,330700,2018,4,12
2018-12-02,厦门市,B001,16,67184,MD冰箱,MD,冰箱,2500,4199,B,B企业,350200,2018,4,12
2018-12-02,厦门市,C001,10,35990,HE冰箱,HE,冰箱,1800,3599,C,C企业,350200,2018,4,12
2018-12-02,厦门市,A003,16,74704,GL洗衣机,GL,洗衣机,3200,4669,A,A企业,350200,2018,4,12
2018-12-02,金华市,A003,10,46690,GL洗衣机,GL,洗衣机,3200,4669,A,A企业,330700,2018,4,12
2018-12-02,重庆市,A001,16,74704,GL冰箱,GL,冰箱,2200,4669,A,A企业,500000,2018,4,12
2018-12-02,厦门市,C003,13,60697,HE洗衣机,HE,洗衣机,2600,4699,C,C企业,350200,2018,4,12
2018-12-02,深圳市,B001,4,16796,MD冰箱,MD,冰箱,2500,4199,B,B企业,440300,2018,4,12
2018-12-02,金华市,C003,16,74704,HE洗衣机,HE,洗衣机,2600,4699,C,C企业,330700,2018,4,12
2018-12-02,重庆市,A003,10,46690,GL洗衣机,GL,洗衣机,3200,4669,A,A企业,500000,2018,4,12
2018-12-02,深圳市,C003,10,46690,HE洗衣机,HE,洗衣机,2600,4699,C,C企业,440300,2018,4,12
2018-12-02,长沙市,A001,10,46690,GL冰箱,GL,冰箱,2200,4669,A,A企业,430100,2018,4,12
2018-12-02,金华市,B003,7,39893,MD洗衣机,MD,洗衣机,3100,5699,B,B企业,330700,2018,4,12
2018-12-02,厦门市,C002,10,41990,HE电视,HE,电视,2200,4199,C,C企业,350200,2018,4,12
2018-12-03,金华市,A001,1,4669,GL冰箱,GL,冰箱,2200,4669,A,A企业,330700,2018,4,12
2018-12-03,金华市,B001,13,54587,MD冰箱,MD,冰箱,2500,4199,B,B企业,330700,2018,4,12
2018-12-03,重庆市,B002,13,46787,MD电视,MD,电视,2000,4299,B,B企业,500000,2018,4,12
2018-12-03,上海市,B002,10,35990,MD电视,MD,电视,2000,4299,B,B企业,310000,2018,4,12
2018-12-03,厦门市,B001,19,79781,MD冰箱,MD,冰箱,2500,4199,B,B企业,350200,2018,4,12
2018-12-03,厦门市,B002,4,14396,MD电视,MD,电视,2000,4299,B,B企业,350200,2018,4,12
2018-12-03,金华市,C001,4,14396,HE冰箱,HE,冰箱,1800,3599,C,C企业,330700,2018,4,12
2018-12-03,厦门市,A001,10,46690,GL冰箱,GL,冰箱,2200,4669,A,A企业,350200,2018,4,12
2018-12-03,长沙市,A003,7,32683,GL洗衣机,GL,洗衣机,3200,4669,A,A企业,430100,2018,4,12
2018-12-03,成都市,B001,1,4199,MD冰箱,MD,冰箱,2500,4199,B,B企业,510100,2018,4,12
2018-12-03,厦门市,C001,16,57584,HE冰箱,HE,冰箱,1800,3599,C,C企业,350200,2018,4,12
2018-12-03,重庆市,B001,1,4199,MD冰箱,MD,冰箱,2500,4199,B,B企业,500000,2018,4,12
2018-12-03,厦门市,B003,10,56990,MD洗衣机,MD,洗衣机,3100,5699,B,B企业,350200,2018,4,12
2018-12-03,长沙市,B001,22,92378,MD冰箱,MD,冰箱,2500,4199,B,B企业,430100,2018,4,12
2018-12-03,厦门市,A003,13,60697,GL洗衣机,GL,洗衣机,3200,4669,A,A企业,350200,2018,4,12
2018-12-03,长沙市,A001,7,32683,GL冰箱,GL,冰箱,2200,4669,A,A企业,430100,2018,4,12
2018-12-03,厦门市,C003,4,18676,HE洗衣机,HE,洗衣机,2600,4699,C,C企业,350200,2018,4,12
2018-12-03,金华市,C003,10,46690,HE洗衣机,HE,洗衣机,2600,4699,C,C企业,330700,2018,4,12
2018-12-03,金华市,C002,19,79781,HE电视,HE,电视,2200,4199,C,C企业,330700,2018,4,12
2018-12-03,成都市,B003,19,108281,MD洗衣机,MD,洗衣机,3100,5699,B,B企业,510100,2018,4,12
2018-12-03,重庆市,A003,10,46690,GL洗衣机,GL,洗衣机,3200,4669,A,A企业,500000,2018,4,12
2018-12-03,金华市,A003,22,102718,GL洗衣机,GL,洗衣机,3200,4669,A,A企业,330700,2018,4,12
2018-12-03,上海市,A003,1,4669,GL洗衣机,GL,洗衣机,3200,4669,A,A企业,310000,2018,4,12
2018-12-03,深圳市,C002,10,41990,HE电视,HE,电视,2200,4199,C,C企业,440300,2018,4,12
2018-12-04,长沙市,B001,16,67184,MD冰箱,MD,冰箱,2500,4199,B,B企业,430100,2018,4,12
2018-12-04,成都市,C001,16,57584,HE冰箱,HE,冰箱,1800,3599,C,C企业,510100,2018,4,12
2018-12-04,上海市,C001,22,79178,HE冰箱,HE,冰箱,1800,3599,C,C企业,310000,2018,4,12
2018-12-04,深圳市,A003,1,4669,GL洗衣机,GL,洗衣机,3200,4669,A,A企业,440300,2018,4,12
2018-12-04,上海市,B001,4,16796,MD冰箱,MD,冰箱,2500,4199,B,B企业,310000,2018,4,12
2018-12-04,上海市,B002,4,14396,MD电视,MD,电视,2000,4299,B,B企业,310000,2018,4,12
2018-12-04,金华市,B001,13,54587,MD冰箱,MD,冰箱,2500,4199,B,B企业,330700,2018,4,12
2018-12-04,厦门市,C002,10,41990,HE电视,HE,电视,2200,4199,C,C企业,350200,2018,4,12
2018-12-04,重庆市,B001,1,4199,MD冰箱,MD,冰箱,2500,4199,B,B企业,500000,2018,4,12
2018-12-04,长沙市,C003,22,102718,HE洗衣机,HE,洗衣机,2600,4699,C,C企业,430100,2018,4,12
2018-12-04,厦门市,A003,10,46690,GL洗衣机,GL,洗衣机,3200,4669,A,A企业,350200,2018,4,12
2018-12-04,厦门市,C003,16,74704,HE洗衣机,HE,洗衣机,2600,4699,C,C企业,350200,2018,4,12
2018-12-04,重庆市,C001,13,46787,HE冰箱,HE,冰箱,1800,3599,C,C企业,500000,2018,4,12
2018-12-04,金华市,A001,4,18676,GL冰箱,GL,冰箱,2200,4669,A,A企业,330700,2018,4,12
2018-12-04,长沙市,A003,10,46690,GL洗衣机,GL,洗衣机,3200,4669,A,A企业,430100,2018,4,12
2018-12-04,金华市,C002,19,79781,HE电视,HE,电视,2200,4199,C,C企业,330700,2018,4,12
2018-12-04,厦门市,C001,1,3599,HE冰箱,HE,冰箱,1800,3599,C,C企业,350200,2018,4,12
2018-12-04,长沙市,A001,7,32683,GL冰箱,GL,冰箱,2200,4669,A,A企业,430100,2018,4,12
2018-12-05,长沙市,B001,13,54587,MD冰箱,MD,冰箱,2500,4199,B,B企业,430100,2018,4,12
2018-12-05,金华市,C003,16,74704,HE洗衣机,HE,洗衣机,2600,4699,C,C企业,330700,2018,4,12
2018-12-05,金华市,A001,10,46690,GL冰箱,GL,冰箱,2200,4669,A,A企业,330700,2018,4,12
2018-12-05,厦门市,B001,13,54587,MD冰箱,MD,冰箱,2500,4199,B,B企业,350200,2018,4,12
2018-12-05,重庆市,A003,10,46690,GL洗衣机,GL,洗衣机,3200,4669,A,A企业,500000,2018,4,12
2018-12-05,厦门市,C003,13,60697,HE洗衣机,HE,洗衣机,2600,4699,C,C企业,350200,2018,4,12
2018-12-05,深圳市,C003,10,46690,HE洗衣机,HE,洗衣机,2600,4699,C,C企业,440300,2018,4,12
2018-12-05,厦门市,B003,13,74087,MD洗衣机,MD,洗衣机,3100,5699,B,B企业,350200,2018,4,12
2018-12-05,成都市,B003,10,56990,MD洗衣机,MD,洗衣机,3100,5699,B,B企业,510100,2018,4,12
2018-12-05,厦门市,A001,16,74704,GL冰箱,GL,冰箱,2200,4669,A,A企业,350200,2018,4,12
2018-12-05,长沙市,A001,10,46690,GL冰箱,GL,冰箱,2200,4669,A,A企业,430100,2018,4,12
2018-12-05,金华市,B003,7,39893,MD洗衣机,MD,洗衣机,3100,5699,B,B企业,330700,2018,4,12
2018-12-05,深圳市,B001,10,41990,MD冰箱,MD,冰箱,2500,4199,B,B企业,440300,2018,4,12
2018-12-05,厦门市,C002,10,41990,HE电视,HE,电视,2200,4199,C,C企业,350200,2018,4,12
2018-12-05,金华市,B001,10,41990,MD冰箱,MD,冰箱,2500,4199,B,B企业,330700,2018,4,12
2018-12-05,重庆市,B001,13,54587,MD冰箱,MD,冰箱,2500,4199,B,B企业,500000,2018,4,12
2018-12-05,厦门市,A003,19,88711,GL洗衣机,GL,洗衣机,3200,4669,A,A企业,350200,2018,4,12
2018-12-05,厦门市,C001,19,68381,HE冰箱,HE,冰箱,1800,3599,C,C企业,350200,2018,4,12
2018-12-05,金华市,A003,7,32683,GL洗衣机,GL,洗衣机,3200,4669,A,A企业,330700,2018,4,12
2018-12-05,长沙市,A003,10,46690,GL洗衣机,GL,洗衣机,3200,4669,A,A企业,430100,2018,4,12
2018-12-06,厦门市,B003,10,56990,MD洗衣机,MD,洗衣机,3100,5699,B,B企业,350200,2018,4,12
2018-12-06,长沙市,B001,22,92378,MD冰箱,MD,冰箱,2500,4199,B,B企业,430100,2018,4,12
2018-12-06,金华市,A001,13,60697,GL冰箱,GL,冰箱,2200,4669,A,A企业,330700,2018,4,12
2018-12-06,厦门市,A003,13,60697,GL洗衣机,GL,洗衣机,3200,4669,A,A企业,350200,2018,4,12
2018-12-06,长沙市,A001,7,32683,GL冰箱,GL,冰箱,2200,4669,A,A企业,430100,2018,4,12
2018-12-06,长沙市,A003,13,60697,GL洗衣机,GL,洗衣机,3200,4669,A,A企业,430100,2018,4,12
2018-12-06,厦门市,C003,4,18676,HE洗衣机,HE,洗衣机,2600,4699,C,C企业,350200,2018,4,12
2018-12-06,金华市,C003,10,46690,HE洗衣机,HE,洗衣机,2600,4699,C,C企业,330700,2018,4,12
2018-12-06,金华市,C002,19,79781,HE电视,HE,电视,2200,4199,C,C企业,330700,2018,4,12
2018-12-06,金华市,B001,13,54587,MD冰箱,MD,冰箱,2500,4199,B,B企业,330700,2018,4,12
2018-12-06,成都市,B003,19,108281,MD洗衣机,MD,洗衣机,3100,5699,B,B企业,510100,2018,4,12
2018-12-06,重庆市,A003,10,46690,GL洗衣机,GL,洗衣机,3200,4669,A,A企业,500000,2018,4,12
2018-12-06,金华市,A003,22,102718,GL洗衣机,GL,洗衣机,3200,4669,A,A企业,330700,2018,4,12
2018-12-06,上海市,A003,1,4669,GL洗衣机,GL,洗衣机,3200,4669,A,A企业,310000,2018,4,12
2018-12-06,金华市,C001,19,68381,HE冰箱,HE,冰箱,1800,3599,C,C企业,330700,2018,4,12
2018-12-06,厦门市,B001,7,29393,MD冰箱,MD,冰箱,2500,4199,B,B企业,350200,2018,4,12
2018-12-06,深圳市,C002,10,41990,HE电视,HE,电视,2200,4199,C,C企业,440300,2018,4,12
2018-12-06,厦门市,C001,10,35990,HE冰箱,HE,冰箱,1800,3599,C,C企业,350200,2018,4,12
2018-12-06,厦门市,A001,10,46690,GL冰箱,GL,冰箱,2200,4669,A,A企业,350200,2018,4,12
2018-12-06,重庆市,C002,16,67184,HE电视,HE,电视,2200,4199,C,C企业,500000,2018,4,12
2018-12-06,长沙市,C003,19,88711,HE洗衣机,HE,洗衣机,2600,4699,C,C企业,430100,2018,4,12
2018-12-06,上海市,C003,19,88711,HE洗衣机,HE,洗衣机,2600,4699,C,C企业,310000,2018,4,12
2018-12-06,成都市,B001,7,29393,MD冰箱,MD,冰箱,2500,4199,B,B企业,510100,2018,4,12
2018-12-06,金华市,B003,7,39893,MD洗衣机,MD,洗衣机,3100,5699,B,B企业,330700,2018,4,12
2018-12-06,成都市,B002,10,35990,MD电视,MD,电视,2000,4299,B,B企业,510100,2018,4,12
2018-12-06,厦门市,B002,10,35990,MD电视,MD,电视,2000,4299,B,B企业,350200,2018,4,12
2018-12-06,重庆市,B003,13,74087,MD洗衣机,MD,洗衣机,3100,5699,B,B企业,500000,2018,4,12
2018-12-06,金华市,B002,13,46787,MD电视,MD,电视,2000,4299,B,B企业,330700,2018,4,12
2018-12-06,长沙市,B002,7,25193,MD电视,MD,电视,2000,4299,B,B企业,430100,2018,4,12
2018-12-06,重庆市,B002,19,68381,MD电视,MD,电视,2000,4299,B,B企业,500000,2018,4,12
2018-12-07,上海市,B001,10,41990,MD冰箱,MD,冰箱,2500,4199,B,B企业,310000,2018,4,12
2018-12-07,金华市,B001,7,29393,MD冰箱,MD,冰箱,2500,4199,B,B企业,330700,2018,4,12
2018-12-07,厦门市,C002,16,67184,HE电视,HE,电视,2200,4199,C,C企业,350200,2018,4,12
2018-12-07,上海市,C001,1,3599,HE冰箱,HE,冰箱,1800,3599,C,C企业,310000,2018,4,12
2018-12-07,厦门市,A003,10,46690,GL洗衣机,GL,洗衣机,3200,4669,A,A企业,350200,2018,4,12
2018-12-07,重庆市,B001,1,4199,MD冰箱,MD,冰箱,2500,4199,B,B企业,500000,2018,4,12
2018-12-07,厦门市,C003,16,74704,HE洗衣机,HE,洗衣机,2600,4699,C,C企业,350200,2018,4,12
2018-12-07,重庆市,C001,13,46787,HE冰箱,HE,冰箱,1800,3599,C,C企业,500000,2018,4,12
2018-12-07,金华市,A001,4,18676,GL冰箱,GL,冰箱,2200,4669,A,A企业,330700,2018,4,12
2018-12-07,长沙市,A003,10,46690,GL洗衣机,GL,洗衣机,3200,4669,A,A企业,430100,2018,4,12
2018-12-07,金华市,C002,19,79781,HE电视,HE,电视,2200,4199,C,C企业,330700,2018,4,12
2018-12-07,厦门市,C001,1,3599,HE冰箱,HE,冰箱,1800,3599,C,C企业,350200,2018,4,12
2018-12-07,长沙市,A001,7,32683,GL冰箱,GL,冰箱,2200,4669,A,A企业,430100,2018,4,12
2018-12-07,重庆市,A003,4,18676,GL洗衣机,GL,洗衣机,3200,4669,A,A企业,500000,2018,4,12
2018-12-07,厦门市,B001,1,4199,MD冰箱,MD,冰箱,2500,4199,B,B企业,350200,2018,4,12
2018-12-07,厦门市,B002,16,57584,MD电视,MD,电视,2000,4299,B,B企业,350200,2018,4,12
2018-12-07,长沙市,B001,7,29393,MD冰箱,MD,冰箱,2500,4199,B,B企业,430100,2018,4,12
2018-12-07,成都市,B001,16,67184,MD冰箱,MD,冰箱,2500,4199,B,B企业,510100,2018,4,12
2018-12-07,成都市,C001,7,25193,HE冰箱,HE,冰箱,1800,3599,C,C企业,510100,2018,4,12
2018-12-07,金华市,B002,16,57584,MD电视,MD,电视,2000,4299,B,B企业,330700,2018,4,12
2018-12-07,成都市,B002,16,57584,MD电视,MD,电视,2000,4299,B,B企业,510100,2018,4,12
2018-12-08,厦门市,B001,7,29393,MD冰箱,MD,冰箱,2500,4199,B,B企业,350200,2018,4,12
2018-12-08,金华市,B001,10,41990,MD冰箱,MD,冰箱,2500,4199,B,B企业,330700,2018,4,12
2018-12-08,厦门市,C003,16,74704,HE洗衣机,HE,洗衣机,2600,4699,C,C企业,350200,2018,4,12
2018-12-08,重庆市,B001,13,54587,MD冰箱,MD,冰箱,2500,4199,B,B企业,500000,2018,4,12
2018-12-08,厦门市,A001,10,46690,GL冰箱,GL,冰箱,2200,4669,A,A企业,350200,2018,4,12
2018-12-08,厦门市,A003,19,88711,GL洗衣机,GL,洗衣机,3200,4669,A,A企业,350200,2018,4,12
2018-12-08,金华市,A001,1,4669,GL冰箱,GL,冰箱,2200,4669,A,A企业,330700,2018,4,12
2018-12-08,厦门市,C001,19,68381,HE冰箱,HE,冰箱,1800,3599,C,C企业,350200,2018,4,12
2018-12-08,金华市,A003,7,32683,GL洗衣机,GL,洗衣机,3200,4669,A,A企业,330700,2018,4,12
2018-12-08,长沙市,A003,10,46690,GL洗衣机,GL,洗衣机,3200,4669,A,A企业,430100,2018,4,12
2018-12-08,长沙市,B001,4,16796,MD冰箱,MD,冰箱,2500,4199,B,B企业,430100,2018,4,12
2018-12-08,成都市,B001,7,29393,MD冰箱,MD,冰箱,2500,4199,B,B企业,510100,2018,4,12
2018-12-08,深圳市,C001,19,68381,HE冰箱,HE,冰箱,1800,3599,C,C企业,440300,2018,4,12
2018-12-08,长沙市,B002,13,46787,MD电视,MD,电视,2000,4299,B,B企业,430100,2018,4,12
2018-12-08,成都市,C001,7,25193,HE冰箱,HE,冰箱,1800,3599,C,C企业,510100,2018,4,12
2018-12-09,金华市,B001,16,67184,MD冰箱,MD,冰箱,2500,4199,B,B企业,330700,2018,4,12
2018-12-09,深圳市,C002,16,67184,HE电视,HE,电视,2200,4199,C,C企业,440300,2018,4,12
2018-12-09,厦门市,C001,19,68381,HE冰箱,HE,冰箱,1800,3599,C,C企业,350200,2018,4,12
2018-12-09,厦门市,A001,10,46690,GL冰箱,GL,冰箱,2200,4669,A,A企业,350200,2018,4,12
2018-12-09,重庆市,C002,16,67184,HE电视,HE,电视,2200,4199,C,C企业,500000,2018,4,12
2018-12-09,厦门市,B003,7,39893,MD洗衣机,MD,洗衣机,3100,5699,B,B企业,350200,2018,4,12
2018-12-09,长沙市,C003,19,88711,HE洗衣机,HE,洗衣机,2600,4699,C,C企业,430100,2018,4,12
2018-12-09,上海市,C003,19,88711,HE洗衣机,HE,洗衣机,2600,4699,C,C企业,310000,2018,4,12
2018-12-09,厦门市,A003,19,88711,GL洗衣机,GL,洗衣机,3200,4669,A,A企业,350200,2018,4,12
2018-12-09,成都市,B001,7,29393,MD冰箱,MD,冰箱,2500,4199,B,B企业,510100,2018,4,12
2018-12-09,金华市,B003,7,39893,MD洗衣机,MD,洗衣机,3100,5699,B,B企业,330700,2018,4,12
2018-12-09,成都市,B002,10,35990,MD电视,MD,电视,2000,4299,B,B企业,510100,2018,4,12
2018-12-09,厦门市,B001,4,16796,MD冰箱,MD,冰箱,2500,4199,B,B企业,350200,2018,4,12
2018-12-09,厦门市,B002,10,35990,MD电视,MD,电视,2000,4299,B,B企业,350200,2018,4,12
2018-12-09,重庆市,B003,13,74087,MD洗衣机,MD,洗衣机,3100,5699,B,B企业,500000,2018,4,12
2018-12-09,金华市,B002,13,46787,MD电视,MD,电视,2000,4299,B,B企业,330700,2018,4,12
2018-12-09,金华市,A001,7,32683,GL冰箱,GL,冰箱,2200,4669,A,A企业,330700,2018,4,12
2018-12-09,长沙市,A003,10,46690,GL洗衣机,GL,洗衣机,3200,4669,A,A企业,430100,2018,4,12
2018-12-09,长沙市,B002,7,25193,MD电视,MD,电视,2000,4299,B,B企业,430100,2018,4,12
2018-12-09,金华市,A003,13,60697,GL洗衣机,GL,洗衣机,3200,4669,A,A企业,330700,2018,4,12
2018-12-09,重庆市,B002,19,68381,MD电视,MD,电视,2000,4299,B,B企业,500000,2018,4,12
2018-12-09,成都市,B003,16,91184,MD洗衣机,MD,洗衣机,3100,5699,B,B企业,510100,2018,4,12
2018-12-09,长沙市,B001,13,54587,MD冰箱,MD,冰箱,2500,4199,B,B企业,430100,2018,4,12
2018-12-09,厦门市,C003,10,46690,HE洗衣机,HE,洗衣机,2600,4699,C,C企业,350200,2018,4,12
2018-12-10,重庆市,A003,4,18676,GL洗衣机,GL,洗衣机,3200,4669,A,A企业,500000,2018,4,12
2018-12-10,金华市,B001,22,92378,MD冰箱,MD,冰箱,2500,4199,B,B企业,330700,2018,4,12
2018-12-10,厦门市,B001,1,4199,MD冰箱,MD,冰箱,2500,4199,B,B企业,350200,2018,4,12
2018-12-10,长沙市,A003,4,18676,GL洗衣机,GL,洗衣机,3200,4669,A,A企业,430100,2018,4,12
2018-12-10,厦门市,B002,16,57584,MD电视,MD,电视,2000,4299,B,B企业,350200,2018,4,12
2018-12-10,长沙市,B001,7,29393,MD冰箱,MD,冰箱,2500,4199,B,B企业,430100,2018,4,12
2018-12-10,成都市,B001,16,67184,MD冰箱,MD,冰箱,2500,4199,B,B企业,510100,2018,4,12
2018-12-10,厦门市,A003,16,74704,GL洗衣机,GL,洗衣机,3200,4669,A,A企业,350200,2018,4,12
2018-12-10,成都市,C001,7,25193,HE冰箱,HE,冰箱,1800,3599,C,C企业,510100,2018,4,12
2018-12-10,金华市,B002,16,57584,MD电视,MD,电视,2000,4299,B,B企业,330700,2018,4,12
2018-12-10,成都市,B002,16,57584,MD电视,MD,电视,2000,4299,B,B企业,510100,2018,4,12
2018-12-10,上海市,B001,7,29393,MD冰箱,MD,冰箱,2500,4199,B,B企业,310000,2018,4,12
2018-12-10,厦门市,C001,10,35990,HE冰箱,HE,冰箱,1800,3599,C,C企业,350200,2018,4,12
2018-12-10,金华市,B003,4,22796,MD洗衣机,MD,洗衣机,3100,5699,B,B企业,330700,2018,4,12
2018-12-10,长沙市,B003,16,91184,MD洗衣机,MD,洗衣机,3100,5699,B,B企业,430100,2018,4,12
2018-12-10,金华市,A001,10,46690,GL冰箱,GL,冰箱,2200,4669,A,A企业,330700,2018,4,12
2018-12-10,厦门市,B003,4,22796,MD洗衣机,MD,洗衣机,3100,5699,B,B企业,350200,2018,4,12
2018-12-10,长沙市,A001,1,4669,GL冰箱,GL,冰箱,2200,4669,A,A企业,430100,2018,4,12
2018-12-10,深圳市,B001,16,67184,MD冰箱,MD,冰箱,2500,4199,B,B企业,440300,2018,4,12
2018-12-10,厦门市,C003,13,60697,HE洗衣机,HE,洗衣机,2600,4699,C,C企业,350200,2018,4,12
2018-12-10,金华市,C003,10,46690,HE洗衣机,HE,洗衣机,2600,4699,C,C企业,330700,2018,4,12
2018-12-10,重庆市,C001,10,35990,HE冰箱,HE,冰箱,1800,3599,C,C企业,500000,2018,4,12
2018-12-10,长沙市,C003,7,32683,HE洗衣机,HE,洗衣机,2600,4699,C,C企业,430100,2018,4,12
2018-12-11,长沙市,B001,1,4199,MD冰箱,MD,冰箱,2500,4199,B,B企业,430100,2018,4,12
2018-12-11,金华市,B001,1,4199,MD冰箱,MD,冰箱,2500,4199,B,B企业,330700,2018,4,12
2018-12-11,厦门市,B001,10,41990,MD冰箱,MD,冰箱,2500,4199,B,B企业,350200,2018,4,12
2018-12-11,成都市,B001,7,29393,MD冰箱,MD,冰箱,2500,4199,B,B企业,510100,2018,4,12
2018-12-11,厦门市,A003,10,46690,GL洗衣机,GL,洗衣机,3200,4669,A,A企业,350200,2018,4,12
2018-12-11,长沙市,A003,4,18676,GL洗衣机,GL,洗衣机,3200,4669,A,A企业,430100,2018,4,12
2018-12-11,深圳市,C001,19,68381,HE冰箱,HE,冰箱,1800,3599,C,C企业,440300,2018,4,12
2018-12-11,长沙市,B002,13,46787,MD电视,MD,电视,2000,4299,B,B企业,430100,2018,4,12
2018-12-11,金华市,A003,10,46690,GL洗衣机,GL,洗衣机,3200,4669,A,A企业,330700,2018,4,12
2018-12-11,金华市,A001,10,46690,GL冰箱,GL,冰箱,2200,4669,A,A企业,330700,2018,4,12
2018-12-11,成都市,C001,7,25193,HE冰箱,HE,冰箱,1800,3599,C,C企业,510100,2018,4,12
2018-12-11,厦门市,C001,13,46787,HE冰箱,HE,冰箱,1800,3599,C,C企业,350200,2018,4,12
2018-12-11,厦门市,A001,13,60697,GL冰箱,GL,冰箱,2200,4669,A,A企业,350200,2018,4,12
2018-12-11,重庆市,B001,19,79781,MD冰箱,MD,冰箱,2500,4199,B,B企业,500000,2018,4,12
2018-12-11,金华市,C001,10,35990,HE冰箱,HE,冰箱,1800,3599,C,C企业,330700,2018,4,12
2018-12-11,厦门市,C003,22,102718,HE洗衣机,HE,洗衣机,2600,4699,C,C企业,350200,2018,4,12
2018-12-11,成都市,A001,7,32683,GL冰箱,GL,冰箱,2200,4669,A,A企业,510100,2018,4,12
2018-12-11,厦门市,B002,13,46787,MD电视,MD,电视,2000,4299,B,B企业,350200,2018,4,12
2018-12-11,长沙市,A001,1,4669,GL冰箱,GL,冰箱,2200,4669,A,A企业,430100,2018,4,12
2018-12-11,重庆市,C003,16,74704,HE洗衣机,HE,洗衣机,2600,4699,C,C企业,500000,2018,4,12
2018-12-11,成都市,B002,4,14396,MD电视,MD,电视,2000,4299,B,B企业,510100,2018,4,12
2018-12-11,金华市,C003,10,46690,HE洗衣机,HE,洗衣机,2600,4699,C,C企业,330700,2018,4,12
2018-12-11,成都市,A003,7,32683,GL洗衣机,GL,洗衣机,3200,4669,A,A企业,510100,2018,4,12
2018-12-11,深圳市,C003,16,74704,HE洗衣机,HE,洗衣机,2600,4699,C,C企业,440300,2018,4,12
2018-12-12,长沙市,B001,13,54587,MD冰箱,MD,冰箱,2500,4199,B,B企业,430100,2018,4,12
2018-12-12,金华市,B001,19,79781,MD冰箱,MD,冰箱,2500,4199,B,B企业,330700,2018,4,12
2018-12-12,厦门市,B001,1,4199,MD冰箱,MD,冰箱,2500,4199,B,B企业,350200,2018,4,12
2018-12-12,厦门市,B002,1,3599,MD电视,MD,电视,2000,4299,B,B企业,350200,2018,4,12
2018-12-12,金华市,A003,22,102718,GL洗衣机,GL,洗衣机,3200,4669,A,A企业,330700,2018,4,12
2018-12-12,成都市,B002,10,35990,MD电视,MD,电视,2000,4299,B,B企业,510100,2018,4,12
2018-12-12,厦门市,A003,13,60697,GL洗衣机,GL,洗衣机,3200,4669,A,A企业,350200,2018,4,12
2018-12-12,成都市,B001,10,41990,MD冰箱,MD,冰箱,2500,4199,B,B企业,510100,2018,4,12
2018-12-12,厦门市,C003,10,46690,HE洗衣机,HE,洗衣机,2600,4699,C,C企业,350200,2018,4,12
2018-12-12,金华市,A001,13,60697,GL冰箱,GL,冰箱,2200,4669,A,A企业,330700,2018,4,12
2018-12-12,深圳市,B001,7,29393,MD冰箱,MD,冰箱,2500,4199,B,B企业,440300,2018,4,12
2018-12-12,厦门市,C001,13,46787,HE冰箱,HE,冰箱,1800,3599,C,C企业,350200,2018,4,12
2018-12-12,金华市,C003,10,46690,HE洗衣机,HE,洗衣机,2600,4699,C,C企业,330700,2018,4,12
2018-12-12,金华市,B003,4,22796,MD洗衣机,MD,洗衣机,3100,5699,B,B企业,330700,2018,4,12
2018-12-12,厦门市,B003,13,74087,MD洗衣机,MD,洗衣机,3100,5699,B,B企业,350200,2018,4,12
2018-12-12,成都市,A003,13,60697,GL洗衣机,GL,洗衣机,3200,4669,A,A企业,510100,2018,4,12
2018-12-12,重庆市,B003,10,56990,MD洗衣机,MD,洗衣机,3100,5699,B,B企业,500000,2018,4,12
2018-12-12,成都市,B003,13,74087,MD洗衣机,MD,洗衣机,3100,5699,B,B企业,510100,2018,4,12
2018-12-12,金华市,C001,4,14396,HE冰箱,HE,冰箱,1800,3599,C,C企业,330700,2018,4,12
2018-12-12,长沙市,A001,7,32683,GL冰箱,GL,冰箱,2200,4669,A,A企业,430100,2018,4,12
2018-12-13,厦门市,B001,7,29393,MD冰箱,MD,冰箱,2500,4199,B,B企业,350200,2018,4,12
2018-12-13,金华市,B003,4,22796,MD洗衣机,MD,洗衣机,3100,5699,B,B企业,330700,2018,4,12
2018-12-13,厦门市,C001,13,46787,HE冰箱,HE,冰箱,1800,3599,C,C企业,350200,2018,4,12
2018-12-13,金华市,B002,7,25193,MD电视,MD,电视,2000,4299,B,B企业,330700,2018,4,12
2018-12-13,金华市,B001,13,54587,MD冰箱,MD,冰箱,2500,4199,B,B企业,330700,2018,4,12
2018-12-13,厦门市,A003,16,74704,GL洗衣机,GL,洗衣机,3200,4669,A,A企业,350200,2018,4,12
2018-12-13,长沙市,B001,1,4199,MD冰箱,MD,冰箱,2500,4199,B,B企业,430100,2018,4,12
2018-12-13,长沙市,B003,16,91184,MD洗衣机,MD,洗衣机,3100,5699,B,B企业,430100,2018,4,12
2018-12-13,金华市,A001,10,46690,GL冰箱,GL,冰箱,2200,4669,A,A企业,330700,2018,4,12
2018-12-13,厦门市,B003,4,22796,MD洗衣机,MD,洗衣机,3100,5699,B,B企业,350200,2018,4,12
2018-12-13,长沙市,A001,1,4669,GL冰箱,GL,冰箱,2200,4669,A,A企业,430100,2018,4,12
2018-12-13,深圳市,B001,16,67184,MD冰箱,MD,冰箱,2500,4199,B,B企业,440300,2018,4,12
2018-12-13,厦门市,C003,13,60697,HE洗衣机,HE,洗衣机,2600,4699,C,C企业,350200,2018,4,12
2018-12-13,成都市,B001,7,29393,MD冰箱,MD,冰箱,2500,4199,B,B企业,510100,2018,4,12
2018-12-13,成都市,C001,13,46787,HE冰箱,HE,冰箱,1800,3599,C,C企业,510100,2018,4,12
2018-12-13,金华市,C003,10,46690,HE洗衣机,HE,洗衣机,2600,4699,C,C企业,330700,2018,4,12
2018-12-13,重庆市,C001,10,35990,HE冰箱,HE,冰箱,1800,3599,C,C企业,500000,2018,4,12
2018-12-13,长沙市,C003,7,32683,HE洗衣机,HE,洗衣机,2600,4699,C,C企业,430100,2018,4,12
2018-12-13,上海市,C001,13,46787,HE冰箱,HE,冰箱,1800,3599,C,C企业,310000,2018,4,12
2018-12-13,重庆市,C003,16,74704,HE洗衣机,HE,洗衣机,2600,4699,C,C企业,500000,2018,4,12
2018-12-13,上海市,B001,1,4199,MD冰箱,MD,冰箱,2500,4199,B,B企业,310000,2018,4,12
2018-12-13,上海市,A003,13,60697,GL洗衣机,GL,洗衣机,3200,4669,A,A企业,310000,2018,4,12
2018-12-13,金华市,C001,22,79178,HE冰箱,HE,冰箱,1800,3599,C,C企业,330700,2018,4,12
2018-12-13,重庆市,A003,13,60697,GL洗衣机,GL,洗衣机,3200,4669,A,A企业,500000,2018,4,12
2018-12-13,重庆市,C002,4,16796,HE电视,HE,电视,2200,4199,C,C企业,500000,2018,4,12
2018-12-13,成都市,A001,10,46690,GL冰箱,GL,冰箱,2200,4669,A,A企业,510100,2018,4,12
2018-12-13,厦门市,C002,4,16796,HE电视,HE,电视,2200,4199,C,C企业,350200,2018,4,12
2018-12-14,厦门市,B001,7,29393,MD冰箱,MD,冰箱,2500,4199,B,B企业,350200,2018,4,12
2018-12-14,长沙市,B001,4,16796,MD冰箱,MD,冰箱,2500,4199,B,B企业,430100,2018,4,12
2018-12-14,厦门市,A003,19,88711,GL洗衣机,GL,洗衣机,3200,4669,A,A企业,350200,2018,4,12
2018-12-14,重庆市,B001,19,79781,MD冰箱,MD,冰箱,2500,4199,B,B企业,500000,2018,4,12
2018-12-14,金华市,C001,10,35990,HE冰箱,HE,冰箱,1800,3599,C,C企业,330700,2018,4,12
2018-12-14,厦门市,C003,22,102718,HE洗衣机,HE,洗衣机,2600,4699,C,C企业,350200,2018,4,12
2018-12-14,厦门市,C001,10,35990,HE冰箱,HE,冰箱,1800,3599,C,C企业,350200,2018,4,12
2018-12-14,成都市,A001,7,32683,GL冰箱,GL,冰箱,2200,4669,A,A企业,510100,2018,4,12
2018-12-14,厦门市,A001,10,46690,GL冰箱,GL,冰箱,2200,4669,A,A企业,350200,2018,4,12
2018-12-14,金华市,A001,19,88711,GL冰箱,GL,冰箱,2200,4669,A,A企业,330700,2018,4,12
2018-12-14,成都市,B001,13,54587,MD冰箱,MD,冰箱,2500,4199,B,B企业,510100,2018,4,12
2018-12-14,厦门市,B002,13,46787,MD电视,MD,电视,2000,4299,B,B企业,350200,2018,4,12
2018-12-14,长沙市,A001,1,4669,GL冰箱,GL,冰箱,2200,4669,A,A企业,430100,2018,4,12
2018-12-14,重庆市,C003,16,74704,HE洗衣机,HE,洗衣机,2600,4699,C,C企业,500000,2018,4,12
2018-12-14,成都市,B002,4,14396,MD电视,MD,电视,2000,4299,B,B企业,510100,2018,4,12
2018-12-14,金华市,C003,10,46690,HE洗衣机,HE,洗衣机,2600,4699,C,C企业,330700,2018,4,12
2018-12-14,成都市,A003,7,32683,GL洗衣机,GL,洗衣机,3200,4669,A,A企业,510100,2018,4,12
2018-12-14,深圳市,C003,16,74704,HE洗衣机,HE,洗衣机,2600,4699,C,C企业,440300,2018,4,12
2018-12-14,厦门市,C002,10,41990,HE电视,HE,电视,2200,4199,C,C企业,350200,2018,4,12
2018-12-14,金华市,B001,10,41990,MD冰箱,MD,冰箱,2500,4199,B,B企业,330700,2018,4,12
2018-12-14,金华市,C002,10,41990,HE电视,HE,电视,2200,4199,C,C企业,330700,2018,4,12
2018-12-14,上海市,B001,4,16796,MD冰箱,MD,冰箱,2500,4199,B,B企业,310000,2018,4,12
2018-12-14,深圳市,C002,10,41990,HE电视,HE,电视,2200,4199,C,C企业,440300,2018,4,12
2018-12-14,上海市,C002,16,67184,HE电视,HE,电视,2200,4199,C,C企业,310000,2018,4,12
2018-12-14,重庆市,C002,1,4199,HE电视,HE,电视,2200,4199,C,C企业,500000,2018,4,12
2018-12-15,成都市,B001,13,54587,MD冰箱,MD,冰箱,2500,4199,B,B企业,510100,2018,4,12
2018-12-15,金华市,A001,16,74704,GL冰箱,GL,冰箱,2200,4669,A,A企业,330700,2018,4,12
2018-12-15,深圳市,B001,7,29393,MD冰箱,MD,冰箱,2500,4199,B,B企业,440300,2018,4,12
2018-12-15,长沙市,B001,7,29393,MD冰箱,MD,冰箱,2500,4199,B,B企业,430100,2018,4,12
2018-12-15,厦门市,C001,13,46787,HE冰箱,HE,冰箱,1800,3599,C,C企业,350200,2018,4,12
2018-12-15,金华市,C003,10,46690,HE洗衣机,HE,洗衣机,2600,4699,C,C企业,330700,2018,4,12
2018-12-15,金华市,A003,13,60697,GL洗衣机,GL,洗衣机,3200,4669,A,A企业,330700,2018,4,12
2018-12-15,厦门市,B001,16,67184,MD冰箱,MD,冰箱,2500,4199,B,B企业,350200,2018,4,12
2018-12-15,金华市,B001,4,16796,MD冰箱,MD,冰箱,2500,4199,B,B企业,330700,2018,4,12
2018-12-15,金华市,B003,4,22796,MD洗衣机,MD,洗衣机,3100,5699,B,B企业,330700,2018,4,12
2018-12-15,厦门市,B003,13,74087,MD洗衣机,MD,洗衣机,3100,5699,B,B企业,350200,2018,4,12
2018-12-15,成都市,A003,13,60697,GL洗衣机,GL,洗衣机,3200,4669,A,A企业,510100,2018,4,12
2018-12-15,重庆市,B003,10,56990,MD洗衣机,MD,洗衣机,3100,5699,B,B企业,500000,2018,4,12
2018-12-15,成都市,B003,13,74087,MD洗衣机,MD,洗衣机,3100,5699,B,B企业,510100,2018,4,12
2018-12-15,金华市,C001,4,14396,HE冰箱,HE,冰箱,1800,3599,C,C企业,330700,2018,4,12
2018-12-15,长沙市,A001,7,32683,GL冰箱,GL,冰箱,2200,4669,A,A企业,430100,2018,4,12
2018-12-15,厦门市,C002,13,54587,HE电视,HE,电视,2200,4199,C,C企业,350200,2018,4,12
2018-12-15,长沙市,C001,7,25193,HE冰箱,HE,冰箱,1800,3599,C,C企业,430100,2018,4,12
2018-12-15,长沙市,B002,1,3599,MD电视,MD,电视,2000,4299,B,B企业,430100,2018,4,12
2018-12-15,长沙市,A003,16,74704,GL洗衣机,GL,洗衣机,3200,4669,A,A企业,430100,2018,4,12
2018-12-15,厦门市,A003,7,32683,GL洗衣机,GL,洗衣机,3200,4669,A,A企业,350200,2018,4,12
2018-12-16,深圳市,B001,13,54587,MD冰箱,MD,冰箱,2500,4199,B,B企业,440300,2018,4,12
2018-12-16,上海市,C001,13,46787,HE冰箱,HE,冰箱,1800,3599,C,C企业,310000,2018,4,12
2018-12-16,金华市,B001,7,29393,MD冰箱,MD,冰箱,2500,4199,B,B企业,330700,2018,4,12
2018-12-16,厦门市,B001,10,41990,MD冰箱,MD,冰箱,2500,4199,B,B企业,350200,2018,4,12
2018-12-16,重庆市,C003,16,74704,HE洗衣机,HE,洗衣机,2600,4699,C,C企业,500000,2018,4,12
2018-12-16,厦门市,C003,16,74704,HE洗衣机,HE,洗衣机,2600,4699,C,C企业,350200,2018,4,12
2018-12-16,厦门市,C001,16,57584,HE冰箱,HE,冰箱,1800,3599,C,C企业,350200,2018,4,12
2018-12-16,上海市,B001,1,4199,MD冰箱,MD,冰箱,2500,4199,B,B企业,310000,2018,4,12
2018-12-16,上海市,A003,13,60697,GL洗衣机,GL,洗衣机,3200,4669,A,A企业,310000,2018,4,12
2018-12-16,金华市,C001,22,79178,HE冰箱,HE,冰箱,1800,3599,C,C企业,330700,2018,4,12
2018-12-16,金华市,A001,10,46690,GL冰箱,GL,冰箱,2200,4669,A,A企业,330700,2018,4,12
2018-12-16,重庆市,A003,13,60697,GL洗衣机,GL,洗衣机,3200,4669,A,A企业,500000,2018,4,12
2018-12-16,重庆市,C002,4,16796,HE电视,HE,电视,2200,4199,C,C企业,500000,2018,4,12
2018-12-16,成都市,A001,10,46690,GL冰箱,GL,冰箱,2200,4669,A,A企业,510100,2018,4,12
2018-12-16,厦门市,A003,7,32683,GL洗衣机,GL,洗衣机,3200,4669,A,A企业,350200,2018,4,12
2018-12-16,厦门市,C002,4,16796,HE电视,HE,电视,2200,4199,C,C企业,350200,2018,4,12
2018-12-16,金华市,C003,16,74704,HE洗衣机,HE,洗衣机,2600,4699,C,C企业,330700,2018,4,12
2018-12-16,金华市,B002,7,25193,MD电视,MD,电视,2000,4299,B,B企业,330700,2018,4,12
2018-12-16,长沙市,B002,1,3599,MD电视,MD,电视,2000,4299,B,B企业,430100,2018,4,12
2018-12-16,长沙市,B001,13,54587,MD冰箱,MD,冰箱,2500,4199,B,B企业,430100,2018,4,12
2018-12-16,成都市,B001,13,54587,MD冰箱,MD,冰箱,2500,4199,B,B企业,510100,2018,4,12
2018-12-16,成都市,C001,16,57584,HE冰箱,HE,冰箱,1800,3599,C,C企业,510100,2018,4,12
2018-12-16,厦门市,B002,7,25193,MD电视,MD,电视,2000,4299,B,B企业,350200,2018,4,12
2018-12-16,深圳市,B002,1,3599,MD电视,MD,电视,2000,4299,B,B企业,440300,2018,4,12
2018-12-16,长沙市,A003,10,46690,GL洗衣机,GL,洗衣机,3200,4669,A,A企业,430100,2018,4,12
2018-12-16,重庆市,C001,10,35990,HE冰箱,HE,冰箱,1800,3599,C,C企业,500000,2018,4,12
2018-12-16,厦门市,B003,1,5699,MD洗衣机,MD,洗衣机,3100,5699,B,B企业,350200,2018,4,12
2018-12-16,金华市,B003,7,39893,MD洗衣机,MD,洗衣机,3100,5699,B,B企业,330700,2018,4,12
2018-12-16,深圳市,A003,16,74704,GL洗衣机,GL,洗衣机,3200,4669,A,A企业,440300,2018,4,12
2018-12-17,厦门市,B001,1,4199,MD冰箱,MD,冰箱,2500,4199,B,B企业,350200,2018,4,12
2018-12-17,厦门市,C002,10,41990,HE电视,HE,电视,2200,4199,C,C企业,350200,2018,4,12
2018-12-17,金华市,B001,10,41990,MD冰箱,MD,冰箱,2500,4199,B,B企业,330700,2018,4,12
2018-12-17,金华市,C001,4,14396,HE冰箱,HE,冰箱,1800,3599,C,C企业,330700,2018,4,12
2018-12-17,金华市,C002,10,41990,HE电视,HE,电视,2200,4199,C,C企业,330700,2018,4,12
2018-12-17,上海市,B001,4,16796,MD冰箱,MD,冰箱,2500,4199,B,B企业,310000,2018,4,12
2018-12-17,深圳市,C002,10,41990,HE电视,HE,电视,2200,4199,C,C企业,440300,2018,4,12
2018-12-17,上海市,C002,16,67184,HE电视,HE,电视,2200,4199,C,C企业,310000,2018,4,12
2018-12-17,金华市,A001,4,18676,GL冰箱,GL,冰箱,2200,4669,A,A企业,330700,2018,4,12
2018-12-17,重庆市,C002,1,4199,HE电视,HE,电视,2200,4199,C,C企业,500000,2018,4,12
2018-12-17,长沙市,B001,4,16796,MD冰箱,MD,冰箱,2500,4199,B,B企业,430100,2018,4,12
2018-12-17,厦门市,C003,7,32683,HE洗衣机,HE,洗衣机,2600,4699,C,C企业,350200,2018,4,12
2018-12-17,长沙市,A001,13,60697,GL冰箱,GL,冰箱,2200,4669,A,A企业,430100,2018,4,12
2018-12-17,成都市,B001,4,16796,MD冰箱,MD,冰箱,2500,4199,B,B企业,510100,2018,4,12
2018-12-17,厦门市,B002,13,46787,MD电视,MD,电视,2000,4299,B,B企业,350200,2018,4,12
2018-12-17,厦门市,C001,19,68381,HE冰箱,HE,冰箱,1800,3599,C,C企业,350200,2018,4,12
2018-12-17,长沙市,B002,22,79178,MD电视,MD,电视,2000,4299,B,B企业,430100,2018,4,12
2018-12-17,金华市,B002,13,46787,MD电视,MD,电视,2000,4299,B,B企业,330700,2018,4,12
2018-12-17,金华市,A003,16,74704,GL洗衣机,GL,洗衣机,3200,4669,A,A企业,330700,2018,4,12
2018-12-17,深圳市,C001,13,46787,HE冰箱,HE,冰箱,1800,3599,C,C企业,440300,2018,4,12
2018-12-17,成都市,C001,4,14396,HE冰箱,HE,冰箱,1800,3599,C,C企业,510100,2018,4,12
2018-12-17,深圳市,B002,7,25193,MD电视,MD,电视,2000,4299,B,B企业,440300,2018,4,12
2018-12-17,深圳市,A003,13,60697,GL洗衣机,GL,洗衣机,3200,4669,A,A企业,440300,2018,4,12
2018-12-17,厦门市,A003,10,46690,GL洗衣机,GL,洗衣机,3200,4669,A,A企业,350200,2018,4,12
2018-12-17,金华市,B003,1,5699,MD洗衣机,MD,洗衣机,3100,5699,B,B企业,330700,2018,4,12
2018-12-18,长沙市,B001,1,4199,MD冰箱,MD,冰箱,2500,4199,B,B企业,430100,2018,4,12
2018-12-18,成都市,B001,4,16796,MD冰箱,MD,冰箱,2500,4199,B,B企业,510100,2018,4,12
2018-12-18,厦门市,C002,13,54587,HE电视,HE,电视,2200,4199,C,C企业,350200,2018,4,12
2018-12-18,金华市,C001,7,25193,HE冰箱,HE,冰箱,1800,3599,C,C企业,330700,2018,4,12
2018-12-18,长沙市,C001,7,25193,HE冰箱,HE,冰箱,1800,3599,C,C企业,430100,2018,4,12
2018-12-18,厦门市,B001,13,54587,MD冰箱,MD,冰箱,2500,4199,B,B企业,350200,2018,4,12
2018-12-18,金华市,A001,10,46690,GL冰箱,GL,冰箱,2200,4669,A,A企业,330700,2018,4,12
2018-12-18,长沙市,B002,1,3599,MD电视,MD,电视,2000,4299,B,B企业,430100,2018,4,12
2018-12-18,厦门市,C001,4,14396,HE冰箱,HE,冰箱,1800,3599,C,C企业,350200,2018,4,12
2018-12-18,长沙市,A003,16,74704,GL洗衣机,GL,洗衣机,3200,4669,A,A企业,430100,2018,4,12
2018-12-18,金华市,B001,4,16796,MD冰箱,MD,冰箱,2500,4199,B,B企业,330700,2018,4,12
2018-12-18,厦门市,A003,7,32683,GL洗衣机,GL,洗衣机,3200,4669,A,A企业,350200,2018,4,12
2018-12-18,金华市,C002,10,41990,HE电视,HE,电视,2200,4199,C,C企业,330700,2018,4,12
2018-12-18,重庆市,B001,13,54587,MD冰箱,MD,冰箱,2500,4199,B,B企业,500000,2018,4,12
2018-12-18,厦门市,B003,16,91184,MD洗衣机,MD,洗衣机,3100,5699,B,B企业,350200,2018,4,12
2018-12-18,重庆市,B003,4,22796,MD洗衣机,MD,洗衣机,3100,5699,B,B企业,500000,2018,4,12
2018-12-18,金华市,C003,7,32683,HE洗衣机,HE,洗衣机,2600,4699,C,C企业,330700,2018,4,12
2018-12-18,金华市,B003,4,22796,MD洗衣机,MD,洗衣机,3100,5699,B,B企业,330700,2018,4,12
2018-12-18,成都市,A001,19,88711,GL冰箱,GL,冰箱,2200,4669,A,A企业,510100,2018,4,12
2018-12-18,重庆市,C001,7,25193,HE冰箱,HE,冰箱,1800,3599,C,C企业,500000,2018,4,12
2018-12-18,厦门市,C003,13,60697,HE洗衣机,HE,洗衣机,2600,4699,C,C企业,350200,2018,4,12
2018-12-18,重庆市,A003,7,32683,GL洗衣机,GL,洗衣机,3200,4669,A,A企业,500000,2018,4,12
2018-12-18,金华市,A003,4,18676,GL洗衣机,GL,洗衣机,3200,4669,A,A企业,330700,2018,4,12
2018-12-18,金华市,B002,13,46787,MD电视,MD,电视,2000,4299,B,B企业,330700,2018,4,12
2018-12-19,金华市,B002,7,25193,MD电视,MD,电视,2000,4299,B,B企业,330700,2018,4,12
2018-12-19,厦门市,C001,16,57584,HE冰箱,HE,冰箱,1800,3599,C,C企业,350200,2018,4,12
2018-12-19,金华市,A001,7,32683,GL冰箱,GL,冰箱,2200,4669,A,A企业,330700,2018,4,12
2018-12-19,长沙市,B002,1,3599,MD电视,MD,电视,2000,4299,B,B企业,430100,2018,4,12
2018-12-19,长沙市,B001,13,54587,MD冰箱,MD,冰箱,2500,4199,B,B企业,430100,2018,4,12
2018-12-19,成都市,B001,13,54587,MD冰箱,MD,冰箱,2500,4199,B,B企业,510100,2018,4,12
2018-12-19,厦门市,B001,7,29393,MD冰箱,MD,冰箱,2500,4199,B,B企业,350200,2018,4,12
2018-12-19,上海市,B001,10,41990,MD冰箱,MD,冰箱,2500,4199,B,B企业,310000,2018,4,12
2018-12-19,深圳市,B001,13,54587,MD冰箱,MD,冰箱,2500,4199,B,B企业,440300,2018,4,12
2018-12-19,成都市,C001,16,57584,HE冰箱,HE,冰箱,1800,3599,C,C企业,510100,2018,4,12
2018-12-19,金华市,C001,10,35990,HE冰箱,HE,冰箱,1800,3599,C,C企业,330700,2018,4,12
2018-12-19,成都市,A001,13,60697,GL冰箱,GL,冰箱,2200,4669,A,A企业,510100,2018,4,12
2018-12-19,厦门市,B002,7,25193,MD电视,MD,电视,2000,4299,B,B企业,350200,2018,4,12
2018-12-19,深圳市,B002,1,3599,MD电视,MD,电视,2000,4299,B,B企业,440300,2018,4,12
2018-12-19,长沙市,A003,10,46690,GL洗衣机,GL,洗衣机,3200,4669,A,A企业,430100,2018,4,12
2018-12-19,重庆市,C001,10,35990,HE冰箱,HE,冰箱,1800,3599,C,C企业,500000,2018,4,12
2018-12-19,厦门市,B003,1,5699,MD洗衣机,MD,洗衣机,3100,5699,B,B企业,350200,2018,4,12
2018-12-19,厦门市,A003,4,18676,GL洗衣机,GL,洗衣机,3200,4669,A,A企业,350200,2018,4,12
2018-12-19,金华市,B003,7,39893,MD洗衣机,MD,洗衣机,3100,5699,B,B企业,330700,2018,4,12
2018-12-19,厦门市,C003,7,32683,HE洗衣机,HE,洗衣机,2600,4699,C,C企业,350200,2018,4,12
2018-12-19,深圳市,A003,16,74704,GL洗衣机,GL,洗衣机,3200,4669,A,A企业,440300,2018,4,12
2018-12-19,重庆市,B002,4,14396,MD电视,MD,电视,2000,4299,B,B企业,500000,2018,4,12
2018-12-19,长沙市,A001,19,88711,GL冰箱,GL,冰箱,2200,4669,A,A企业,430100,2018,4,12
2018-12-19,金华市,A003,19,88711,GL洗衣机,GL,洗衣机,3200,4669,A,A企业,330700,2018,4,12
2018-12-19,金华市,B001,10,41990,MD冰箱,MD,冰箱,2500,4199,B,B企业,330700,2018,4,12
2018-12-19,厦门市,A001,13,60697,GL冰箱,GL,冰箱,2200,4669,A,A企业,350200,2018,4,12
2018-12-20,厦门市,B002,13,46787,MD电视,MD,电视,2000,4299,B,B企业,350200,2018,4,12
2018-12-20,金华市,B001,7,29393,MD冰箱,MD,冰箱,2500,4199,B,B企业,330700,2018,4,12
2018-12-20,厦门市,C001,19,68381,HE冰箱,HE,冰箱,1800,3599,C,C企业,350200,2018,4,12
2018-12-20,金华市,C001,16,57584,HE冰箱,HE,冰箱,1800,3599,C,C企业,330700,2018,4,12
2018-12-20,厦门市,C003,10,46690,HE洗衣机,HE,洗衣机,2600,4699,C,C企业,350200,2018,4,12
2018-12-20,长沙市,B002,22,79178,MD电视,MD,电视,2000,4299,B,B企业,430100,2018,4,12
2018-12-20,金华市,B002,13,46787,MD电视,MD,电视,2000,4299,B,B企业,330700,2018,4,12
2018-12-20,金华市,A003,16,74704,GL洗衣机,GL,洗衣机,3200,4669,A,A企业,330700,2018,4,12
2018-12-20,深圳市,C001,13,46787,HE冰箱,HE,冰箱,1800,3599,C,C企业,440300,2018,4,12
2018-12-20,成都市,C001,4,14396,HE冰箱,HE,冰箱,1800,3599,C,C企业,510100,2018,4,12
2018-12-20,厦门市,B001,13,54587,MD冰箱,MD,冰箱,2500,4199,B,B企业,350200,2018,4,12
2018-12-20,深圳市,B002,7,25193,MD电视,MD,电视,2000,4299,B,B企业,440300,2018,4,12
2018-12-20,深圳市,A003,13,60697,GL洗衣机,GL,洗衣机,3200,4669,A,A企业,440300,2018,4,12
2018-12-20,厦门市,A003,10,46690,GL洗衣机,GL,洗衣机,3200,4669,A,A企业,350200,2018,4,12
2018-12-20,厦门市,C002,16,67184,HE电视,HE,电视,2200,4199,C,C企业,350200,2018,4,12
2018-12-20,金华市,B003,1,5699,MD洗衣机,MD,洗衣机,3100,5699,B,B企业,330700,2018,4,12
2018-12-20,金华市,C002,4,16796,HE电视,HE,电视,2200,4199,C,C企业,330700,2018,4,12
2018-12-20,厦门市,A001,10,46690,GL冰箱,GL,冰箱,2200,4669,A,A企业,350200,2018,4,12
2018-12-20,上海市,B001,1,4199,MD冰箱,MD,冰箱,2500,4199,B,B企业,310000,2018,4,12
2018-12-20,重庆市,B002,4,14396,MD电视,MD,电视,2000,4299,B,B企业,500000,2018,4,12
2018-12-20,成都市,B002,16,57584,MD电视,MD,电视,2000,4299,B,B企业,510100,2018,4,12
2018-12-20,重庆市,B001,4,16796,MD冰箱,MD,冰箱,2500,4199,B,B企业,500000,2018,4,12
2018-12-20,深圳市,C002,7,29393,HE电视,HE,电视,2200,4199,C,C企业,440300,2018,4,12
2018-12-20,长沙市,B001,13,54587,MD冰箱,MD,冰箱,2500,4199,B,B企业,430100,2018,4,12
2018-12-20,深圳市,B001,10,41990,MD冰箱,MD,冰箱,2500,4199,B,B企业,440300,2018,4,12
2018-12-20,成都市,B001,4,16796,MD冰箱,MD,冰箱,2500,4199,B,B企业,510100,2018,4,12
2018-12-20,深圳市,B003,22,125378,MD洗衣机,MD,洗衣机,3100,5699,B,B企业,440300,2018,4,12
2018-12-20,厦门市,B003,19,108281,MD洗衣机,MD,洗衣机,3100,5699,B,B企业,350200,2018,4,12
2018-12-20,上海市,C002,10,41990,HE电视,HE,电视,2200,4199,C,C企业,310000,2018,4,12
2018-12-20,重庆市,B003,13,74087,MD洗衣机,MD,洗衣机,3100,5699,B,B企业,500000,2018,4,12
2018-12-20,上海市,B003,4,22796,MD洗衣机,MD,洗衣机,3100,5699,B,B企业,310000,2018,4,12
2018-12-21,金华市,C002,10,41990,HE电视,HE,电视,2200,4199,C,C企业,330700,2018,4,12
2018-12-21,重庆市,B001,13,54587,MD冰箱,MD,冰箱,2500,4199,B,B企业,500000,2018,4,12
2018-12-21,厦门市,B003,16,91184,MD洗衣机,MD,洗衣机,3100,5699,B,B企业,350200,2018,4,12
2018-12-21,重庆市,B003,4,22796,MD洗衣机,MD,洗衣机,3100,5699,B,B企业,500000,2018,4,12
2018-12-21,厦门市,C001,13,46787,HE冰箱,HE,冰箱,1800,3599,C,C企业,350200,2018,4,12
2018-12-21,金华市,C003,7,32683,HE洗衣机,HE,洗衣机,2600,4699,C,C企业,330700,2018,4,12
2018-12-21,金华市,B003,4,22796,MD洗衣机,MD,洗衣机,3100,5699,B,B企业,330700,2018,4,12
2018-12-21,成都市,B001,13,54587,MD冰箱,MD,冰箱,2500,4199,B,B企业,510100,2018,4,12
2018-12-21,成都市,A001,19,88711,GL冰箱,GL,冰箱,2200,4669,A,A企业,510100,2018,4,12
2018-12-21,厦门市,B001,7,29393,MD冰箱,MD,冰箱,2500,4199,B,B企业,350200,2018,4,12
2018-12-21,金华市,B001,16,67184,MD冰箱,MD,冰箱,2500,4199,B,B企业,330700,2018,4,12
2018-12-21,重庆市,C001,7,25193,HE冰箱,HE,冰箱,1800,3599,C,C企业,500000,2018,4,12
2018-12-21,厦门市,C003,13,60697,HE洗衣机,HE,洗衣机,2600,4699,C,C企业,350200,2018,4,12
2018-12-21,重庆市,A003,7,32683,GL洗衣机,GL,洗衣机,3200,4669,A,A企业,500000,2018,4,12
2018-12-21,金华市,A003,4,18676,GL洗衣机,GL,洗衣机,3200,4669,A,A企业,330700,2018,4,12
2018-12-21,金华市,B002,13,46787,MD电视,MD,电视,2000,4299,B,B企业,330700,2018,4,12
2018-12-21,长沙市,B001,7,29393,MD冰箱,MD,冰箱,2500,4199,B,B企业,430100,2018,4,12
2018-12-21,金华市,A001,19,88711,GL冰箱,GL,冰箱,2200,4669,A,A企业,330700,2018,4,12
2018-12-21,长沙市,A001,7,32683,GL冰箱,GL,冰箱,2200,4669,A,A企业,430100,2018,4,12
2018-12-21,厦门市,A001,16,74704,GL冰箱,GL,冰箱,2200,4669,A,A企业,350200,2018,4,12
2018-12-21,长沙市,B003,19,108281,MD洗衣机,MD,洗衣机,3100,5699,B,B企业,430100,2018,4,12
2018-12-21,长沙市,C002,16,67184,HE电视,HE,电视,2200,4199,C,C企业,430100,2018,4,12
2018-12-21,长沙市,A003,4,18676,GL洗衣机,GL,洗衣机,3200,4669,A,A企业,430100,2018,4,12
2018-12-21,上海市,C001,4,14396,HE冰箱,HE,冰箱,1800,3599,C,C企业,310000,2018,4,12
2018-12-21,厦门市,A003,7,32683,GL洗衣机,GL,洗衣机,3200,4669,A,A企业,350200,2018,4,12
2018-12-21,成都市,B003,10,56990,MD洗衣机,MD,洗衣机,3100,5699,B,B企业,510100,2018,4,12
2018-12-21,上海市,B001,22,92378,MD冰箱,MD,冰箱,2500,4199,B,B企业,310000,2018,4,12
2018-12-21,深圳市,B001,10,41990,MD冰箱,MD,冰箱,2500,4199,B,B企业,440300,2018,4,12
2018-12-21,金华市,C001,10,35990,HE冰箱,HE,冰箱,1800,3599,C,C企业,330700,2018,4,12
2018-12-22,厦门市,C001,7,25193,HE冰箱,HE,冰箱,1800,3599,C,C企业,350200,2018,4,12
2018-12-22,深圳市,B001,19,79781,MD冰箱,MD,冰箱,2500,4199,B,B企业,440300,2018,4,12
2018-12-22,厦门市,B001,4,16796,MD冰箱,MD,冰箱,2500,4199,B,B企业,350200,2018,4,12
2018-12-22,重庆市,B002,4,14396,MD电视,MD,电视,2000,4299,B,B企业,500000,2018,4,12
2018-12-22,上海市,B001,13,54587,MD冰箱,MD,冰箱,2500,4199,B,B企业,310000,2018,4,12
2018-12-22,厦门市,C003,13,60697,HE洗衣机,HE,洗衣机,2600,4699,C,C企业,350200,2018,4,12
2018-12-22,金华市,B002,4,14396,MD电视,MD,电视,2000,4299,B,B企业,330700,2018,4,12
2018-12-22,金华市,A001,7,32683,GL冰箱,GL,冰箱,2200,4669,A,A企业,330700,2018,4,12
2018-12-22,厦门市,A003,4,18676,GL洗衣机,GL,洗衣机,3200,4669,A,A企业,350200,2018,4,12
2018-12-22,厦门市,B002,16,57584,MD电视,MD,电视,2000,4299,B,B企业,350200,2018,4,12
2018-12-22,长沙市,A001,19,88711,GL冰箱,GL,冰箱,2200,4669,A,A企业,430100,2018,4,12
2018-12-22,金华市,A003,19,88711,GL洗衣机,GL,洗衣机,3200,4669,A,A企业,330700,2018,4,12
2018-12-22,金华市,B001,10,41990,MD冰箱,MD,冰箱,2500,4199,B,B企业,330700,2018,4,12
2018-12-22,成都市,A001,13,60697,GL冰箱,GL,冰箱,2200,4669,A,A企业,510100,2018,4,12
2018-12-22,长沙市,B001,7,29393,MD冰箱,MD,冰箱,2500,4199,B,B企业,430100,2018,4,12
2018-12-22,厦门市,A001,13,60697,GL冰箱,GL,冰箱,2200,4669,A,A企业,350200,2018,4,12
2018-12-22,成都市,B001,13,54587,MD冰箱,MD,冰箱,2500,4199,B,B企业,510100,2018,4,12
2018-12-22,金华市,C001,22,79178,HE冰箱,HE,冰箱,1800,3599,C,C企业,330700,2018,4,12
2018-12-22,厦门市,C002,1,4199,HE电视,HE,电视,2200,4199,C,C企业,350200,2018,4,12
2018-12-22,长沙市,B002,4,14396,MD电视,MD,电视,2000,4299,B,B企业,430100,2018,4,12
2018-12-22,长沙市,A003,10,46690,GL洗衣机,GL,洗衣机,3200,4669,A,A企业,430100,2018,4,12
2018-12-22,上海市,B002,16,57584,MD电视,MD,电视,2000,4299,B,B企业,310000,2018,4,12
2018-12-22,深圳市,C001,13,46787,HE冰箱,HE,冰箱,1800,3599,C,C企业,440300,2018,4,12
2018-12-22,重庆市,C003,4,18676,HE洗衣机,HE,洗衣机,2600,4699,C,C企业,500000,2018,4,12
2018-12-23,厦门市,A001,10,46690,GL冰箱,GL,冰箱,2200,4669,A,A企业,350200,2018,4,12
2018-12-23,上海市,B001,1,4199,MD冰箱,MD,冰箱,2500,4199,B,B企业,310000,2018,4,12
2018-12-23,重庆市,B002,4,14396,MD电视,MD,电视,2000,4299,B,B企业,500000,2018,4,12
2018-12-23,厦门市,B001,7,29393,MD冰箱,MD,冰箱,2500,4199,B,B企业,350200,2018,4,12
2018-12-23,成都市,B002,16,57584,MD电视,MD,电视,2000,4299,B,B企业,510100,2018,4,12
2018-12-23,重庆市,B001,4,16796,MD冰箱,MD,冰箱,2500,4199,B,B企业,500000,2018,4,12
2018-12-23,深圳市,C002,7,29393,HE电视,HE,电视,2200,4199,C,C企业,440300,2018,4,12
2018-12-23,长沙市,B001,13,54587,MD冰箱,MD,冰箱,2500,4199,B,B企业,430100,2018,4,12
2018-12-23,深圳市,B001,10,41990,MD冰箱,MD,冰箱,2500,4199,B,B企业,440300,2018,4,12
2018-12-23,厦门市,A003,10,46690,GL洗衣机,GL,洗衣机,3200,4669,A,A企业,350200,2018,4,12
2018-12-23,成都市,B001,4,16796,MD冰箱,MD,冰箱,2500,4199,B,B企业,510100,2018,4,12
2018-12-23,深圳市,B003,22,125378,MD洗衣机,MD,洗衣机,3100,5699,B,B企业,440300,2018,4,12
2018-12-23,厦门市,B003,19,108281,MD洗衣机,MD,洗衣机,3100,5699,B,B企业,350200,2018,4,12
2018-12-23,金华市,C001,13,46787,HE冰箱,HE,冰箱,1800,3599,C,C企业,330700,2018,4,12
2018-12-23,上海市,C002,10,41990,HE电视,HE,电视,2200,4199,C,C企业,310000,2018,4,12
2018-12-23,重庆市,B003,13,74087,MD洗衣机,MD,洗衣机,3100,5699,B,B企业,500000,2018,4,12
2018-12-23,厦门市,C001,4,14396,HE冰箱,HE,冰箱,1800,3599,C,C企业,350200,2018,4,12
2018-12-23,金华市,B003,19,108281,MD洗衣机,MD,洗衣机,3100,5699,B,B企业,330700,2018,4,12
2018-12-23,上海市,B003,4,22796,MD洗衣机,MD,洗衣机,3100,5699,B,B企业,310000,2018,4,12
2018-12-23,深圳市,A003,19,88711,GL洗衣机,GL,洗衣机,3200,4669,A,A企业,440300,2018,4,12
2018-12-23,金华市,B001,13,54587,MD冰箱,MD,冰箱,2500,4199,B,B企业,330700,2018,4,12
2018-12-23,金华市,A001,7,32683,GL冰箱,GL,冰箱,2200,4669,A,A企业,330700,2018,4,12
2018-12-23,重庆市,A003,1,4669,GL洗衣机,GL,洗衣机,3200,4669,A,A企业,500000,2018,4,12
2018-12-23,厦门市,B002,4,14396,MD电视,MD,电视,2000,4299,B,B企业,350200,2018,4,12
2018-12-23,金华市,C003,4,18676,HE洗衣机,HE,洗衣机,2600,4699,C,C企业,330700,2018,4,12
2018-12-23,金华市,B002,4,14396,MD电视,MD,电视,2000,4299,B,B企业,330700,2018,4,12
2018-12-24,长沙市,A001,7,32683,GL冰箱,GL,冰箱,2200,4669,A,A企业,430100,2018,4,12
2018-12-24,厦门市,A001,16,74704,GL冰箱,GL,冰箱,2200,4669,A,A企业,350200,2018,4,12
2018-12-24,长沙市,B003,19,108281,MD洗衣机,MD,洗衣机,3100,5699,B,B企业,430100,2018,4,12
2018-12-24,金华市,C002,1,4199,HE电视,HE,电视,2200,4199,C,C企业,330700,2018,4,12
2018-12-24,重庆市,B001,19,79781,MD冰箱,MD,冰箱,2500,4199,B,B企业,500000,2018,4,12
2018-12-24,重庆市,B003,1,5699,MD洗衣机,MD,洗衣机,3100,5699,B,B企业,500000,2018,4,12
2018-12-24,长沙市,C002,16,67184,HE电视,HE,电视,2200,4199,C,C企业,430100,2018,4,12
2018-12-24,厦门市,C001,13,46787,HE冰箱,HE,冰箱,1800,3599,C,C企业,350200,2018,4,12
2018-12-24,厦门市,B003,1,5699,MD洗衣机,MD,洗衣机,3100,5699,B,B企业,350200,2018,4,12
2018-12-24,长沙市,A003,4,18676,GL洗衣机,GL,洗衣机,3200,4669,A,A企业,430100,2018,4,12
2018-12-24,上海市,C001,4,14396,HE冰箱,HE,冰箱,1800,3599,C,C企业,310000,2018,4,12
2018-12-24,金华市,A003,1,4669,GL洗衣机,GL,洗衣机,3200,4669,A,A企业,330700,2018,4,12
2018-12-24,厦门市,A003,7,32683,GL洗衣机,GL,洗衣机,3200,4669,A,A企业,350200,2018,4,12
2018-12-24,厦门市,B001,4,16796,MD冰箱,MD,冰箱,2500,4199,B,B企业,350200,2018,4,12
2018-12-24,成都市,B003,10,56990,MD洗衣机,MD,洗衣机,3100,5699,B,B企业,510100,2018,4,12
2018-12-24,上海市,B001,22,92378,MD冰箱,MD,冰箱,2500,4199,B,B企业,310000,2018,4,12
2018-12-24,深圳市,B001,10,41990,MD冰箱,MD,冰箱,2500,4199,B,B企业,440300,2018,4,12
2018-12-24,金华市,C001,10,35990,HE冰箱,HE,冰箱,1800,3599,C,C企业,330700,2018,4,12
2018-12-24,金华市,B001,10,41990,MD冰箱,MD,冰箱,2500,4199,B,B企业,330700,2018,4,12
2018-12-24,长沙市,C001,13,46787,HE冰箱,HE,冰箱,1800,3599,C,C企业,430100,2018,4,12
2018-12-24,深圳市,A003,10,46690,GL洗衣机,GL,洗衣机,3200,4669,A,A企业,440300,2018,4,12
2018-12-24,长沙市,B001,1,4199,MD冰箱,MD,冰箱,2500,4199,B,B企业,430100,2018,4,12
2018-12-24,重庆市,B002,10,35990,MD电视,MD,电视,2000,4299,B,B企业,500000,2018,4,12
2018-12-24,厦门市,B002,4,14396,MD电视,MD,电视,2000,4299,B,B企业,350200,2018,4,12
2018-12-24,成都市,B002,16,57584,MD电视,MD,电视,2000,4299,B,B企业,510100,2018,4,12
2018-12-24,上海市,A003,1,4669,GL洗衣机,GL,洗衣机,3200,4669,A,A企业,310000,2018,4,12
2018-12-24,长沙市,B002,7,25193,MD电视,MD,电视,2000,4299,B,B企业,430100,2018,4,12
2018-12-24,上海市,B003,10,56990,MD洗衣机,MD,洗衣机,3100,5699,B,B企业,310000,2018,4,12
2018-12-24,金华市,B003,7,39893,MD洗衣机,MD,洗衣机,3100,5699,B,B企业,330700,2018,4,12
2018-12-25,成都市,B001,13,54587,MD冰箱,MD,冰箱,2500,4199,B,B企业,510100,2018,4,12
2018-12-25,金华市,C001,22,79178,HE冰箱,HE,冰箱,1800,3599,C,C企业,330700,2018,4,12
2018-12-25,金华市,B001,13,54587,MD冰箱,MD,冰箱,2500,4199,B,B企业,330700,2018,4,12
2018-12-25,厦门市,C002,1,4199,HE电视,HE,电视,2200,4199,C,C企业,350200,2018,4,12
2018-12-25,长沙市,B002,4,14396,MD电视,MD,电视,2000,4299,B,B企业,430100,2018,4,12
2018-12-25,厦门市,B002,1,3599,MD电视,MD,电视,2000,4299,B,B企业,350200,2018,4,12
2018-12-25,长沙市,A003,10,46690,GL洗衣机,GL,洗衣机,3200,4669,A,A企业,430100,2018,4,12
2018-12-25,上海市,B002,16,57584,MD电视,MD,电视,2000,4299,B,B企业,310000,2018,4,12
2018-12-25,厦门市,A003,10,46690,GL洗衣机,GL,洗衣机,3200,4669,A,A企业,350200,2018,4,12
2018-12-25,深圳市,C001,13,46787,HE冰箱,HE,冰箱,1800,3599,C,C企业,440300,2018,4,12
2018-12-25,厦门市,C003,7,32683,HE洗衣机,HE,洗衣机,2600,4699,C,C企业,350200,2018,4,12
2018-12-25,厦门市,A001,10,46690,GL冰箱,GL,冰箱,2200,4669,A,A企业,350200,2018,4,12
2018-12-25,重庆市,C003,4,18676,HE洗衣机,HE,洗衣机,2600,4699,C,C企业,500000,2018,4,12
2018-12-25,厦门市,C001,1,3599,HE冰箱,HE,冰箱,1800,3599,C,C企业,350200,2018,4,12
2018-12-25,金华市,A001,4,18676,GL冰箱,GL,冰箱,2200,4669,A,A企业,330700,2018,4,12
2018-12-25,长沙市,B003,10,56990,MD洗衣机,MD,洗衣机,3100,5699,B,B企业,430100,2018,4,12
2018-12-25,厦门市,B003,10,56990,MD洗衣机,MD,洗衣机,3100,5699,B,B企业,350200,2018,4,12
2018-12-25,深圳市,B001,16,67184,MD冰箱,MD,冰箱,2500,4199,B,B企业,440300,2018,4,12
2018-12-25,重庆市,A001,4,18676,GL冰箱,GL,冰箱,2200,4669,A,A企业,500000,2018,4,12
2018-12-25,成都市,A001,13,60697,GL冰箱,GL,冰箱,2200,4669,A,A企业,510100,2018,4,12
2018-12-25,长沙市,A001,16,74704,GL冰箱,GL,冰箱,2200,4669,A,A企业,430100,2018,4,12
2018-12-25,厦门市,B001,10,41990,MD冰箱,MD,冰箱,2500,4199,B,B企业,350200,2018,4,12
2018-12-25,重庆市,B001,22,92378,MD冰箱,MD,冰箱,2500,4199,B,B企业,500000,2018,4,12
2018-12-25,上海市,C001,7,25193,HE冰箱,HE,冰箱,1800,3599,C,C企业,310000,2018,4,12
2018-12-25,深圳市,C003,13,60697,HE洗衣机,HE,洗衣机,2600,4699,C,C企业,440300,2018,4,12
2018-12-25,成都市,C002,13,54587,HE电视,HE,电视,2200,4199,C,C企业,510100,2018,4,12
2018-12-25,金华市,C003,13,60697,HE洗衣机,HE,洗衣机,2600,4699,C,C企业,330700,2018,4,12
2018-12-25,成都市,A003,13,60697,GL洗衣机,GL,洗衣机,3200,4669,A,A企业,510100,2018,4,12
2018-12-26,重庆市,B001,10,41990,MD冰箱,MD,冰箱,2500,4199,B,B企业,500000,2018,4,12
2018-12-26,厦门市,B001,13,54587,MD冰箱,MD,冰箱,2500,4199,B,B企业,350200,2018,4,12
2018-12-26,金华市,B001,13,54587,MD冰箱,MD,冰箱,2500,4199,B,B企业,330700,2018,4,12
2018-12-26,金华市,A001,7,32683,GL冰箱,GL,冰箱,2200,4669,A,A企业,330700,2018,4,12
2018-12-26,厦门市,C001,10,35990,HE冰箱,HE,冰箱,1800,3599,C,C企业,350200,2018,4,12
2018-12-26,金华市,C001,7,25193,HE冰箱,HE,冰箱,1800,3599,C,C企业,330700,2018,4,12
2018-12-26,重庆市,A003,1,4669,GL洗衣机,GL,洗衣机,3200,4669,A,A企业,500000,2018,4,12
2018-12-26,厦门市,B002,4,14396,MD电视,MD,电视,2000,4299,B,B企业,350200,2018,4,12
2018-12-26,金华市,C003,4,18676,HE洗衣机,HE,洗衣机,2600,4699,C,C企业,330700,2018,4,12
2018-12-26,金华市,B002,4,14396,MD电视,MD,电视,2000,4299,B,B企业,330700,2018,4,12
2018-12-26,成都市,B001,4,16796,MD冰箱,MD,冰箱,2500,4199,B,B企业,510100,2018,4,12
2018-12-26,厦门市,A001,10,46690,GL冰箱,GL,冰箱,2200,4669,A,A企业,350200,2018,4,12
2018-12-26,长沙市,A003,13,60697,GL洗衣机,GL,洗衣机,3200,4669,A,A企业,430100,2018,4,12
2018-12-26,长沙市,A001,22,102718,GL冰箱,GL,冰箱,2200,4669,A,A企业,430100,2018,4,12
2018-12-26,金华市,A003,13,60697,GL洗衣机,GL,洗衣机,3200,4669,A,A企业,330700,2018,4,12
2018-12-26,厦门市,C002,1,4199,HE电视,HE,电视,2200,4199,C,C企业,350200,2018,4,12
2018-12-26,上海市,B001,13,54587,MD冰箱,MD,冰箱,2500,4199,B,B企业,310000,2018,4,12
2018-12-26,深圳市,B001,10,41990,MD冰箱,MD,冰箱,2500,4199,B,B企业,440300,2018,4,12
2018-12-26,成都市,A001,10,46690,GL冰箱,GL,冰箱,2200,4669,A,A企业,510100,2018,4,12
2018-12-26,上海市,C002,7,29393,HE电视,HE,电视,2200,4199,C,C企业,310000,2018,4,12
2018-12-26,成都市,C002,10,41990,HE电视,HE,电视,2200,4199,C,C企业,510100,2018,4,12
2018-12-26,重庆市,C002,1,4199,HE电视,HE,电视,2200,4199,C,C企业,500000,2018,4,12
2018-12-27,金华市,B001,10,41990,MD冰箱,MD,冰箱,2500,4199,B,B企业,330700,2018,4,12
2018-12-27,重庆市,B001,13,54587,MD冰箱,MD,冰箱,2500,4199,B,B企业,500000,2018,4,12
2018-12-27,长沙市,C001,13,46787,HE冰箱,HE,冰箱,1800,3599,C,C企业,430100,2018,4,12
2018-12-27,成都市,B003,10,56990,MD洗衣机,MD,洗衣机,3100,5699,B,B企业,510100,2018,4,12
2018-12-27,金华市,C001,7,25193,HE冰箱,HE,冰箱,1800,3599,C,C企业,330700,2018,4,12
2018-12-27,深圳市,A003,10,46690,GL洗衣机,GL,洗衣机,3200,4669,A,A企业,440300,2018,4,12
2018-12-27,长沙市,B001,1,4199,MD冰箱,MD,冰箱,2500,4199,B,B企业,430100,2018,4,12
2018-12-27,厦门市,A003,10,46690,GL洗衣机,GL,洗衣机,3200,4669,A,A企业,350200,2018,4,12
2018-12-27,重庆市,B002,10,35990,MD电视,MD,电视,2000,4299,B,B企业,500000,2018,4,12
2018-12-27,厦门市,B001,16,67184,MD冰箱,MD,冰箱,2500,4199,B,B企业,350200,2018,4,12
2018-12-27,厦门市,A001,10,46690,GL冰箱,GL,冰箱,2200,4669,A,A企业,350200,2018,4,12
2018-12-27,金华市,A003,16,74704,GL洗衣机,GL,洗衣机,3200,4669,A,A企业,330700,2018,4,12
2018-12-27,厦门市,B002,4,14396,MD电视,MD,电视,2000,4299,B,B企业,350200,2018,4,12
2018-12-27,成都市,B002,16,57584,MD电视,MD,电视,2000,4299,B,B企业,510100,2018,4,12
2018-12-27,上海市,A003,1,4669,GL洗衣机,GL,洗衣机,3200,4669,A,A企业,310000,2018,4,12
2018-12-27,长沙市,B002,7,25193,MD电视,MD,电视,2000,4299,B,B企业,430100,2018,4,12
2018-12-27,上海市,B003,10,56990,MD洗衣机,MD,洗衣机,3100,5699,B,B企业,310000,2018,4,12
2018-12-27,长沙市,A003,7,32683,GL洗衣机,GL,洗衣机,3200,4669,A,A企业,430100,2018,4,12
2018-12-27,金华市,B003,7,39893,MD洗衣机,MD,洗衣机,3100,5699,B,B企业,330700,2018,4,12
2018-12-27,重庆市,C001,10,35990,HE冰箱,HE,冰箱,1800,3599,C,C企业,500000,2018,4,12
2018-12-27,重庆市,C003,16,74704,HE洗衣机,HE,洗衣机,2600,4699,C,C企业,500000,2018,4,12
2018-12-27,深圳市,C001,10,35990,HE冰箱,HE,冰箱,1800,3599,C,C企业,440300,2018,4,12
2018-12-27,深圳市,A001,1,4669,GL冰箱,GL,冰箱,2200,4669,A,A企业,440300,2018,4,12
2018-12-27,深圳市,B002,16,57584,MD电视,MD,电视,2000,4299,B,B企业,440300,2018,4,12
2018-12-27,金华市,C002,16,67184,HE电视,HE,电视,2200,4199,C,C企业,330700,2018,4,12
2018-12-27,深圳市,C003,1,4669,HE洗衣机,HE,洗衣机,2600,4699,C,C企业,440300,2018,4,12
2018-12-27,上海市,C001,7,25193,HE冰箱,HE,冰箱,1800,3599,C,C企业,310000,2018,4,12
2018-12-28,长沙市,B003,10,56990,MD洗衣机,MD,洗衣机,3100,5699,B,B企业,430100,2018,4,12
2018-12-28,厦门市,B003,10,56990,MD洗衣机,MD,洗衣机,3100,5699,B,B企业,350200,2018,4,12
2018-12-28,深圳市,B001,16,67184,MD冰箱,MD,冰箱,2500,4199,B,B企业,440300,2018,4,12
2018-12-28,厦门市,A003,4,18676,GL洗衣机,GL,洗衣机,3200,4669,A,A企业,350200,2018,4,12
2018-12-28,重庆市,A001,4,18676,GL冰箱,GL,冰箱,2200,4669,A,A企业,500000,2018,4,12
2018-12-28,金华市,B001,10,41990,MD冰箱,MD,冰箱,2500,4199,B,B企业,330700,2018,4,12
2018-12-28,厦门市,C001,7,25193,HE冰箱,HE,冰箱,1800,3599,C,C企业,350200,2018,4,12
2018-12-28,成都市,A001,13,60697,GL冰箱,GL,冰箱,2200,4669,A,A企业,510100,2018,4,12
2018-12-28,长沙市,A001,16,74704,GL冰箱,GL,冰箱,2200,4669,A,A企业,430100,2018,4,12
2018-12-28,金华市,A001,13,60697,GL冰箱,GL,冰箱,2200,4669,A,A企业,330700,2018,4,12
2018-12-28,厦门市,A001,10,46690,GL冰箱,GL,冰箱,2200,4669,A,A企业,350200,2018,4,12
2018-12-28,厦门市,B001,10,41990,MD冰箱,MD,冰箱,2500,4199,B,B企业,350200,2018,4,12
2018-12-28,重庆市,B001,22,92378,MD冰箱,MD,冰箱,2500,4199,B,B企业,500000,2018,4,12
2018-12-28,上海市,C001,7,25193,HE冰箱,HE,冰箱,1800,3599,C,C企业,310000,2018,4,12
2018-12-28,长沙市,A003,7,32683,GL洗衣机,GL,洗衣机,3200,4669,A,A企业,430100,2018,4,12
2018-12-28,深圳市,C003,13,60697,HE洗衣机,HE,洗衣机,2600,4699,C,C企业,440300,2018,4,12
2018-12-28,成都市,C002,13,54587,HE电视,HE,电视,2200,4199,C,C企业,510100,2018,4,12
2018-12-28,金华市,C003,13,60697,HE洗衣机,HE,洗衣机,2600,4699,C,C企业,330700,2018,4,12
2018-12-28,成都市,A003,13,60697,GL洗衣机,GL,洗衣机,3200,4669,A,A企业,510100,2018,4,12
2018-12-28,金华市,C002,13,54587,HE电视,HE,电视,2200,4199,C,C企业,330700,2018,4,12
2018-12-28,深圳市,C001,7,25193,HE冰箱,HE,冰箱,1800,3599,C,C企业,440300,2018,4,12
2018-12-28,金华市,C001,7,25193,HE冰箱,HE,冰箱,1800,3599,C,C企业,330700,2018,4,12
2018-12-28,金华市,B003,10,56990,MD洗衣机,MD,洗衣机,3100,5699,B,B企业,330700,2018,4,12
2018-12-29,厦门市,A001,10,46690,GL冰箱,GL,冰箱,2200,4669,A,A企业,350200,2018,4,12
2018-12-29,长沙市,A003,13,60697,GL洗衣机,GL,洗衣机,3200,4669,A,A企业,430100,2018,4,12
2018-12-29,长沙市,A001,22,102718,GL冰箱,GL,冰箱,2200,4669,A,A企业,430100,2018,4,12
2018-12-29,金华市,A003,13,60697,GL洗衣机,GL,洗衣机,3200,4669,A,A企业,330700,2018,4,12
2018-12-29,厦门市,C002,1,4199,HE电视,HE,电视,2200,4199,C,C企业,350200,2018,4,12
2018-12-29,厦门市,B001,1,4199,MD冰箱,MD,冰箱,2500,4199,B,B企业,350200,2018,4,12
2018-12-29,上海市,B001,13,54587,MD冰箱,MD,冰箱,2500,4199,B,B企业,310000,2018,4,12
2018-12-29,深圳市,B001,10,41990,MD冰箱,MD,冰箱,2500,4199,B,B企业,440300,2018,4,12
2018-12-29,成都市,A001,10,46690,GL冰箱,GL,冰箱,2200,4669,A,A企业,510100,2018,4,12
2018-12-29,上海市,C002,7,29393,HE电视,HE,电视,2200,4199,C,C企业,310000,2018,4,12
2018-12-29,成都市,C002,10,41990,HE电视,HE,电视,2200,4199,C,C企业,510100,2018,4,12
2018-12-29,厦门市,C001,13,46787,HE冰箱,HE,冰箱,1800,3599,C,C企业,350200,2018,4,12
2018-12-29,重庆市,C002,1,4199,HE电视,HE,电视,2200,4199,C,C企业,500000,2018,4,12
2018-12-30,重庆市,C001,10,35990,HE冰箱,HE,冰箱,1800,3599,C,C企业,500000,2018,4,12
2018-12-30,厦门市,B001,16,67184,MD冰箱,MD,冰箱,2500,4199,B,B企业,350200,2018,4,12
2018-12-30,重庆市,C003,16,74704,HE洗衣机,HE,洗衣机,2600,4699,C,C企业,500000,2018,4,12
2018-12-30,厦门市,A003,16,74704,GL洗衣机,GL,洗衣机,3200,4669,A,A企业,350200,2018,4,12
2018-12-30,厦门市,B002,10,35990,MD电视,MD,电视,2000,4299,B,B企业,350200,2018,4,12
2018-12-30,长沙市,A003,10,46690,GL洗衣机,GL,洗衣机,3200,4669,A,A企业,430100,2018,4,12
2018-12-30,深圳市,C001,10,35990,HE冰箱,HE,冰箱,1800,3599,C,C企业,440300,2018,4,12
2018-12-30,深圳市,A001,1,4669,GL冰箱,GL,冰箱,2200,4669,A,A企业,440300,2018,4,12
2018-12-30,深圳市,B002,16,57584,MD电视,MD,电视,2000,4299,B,B企业,440300,2018,4,12
2018-12-30,重庆市,B002,7,25193,MD电视,MD,电视,2000,4299,B,B企业,500000,2018,4,12
2018-12-30,厦门市,A001,13,60697,GL冰箱,GL,冰箱,2200,4669,A,A企业,350200,2018,4,12
2018-12-30,金华市,C002,16,67184,HE电视,HE,电视,2200,4199,C,C企业,330700,2018,4,12
2018-12-30,深圳市,C003,1,4669,HE洗衣机,HE,洗衣机,2600,4699,C,C企业,440300,2018,4,12
2018-12-30,长沙市,B001,16,67184,MD冰箱,MD,冰箱,2500,4199,B,B企业,430100,2018,4,12
2018-12-30,上海市,C001,7,25193,HE冰箱,HE,冰箱,1800,3599,C,C企业,310000,2018,4,12
2018-12-31,金华市,B001,19,79781,MD冰箱,MD,冰箱,2500,4199,B,B企业,330700,2018,4,12
2018-12-31,金华市,C002,13,54587,HE电视,HE,电视,2200,4199,C,C企业,330700,2018,4,12
2018-12-31,深圳市,C001,7,25193,HE冰箱,HE,冰箱,1800,3599,C,C企业,440300,2018,4,12
2018-12-31,金华市,C001,7,25193,HE冰箱,HE,冰箱,1800,3599,C,C企业,330700,2018,4,12
2018-12-31,上海市,C001,13,46787,HE冰箱,HE,冰箱,1800,3599,C,C企业,310000,2018,4,12
2018-12-31,金华市,B003,10,56990,MD洗衣机,MD,洗衣机,3100,5699,B,B企业,330700,2018,4,12
2019-01-01,上海市,B003,7,39893,MD洗衣机,MD,洗衣机,3100,5699,B,B企业,310000,2019,1,1
2019-01-01,重庆市,A003,7,32683,GL洗衣机,GL,洗衣机,3200,4669,A,A企业,500000,2019,1,1
2019-01-01,厦门市,A001,9,42021,GL冰箱,GL,冰箱,2200,4669,A,A企业,350200,2019,1,1
2019-01-01,金华市,B001,5,20995,MD冰箱,MD,冰箱,2500,4199,B,B企业,330700,2019,1,1
2019-01-01,金华市,B003,5,28495,MD洗衣机,MD,洗衣机,3100,5699,B,B企业,330700,2019,1,1
2019-01-01,金华市,A003,5,23345,GL洗衣机,GL,洗衣机,3200,4669,A,A企业,330700,2019,1,1
2019-01-01,厦门市,B003,6,34194,MD洗衣机,MD,洗衣机,3100,5699,B,B企业,350200,2019,1,1
2019-01-01,厦门市,B001,6,25194,MD冰箱,MD,冰箱,2500,4199,B,B企业,350200,2019,1,1
2019-01-01,金华市,A001,3,14007,GL冰箱,GL,冰箱,2200,4669,A,A企业,330700,2019,1,1
2019-01-01,金华市,C001,2,7198,HE冰箱,HE,冰箱,1800,3599,C,C企业,330700,2019,1,1
2019-01-01,深圳市,C002,5,20995,HE电视,HE,电视,2200,4199,C,C企业,440300,2019,1,1
2019-01-01,厦门市,A003,6,28014,GL洗衣机,GL,洗衣机,3200,4669,A,A企业,350200,2019,1,1
2019-01-02,厦门市,A003,5,23345,GL洗衣机,GL,洗衣机,3200,4669,A,A企业,350200,2019,1,1
2019-01-02,金华市,A001,2,9338,GL冰箱,GL,冰箱,2200,4669,A,A企业,330700,2019,1,1
2019-01-02,厦门市,C001,7,25193,HE冰箱,HE,冰箱,1800,3599,C,C企业,350200,2019,1,1
2019-01-02,金华市,B001,5,20995,MD冰箱,MD,冰箱,2500,4199,B,B企业,330700,2019,1,1
2019-01-02,金华市,A003,7,32683,GL洗衣机,GL,洗衣机,3200,4669,A,A企业,330700,2019,1,1
2019-01-02,厦门市,B001,4,16796,MD冰箱,MD,冰箱,2500,4199,B,B企业,350200,2019,1,1
2019-01-02,成都市,C003,5,23345,HE洗衣机,HE,洗衣机,2600,4699,C,C企业,510100,2019,1,1
2019-01-02,成都市,C002,6,25194,HE电视,HE,电视,2200,4199,C,C企业,510100,2019,1,1
2019-01-02,金华市,C003,3,14007,HE洗衣机,HE,洗衣机,2600,4699,C,C企业,330700,2019,1,1
2019-01-02,厦门市,C002,5,20995,HE电视,HE,电视,2200,4199,C,C企业,350200,2019,1,1
2019-01-03,厦门市,B001,5,20995,MD冰箱,MD,冰箱,2500,4199,B,B企业,350200,2019,1,1
2019-01-03,深圳市,A003,8,37352,GL洗衣机,GL,洗衣机,3200,4669,A,A企业,440300,2019,1,1
2019-01-03,成都市,B002,5,17995,MD电视,MD,电视,2000,4299,B,B企业,510100,2019,1,1
2019-01-03,重庆市,B001,6,25194,MD冰箱,MD,冰箱,2500,4199,B,B企业,500000,2019,1,1
2019-01-03,金华市,B001,4,16796,MD冰箱,MD,冰箱,2500,4199,B,B企业,330700,2019,1,1
2019-01-03,深圳市,B002,3,10797,MD电视,MD,电视,2000,4299,B,B企业,440300,2019,1,1
2019-01-03,金华市,A001,3,14007,GL冰箱,GL,冰箱,2200,4669,A,A企业,330700,2019,1,1
2019-01-03,金华市,C003,4,18676,HE洗衣机,HE,洗衣机,2600,4699,C,C企业,330700,2019,1,1
2019-01-03,深圳市,C003,2,9338,HE洗衣机,HE,洗衣机,2600,4699,C,C企业,440300,2019,1,1
2019-01-03,厦门市,A001,5,23345,GL冰箱,GL,冰箱,2200,4669,A,A企业,350200,2019,1,1
2019-01-03,长沙市,B001,8,33592,MD冰箱,MD,冰箱,2500,4199,B,B企业,430100,2019,1,1
2019-01-03,上海市,C003,4,18676,HE洗衣机,HE,洗衣机,2600,4699,C,C企业,310000,2019,1,1
2019-01-03,深圳市,B001,3,12597,MD冰箱,MD,冰箱,2500,4199,B,B企业,440300,2019,1,1
2019-01-03,长沙市,B002,8,28792,MD电视,MD,电视,2000,4299,B,B企业,430100,2019,1,1
2019-01-03,重庆市,C003,5,23345,HE洗衣机,HE,洗衣机,2600,4699,C,C企业,500000,2019,1,1
2019-01-03,长沙市,A003,4,18676,GL洗衣机,GL,洗衣机,3200,4669,A,A企业,430100,2019,1,1
2019-01-03,长沙市,A001,5,23345,GL冰箱,GL,冰箱,2200,4669,A,A企业,430100,2019,1,1
2019-01-04,厦门市,B001,6,25194,MD冰箱,MD,冰箱,2500,4199,B,B企业,350200,2019,1,1
2019-01-04,上海市,C001,5,17995,HE冰箱,HE,冰箱,1800,3599,C,C企业,310000,2019,1,1
2019-01-04,厦门市,C003,4,18676,HE洗衣机,HE,洗衣机,2600,4699,C,C企业,350200,2019,1,1
2019-01-04,上海市,B001,7,29393,MD冰箱,MD,冰箱,2500,4199,B,B企业,310000,2019,1,1
2019-01-04,长沙市,B001,6,25194,MD冰箱,MD,冰箱,2500,4199,B,B企业,430100,2019,1,1
2019-01-04,金华市,A003,6,28014,GL洗衣机,GL,洗衣机,3200,4669,A,A企业,330700,2019,1,1
2019-01-04,厦门市,A003,3,14007,GL洗衣机,GL,洗衣机,3200,4669,A,A企业,350200,2019,1,1
2019-01-04,上海市,B002,5,17995,MD电视,MD,电视,2000,4299,B,B企业,310000,2019,1,1
2019-01-04,深圳市,C001,4,14396,HE冰箱,HE,冰箱,1800,3599,C,C企业,440300,2019,1,1
2019-01-04,金华市,C003,2,9338,HE洗衣机,HE,洗衣机,2600,4699,C,C企业,330700,2019,1,1
2019-01-04,成都市,A001,4,18676,GL冰箱,GL,冰箱,2200,4669,A,A企业,510100,2019,1,1
2019-01-04,重庆市,B001,6,25194,MD冰箱,MD,冰箱,2500,4199,B,B企业,500000,2019,1,1
2019-01-04,厦门市,C001,4,14396,HE冰箱,HE,冰箱,1800,3599,C,C企业,350200,2019,1,1
2019-01-04,成都市,B001,5,20995,MD冰箱,MD,冰箱,2500,4199,B,B企业,510100,2019,1,1
2019-01-04,深圳市,C003,3,14007,HE洗衣机,HE,洗衣机,2600,4699,C,C企业,440300,2019,1,1
2019-01-04,重庆市,C003,5,23345,HE洗衣机,HE,洗衣机,2600,4699,C,C企业,500000,2019,1,1
2019-01-04,金华市,C001,6,21594,HE冰箱,HE,冰箱,1800,3599,C,C企业,330700,2019,1,1
2019-01-04,成都市,B003,6,34194,MD洗衣机,MD,洗衣机,3100,5699,B,B企业,510100,2019,1,1
2019-01-04,深圳市,B001,7,29393,MD冰箱,MD,冰箱,2500,4199,B,B企业,440300,2019,1,1
2019-01-04,厦门市,B002,2,7198,MD电视,MD,电视,2000,4299,B,B企业,350200,2019,1,1
2019-01-04,长沙市,A001,3,14007,GL冰箱,GL,冰箱,2200,4669,A,A企业,430100,2019,1,1
2019-01-04,厦门市,B003,5,28495,MD洗衣机,MD,洗衣机,3100,5699,B,B企业,350200,2019,1,1
2019-01-05,重庆市,B003,6,34194,MD洗衣机,MD,洗衣机,3100,5699,B,B企业,500000,2019,1,1
2019-01-05,金华市,B003,8,45592,MD洗衣机,MD,洗衣机,3100,5699,B,B企业,330700,2019,1,1
2019-01-05,长沙市,A001,4,18676,GL冰箱,GL,冰箱,2200,4669,A,A企业,430100,2019,1,1
2019-01-05,金华市,A003,7,32683,GL洗衣机,GL,洗衣机,3200,4669,A,A企业,330700,2019,1,1
2019-01-05,上海市,A001,2,9338,GL冰箱,GL,冰箱,2200,4669,A,A企业,310000,2019,1,1
2019-01-05,成都市,B003,8,45592,MD洗衣机,MD,洗衣机,3100,5699,B,B企业,510100,2019,1,1
2019-01-05,深圳市,A003,4,18676,GL洗衣机,GL,洗衣机,3200,4669,A,A企业,440300,2019,1,1
2019-01-05,长沙市,C003,3,14007,HE洗衣机,HE,洗衣机,2600,4699,C,C企业,430100,2019,1,1
2019-01-05,金华市,B002,4,14396,MD电视,MD,电视,2000,4299,B,B企业,330700,2019,1,1
2019-01-05,成都市,B002,3,10797,MD电视,MD,电视,2000,4299,B,B企业,510100,2019,1,1
2019-01-05,长沙市,B002,2,7198,MD电视,MD,电视,2000,4299,B,B企业,430100,2019,1,1
2019-01-05,金华市,B001,5,20995,MD冰箱,MD,冰箱,2500,4199,B,B企业,330700,2019,1,1
2019-01-05,成都市,C001,5,17995,HE冰箱,HE,冰箱,1800,3599,C,C企业,510100,2019,1,1
2019-01-05,成都市,A001,2,9338,GL冰箱,GL,冰箱,2200,4669,A,A企业,510100,2019,1,1
2019-01-06,重庆市,B003,2,11398,MD洗衣机,MD,洗衣机,3100,5699,B,B企业,500000,2019,1,1
2019-01-06,厦门市,A003,8,37352,GL洗衣机,GL,洗衣机,3200,4669,A,A企业,350200,2019,1,1
2019-01-06,长沙市,B001,4,16796,MD冰箱,MD,冰箱,2500,4199,B,B企业,430100,2019,1,1
2019-01-06,金华市,B002,5,17995,MD电视,MD,电视,2000,4299,B,B企业,330700,2019,1,1
2019-01-06,厦门市,C003,3,14007,HE洗衣机,HE,洗衣机,2600,4699,C,C企业,350200,2019,1,1
2019-01-06,成都市,B001,4,16796,MD冰箱,MD,冰箱,2500,4199,B,B企业,510100,2019,1,1
2019-01-06,金华市,A003,6,28014,GL洗衣机,GL,洗衣机,3200,4669,A,A企业,330700,2019,1,1
2019-01-06,上海市,B001,3,12597,MD冰箱,MD,冰箱,2500,4199,B,B企业,310000,2019,1,1
2019-01-06,成都市,B002,5,17995,MD电视,MD,电视,2000,4299,B,B企业,510100,2019,1,1
2019-01-06,厦门市,B002,3,10797,MD电视,MD,电视,2000,4299,B,B企业,350200,2019,1,1
2019-01-06,重庆市,B001,3,12597,MD冰箱,MD,冰箱,2500,4199,B,B企业,500000,2019,1,1
2019-01-06,金华市,B001,4,16796,MD冰箱,MD,冰箱,2500,4199,B,B企业,330700,2019,1,1
2019-01-06,上海市,B002,5,17995,MD电视,MD,电视,2000,4299,B,B企业,310000,2019,1,1
2019-01-06,深圳市,C003,3,14007,HE洗衣机,HE,洗衣机,2600,4699,C,C企业,440300,2019,1,1
2019-01-06,金华市,A001,4,18676,GL冰箱,GL,冰箱,2200,4669,A,A企业,330700,2019,1,1
2019-01-06,深圳市,A003,4,18676,GL洗衣机,GL,洗衣机,3200,4669,A,A企业,440300,2019,1,1
2019-01-06,厦门市,B001,2,8398,MD冰箱,MD,冰箱,2500,4199,B,B企业,350200,2019,1,1
2019-01-07,上海市,B001,5,20995,MD冰箱,MD,冰箱,2500,4199,B,B企业,310000,2019,1,1
2019-01-07,成都市,B002,9,32391,MD电视,MD,电视,2000,4299,B,B企业,510100,2019,1,1
2019-01-07,厦门市,C001,5,17995,HE冰箱,HE,冰箱,1800,3599,C,C企业,350200,2019,1,1
2019-01-07,厦门市,B001,5,20995,MD冰箱,MD,冰箱,2500,4199,B,B企业,350200,2019,1,1
2019-01-07,金华市,A001,3,14007,GL冰箱,GL,冰箱,2200,4669,A,A企业,330700,2019,1,1
2019-01-07,金华市,C001,6,21594,HE冰箱,HE,冰箱,1800,3599,C,C企业,330700,2019,1,1
2019-01-07,金华市,C003,6,28014,HE洗衣机,HE,洗衣机,2600,4699,C,C企业,330700,2019,1,1
2019-01-07,金华市,A003,6,28014,GL洗衣机,GL,洗衣机,3200,4669,A,A企业,330700,2019,1,1
2019-01-07,重庆市,A003,4,18676,GL洗衣机,GL,洗衣机,3200,4669,A,A企业,500000,2019,1,1
2019-01-07,厦门市,B002,6,21594,MD电视,MD,电视,2000,4299,B,B企业,350200,2019,1,1
2019-01-07,成都市,B001,5,20995,MD冰箱,MD,冰箱,2500,4199,B,B企业,510100,2019,1,1
2019-01-07,金华市,B002,7,25193,MD电视,MD,电视,2000,4299,B,B企业,330700,2019,1,1
2019-01-07,上海市,A001,4,18676,GL冰箱,GL,冰箱,2200,4669,A,A企业,310000,2019,1,1
2019-01-08,金华市,A003,2,9338,GL洗衣机,GL,洗衣机,3200,4669,A,A企业,330700,2019,1,1
2019-01-08,成都市,C001,2,7198,HE冰箱,HE,冰箱,1800,3599,C,C企业,510100,2019,1,1
2019-01-08,金华市,C003,9,42021,HE洗衣机,HE,洗衣机,2600,4699,C,C企业,330700,2019,1,1
2019-01-08,厦门市,A001,6,28014,GL冰箱,GL,冰箱,2200,4669,A,A企业,350200,2019,1,1
2019-01-08,金华市,B002,5,17995,MD电视,MD,电视,2000,4299,B,B企业,330700,2019,1,1
2019-01-08,重庆市,A003,8,37352,GL洗衣机,GL,洗衣机,3200,4669,A,A企业,500000,2019,1,1
2019-01-08,重庆市,A001,5,23345,GL冰箱,GL,冰箱,2200,4669,A,A企业,500000,2019,1,1
2019-01-08,金华市,C002,5,20995,HE电视,HE,电视,2200,4199,C,C企业,330700,2019,1,1
2019-01-08,厦门市,C001,6,21594,HE冰箱,HE,冰箱,1800,3599,C,C企业,350200,2019,1,1
2019-01-08,金华市,B001,3,12597,MD冰箱,MD,冰箱,2500,4199,B,B企业,330700,2019,1,1
2019-01-08,成都市,C002,6,25194,HE电视,HE,电视,2200,4199,C,C企业,510100,2019,1,1
2019-01-09,金华市,B001,3,12597,MD冰箱,MD,冰箱,2500,4199,B,B企业,330700,2019,1,1
2019-01-09,金华市,A003,3,14007,GL洗衣机,GL,洗衣机,3200,4669,A,A企业,330700,2019,1,1
2019-01-09,长沙市,C001,8,28792,HE冰箱,HE,冰箱,1800,3599,C,C企业,430100,2019,1,1
2019-01-09,成都市,C001,5,17995,HE冰箱,HE,冰箱,1800,3599,C,C企业,510100,2019,1,1
2019-01-09,成都市,B001,4,16796,MD冰箱,MD,冰箱,2500,4199,B,B企业,510100,2019,1,1
2019-01-09,厦门市,C002,3,12597,HE电视,HE,电视,2200,4199,C,C企业,350200,2019,1,1
2019-01-09,深圳市,C002,4,16796,HE电视,HE,电视,2200,4199,C,C企业,440300,2019,1,1
2019-01-09,成都市,A001,5,23345,GL冰箱,GL,冰箱,2200,4669,A,A企业,510100,2019,1,1
2019-01-09,长沙市,A001,7,32683,GL冰箱,GL,冰箱,2200,4669,A,A企业,430100,2019,1,1
2019-01-09,长沙市,C002,6,25194,HE电视,HE,电视,2200,4199,C,C企业,430100,2019,1,1
2019-01-09,厦门市,B001,6,25194,MD冰箱,MD,冰箱,2500,4199,B,B企业,350200,2019,1,1
2019-01-09,厦门市,A003,6,28014,GL洗衣机,GL,洗衣机,3200,4669,A,A企业,350200,2019,1,1
2019-01-09,成都市,A003,5,23345,GL洗衣机,GL,洗衣机,3200,4669,A,A企业,510100,2019,1,1
2019-01-09,重庆市,A001,5,23345,GL冰箱,GL,冰箱,2200,4669,A,A企业,500000,2019,1,1
2019-01-09,金华市,C001,6,21594,HE冰箱,HE,冰箱,1800,3599,C,C企业,330700,2019,1,1
2019-01-09,金华市,C002,6,25194,HE电视,HE,电视,2200,4199,C,C企业,330700,2019,1,1
2019-01-10,金华市,C003,8,37352,HE洗衣机,HE,洗衣机,2600,4699,C,C企业,330700,2019,1,1
2019-01-10,重庆市,A001,4,18676,GL冰箱,GL,冰箱,2200,4669,A,A企业,500000,2019,1,1
2019-01-10,长沙市,B001,2,8398,MD冰箱,MD,冰箱,2500,4199,B,B企业,430100,2019,1,1
2019-01-10,厦门市,A003,5,23345,GL洗衣机,GL,洗衣机,3200,4669,A,A企业,350200,2019,1,1
2019-01-10,金华市,A001,2,9338,GL冰箱,GL,冰箱,2200,4669,A,A企业,330700,2019,1,1
2019-01-10,成都市,C001,4,14396,HE冰箱,HE,冰箱,1800,3599,C,C企业,510100,2019,1,1
2019-01-10,深圳市,A001,6,28014,GL冰箱,GL,冰箱,2200,4669,A,A企业,440300,2019,1,1
2019-01-10,金华市,C001,5,17995,HE冰箱,HE,冰箱,1800,3599,C,C企业,330700,2019,1,1
2019-01-10,成都市,A001,4,18676,GL冰箱,GL,冰箱,2200,4669,A,A企业,510100,2019,1,1
2019-01-10,厦门市,A001,6,28014,GL冰箱,GL,冰箱,2200,4669,A,A企业,350200,2019,1,1
2019-01-10,长沙市,A003,6,28014,GL洗衣机,GL,洗衣机,3200,4669,A,A企业,430100,2019,1,1
2019-01-10,长沙市,A001,4,18676,GL冰箱,GL,冰箱,2200,4669,A,A企业,430100,2019,1,1
2019-01-10,重庆市,C002,3,12597,HE电视,HE,电视,2200,4199,C,C企业,500000,2019,1,1
2019-01-10,长沙市,C001,4,14396,HE冰箱,HE,冰箱,1800,3599,C,C企业,430100,2019,1,1
2019-01-10,成都市,B001,3,12597,MD冰箱,MD,冰箱,2500,4199,B,B企业,510100,2019,1,1
2019-01-10,厦门市,C002,5,20995,HE电视,HE,电视,2200,4199,C,C企业,350200,2019,1,1
2019-01-10,厦门市,C001,2,7198,HE冰箱,HE,冰箱,1800,3599,C,C企业,350200,2019,1,1
2019-01-10,厦门市,B001,4,16796,MD冰箱,MD,冰箱,2500,4199,B,B企业,350200,2019,1,1
2019-01-10,深圳市,A003,4,18676,GL洗衣机,GL,洗衣机,3200,4669,A,A企业,440300,2019,1,1
2019-01-10,金华市,A003,9,42021,GL洗衣机,GL,洗衣机,3200,4669,A,A企业,330700,2019,1,1
2019-01-11,金华市,A001,5,23345,GL冰箱,GL,冰箱,2200,4669,A,A企业,330700,2019,1,1
2019-01-11,金华市,B001,2,8398,MD冰箱,MD,冰箱,2500,4199,B,B企业,330700,2019,1,1
2019-01-11,金华市,C002,5,20995,HE电视,HE,电视,2200,4199,C,C企业,330700,2019,1,1
2019-01-11,厦门市,A001,6,28014,GL冰箱,GL,冰箱,2200,4669,A,A企业,350200,2019,1,1
2019-01-11,金华市,C001,3,10797,HE冰箱,HE,冰箱,1800,3599,C,C企业,330700,2019,1,1
2019-01-11,厦门市,B001,4,16796,MD冰箱,MD,冰箱,2500,4199,B,B企业,350200,2019,1,1
2019-01-11,厦门市,A003,6,28014,GL洗衣机,GL,洗衣机,3200,4669,A,A企业,350200,2019,1,1
2019-01-11,金华市,A003,4,18676,GL洗衣机,GL,洗衣机,3200,4669,A,A企业,330700,2019,1,1
2019-01-11,上海市,A003,4,18676,GL洗衣机,GL,洗衣机,3200,4669,A,A企业,310000,2019,1,1
2019-01-11,成都市,A001,6,28014,GL冰箱,GL,冰箱,2200,4669,A,A企业,510100,2019,1,1
2019-01-11,成都市,B001,6,25194,MD冰箱,MD,冰箱,2500,4199,B,B企业,510100,2019,1,1
2019-01-11,深圳市,C001,3,10797,HE冰箱,HE,冰箱,1800,3599,C,C企业,440300,2019,1,1
2019-01-11,厦门市,B002,4,14396,MD电视,MD,电视,2000,4299,B,B企业,350200,2019,1,1
2019-01-11,金华市,C003,5,23345,HE洗衣机,HE,洗衣机,2600,4699,C,C企业,330700,2019,1,1
2019-01-11,成都市,C001,3,10797,HE冰箱,HE,冰箱,1800,3599,C,C企业,510100,2019,1,1
2019-01-11,成都市,B002,8,28792,MD电视,MD,电视,2000,4299,B,B企业,510100,2019,1,1
2019-01-11,金华市,B002,5,17995,MD电视,MD,电视,2000,4299,B,B企业,330700,2019,1,1
2019-01-11,厦门市,C001,4,14396,HE冰箱,HE,冰箱,1800,3599,C,C企业,350200,2019,1,1
2019-01-11,长沙市,B001,6,25194,MD冰箱,MD,冰箱,2500,4199,B,B企业,430100,2019,1,1
2019-01-11,深圳市,B001,5,20995,MD冰箱,MD,冰箱,2500,4199,B,B企业,440300,2019,1,1
2019-01-11,长沙市,A003,3,14007,GL洗衣机,GL,洗衣机,3200,4669,A,A企业,430100,2019,1,1
2019-01-12,上海市,B001,3,12597,MD冰箱,MD,冰箱,2500,4199,B,B企业,310000,2019,1,1
2019-01-12,深圳市,B001,3,12597,MD冰箱,MD,冰箱,2500,4199,B,B企业,440300,2019,1,1
2019-01-12,厦门市,C001,7,25193,HE冰箱,HE,冰箱,1800,3599,C,C企业,350200,2019,1,1
2019-01-12,上海市,C003,6,28014,HE洗衣机,HE,洗衣机,2600,4699,C,C企业,310000,2019,1,1
2019-01-12,厦门市,B001,6,25194,MD冰箱,MD,冰箱,2500,4199,B,B企业,350200,2019,1,1
2019-01-12,长沙市,A001,5,23345,GL冰箱,GL,冰箱,2200,4669,A,A企业,430100,2019,1,1
2019-01-12,重庆市,A003,3,14007,GL洗衣机,GL,洗衣机,3200,4669,A,A企业,500000,2019,1,1
2019-01-12,金华市,A001,9,42021,GL冰箱,GL,冰箱,2200,4669,A,A企业,330700,2019,1,1
2019-01-12,成都市,B001,4,16796,MD冰箱,MD,冰箱,2500,4199,B,B企业,510100,2019,1,1
2019-01-12,金华市,B001,8,33592,MD冰箱,MD,冰箱,2500,4199,B,B企业,330700,2019,1,1
2019-01-12,长沙市,A003,8,37352,GL洗衣机,GL,洗衣机,3200,4669,A,A企业,430100,2019,1,1
2019-01-12,金华市,A003,2,9338,GL洗衣机,GL,洗衣机,3200,4669,A,A企业,330700,2019,1,1
2019-01-12,重庆市,B001,4,16796,MD冰箱,MD,冰箱,2500,4199,B,B企业,500000,2019,1,1
2019-01-12,上海市,C001,7,25193,HE冰箱,HE,冰箱,1800,3599,C,C企业,310000,2019,1,1
2019-01-12,厦门市,A003,3,14007,GL洗衣机,GL,洗衣机,3200,4669,A,A企业,350200,2019,1,1
2019-01-13,金华市,A003,8,37352,GL洗衣机,GL,洗衣机,3200,4669,A,A企业,330700,2019,1,1
2019-01-13,金华市,B003,4,22796,MD洗衣机,MD,洗衣机,3100,5699,B,B企业,330700,2019,1,1
2019-01-13,成都市,B002,5,17995,MD电视,MD,电视,2000,4299,B,B企业,510100,2019,1,1
2019-01-13,成都市,B003,5,28495,MD洗衣机,MD,洗衣机,3100,5699,B,B企业,510100,2019,1,1
2019-01-13,深圳市,B001,8,33592,MD冰箱,MD,冰箱,2500,4199,B,B企业,440300,2019,1,1
2019-01-13,金华市,A001,6,28014,GL冰箱,GL,冰箱,2200,4669,A,A企业,330700,2019,1,1
2019-01-13,长沙市,A001,4,18676,GL冰箱,GL,冰箱,2200,4669,A,A企业,430100,2019,1,1
2019-01-13,金华市,B001,7,29393,MD冰箱,MD,冰箱,2500,4199,B,B企业,330700,2019,1,1
2019-01-13,深圳市,A003,7,32683,GL洗衣机,GL,洗衣机,3200,4669,A,A企业,440300,2019,1,1
2019-01-13,厦门市,B001,2,8398,MD冰箱,MD,冰箱,2500,4199,B,B企业,350200,2019,1,1
2019-01-13,厦门市,B003,2,11398,MD洗衣机,MD,洗衣机,3100,5699,B,B企业,350200,2019,1,1
2019-01-13,长沙市,B003,4,22796,MD洗衣机,MD,洗衣机,3100,5699,B,B企业,430100,2019,1,1
2019-01-13,长沙市,C001,4,14396,HE冰箱,HE,冰箱,1800,3599,C,C企业,430100,2019,1,1
2019-01-13,厦门市,C003,4,18676,HE洗衣机,HE,洗衣机,2600,4699,C,C企业,350200,2019,1,1
2019-01-14,成都市,B001,5,20995,MD冰箱,MD,冰箱,2500,4199,B,B企业,510100,2019,1,1
2019-01-14,厦门市,B002,7,25193,MD电视,MD,电视,2000,4299,B,B企业,350200,2019,1,1
2019-01-14,深圳市,B002,8,28792,MD电视,MD,电视,2000,4299,B,B企业,440300,2019,1,1
2019-01-14,长沙市,A001,2,9338,GL冰箱,GL,冰箱,2200,4669,A,A企业,430100,2019,1,1
2019-01-14,金华市,A001,7,32683,GL冰箱,GL,冰箱,2200,4669,A,A企业,330700,2019,1,1
2019-01-14,厦门市,C001,3,10797,HE冰箱,HE,冰箱,1800,3599,C,C企业,350200,2019,1,1
2019-01-14,金华市,B001,9,37791,MD冰箱,MD,冰箱,2500,4199,B,B企业,330700,2019,1,1
2019-01-14,重庆市,C003,3,14007,HE洗衣机,HE,洗衣机,2600,4699,C,C企业,500000,2019,1,1
2019-01-14,长沙市,B001,5,20995,MD冰箱,MD,冰箱,2500,4199,B,B企业,430100,2019,1,1
2019-01-14,上海市,A003,5,23345,GL洗衣机,GL,洗衣机,3200,4669,A,A企业,310000,2019,1,1
2019-01-14,深圳市,A003,7,32683,GL洗衣机,GL,洗衣机,3200,4669,A,A企业,440300,2019,1,1
2019-01-14,深圳市,B001,4,16796,MD冰箱,MD,冰箱,2500,4199,B,B企业,440300,2019,1,1
2019-01-14,上海市,C001,7,25193,HE冰箱,HE,冰箱,1800,3599,C,C企业,310000,2019,1,1
2019-01-14,上海市,B001,8,33592,MD冰箱,MD,冰箱,2500,4199,B,B企业,310000,2019,1,1
2019-01-14,重庆市,B001,8,33592,MD冰箱,MD,冰箱,2500,4199,B,B企业,500000,2019,1,1
2019-01-14,厦门市,B001,4,16796,MD冰箱,MD,冰箱,2500,4199,B,B企业,350200,2019,1,1
2019-01-14,金华市,C002,5,20995,HE电视,HE,电视,2200,4199,C,C企业,330700,2019,1,1
2019-01-15,深圳市,B001,5,20995,MD冰箱,MD,冰箱,2500,4199,B,B企业,440300,2019,1,1
2019-01-15,金华市,B001,3,12597,MD冰箱,MD,冰箱,2500,4199,B,B企业,330700,2019,1,1
2019-01-15,重庆市,B001,5,20995,MD冰箱,MD,冰箱,2500,4199,B,B企业,500000,2019,1,1
2019-01-15,金华市,C001,6,21594,HE冰箱,HE,冰箱,1800,3599,C,C企业,330700,2019,1,1
2019-01-15,成都市,C002,3,12597,HE电视,HE,电视,2200,4199,C,C企业,510100,2019,1,1
2019-01-15,金华市,C002,5,20995,HE电视,HE,电视,2200,4199,C,C企业,330700,2019,1,1
2019-01-15,上海市,C002,6,25194,HE电视,HE,电视,2200,4199,C,C企业,310000,2019,1,1
2019-01-15,上海市,B001,5,20995,MD冰箱,MD,冰箱,2500,4199,B,B企业,310000,2019,1,1
2019-01-15,金华市,A001,3,14007,GL冰箱,GL,冰箱,2200,4669,A,A企业,330700,2019,1,1
2019-01-15,厦门市,B001,8,33592,MD冰箱,MD,冰箱,2500,4199,B,B企业,350200,2019,1,1
2019-01-15,重庆市,A003,7,32683,GL洗衣机,GL,洗衣机,3200,4669,A,A企业,500000,2019,1,1
2019-01-15,厦门市,B003,6,34194,MD洗衣机,MD,洗衣机,3100,5699,B,B企业,350200,2019,1,1
2019-01-15,金华市,A003,4,18676,GL洗衣机,GL,洗衣机,3200,4669,A,A企业,330700,2019,1,1
2019-01-15,深圳市,A003,2,9338,GL洗衣机,GL,洗衣机,3200,4669,A,A企业,440300,2019,1,1
2019-01-15,厦门市,C002,4,16796,HE电视,HE,电视,2200,4199,C,C企业,350200,2019,1,1
2019-01-15,深圳市,C001,5,17995,HE冰箱,HE,冰箱,1800,3599,C,C企业,440300,2019,1,1
2019-01-16,重庆市,B001,7,29393,MD冰箱,MD,冰箱,2500,4199,B,B企业,500000,2019,1,1
2019-01-16,金华市,A003,5,23345,GL洗衣机,GL,洗衣机,3200,4669,A,A企业,330700,2019,1,1
2019-01-16,金华市,A001,6,28014,GL冰箱,GL,冰箱,2200,4669,A,A企业,330700,2019,1,1
2019-01-16,金华市,C001,2,7198,HE冰箱,HE,冰箱,1800,3599,C,C企业,330700,2019,1,1
2019-01-16,金华市,B003,5,28495,MD洗衣机,MD,洗衣机,3100,5699,B,B企业,330700,2019,1,1
2019-01-16,重庆市,B003,6,34194,MD洗衣机,MD,洗衣机,3100,5699,B,B企业,500000,2019,1,1
2019-01-16,重庆市,A003,6,28014,GL洗衣机,GL,洗衣机,3200,4669,A,A企业,500000,2019,1,1
2019-01-16,金华市,C003,5,23345,HE洗衣机,HE,洗衣机,2600,4699,C,C企业,330700,2019,1,1
2019-01-16,深圳市,C003,4,18676,HE洗衣机,HE,洗衣机,2600,4699,C,C企业,440300,2019,1,1
2019-01-16,厦门市,B003,6,34194,MD洗衣机,MD,洗衣机,3100,5699,B,B企业,350200,2019,1,1
2019-01-16,金华市,C002,3,12597,HE电视,HE,电视,2200,4199,C,C企业,330700,2019,1,1
2019-01-16,上海市,B003,5,28495,MD洗衣机,MD,洗衣机,3100,5699,B,B企业,310000,2019,1,1
2019-01-16,重庆市,C002,7,29393,HE电视,HE,电视,2200,4199,C,C企业,500000,2019,1,1
2019-01-16,厦门市,B001,6,25194,MD冰箱,MD,冰箱,2500,4199,B,B企业,350200,2019,1,1
2019-01-16,金华市,B002,7,25193,MD电视,MD,电视,2000,4299,B,B企业,330700,2019,1,1
2019-01-16,成都市,C001,9,32391,HE冰箱,HE,冰箱,1800,3599,C,C企业,510100,2019,1,1
2019-01-16,深圳市,B002,3,10797,MD电视,MD,电视,2000,4299,B,B企业,440300,2019,1,1
2019-01-16,重庆市,A001,3,14007,GL冰箱,GL,冰箱,2200,4669,A,A企业,500000,2019,1,1
2019-01-16,厦门市,C003,4,18676,HE洗衣机,HE,洗衣机,2600,4699,C,C企业,350200,2019,1,1
2019-01-16,成都市,B003,9,51291,MD洗衣机,MD,洗衣机,3100,5699,B,B企业,510100,2019,1,1
2019-01-17,厦门市,B002,5,17995,MD电视,MD,电视,2000,4299,B,B企业,350200,2019,1,1
2019-01-17,成都市,B002,6,21594,MD电视,MD,电视,2000,4299,B,B企业,510100,2019,1,1
2019-01-17,深圳市,B003,2,11398,MD洗衣机,MD,洗衣机,3100,5699,B,B企业,440300,2019,1,1
2019-01-17,深圳市,B002,7,25193,MD电视,MD,电视,2000,4299,B,B企业,440300,2019,1,1
2019-01-17,成都市,A001,5,23345,GL冰箱,GL,冰箱,2200,4669,A,A企业,510100,2019,1,1
2019-01-17,厦门市,B003,6,34194,MD洗衣机,MD,洗衣机,3100,5699,B,B企业,350200,2019,1,1
2019-01-17,金华市,A003,8,37352,GL洗衣机,GL,洗衣机,3200,4669,A,A企业,330700,2019,1,1
2019-01-17,深圳市,B001,3,12597,MD冰箱,MD,冰箱,2500,4199,B,B企业,440300,2019,1,1
2019-01-17,重庆市,B002,6,21594,MD电视,MD,电视,2000,4299,B,B企业,500000,2019,1,1
2019-01-17,金华市,B001,5,20995,MD冰箱,MD,冰箱,2500,4199,B,B企业,330700,2019,1,1
2019-01-17,上海市,C003,2,9338,HE洗衣机,HE,洗衣机,2600,4699,C,C企业,310000,2019,1,1
2019-01-17,金华市,C001,7,25193,HE冰箱,HE,冰箱,1800,3599,C,C企业,330700,2019,1,1
2019-01-17,厦门市,B001,3,12597,MD冰箱,MD,冰箱,2500,4199,B,B企业,350200,2019,1,1
2019-01-17,成都市,B001,5,20995,MD冰箱,MD,冰箱,2500,4199,B,B企业,510100,2019,1,1
2019-01-17,金华市,C003,5,23345,HE洗衣机,HE,洗衣机,2600,4699,C,C企业,330700,2019,1,1
2019-01-17,重庆市,B001,7,29393,MD冰箱,MD,冰箱,2500,4199,B,B企业,500000,2019,1,1
2019-01-17,长沙市,C003,6,28014,HE洗衣机,HE,洗衣机,2600,4699,C,C企业,430100,2019,1,1
2019-01-17,长沙市,A003,6,28014,GL洗衣机,GL,洗衣机,3200,4669,A,A企业,430100,2019,1,1
2019-01-17,厦门市,C001,4,14396,HE冰箱,HE,冰箱,1800,3599,C,C企业,350200,2019,1,1
2019-01-17,长沙市,B001,6,25194,MD冰箱,MD,冰箱,2500,4199,B,B企业,430100,2019,1,1
2019-01-18,厦门市,B001,5,20995,MD冰箱,MD,冰箱,2500,4199,B,B企业,350200,2019,1,1
2019-01-18,厦门市,B002,6,21594,MD电视,MD,电视,2000,4299,B,B企业,350200,2019,1,1
2019-01-18,金华市,A003,4,18676,GL洗衣机,GL,洗衣机,3200,4669,A,A企业,330700,2019,1,1
2019-01-18,成都市,B001,4,16796,MD冰箱,MD,冰箱,2500,4199,B,B企业,510100,2019,1,1
2019-01-18,长沙市,B001,8,33592,MD冰箱,MD,冰箱,2500,4199,B,B企业,430100,2019,1,1
2019-01-18,金华市,B001,5,20995,MD冰箱,MD,冰箱,2500,4199,B,B企业,330700,2019,1,1
2019-01-18,重庆市,C003,2,9338,HE洗衣机,HE,洗衣机,2600,4699,C,C企业,500000,2019,1,1
2019-01-18,长沙市,A001,4,18676,GL冰箱,GL,冰箱,2200,4669,A,A企业,430100,2019,1,1
2019-01-18,长沙市,A003,6,28014,GL洗衣机,GL,洗衣机,3200,4669,A,A企业,430100,2019,1,1
2019-01-18,成都市,B002,7,25193,MD电视,MD,电视,2000,4299,B,B企业,510100,2019,1,1
2019-01-18,金华市,B002,3,10797,MD电视,MD,电视,2000,4299,B,B企业,330700,2019,1,1
2019-01-18,重庆市,A003,8,37352,GL洗衣机,GL,洗衣机,3200,4669,A,A企业,500000,2019,1,1
2019-01-18,成都市,C001,7,25193,HE冰箱,HE,冰箱,1800,3599,C,C企业,510100,2019,1,1
2019-01-18,厦门市,C001,5,17995,HE冰箱,HE,冰箱,1800,3599,C,C企业,350200,2019,1,1
2019-01-18,重庆市,B001,6,25194,MD冰箱,MD,冰箱,2500,4199,B,B企业,500000,2019,1,1
2019-01-18,上海市,B001,5,20995,MD冰箱,MD,冰箱,2500,4199,B,B企业,310000,2019,1,1
2019-01-18,上海市,C001,5,17995,HE冰箱,HE,冰箱,1800,3599,C,C企业,310000,2019,1,1
2019-01-18,成都市,C002,7,29393,HE电视,HE,电视,2200,4199,C,C企业,510100,2019,1,1
2019-01-19,金华市,B001,2,8398,MD冰箱,MD,冰箱,2500,4199,B,B企业,330700,2019,1,1
2019-01-19,重庆市,A003,6,28014,GL洗衣机,GL,洗衣机,3200,4669,A,A企业,500000,2019,1,1
2019-01-19,上海市,C002,6,25194,HE电视,HE,电视,2200,4199,C,C企业,310000,2019,1,1
2019-01-19,上海市,C001,3,10797,HE冰箱,HE,冰箱,1800,3599,C,C企业,310000,2019,1,1
2019-01-19,上海市,B001,5,20995,MD冰箱,MD,冰箱,2500,4199,B,B企业,310000,2019,1,1
2019-01-19,上海市,A003,5,23345,GL洗衣机,GL,洗衣机,3200,4669,A,A企业,310000,2019,1,1
2019-01-19,深圳市,B001,6,25194,MD冰箱,MD,冰箱,2500,4199,B,B企业,440300,2019,1,1
2019-01-19,厦门市,B001,6,25194,MD冰箱,MD,冰箱,2500,4199,B,B企业,350200,2019,1,1
2019-01-19,厦门市,C001,4,14396,HE冰箱,HE,冰箱,1800,3599,C,C企业,350200,2019,1,1
2019-01-19,长沙市,B001,7,29393,MD冰箱,MD,冰箱,2500,4199,B,B企业,430100,2019,1,1
2019-01-19,深圳市,C003,5,23345,HE洗衣机,HE,洗衣机,2600,4699,C,C企业,440300,2019,1,1
2019-01-19,成都市,B001,5,20995,MD冰箱,MD,冰箱,2500,4199,B,B企业,510100,2019,1,1
2019-01-19,重庆市,B001,8,33592,MD冰箱,MD,冰箱,2500,4199,B,B企业,500000,2019,1,1
2019-01-19,长沙市,C001,6,21594,HE冰箱,HE,冰箱,1800,3599,C,C企业,430100,2019,1,1
2019-01-19,深圳市,A001,4,18676,GL冰箱,GL,冰箱,2200,4669,A,A企业,440300,2019,1,1
2019-01-19,重庆市,C002,2,8398,HE电视,HE,电视,2200,4199,C,C企业,500000,2019,1,1
2019-01-19,成都市,C002,5,20995,HE电视,HE,电视,2200,4199,C,C企业,510100,2019,1,1
2019-01-19,金华市,C003,3,14007,HE洗衣机,HE,洗衣机,2600,4699,C,C企业,330700,2019,1,1
2019-01-19,长沙市,A001,9,42021,GL冰箱,GL,冰箱,2200,4669,A,A企业,430100,2019,1,1
2019-01-19,厦门市,C002,7,29393,HE电视,HE,电视,2200,4199,C,C企业,350200,2019,1,1
2019-01-19,厦门市,B003,4,22796,MD洗衣机,MD,洗衣机,3100,5699,B,B企业,350200,2019,1,1
2019-01-19,厦门市,A003,4,18676,GL洗衣机,GL,洗衣机,3200,4669,A,A企业,350200,2019,1,1
2019-01-20,深圳市,B001,9,37791,MD冰箱,MD,冰箱,2500,4199,B,B企业,440300,2019,1,1
2019-01-20,金华市,C002,5,20995,HE电视,HE,电视,2200,4199,C,C企业,330700,2019,1,1
2019-01-20,重庆市,C002,8,33592,HE电视,HE,电视,2200,4199,C,C企业,500000,2019,1,1
2019-01-20,厦门市,C001,4,14396,HE冰箱,HE,冰箱,1800,3599,C,C企业,350200,2019,1,1
2019-01-20,成都市,B003,6,34194,MD洗衣机,MD,洗衣机,3100,5699,B,B企业,510100,2019,1,1
2019-01-20,厦门市,C003,7,32683,HE洗衣机,HE,洗衣机,2600,4699,C,C企业,350200,2019,1,1
2019-01-20,厦门市,A003,4,18676,GL洗衣机,GL,洗衣机,3200,4669,A,A企业,350200,2019,1,1
2019-01-20,成都市,C001,9,32391,HE冰箱,HE,冰箱,1800,3599,C,C企业,510100,2019,1,1
2019-01-20,金华市,A001,2,9338,GL冰箱,GL,冰箱,2200,4669,A,A企业,330700,2019,1,1
2019-01-20,重庆市,A003,3,14007,GL洗衣机,GL,洗衣机,3200,4669,A,A企业,500000,2019,1,1
2019-01-20,金华市,B001,2,8398,MD冰箱,MD,冰箱,2500,4199,B,B企业,330700,2019,1,1
2019-01-20,金华市,C001,3,10797,HE冰箱,HE,冰箱,1800,3599,C,C企业,330700,2019,1,1
2019-01-20,重庆市,B001,8,33592,MD冰箱,MD,冰箱,2500,4199,B,B企业,500000,2019,1,1
2019-01-20,厦门市,B003,4,22796,MD洗衣机,MD,洗衣机,3100,5699,B,B企业,350200,2019,1,1
2019-01-20,重庆市,C001,7,25193,HE冰箱,HE,冰箱,1800,3599,C,C企业,500000,2019,1,1
2019-01-20,深圳市,A003,5,23345,GL洗衣机,GL,洗衣机,3200,4669,A,A企业,440300,2019,1,1
2019-01-20,金华市,C003,4,18676,HE洗衣机,HE,洗衣机,2600,4699,C,C企业,330700,2019,1,1
2019-01-20,重庆市,A001,3,14007,GL冰箱,GL,冰箱,2200,4669,A,A企业,500000,2019,1,1
2019-01-20,重庆市,B003,8,45592,MD洗衣机,MD,洗衣机,3100,5699,B,B企业,500000,2019,1,1
2019-01-20,厦门市,B001,6,25194,MD冰箱,MD,冰箱,2500,4199,B,B企业,350200,2019,1,1
2019-01-21,成都市,C001,4,14396,HE冰箱,HE,冰箱,1800,3599,C,C企业,510100,2019,1,1
2019-01-21,厦门市,B003,6,34194,MD洗衣机,MD,洗衣机,3100,5699,B,B企业,350200,2019,1,1
2019-01-21,厦门市,C002,3,12597,HE电视,HE,电视,2200,4199,C,C企业,350200,2019,1,1
2019-01-21,成都市,A001,2,9338,GL冰箱,GL,冰箱,2200,4669,A,A企业,510100,2019,1,1
2019-01-21,重庆市,B003,5,28495,MD洗衣机,MD,洗衣机,3100,5699,B,B企业,500000,2019,1,1
2019-01-21,金华市,A003,4,18676,GL洗衣机,GL,洗衣机,3200,4669,A,A企业,330700,2019,1,1
2019-01-21,金华市,B003,9,51291,MD洗衣机,MD,洗衣机,3100,5699,B,B企业,330700,2019,1,1
2019-01-21,重庆市,C002,3,12597,HE电视,HE,电视,2200,4199,C,C企业,500000,2019,1,1
2019-01-21,重庆市,B002,2,7198,MD电视,MD,电视,2000,4299,B,B企业,500000,2019,1,1
2019-01-21,金华市,B002,4,14396,MD电视,MD,电视,2000,4299,B,B企业,330700,2019,1,1
2019-01-21,厦门市,C001,4,14396,HE冰箱,HE,冰箱,1800,3599,C,C企业,350200,2019,1,1
2019-01-21,厦门市,A001,5,23345,GL冰箱,GL,冰箱,2200,4669,A,A企业,350200,2019,1,1
2019-01-21,深圳市,C001,6,21594,HE冰箱,HE,冰箱,1800,3599,C,C企业,440300,2019,1,1
2019-01-21,成都市,B003,8,45592,MD洗衣机,MD,洗衣机,3100,5699,B,B企业,510100,2019,1,1
2019-01-21,深圳市,B002,8,28792,MD电视,MD,电视,2000,4299,B,B企业,440300,2019,1,1
2019-01-21,成都市,B002,2,7198,MD电视,MD,电视,2000,4299,B,B企业,510100,2019,1,1
2019-01-21,深圳市,A003,2,9338,GL洗衣机,GL,洗衣机,3200,4669,A,A企业,440300,2019,1,1
2019-01-21,金华市,B001,6,25194,MD冰箱,MD,冰箱,2500,4199,B,B企业,330700,2019,1,1
2019-01-21,深圳市,C003,7,32683,HE洗衣机,HE,洗衣机,2600,4699,C,C企业,440300,2019,1,1
2019-01-21,长沙市,A001,8,37352,GL冰箱,GL,冰箱,2200,4669,A,A企业,430100,2019,1,1
2019-01-21,长沙市,C003,2,9338,HE洗衣机,HE,洗衣机,2600,4699,C,C企业,430100,2019,1,1
2019-01-22,金华市,B001,8,33592,MD冰箱,MD,冰箱,2500,4199,B,B企业,330700,2019,1,1
2019-01-22,重庆市,B003,4,22796,MD洗衣机,MD,洗衣机,3100,5699,B,B企业,500000,2019,1,1
2019-01-22,厦门市,B002,4,14396,MD电视,MD,电视,2000,4299,B,B企业,350200,2019,1,1
2019-01-22,重庆市,B001,6,25194,MD冰箱,MD,冰箱,2500,4199,B,B企业,500000,2019,1,1
2019-01-22,成都市,C001,5,17995,HE冰箱,HE,冰箱,1800,3599,C,C企业,510100,2019,1,1
2019-01-22,长沙市,B001,2,8398,MD冰箱,MD,冰箱,2500,4199,B,B企业,430100,2019,1,1
2019-01-22,长沙市,C001,6,21594,HE冰箱,HE,冰箱,1800,3599,C,C企业,430100,2019,1,1
2019-01-22,金华市,A003,2,9338,GL洗衣机,GL,洗衣机,3200,4669,A,A企业,330700,2019,1,1
2019-01-22,长沙市,C003,8,37352,HE洗衣机,HE,洗衣机,2600,4699,C,C企业,430100,2019,1,1
2019-01-22,厦门市,A003,4,18676,GL洗衣机,GL,洗衣机,3200,4669,A,A企业,350200,2019,1,1
2019-01-22,厦门市,B003,6,34194,MD洗衣机,MD,洗衣机,3100,5699,B,B企业,350200,2019,1,1
2019-01-22,成都市,B003,4,22796,MD洗衣机,MD,洗衣机,3100,5699,B,B企业,510100,2019,1,1
2019-01-22,成都市,B001,3,12597,MD冰箱,MD,冰箱,2500,4199,B,B企业,510100,2019,1,1
2019-01-22,厦门市,B001,3,12597,MD冰箱,MD,冰箱,2500,4199,B,B企业,350200,2019,1,1
2019-01-22,金华市,C001,4,14396,HE冰箱,HE,冰箱,1800,3599,C,C企业,330700,2019,1,1
2019-01-22,长沙市,A003,5,23345,GL洗衣机,GL,洗衣机,3200,4669,A,A企业,430100,2019,1,1
2019-01-22,长沙市,A001,4,18676,GL冰箱,GL,冰箱,2200,4669,A,A企业,430100,2019,1,1
2019-01-22,金华市,B002,4,14396,MD电视,MD,电视,2000,4299,B,B企业,330700,2019,1,1
2019-01-22,金华市,B003,8,45592,MD洗衣机,MD,洗衣机,3100,5699,B,B企业,330700,2019,1,1
2019-01-23,厦门市,B001,3,12597,MD冰箱,MD,冰箱,2500,4199,B,B企业,350200,2019,1,1
2019-01-23,金华市,C001,3,10797,HE冰箱,HE,冰箱,1800,3599,C,C企业,330700,2019,1,1
2019-01-23,重庆市,C001,7,25193,HE冰箱,HE,冰箱,1800,3599,C,C企业,500000,2019,1,1
2019-01-23,厦门市,C003,7,32683,HE洗衣机,HE,洗衣机,2600,4699,C,C企业,350200,2019,1,1
2019-01-23,金华市,A001,7,32683,GL冰箱,GL,冰箱,2200,4669,A,A企业,330700,2019,1,1
2019-01-23,重庆市,B001,2,8398,MD冰箱,MD,冰箱,2500,4199,B,B企业,500000,2019,1,1
2019-01-23,金华市,C003,7,32683,HE洗衣机,HE,洗衣机,2600,4699,C,C企业,330700,2019,1,1
2019-01-23,长沙市,B001,5,20995,MD冰箱,MD,冰箱,2500,4199,B,B企业,430100,2019,1,1
2019-01-23,金华市,B001,3,12597,MD冰箱,MD,冰箱,2500,4199,B,B企业,330700,2019,1,1
2019-01-23,厦门市,B002,5,17995,MD电视,MD,电视,2000,4299,B,B企业,350200,2019,1,1
2019-01-23,成都市,B002,3,10797,MD电视,MD,电视,2000,4299,B,B企业,510100,2019,1,1
2019-01-23,上海市,C003,3,14007,HE洗衣机,HE,洗衣机,2600,4699,C,C企业,310000,2019,1,1
2019-01-23,厦门市,A003,7,32683,GL洗衣机,GL,洗衣机,3200,4669,A,A企业,350200,2019,1,1
2019-01-23,成都市,B001,7,29393,MD冰箱,MD,冰箱,2500,4199,B,B企业,510100,2019,1,1
2019-01-23,长沙市,C001,7,25193,HE冰箱,HE,冰箱,1800,3599,C,C企业,430100,2019,1,1
2019-01-23,上海市,B001,6,25194,MD冰箱,MD,冰箱,2500,4199,B,B企业,310000,2019,1,1
2019-01-23,上海市,A003,6,28014,GL洗衣机,GL,洗衣机,3200,4669,A,A企业,310000,2019,1,1
2019-01-23,成都市,C001,4,14396,HE冰箱,HE,冰箱,1800,3599,C,C企业,510100,2019,1,1
2019-01-23,金华市,C002,6,25194,HE电视,HE,电视,2200,4199,C,C企业,330700,2019,1,1
2019-01-24,金华市,C002,4,16796,HE电视,HE,电视,2200,4199,C,C企业,330700,2019,1,1
2019-01-24,重庆市,C002,3,12597,HE电视,HE,电视,2200,4199,C,C企业,500000,2019,1,1
2019-01-24,成都市,B001,7,29393,MD冰箱,MD,冰箱,2500,4199,B,B企业,510100,2019,1,1
2019-01-24,金华市,B001,7,29393,MD冰箱,MD,冰箱,2500,4199,B,B企业,330700,2019,1,1
2019-01-24,金华市,A001,5,23345,GL冰箱,GL,冰箱,2200,4669,A,A企业,330700,2019,1,1
2019-01-24,重庆市,B001,5,20995,MD冰箱,MD,冰箱,2500,4199,B,B企业,500000,2019,1,1
2019-01-24,长沙市,A003,3,14007,GL洗衣机,GL,洗衣机,3200,4669,A,A企业,430100,2019,1,1
2019-01-24,上海市,C001,6,21594,HE冰箱,HE,冰箱,1800,3599,C,C企业,310000,2019,1,1
2019-01-24,金华市,C003,4,18676,HE洗衣机,HE,洗衣机,2600,4699,C,C企业,330700,2019,1,1
2019-01-24,上海市,A003,6,28014,GL洗衣机,GL,洗衣机,3200,4669,A,A企业,310000,2019,1,1
2019-01-24,重庆市,A003,6,28014,GL洗衣机,GL,洗衣机,3200,4669,A,A企业,500000,2019,1,1
2019-01-24,金华市,C001,5,17995,HE冰箱,HE,冰箱,1800,3599,C,C企业,330700,2019,1,1
2019-01-24,深圳市,A003,6,28014,GL洗衣机,GL,洗衣机,3200,4669,A,A企业,440300,2019,1,1
2019-01-24,厦门市,B001,5,20995,MD冰箱,MD,冰箱,2500,4199,B,B企业,350200,2019,1,1
2019-01-24,重庆市,C001,7,25193,HE冰箱,HE,冰箱,1800,3599,C,C企业,500000,2019,1,1
2019-01-24,厦门市,C001,5,17995,HE冰箱,HE,冰箱,1800,3599,C,C企业,350200,2019,1,1
2019-01-24,长沙市,A001,4,18676,GL冰箱,GL,冰箱,2200,4669,A,A企业,430100,2019,1,1
2019-01-24,上海市,C003,6,28014,HE洗衣机,HE,洗衣机,2600,4699,C,C企业,310000,2019,1,1
2019-01-24,上海市,C002,5,20995,HE电视,HE,电视,2200,4199,C,C企业,310000,2019,1,1
2019-01-24,重庆市,C003,7,32683,HE洗衣机,HE,洗衣机,2600,4699,C,C企业,500000,2019,1,1
2019-01-24,厦门市,A003,4,18676,GL洗衣机,GL,洗衣机,3200,4669,A,A企业,350200,2019,1,1
2019-01-25,金华市,B001,3,12597,MD冰箱,MD,冰箱,2500,4199,B,B企业,330700,2019,1,1
2019-01-25,重庆市,C001,4,14396,HE冰箱,HE,冰箱,1800,3599,C,C企业,500000,2019,1,1
2019-01-25,厦门市,C002,5,20995,HE电视,HE,电视,2200,4199,C,C企业,350200,2019,1,1
2019-01-25,金华市,C001,4,14396,HE冰箱,HE,冰箱,1800,3599,C,C企业,330700,2019,1,1
2019-01-25,成都市,C001,7,25193,HE冰箱,HE,冰箱,1800,3599,C,C企业,510100,2019,1,1
2019-01-25,金华市,A001,4,18676,GL冰箱,GL,冰箱,2200,4669,A,A企业,330700,2019,1,1
2019-01-25,成都市,B001,3,12597,MD冰箱,MD,冰箱,2500,4199,B,B企业,510100,2019,1,1
2019-01-25,重庆市,A003,4,18676,GL洗衣机,GL,洗衣机,3200,4669,A,A企业,500000,2019,1,1
2019-01-25,重庆市,C002,6,25194,HE电视,HE,电视,2200,4199,C,C企业,500000,2019,1,1
2019-01-25,厦门市,B001,6,25194,MD冰箱,MD,冰箱,2500,4199,B,B企业,350200,2019,1,1
2019-01-25,重庆市,C003,3,14007,HE洗衣机,HE,洗衣机,2600,4699,C,C企业,500000,2019,1,1
2019-01-25,重庆市,B001,5,20995,MD冰箱,MD,冰箱,2500,4199,B,B企业,500000,2019,1,1
2019-01-25,厦门市,C003,5,23345,HE洗衣机,HE,洗衣机,2600,4699,C,C企业,350200,2019,1,1
2019-01-25,厦门市,A001,6,28014,GL冰箱,GL,冰箱,2200,4669,A,A企业,350200,2019,1,1
2019-01-25,深圳市,C002,5,20995,HE电视,HE,电视,2200,4199,C,C企业,440300,2019,1,1
2019-01-25,金华市,C002,8,33592,HE电视,HE,电视,2200,4199,C,C企业,330700,2019,1,1
2019-01-25,厦门市,A003,5,23345,GL洗衣机,GL,洗衣机,3200,4669,A,A企业,350200,2019,1,1
2019-01-25,金华市,A003,5,23345,GL洗衣机,GL,洗衣机,3200,4669,A,A企业,330700,2019,1,1
2019-01-26,金华市,B001,6,25194,MD冰箱,MD,冰箱,2500,4199,B,B企业,330700,2019,1,1
2019-01-26,成都市,B001,6,25194,MD冰箱,MD,冰箱,2500,4199,B,B企业,510100,2019,1,1
2019-01-26,重庆市,B001,6,25194,MD冰箱,MD,冰箱,2500,4199,B,B企业,500000,2019,1,1
2019-01-26,金华市,C002,2,8398,HE电视,HE,电视,2200,4199,C,C企业,330700,2019,1,1
2019-01-26,重庆市,A003,3,14007,GL洗衣机,GL,洗衣机,3200,4669,A,A企业,500000,2019,1,1
2019-01-26,厦门市,C001,4,14396,HE冰箱,HE,冰箱,1800,3599,C,C企业,350200,2019,1,1
2019-01-26,深圳市,A003,3,14007,GL洗衣机,GL,洗衣机,3200,4669,A,A企业,440300,2019,1,1
2019-01-26,深圳市,B001,5,20995,MD冰箱,MD,冰箱,2500,4199,B,B企业,440300,2019,1,1
2019-01-26,厦门市,A003,5,23345,GL洗衣机,GL,洗衣机,3200,4669,A,A企业,350200,2019,1,1
2019-01-26,厦门市,B001,2,8398,MD冰箱,MD,冰箱,2500,4199,B,B企业,350200,2019,1,1
2019-01-26,金华市,B002,5,17995,MD电视,MD,电视,2000,4299,B,B企业,330700,2019,1,1
2019-01-26,成都市,A001,4,18676,GL冰箱,GL,冰箱,2200,4669,A,A企业,510100,2019,1,1
2019-01-26,金华市,C001,5,17995,HE冰箱,HE,冰箱,1800,3599,C,C企业,330700,2019,1,1
2019-01-26,长沙市,B001,5,20995,MD冰箱,MD,冰箱,2500,4199,B,B企业,430100,2019,1,1
2019-01-26,重庆市,C001,6,21594,HE冰箱,HE,冰箱,1800,3599,C,C企业,500000,2019,1,1
2019-01-26,厦门市,B002,6,21594,MD电视,MD,电视,2000,4299,B,B企业,350200,2019,1,1
2019-01-26,成都市,C001,7,25193,HE冰箱,HE,冰箱,1800,3599,C,C企业,510100,2019,1,1
2019-01-26,成都市,B002,5,17995,MD电视,MD,电视,2000,4299,B,B企业,510100,2019,1,1
2019-01-26,重庆市,A001,5,23345,GL冰箱,GL,冰箱,2200,4669,A,A企业,500000,2019,1,1
2019-01-26,金华市,A001,4,18676,GL冰箱,GL,冰箱,2200,4669,A,A企业,330700,2019,1,1
2019-01-27,金华市,C003,8,37352,HE洗衣机,HE,洗衣机,2600,4699,C,C企业,330700,2019,1,1
2019-01-27,重庆市,B002,6,21594,MD电视,MD,电视,2000,4299,B,B企业,500000,2019,1,1
2019-01-27,金华市,C001,4,14396,HE冰箱,HE,冰箱,1800,3599,C,C企业,330700,2019,1,1
2019-01-27,重庆市,B001,4,16796,MD冰箱,MD,冰箱,2500,4199,B,B企业,500000,2019,1,1
2019-01-27,金华市,B001,2,8398,MD冰箱,MD,冰箱,2500,4199,B,B企业,330700,2019,1,1
2019-01-27,金华市,A003,2,9338,GL洗衣机,GL,洗衣机,3200,4669,A,A企业,330700,2019,1,1
2019-01-27,厦门市,B001,6,25194,MD冰箱,MD,冰箱,2500,4199,B,B企业,350200,2019,1,1
2019-01-27,厦门市,C003,4,18676,HE洗衣机,HE,洗衣机,2600,4699,C,C企业,350200,2019,1,1
2019-01-27,金华市,A001,4,18676,GL冰箱,GL,冰箱,2200,4669,A,A企业,330700,2019,1,1
2019-01-27,成都市,B001,4,16796,MD冰箱,MD,冰箱,2500,4199,B,B企业,510100,2019,1,1
2019-01-27,成都市,B002,6,21594,MD电视,MD,电视,2000,4299,B,B企业,510100,2019,1,1
2019-01-27,长沙市,B002,2,7198,MD电视,MD,电视,2000,4299,B,B企业,430100,2019,1,1
2019-01-27,重庆市,A003,6,28014,GL洗衣机,GL,洗衣机,3200,4669,A,A企业,500000,2019,1,1
2019-01-27,长沙市,C001,6,21594,HE冰箱,HE,冰箱,1800,3599,C,C企业,430100,2019,1,1
2019-01-28,成都市,C001,6,21594,HE冰箱,HE,冰箱,1800,3599,C,C企业,510100,2019,1,1
2019-01-28,厦门市,B001,4,16796,MD冰箱,MD,冰箱,2500,4199,B,B企业,350200,2019,1,1
2019-01-28,成都市,B002,9,32391,MD电视,MD,电视,2000,4299,B,B企业,510100,2019,1,1
2019-01-28,金华市,B002,3,10797,MD电视,MD,电视,2000,4299,B,B企业,330700,2019,1,1
2019-01-28,成都市,B001,4,16796,MD冰箱,MD,冰箱,2500,4199,B,B企业,510100,2019,1,1
2019-01-28,金华市,A003,3,14007,GL洗衣机,GL,洗衣机,3200,4669,A,A企业,330700,2019,1,1
2019-01-28,金华市,C003,9,42021,HE洗衣机,HE,洗衣机,2600,4699,C,C企业,330700,2019,1,1
2019-01-28,厦门市,B003,5,28495,MD洗衣机,MD,洗衣机,3100,5699,B,B企业,350200,2019,1,1
2019-01-28,金华市,B003,5,28495,MD洗衣机,MD,洗衣机,3100,5699,B,B企业,330700,2019,1,1
2019-01-28,成都市,B003,6,34194,MD洗衣机,MD,洗衣机,3100,5699,B,B企业,510100,2019,1,1
2019-01-28,深圳市,B001,2,8398,MD冰箱,MD,冰箱,2500,4199,B,B企业,440300,2019,1,1
2019-01-28,重庆市,B003,5,28495,MD洗衣机,MD,洗衣机,3100,5699,B,B企业,500000,2019,1,1
2019-01-28,重庆市,A003,7,32683,GL洗衣机,GL,洗衣机,3200,4669,A,A企业,500000,2019,1,1
2019-01-28,深圳市,A001,8,37352,GL冰箱,GL,冰箱,2200,4669,A,A企业,440300,2019,1,1
2019-01-28,成都市,A001,3,14007,GL冰箱,GL,冰箱,2200,4669,A,A企业,510100,2019,1,1
2019-01-28,厦门市,B002,9,32391,MD电视,MD,电视,2000,4299,B,B企业,350200,2019,1,1
2019-01-28,深圳市,B003,7,39893,MD洗衣机,MD,洗衣机,3100,5699,B,B企业,440300,2019,1,1
2019-01-29,重庆市,B001,7,29393,MD冰箱,MD,冰箱,2500,4199,B,B企业,500000,2019,1,1
2019-01-29,厦门市,B003,5,28495,MD洗衣机,MD,洗衣机,3100,5699,B,B企业,350200,2019,1,1
2019-01-29,深圳市,B001,6,25194,MD冰箱,MD,冰箱,2500,4199,B,B企业,440300,2019,1,1
2019-01-29,重庆市,B003,5,28495,MD洗衣机,MD,洗衣机,3100,5699,B,B企业,500000,2019,1,1
2019-01-29,金华市,B003,6,34194,MD洗衣机,MD,洗衣机,3100,5699,B,B企业,330700,2019,1,1
2019-01-29,成都市,B001,4,16796,MD冰箱,MD,冰箱,2500,4199,B,B企业,510100,2019,1,1
2019-01-29,长沙市,B001,6,25194,MD冰箱,MD,冰箱,2500,4199,B,B企业,430100,2019,1,1
2019-01-29,重庆市,A003,7,32683,GL洗衣机,GL,洗衣机,3200,4669,A,A企业,500000,2019,1,1
2019-01-29,金华市,B001,6,25194,MD冰箱,MD,冰箱,2500,4199,B,B企业,330700,2019,1,1
2019-01-29,重庆市,B002,5,17995,MD电视,MD,电视,2000,4299,B,B企业,500000,2019,1,1
2019-01-29,成都市,A001,6,28014,GL冰箱,GL,冰箱,2200,4669,A,A企业,510100,2019,1,1
2019-01-29,厦门市,B001,6,25194,MD冰箱,MD,冰箱,2500,4199,B,B企业,350200,2019,1,1
2019-01-29,金华市,A003,8,37352,GL洗衣机,GL,洗衣机,3200,4669,A,A企业,330700,2019,1,1
2019-01-29,重庆市,C001,4,14396,HE冰箱,HE,冰箱,1800,3599,C,C企业,500000,2019,1,1
2019-01-29,厦门市,C002,2,8398,HE电视,HE,电视,2200,4199,C,C企业,350200,2019,1,1
2019-01-29,金华市,A001,6,28014,GL冰箱,GL,冰箱,2200,4669,A,A企业,330700,2019,1,1
2019-01-30,厦门市,B001,5,20995,MD冰箱,MD,冰箱,2500,4199,B,B企业,350200,2019,1,1
2019-01-30,金华市,C003,4,18676,HE洗衣机,HE,洗衣机,2600,4699,C,C企业,330700,2019,1,1
2019-01-30,重庆市,C002,6,25194,HE电视,HE,电视,2200,4199,C,C企业,500000,2019,1,1
2019-01-30,深圳市,C002,3,12597,HE电视,HE,电视,2200,4199,C,C企业,440300,2019,1,1
2019-01-30,重庆市,B001,6,25194,MD冰箱,MD,冰箱,2500,4199,B,B企业,500000,2019,1,1
2019-01-30,成都市,C001,4,14396,HE冰箱,HE,冰箱,1800,3599,C,C企业,510100,2019,1,1
2019-01-30,厦门市,C002,2,8398,HE电视,HE,电视,2200,4199,C,C企业,350200,2019,1,1
2019-01-30,成都市,C002,5,20995,HE电视,HE,电视,2200,4199,C,C企业,510100,2019,1,1
2019-01-30,成都市,B001,5,20995,MD冰箱,MD,冰箱,2500,4199,B,B企业,510100,2019,1,1
2019-01-30,金华市,B001,6,25194,MD冰箱,MD,冰箱,2500,4199,B,B企业,330700,2019,1,1
2019-01-30,金华市,A001,4,18676,GL冰箱,GL,冰箱,2200,4669,A,A企业,330700,2019,1,1
2019-01-30,重庆市,C003,4,18676,HE洗衣机,HE,洗衣机,2600,4699,C,C企业,500000,2019,1,1
2019-01-30,金华市,C002,6,25194,HE电视,HE,电视,2200,4199,C,C企业,330700,2019,1,1
2019-01-30,金华市,A003,9,42021,GL洗衣机,GL,洗衣机,3200,4669,A,A企业,330700,2019,1,1
2019-01-30,重庆市,A003,7,32683,GL洗衣机,GL,洗衣机,3200,4669,A,A企业,500000,2019,1,1
2019-01-30,厦门市,C003,7,32683,HE洗衣机,HE,洗衣机,2600,4699,C,C企业,350200,2019,1,1
2019-01-31,重庆市,A001,6,28014,GL冰箱,GL,冰箱,2200,4669,A,A企业,500000,2019,1,1
2019-01-31,金华市,B001,3,12597,MD冰箱,MD,冰箱,2500,4199,B,B企业,330700,2019,1,1
2019-01-31,厦门市,B001,9,37791,MD冰箱,MD,冰箱,2500,4199,B,B企业,350200,2019,1,1
2019-01-31,厦门市,C001,4,14396,HE冰箱,HE,冰箱,1800,3599,C,C企业,350200,2019,1,1
2019-01-31,重庆市,A003,2,9338,GL洗衣机,GL,洗衣机,3200,4669,A,A企业,500000,2019,1,1
2019-01-31,金华市,C001,5,17995,HE冰箱,HE,冰箱,1800,3599,C,C企业,330700,2019,1,1
2019-01-31,成都市,B001,5,20995,MD冰箱,MD,冰箱,2500,4199,B,B企业,510100,2019,1,1
2019-01-31,厦门市,A001,3,14007,GL冰箱,GL,冰箱,2200,4669,A,A企业,350200,2019,1,1
2019-01-31,金华市,B002,2,7198,MD电视,MD,电视,2000,4299,B,B企业,330700,2019,1,1
2019-01-31,金华市,A001,4,18676,GL冰箱,GL,冰箱,2200,4669,A,A企业,330700,2019,1,1
2019-01-31,重庆市,C003,3,14007,HE洗衣机,HE,洗衣机,2600,4699,C,C企业,500000,2019,1,1
2019-01-31,长沙市,B001,2,8398,MD冰箱,MD,冰箱,2500,4199,B,B企业,430100,2019,1,1
2019-01-31,成都市,B002,2,7198,MD电视,MD,电视,2000,4299,B,B企业,510100,2019,1,1
2019-01-31,金华市,A003,7,32683,GL洗衣机,GL,洗衣机,3200,4669,A,A企业,330700,2019,1,1
2019-01-31,重庆市,B002,5,17995,MD电视,MD,电视,2000,4299,B,B企业,500000,2019,1,1
2019-01-31,重庆市,B001,6,25194,MD冰箱,MD,冰箱,2500,4199,B,B企业,500000,2019,1,1
2019-01-31,成都市,C001,2,7198,HE冰箱,HE,冰箱,1800,3599,C,C企业,510100,2019,1,1
2019-02-01,成都市,B002,4,14396,MD电视,MD,电视,2000,4299,B,B企业,510100,2019,1,2
2019-02-01,金华市,B002,3,10797,MD电视,MD,电视,2000,4299,B,B企业,330700,2019,1,2
2019-02-01,重庆市,B001,3,12597,MD冰箱,MD,冰箱,2500,4199,B,B企业,500000,2019,1,2
2019-02-01,成都市,A003,7,32683,GL洗衣机,GL,洗衣机,3200,4669,A,A企业,510100,2019,1,2
2019-02-01,重庆市,C001,4,14396,HE冰箱,HE,冰箱,1800,3599,C,C企业,500000,2019,1,2
2019-02-01,深圳市,B001,5,20995,MD冰箱,MD,冰箱,2500,4199,B,B企业,440300,2019,1,2
2019-02-01,金华市,B001,4,16796,MD冰箱,MD,冰箱,2500,4199,B,B企业,330700,2019,1,2
2019-02-01,成都市,B001,3,12597,MD冰箱,MD,冰箱,2500,4199,B,B企业,510100,2019,1,2
2019-02-01,厦门市,C003,2,9338,HE洗衣机,HE,洗衣机,2600,4699,C,C企业,350200,2019,1,2
2019-02-01,上海市,B001,4,16796,MD冰箱,MD,冰箱,2500,4199,B,B企业,310000,2019,1,2
2019-02-01,重庆市,B002,6,21594,MD电视,MD,电视,2000,4299,B,B企业,500000,2019,1,2
2019-02-01,上海市,A001,4,18676,GL冰箱,GL,冰箱,2200,4669,A,A企业,310000,2019,1,2
2019-02-01,厦门市,B001,9,37791,MD冰箱,MD,冰箱,2500,4199,B,B企业,350200,2019,1,2
2019-02-01,成都市,C001,5,17995,HE冰箱,HE,冰箱,1800,3599,C,C企业,510100,2019,1,2
2019-02-01,厦门市,A001,3,14007,GL冰箱,GL,冰箱,2200,4669,A,A企业,350200,2019,1,2
2019-02-01,长沙市,A001,6,28014,GL冰箱,GL,冰箱,2200,4669,A,A企业,430100,2019,1,2
2019-02-01,金华市,A001,5,23345,GL冰箱,GL,冰箱,2200,4669,A,A企业,330700,2019,1,2
2019-02-02,成都市,B001,5,20995,MD冰箱,MD,冰箱,2500,4199,B,B企业,510100,2019,1,2
2019-02-02,厦门市,B001,3,12597,MD冰箱,MD,冰箱,2500,4199,B,B企业,350200,2019,1,2
2019-02-02,重庆市,B002,4,14396,MD电视,MD,电视,2000,4299,B,B企业,500000,2019,1,2
2019-02-02,金华市,B001,5,20995,MD冰箱,MD,冰箱,2500,4199,B,B企业,330700,2019,1,2
2019-02-02,重庆市,C003,5,23345,HE洗衣机,HE,洗衣机,2600,4699,C,C企业,500000,2019,1,2
2019-02-02,成都市,A001,6,28014,GL冰箱,GL,冰箱,2200,4669,A,A企业,510100,2019,1,2
2019-02-02,厦门市,A001,5,23345,GL冰箱,GL,冰箱,2200,4669,A,A企业,350200,2019,1,2
2019-02-02,金华市,A001,8,37352,GL冰箱,GL,冰箱,2200,4669,A,A企业,330700,2019,1,2
2019-02-02,金华市,C003,2,9338,HE洗衣机,HE,洗衣机,2600,4699,C,C企业,330700,2019,1,2
2019-02-02,重庆市,B001,4,16796,MD冰箱,MD,冰箱,2500,4199,B,B企业,500000,2019,1,2
2019-02-02,金华市,C001,7,25193,HE冰箱,HE,冰箱,1800,3599,C,C企业,330700,2019,1,2
2019-02-02,金华市,B002,6,21594,MD电视,MD,电视,2000,4299,B,B企业,330700,2019,1,2
2019-02-03,重庆市,C003,3,14007,HE洗衣机,HE,洗衣机,2600,4699,C,C企业,500000,2019,1,2
2019-02-03,厦门市,B001,2,8398,MD冰箱,MD,冰箱,2500,4199,B,B企业,350200,2019,1,2
2019-02-03,成都市,B001,6,25194,MD冰箱,MD,冰箱,2500,4199,B,B企业,510100,2019,1,2
2019-02-03,厦门市,A001,9,42021,GL冰箱,GL,冰箱,2200,4669,A,A企业,350200,2019,1,2
2019-02-03,厦门市,C002,8,33592,HE电视,HE,电视,2200,4199,C,C企业,350200,2019,1,2
2019-02-03,金华市,A001,7,32683,GL冰箱,GL,冰箱,2200,4669,A,A企业,330700,2019,1,2
2019-02-03,重庆市,C002,4,16796,HE电视,HE,电视,2200,4199,C,C企业,500000,2019,1,2
2019-02-03,金华市,B001,6,25194,MD冰箱,MD,冰箱,2500,4199,B,B企业,330700,2019,1,2
2019-02-03,重庆市,A003,2,9338,GL洗衣机,GL,洗衣机,3200,4669,A,A企业,500000,2019,1,2
2019-02-03,长沙市,B001,6,25194,MD冰箱,MD,冰箱,2500,4199,B,B企业,430100,2019,1,2
2019-02-03,重庆市,B001,5,20995,MD冰箱,MD,冰箱,2500,4199,B,B企业,500000,2019,1,2
2019-02-03,成都市,C001,4,14396,HE冰箱,HE,冰箱,1800,3599,C,C企业,510100,2019,1,2
2019-02-03,金华市,C001,6,21594,HE冰箱,HE,冰箱,1800,3599,C,C企业,330700,2019,1,2
2019-02-04,成都市,C001,4,14396,HE冰箱,HE,冰箱,1800,3599,C,C企业,510100,2019,1,2
2019-02-04,金华市,A001,5,23345,GL冰箱,GL,冰箱,2200,4669,A,A企业,330700,2019,1,2
2019-02-04,成都市,C002,5,20995,HE电视,HE,电视,2200,4199,C,C企业,510100,2019,1,2
2019-02-04,厦门市,C002,6,25194,HE电视,HE,电视,2200,4199,C,C企业,350200,2019,1,2
2019-02-04,成都市,B001,2,8398,MD冰箱,MD,冰箱,2500,4199,B,B企业,510100,2019,1,2
2019-02-04,金华市,B001,2,8398,MD冰箱,MD,冰箱,2500,4199,B,B企业,330700,2019,1,2
2019-02-04,重庆市,A003,4,18676,GL洗衣机,GL,洗衣机,3200,4669,A,A企业,500000,2019,1,2
2019-02-04,成都市,A001,3,14007,GL冰箱,GL,冰箱,2200,4669,A,A企业,510100,2019,1,2
2019-02-05,上海市,A001,7,32683,GL冰箱,GL,冰箱,2200,4669,A,A企业,310000,2019,1,2
2019-02-05,成都市,C001,3,10797,HE冰箱,HE,冰箱,1800,3599,C,C企业,510100,2019,1,2
2019-02-05,厦门市,B001,3,12597,MD冰箱,MD,冰箱,2500,4199,B,B企业,350200,2019,1,2
2019-02-05,金华市,B001,8,33592,MD冰箱,MD,冰箱,2500,4199,B,B企业,330700,2019,1,2
2019-02-05,重庆市,B002,4,14396,MD电视,MD,电视,2000,4299,B,B企业,500000,2019,1,2
2019-02-11,重庆市,A001,7,32683,GL冰箱,GL,冰箱,2200,4669,A,A企业,500000,2019,1,2
2019-02-11,长沙市,B001,2,8398,MD冰箱,MD,冰箱,2500,4199,B,B企业,430100,2019,1,2
2019-02-13,成都市,C001,8,28792,HE冰箱,HE,冰箱,1800,3599,C,C企业,510100,2019,1,2
2019-02-13,重庆市,C003,3,14007,HE洗衣机,HE,洗衣机,2600,4699,C,C企业,500000,2019,1,2
2019-02-13,金华市,A003,6,28014,GL洗衣机,GL,洗衣机,3200,4669,A,A企业,330700,2019,1,2
2019-02-13,深圳市,B001,4,16796,MD冰箱,MD,冰箱,2500,4199,B,B企业,440300,2019,1,2
2019-02-13,重庆市,C001,5,17995,HE冰箱,HE,冰箱,1800,3599,C,C企业,500000,2019,1,2
2019-02-13,长沙市,A003,2,9338,GL洗衣机,GL,洗衣机,3200,4669,A,A企业,430100,2019,1,2
2019-02-13,上海市,B001,6,25194,MD冰箱,MD,冰箱,2500,4199,B,B企业,310000,2019,1,2
2019-02-14,厦门市,B002,2,7198,MD电视,MD,电视,2000,4299,B,B企业,350200,2019,1,2
2019-02-14,上海市,A001,6,28014,GL冰箱,GL,冰箱,2200,4669,A,A企业,310000,2019,1,2
2019-02-14,成都市,B001,4,16796,MD冰箱,MD,冰箱,2500,4199,B,B企业,510100,2019,1,2
2019-02-14,长沙市,A003,5,23345,GL洗衣机,GL,洗衣机,3200,4669,A,A企业,430100,2019,1,2
2019-02-14,成都市,B002,3,10797,MD电视,MD,电视,2000,4299,B,B企业,510100,2019,1,2
2019-02-14,上海市,B001,8,33592,MD冰箱,MD,冰箱,2500,4199,B,B企业,310000,2019,1,2
2019-02-14,长沙市,A001,4,18676,GL冰箱,GL,冰箱,2200,4669,A,A企业,430100,2019,1,2
2019-02-15,上海市,A003,4,18676,GL洗衣机,GL,洗衣机,3200,4669,A,A企业,310000,2019,1,2
2019-02-15,金华市,A001,4,18676,GL冰箱,GL,冰箱,2200,4669,A,A企业,330700,2019,1,2
2019-02-15,上海市,C003,3,14007,HE洗衣机,HE,洗衣机,2600,4699,C,C企业,310000,2019,1,2
2019-02-15,金华市,C003,6,28014,HE洗衣机,HE,洗衣机,2600,4699,C,C企业,330700,2019,1,2
2019-02-15,金华市,C001,4,14396,HE冰箱,HE,冰箱,1800,3599,C,C企业,330700,2019,1,2
2019-02-15,金华市,B001,4,16796,MD冰箱,MD,冰箱,2500,4199,B,B企业,330700,2019,1,2
2019-02-15,金华市,A003,6,28014,GL洗衣机,GL,洗衣机,3200,4669,A,A企业,330700,2019,1,2
2019-02-15,金华市,B003,5,28495,MD洗衣机,MD,洗衣机,3100,5699,B,B企业,330700,2019,1,2
2019-02-15,厦门市,B001,2,8398,MD冰箱,MD,冰箱,2500,4199,B,B企业,350200,2019,1,2
2019-02-15,厦门市,B003,3,17097,MD洗衣机,MD,洗衣机,3100,5699,B,B企业,350200,2019,1,2
2019-02-16,重庆市,B001,2,8398,MD冰箱,MD,冰箱,2500,4199,B,B企业,500000,2019,1,2
2019-02-16,金华市,C001,6,21594,HE冰箱,HE,冰箱,1800,3599,C,C企业,330700,2019,1,2
2019-02-16,金华市,B003,3,17097,MD洗衣机,MD,洗衣机,3100,5699,B,B企业,330700,2019,1,2
2019-02-16,厦门市,A003,6,28014,GL洗衣机,GL,洗衣机,3200,4669,A,A企业,350200,2019,1,2
2019-02-16,重庆市,B002,7,25193,MD电视,MD,电视,2000,4299,B,B企业,500000,2019,1,2
2019-02-16,厦门市,C003,5,23345,HE洗衣机,HE,洗衣机,2600,4699,C,C企业,350200,2019,1,2
2019-02-16,厦门市,B003,6,34194,MD洗衣机,MD,洗衣机,3100,5699,B,B企业,350200,2019,1,2
2019-02-16,深圳市,C003,4,18676,HE洗衣机,HE,洗衣机,2600,4699,C,C企业,440300,2019,1,2
2019-02-16,厦门市,B001,5,20995,MD冰箱,MD,冰箱,2500,4199,B,B企业,350200,2019,1,2
2019-02-17,厦门市,B002,2,7198,MD电视,MD,电视,2000,4299,B,B企业,350200,2019,1,2
2019-02-17,金华市,B001,5,20995,MD冰箱,MD,冰箱,2500,4199,B,B企业,330700,2019,1,2
2019-02-17,厦门市,A001,6,28014,GL冰箱,GL,冰箱,2200,4669,A,A企业,350200,2019,1,2
2019-02-17,金华市,B003,2,11398,MD洗衣机,MD,洗衣机,3100,5699,B,B企业,330700,2019,1,2
2019-02-17,厦门市,B003,6,34194,MD洗衣机,MD,洗衣机,3100,5699,B,B企业,350200,2019,1,2
2019-02-17,上海市,C003,2,9338,HE洗衣机,HE,洗衣机,2600,4699,C,C企业,310000,2019,1,2
2019-02-17,金华市,C001,4,14396,HE冰箱,HE,冰箱,1800,3599,C,C企业,330700,2019,1,2
2019-02-18,上海市,B002,3,10797,MD电视,MD,电视,2000,4299,B,B企业,310000,2019,1,2
2019-02-18,成都市,B003,5,28495,MD洗衣机,MD,洗衣机,3100,5699,B,B企业,510100,2019,1,2
2019-02-18,重庆市,B001,2,8398,MD冰箱,MD,冰箱,2500,4199,B,B企业,500000,2019,1,2
2019-02-18,金华市,C001,5,17995,HE冰箱,HE,冰箱,1800,3599,C,C企业,330700,2019,1,2
2019-02-18,成都市,C003,6,28014,HE洗衣机,HE,洗衣机,2600,4699,C,C企业,510100,2019,1,2
2019-02-18,厦门市,B003,3,17097,MD洗衣机,MD,洗衣机,3100,5699,B,B企业,350200,2019,1,2
2019-02-18,厦门市,B002,5,17995,MD电视,MD,电视,2000,4299,B,B企业,350200,2019,1,2
2019-02-18,重庆市,A001,5,23345,GL冰箱,GL,冰箱,2200,4669,A,A企业,500000,2019,1,2
2019-02-18,深圳市,A003,7,32683,GL洗衣机,GL,洗衣机,3200,4669,A,A企业,440300,2019,1,2
2019-02-18,厦门市,A001,4,18676,GL冰箱,GL,冰箱,2200,4669,A,A企业,350200,2019,1,2
2019-02-19,重庆市,B001,8,33592,MD冰箱,MD,冰箱,2500,4199,B,B企业,500000,2019,1,2
2019-02-19,金华市,A003,2,9338,GL洗衣机,GL,洗衣机,3200,4669,A,A企业,330700,2019,1,2
2019-02-19,成都市,C001,5,17995,HE冰箱,HE,冰箱,1800,3599,C,C企业,510100,2019,1,2
2019-02-19,金华市,C003,3,14007,HE洗衣机,HE,洗衣机,2600,4699,C,C企业,330700,2019,1,2
2019-02-19,重庆市,B002,8,28792,MD电视,MD,电视,2000,4299,B,B企业,500000,2019,1,2
2019-02-19,金华市,B003,6,34194,MD洗衣机,MD,洗衣机,3100,5699,B,B企业,330700,2019,1,2
2019-02-19,成都市,A003,4,18676,GL洗衣机,GL,洗衣机,3200,4669,A,A企业,510100,2019,1,2
2019-02-19,厦门市,B002,5,17995,MD电视,MD,电视,2000,4299,B,B企业,350200,2019,1,2
2019-02-19,金华市,B002,5,17995,MD电视,MD,电视,2000,4299,B,B企业,330700,2019,1,2
2019-02-20,重庆市,B001,6,25194,MD冰箱,MD,冰箱,2500,4199,B,B企业,500000,2019,1,2
2019-02-20,重庆市,A003,4,18676,GL洗衣机,GL,洗衣机,3200,4669,A,A企业,500000,2019,1,2
2019-02-20,上海市,A003,6,28014,GL洗衣机,GL,洗衣机,3200,4669,A,A企业,310000,2019,1,2
2019-02-20,上海市,B001,5,20995,MD冰箱,MD,冰箱,2500,4199,B,B企业,310000,2019,1,2
2019-02-20,厦门市,C003,5,23345,HE洗衣机,HE,洗衣机,2600,4699,C,C企业,350200,2019,1,2
2019-02-20,金华市,A003,6,28014,GL洗衣机,GL,洗衣机,3200,4669,A,A企业,330700,2019,1,2
2019-02-20,成都市,B001,3,12597,MD冰箱,MD,冰箱,2500,4199,B,B企业,510100,2019,1,2
2019-02-20,成都市,B002,5,17995,MD电视,MD,电视,2000,4299,B,B企业,510100,2019,1,2
2019-02-20,金华市,C001,4,14396,HE冰箱,HE,冰箱,1800,3599,C,C企业,330700,2019,1,2
2019-02-20,上海市,A001,2,9338,GL冰箱,GL,冰箱,2200,4669,A,A企业,310000,2019,1,2
2019-02-20,厦门市,B001,8,33592,MD冰箱,MD,冰箱,2500,4199,B,B企业,350200,2019,1,2
2019-02-20,深圳市,C001,5,17995,HE冰箱,HE,冰箱,1800,3599,C,C企业,440300,2019,1,2
2019-02-20,深圳市,B001,6,25194,MD冰箱,MD,冰箱,2500,4199,B,B企业,440300,2019,1,2
2019-02-20,金华市,A001,4,18676,GL冰箱,GL,冰箱,2200,4669,A,A企业,330700,2019,1,2
2019-02-21,厦门市,B001,5,20995,MD冰箱,MD,冰箱,2500,4199,B,B企业,350200,2019,1,2
2019-02-21,重庆市,A003,9,42021,GL洗衣机,GL,洗衣机,3200,4669,A,A企业,500000,2019,1,2
2019-02-21,金华市,B001,8,33592,MD冰箱,MD,冰箱,2500,4199,B,B企业,330700,2019,1,2
2019-02-21,厦门市,A001,6,28014,GL冰箱,GL,冰箱,2200,4669,A,A企业,350200,2019,1,2
2019-02-21,厦门市,A003,4,18676,GL洗衣机,GL,洗衣机,3200,4669,A,A企业,350200,2019,1,2
2019-02-21,成都市,B001,7,29393,MD冰箱,MD,冰箱,2500,4199,B,B企业,510100,2019,1,2
2019-02-21,重庆市,B001,8,33592,MD冰箱,MD,冰箱,2500,4199,B,B企业,500000,2019,1,2
2019-02-21,厦门市,C003,8,37352,HE洗衣机,HE,洗衣机,2600,4699,C,C企业,350200,2019,1,2
2019-02-21,重庆市,C001,2,7198,HE冰箱,HE,冰箱,1800,3599,C,C企业,500000,2019,1,2
2019-02-21,长沙市,B001,5,20995,MD冰箱,MD,冰箱,2500,4199,B,B企业,430100,2019,1,2
2019-02-21,金华市,C001,6,21594,HE冰箱,HE,冰箱,1800,3599,C,C企业,330700,2019,1,2
2019-02-21,成都市,A003,6,28014,GL洗衣机,GL,洗衣机,3200,4669,A,A企业,510100,2019,1,2
2019-02-21,上海市,A003,4,18676,GL洗衣机,GL,洗衣机,3200,4669,A,A企业,310000,2019,1,2
2019-02-22,长沙市,A003,5,23345,GL洗衣机,GL,洗衣机,3200,4669,A,A企业,430100,2019,1,2
2019-02-22,金华市,B002,5,17995,MD电视,MD,电视,2000,4299,B,B企业,330700,2019,1,2
2019-02-22,厦门市,B001,4,16796,MD冰箱,MD,冰箱,2500,4199,B,B企业,350200,2019,1,2
2019-02-22,深圳市,A003,6,28014,GL洗衣机,GL,洗衣机,3200,4669,A,A企业,440300,2019,1,2
2019-02-22,深圳市,B001,8,33592,MD冰箱,MD,冰箱,2500,4199,B,B企业,440300,2019,1,2
2019-02-22,上海市,A001,3,14007,GL冰箱,GL,冰箱,2200,4669,A,A企业,310000,2019,1,2
2019-02-22,深圳市,C002,9,37791,HE电视,HE,电视,2200,4199,C,C企业,440300,2019,1,2
2019-02-22,长沙市,C001,5,17995,HE冰箱,HE,冰箱,1800,3599,C,C企业,430100,2019,1,2
2019-02-22,厦门市,C003,3,14007,HE洗衣机,HE,洗衣机,2600,4699,C,C企业,350200,2019,1,2
2019-02-22,重庆市,A003,4,18676,GL洗衣机,GL,洗衣机,3200,4669,A,A企业,500000,2019,1,2
2019-02-22,金华市,B001,6,25194,MD冰箱,MD,冰箱,2500,4199,B,B企业,330700,2019,1,2
2019-02-22,成都市,C001,4,14396,HE冰箱,HE,冰箱,1800,3599,C,C企业,510100,2019,1,2
2019-02-22,长沙市,B001,5,20995,MD冰箱,MD,冰箱,2500,4199,B,B企业,430100,2019,1,2
2019-02-22,金华市,C003,5,23345,HE洗衣机,HE,洗衣机,2600,4699,C,C企业,330700,2019,1,2
2019-02-22,厦门市,A001,5,23345,GL冰箱,GL,冰箱,2200,4669,A,A企业,350200,2019,1,2
2019-02-22,深圳市,C001,5,17995,HE冰箱,HE,冰箱,1800,3599,C,C企业,440300,2019,1,2
2019-02-23,成都市,C002,8,33592,HE电视,HE,电视,2200,4199,C,C企业,510100,2019,1,2
2019-02-23,长沙市,B001,7,29393,MD冰箱,MD,冰箱,2500,4199,B,B企业,430100,2019,1,2
2019-02-23,厦门市,A001,3,14007,GL冰箱,GL,冰箱,2200,4669,A,A企业,350200,2019,1,2
2019-02-23,金华市,A001,2,9338,GL冰箱,GL,冰箱,2200,4669,A,A企业,330700,2019,1,2
2019-02-23,长沙市,C002,4,16796,HE电视,HE,电视,2200,4199,C,C企业,430100,2019,1,2
2019-02-23,厦门市,B001,2,8398,MD冰箱,MD,冰箱,2500,4199,B,B企业,350200,2019,1,2
2019-02-23,金华市,B001,7,29393,MD冰箱,MD,冰箱,2500,4199,B,B企业,330700,2019,1,2
2019-02-23,深圳市,B001,5,20995,MD冰箱,MD,冰箱,2500,4199,B,B企业,440300,2019,1,2
2019-02-24,成都市,C002,4,16796,HE电视,HE,电视,2200,4199,C,C企业,510100,2019,1,2
2019-02-24,重庆市,C001,7,25193,HE冰箱,HE,冰箱,1800,3599,C,C企业,500000,2019,1,2
2019-02-24,厦门市,C002,3,12597,HE电视,HE,电视,2200,4199,C,C企业,350200,2019,1,2
2019-02-24,长沙市,A001,3,14007,GL冰箱,GL,冰箱,2200,4669,A,A企业,430100,2019,1,2
2019-02-24,金华市,C001,2,7198,HE冰箱,HE,冰箱,1800,3599,C,C企业,330700,2019,1,2
2019-02-24,重庆市,B001,6,25194,MD冰箱,MD,冰箱,2500,4199,B,B企业,500000,2019,1,2
2019-02-24,金华市,B001,4,16796,MD冰箱,MD,冰箱,2500,4199,B,B企业,330700,2019,1,2
2019-02-24,金华市,A001,2,9338,GL冰箱,GL,冰箱,2200,4669,A,A企业,330700,2019,1,2
2019-02-24,金华市,A003,6,28014,GL洗衣机,GL,洗衣机,3200,4669,A,A企业,330700,2019,1,2
2019-02-24,厦门市,B002,5,17995,MD电视,MD,电视,2000,4299,B,B企业,350200,2019,1,2
2019-02-24,厦门市,C001,2,7198,HE冰箱,HE,冰箱,1800,3599,C,C企业,350200,2019,1,2
2019-02-24,重庆市,B003,2,11398,MD洗衣机,MD,洗衣机,3100,5699,B,B企业,500000,2019,1,2
2019-02-24,金华市,B002,4,14396,MD电视,MD,电视,2000,4299,B,B企业,330700,2019,1,2
2019-02-24,上海市,A003,5,23345,GL洗衣机,GL,洗衣机,3200,4669,A,A企业,310000,2019,1,2
2019-02-24,成都市,A001,5,23345,GL冰箱,GL,冰箱,2200,4669,A,A企业,510100,2019,1,2
2019-02-24,上海市,B003,6,34194,MD洗衣机,MD,洗衣机,3100,5699,B,B企业,310000,2019,1,2
2019-02-24,成都市,C001,5,17995,HE冰箱,HE,冰箱,1800,3599,C,C企业,510100,2019,1,2
2019-02-25,重庆市,A003,5,23345,GL洗衣机,GL,洗衣机,3200,4669,A,A企业,500000,2019,1,2
2019-02-25,深圳市,C001,6,21594,HE冰箱,HE,冰箱,1800,3599,C,C企业,440300,2019,1,2
2019-02-25,金华市,C003,8,37352,HE洗衣机,HE,洗衣机,2600,4699,C,C企业,330700,2019,1,2
2019-02-25,金华市,B001,7,29393,MD冰箱,MD,冰箱,2500,4199,B,B企业,330700,2019,1,2
2019-02-25,成都市,B003,2,11398,MD洗衣机,MD,洗衣机,3100,5699,B,B企业,510100,2019,1,2
2019-02-25,金华市,B003,6,34194,MD洗衣机,MD,洗衣机,3100,5699,B,B企业,330700,2019,1,2
2019-02-25,重庆市,B003,9,51291,MD洗衣机,MD,洗衣机,3100,5699,B,B企业,500000,2019,1,2
2019-02-25,金华市,A003,4,18676,GL洗衣机,GL,洗衣机,3200,4669,A,A企业,330700,2019,1,2
2019-02-25,成都市,B002,4,14396,MD电视,MD,电视,2000,4299,B,B企业,510100,2019,1,2
2019-02-25,金华市,A001,2,9338,GL冰箱,GL,冰箱,2200,4669,A,A企业,330700,2019,1,2
2019-02-25,厦门市,C003,4,18676,HE洗衣机,HE,洗衣机,2600,4699,C,C企业,350200,2019,1,2
2019-02-25,深圳市,B002,7,25193,MD电视,MD,电视,2000,4299,B,B企业,440300,2019,1,2
2019-02-26,厦门市,B003,4,22796,MD洗衣机,MD,洗衣机,3100,5699,B,B企业,350200,2019,1,2
2019-02-26,上海市,B003,5,28495,MD洗衣机,MD,洗衣机,3100,5699,B,B企业,310000,2019,1,2
2019-02-26,金华市,B001,5,20995,MD冰箱,MD,冰箱,2500,4199,B,B企业,330700,2019,1,2
2019-02-26,重庆市,B002,6,21594,MD电视,MD,电视,2000,4299,B,B企业,500000,2019,1,2
2019-02-26,金华市,A001,3,14007,GL冰箱,GL,冰箱,2200,4669,A,A企业,330700,2019,1,2
2019-02-26,重庆市,C001,4,14396,HE冰箱,HE,冰箱,1800,3599,C,C企业,500000,2019,1,2
2019-02-26,金华市,B002,6,21594,MD电视,MD,电视,2000,4299,B,B企业,330700,2019,1,2
2019-02-26,厦门市,B001,4,16796,MD冰箱,MD,冰箱,2500,4199,B,B企业,350200,2019,1,2
2019-02-26,重庆市,B001,4,16796,MD冰箱,MD,冰箱,2500,4199,B,B企业,500000,2019,1,2
2019-02-26,成都市,B002,5,17995,MD电视,MD,电视,2000,4299,B,B企业,510100,2019,1,2
2019-02-26,厦门市,C001,6,21594,HE冰箱,HE,冰箱,1800,3599,C,C企业,350200,2019,1,2
2019-02-26,厦门市,B002,5,17995,MD电视,MD,电视,2000,4299,B,B企业,350200,2019,1,2
2019-02-26,上海市,A003,4,18676,GL洗衣机,GL,洗衣机,3200,4669,A,A企业,310000,2019,1,2
2019-02-27,上海市,B002,2,7198,MD电视,MD,电视,2000,4299,B,B企业,310000,2019,1,2
2019-02-27,厦门市,A003,4,18676,GL洗衣机,GL,洗衣机,3200,4669,A,A企业,350200,2019,1,2
2019-02-27,重庆市,B001,8,33592,MD冰箱,MD,冰箱,2500,4199,B,B企业,500000,2019,1,2
2019-02-27,厦门市,C001,5,17995,HE冰箱,HE,冰箱,1800,3599,C,C企业,350200,2019,1,2
2019-02-27,厦门市,B001,2,8398,MD冰箱,MD,冰箱,2500,4199,B,B企业,350200,2019,1,2
2019-02-27,重庆市,A003,6,28014,GL洗衣机,GL,洗衣机,3200,4669,A,A企业,500000,2019,1,2
2019-02-27,厦门市,B002,3,10797,MD电视,MD,电视,2000,4299,B,B企业,350200,2019,1,2
2019-02-27,厦门市,A001,5,23345,GL冰箱,GL,冰箱,2200,4669,A,A企业,350200,2019,1,2
2019-02-27,金华市,B001,6,25194,MD冰箱,MD,冰箱,2500,4199,B,B企业,330700,2019,1,2
2019-02-27,重庆市,C003,8,37352,HE洗衣机,HE,洗衣机,2600,4699,C,C企业,500000,2019,1,2
2019-02-27,金华市,A003,6,28014,GL洗衣机,GL,洗衣机,3200,4669,A,A企业,330700,2019,1,2
2019-02-27,厦门市,C003,4,18676,HE洗衣机,HE,洗衣机,2600,4699,C,C企业,350200,2019,1,2
2019-02-28,厦门市,B002,4,14396,MD电视,MD,电视,2000,4299,B,B企业,350200,2019,1,2
2019-02-28,金华市,B002,4,14396,MD电视,MD,电视,2000,4299,B,B企业,330700,2019,1,2
2019-02-28,金华市,C001,7,25193,HE冰箱,HE,冰箱,1800,3599,C,C企业,330700,2019,1,2
2019-02-28,金华市,B001,2,8398,MD冰箱,MD,冰箱,2500,4199,B,B企业,330700,2019,1,2
2019-02-28,深圳市,A003,7,32683,GL洗衣机,GL,洗衣机,3200,4669,A,A企业,440300,2019,1,2
2019-02-28,金华市,C002,5,20995,HE电视,HE,电视,2200,4199,C,C企业,330700,2019,1,2
2019-02-28,重庆市,B001,5,20995,MD冰箱,MD,冰箱,2500,4199,B,B企业,500000,2019,1,2
2019-02-28,长沙市,B001,6,25194,MD冰箱,MD,冰箱,2500,4199,B,B企业,430100,2019,1,2
2019-02-28,厦门市,B001,4,16796,MD冰箱,MD,冰箱,2500,4199,B,B企业,350200,2019,1,2
2019-02-28,厦门市,C002,2,8398,HE电视,HE,电视,2200,4199,C,C企业,350200,2019,1,2
2019-02-28,厦门市,C003,7,32683,HE洗衣机,HE,洗衣机,2600,4699,C,C企业,350200,2019,1,2
2019-02-28,厦门市,A003,7,32683,GL洗衣机,GL,洗衣机,3200,4669,A,A企业,350200,2019,1,2
2019-02-28,长沙市,A003,7,32683,GL洗衣机,GL,洗衣机,3200,4669,A,A企业,430100,2019,1,2
2019-02-28,重庆市,A003,5,23345,GL洗衣机,GL,洗衣机,3200,4669,A,A企业,500000,2019,1,2
2019-02-28,深圳市,B001,4,16796,MD冰箱,MD,冰箱,2500,4199,B,B企业,440300,2019,1,2
2019-03-01,厦门市,C002,8,33592,HE电视,HE,电视,2200,4199,C,C企业,350200,2019,1,3
2019-03-01,长沙市,C002,5,20995,HE电视,HE,电视,2200,4199,C,C企业,430100,2019,1,3
2019-03-01,金华市,A003,9,42021,GL洗衣机,GL,洗衣机,3200,4669,A,A企业,330700,2019,1,3
2019-03-01,深圳市,B002,6,21594,MD电视,MD,电视,2000,4299,B,B企业,440300,2019,1,3
2019-03-01,金华市,C001,3,10797,HE冰箱,HE,冰箱,1800,3599,C,C企业,330700,2019,1,3
2019-03-01,重庆市,B001,3,12597,MD冰箱,MD,冰箱,2500,4199,B,B企业,500000,2019,1,3
2019-03-01,成都市,B001,9,37791,MD冰箱,MD,冰箱,2500,4199,B,B企业,510100,2019,1,3
2019-03-01,长沙市,B001,9,37791,MD冰箱,MD,冰箱,2500,4199,B,B企业,430100,2019,1,3
2019-03-01,厦门市,A003,6,28014,GL洗衣机,GL,洗衣机,3200,4669,A,A企业,350200,2019,1,3
2019-03-01,厦门市,B001,3,12597,MD冰箱,MD,冰箱,2500,4199,B,B企业,350200,2019,1,3
2019-03-01,厦门市,B002,4,14396,MD电视,MD,电视,2000,4299,B,B企业,350200,2019,1,3
2019-03-01,金华市,B002,2,7198,MD电视,MD,电视,2000,4299,B,B企业,330700,2019,1,3
2019-03-01,厦门市,C003,6,28014,HE洗衣机,HE,洗衣机,2600,4699,C,C企业,350200,2019,1,3
2019-03-01,深圳市,C001,6,21594,HE冰箱,HE,冰箱,1800,3599,C,C企业,440300,2019,1,3
2019-03-01,深圳市,B001,5,20995,MD冰箱,MD,冰箱,2500,4199,B,B企业,440300,2019,1,3
2019-03-01,上海市,A003,6,28014,GL洗衣机,GL,洗衣机,3200,4669,A,A企业,310000,2019,1,3
2019-03-01,成都市,B002,6,21594,MD电视,MD,电视,2000,4299,B,B企业,510100,2019,1,3
2019-03-01,深圳市,A003,5,23345,GL洗衣机,GL,洗衣机,3200,4669,A,A企业,440300,2019,1,3
2019-03-01,上海市,C001,6,21594,HE冰箱,HE,冰箱,1800,3599,C,C企业,310000,2019,1,3
2019-03-01,厦门市,A001,6,28014,GL冰箱,GL,冰箱,2200,4669,A,A企业,350200,2019,1,3
2019-03-01,长沙市,A001,4,18676,GL冰箱,GL,冰箱,2200,4669,A,A企业,430100,2019,1,3
2019-03-01,金华市,A001,4,18676,GL冰箱,GL,冰箱,2200,4669,A,A企业,330700,2019,1,3
2019-03-02,长沙市,B001,7,29393,MD冰箱,MD,冰箱,2500,4199,B,B企业,430100,2019,1,3
2019-03-02,金华市,A003,3,14007,GL洗衣机,GL,洗衣机,3200,4669,A,A企业,330700,2019,1,3
2019-03-02,重庆市,B001,9,37791,MD冰箱,MD,冰箱,2500,4199,B,B企业,500000,2019,1,3
2019-03-02,金华市,B001,7,29393,MD冰箱,MD,冰箱,2500,4199,B,B企业,330700,2019,1,3
2019-03-02,上海市,B001,2,8398,MD冰箱,MD,冰箱,2500,4199,B,B企业,310000,2019,1,3
2019-03-02,成都市,C001,3,10797,HE冰箱,HE,冰箱,1800,3599,C,C企业,510100,2019,1,3
2019-03-02,金华市,C001,8,28792,HE冰箱,HE,冰箱,1800,3599,C,C企业,330700,2019,1,3
2019-03-02,厦门市,C001,4,14396,HE冰箱,HE,冰箱,1800,3599,C,C企业,350200,2019,1,3
2019-03-02,金华市,C003,3,14007,HE洗衣机,HE,洗衣机,2600,4699,C,C企业,330700,2019,1,3
2019-03-02,厦门市,B001,3,12597,MD冰箱,MD,冰箱,2500,4199,B,B企业,350200,2019,1,3
2019-03-02,重庆市,C001,4,14396,HE冰箱,HE,冰箱,1800,3599,C,C企业,500000,2019,1,3
2019-03-02,上海市,C001,3,10797,HE冰箱,HE,冰箱,1800,3599,C,C企业,310000,2019,1,3
2019-03-02,厦门市,B002,4,14396,MD电视,MD,电视,2000,4299,B,B企业,350200,2019,1,3
2019-03-02,成都市,B002,5,17995,MD电视,MD,电视,2000,4299,B,B企业,510100,2019,1,3
2019-03-02,成都市,A001,8,37352,GL冰箱,GL,冰箱,2200,4669,A,A企业,510100,2019,1,3
2019-03-03,金华市,A003,3,14007,GL洗衣机,GL,洗衣机,3200,4669,A,A企业,330700,2019,1,3
2019-03-03,厦门市,A003,6,28014,GL洗衣机,GL,洗衣机,3200,4669,A,A企业,350200,2019,1,3
2019-03-03,成都市,B001,6,25194,MD冰箱,MD,冰箱,2500,4199,B,B企业,510100,2019,1,3
2019-03-03,长沙市,A003,6,28014,GL洗衣机,GL,洗衣机,3200,4669,A,A企业,430100,2019,1,3
2019-03-03,厦门市,B001,4,16796,MD冰箱,MD,冰箱,2500,4199,B,B企业,350200,2019,1,3
2019-03-03,成都市,B002,6,21594,MD电视,MD,电视,2000,4299,B,B企业,510100,2019,1,3
2019-03-03,金华市,A001,2,9338,GL冰箱,GL,冰箱,2200,4669,A,A企业,330700,2019,1,3
2019-03-03,金华市,C003,5,23345,HE洗衣机,HE,洗衣机,2600,4699,C,C企业,330700,2019,1,3
2019-03-04,厦门市,C001,7,25193,HE冰箱,HE,冰箱,1800,3599,C,C企业,350200,2019,1,3
2019-03-04,金华市,B002,4,14396,MD电视,MD,电视,2000,4299,B,B企业,330700,2019,1,3
2019-03-04,深圳市,B001,6,25194,MD冰箱,MD,冰箱,2500,4199,B,B企业,440300,2019,1,3
2019-03-04,成都市,B001,5,20995,MD冰箱,MD,冰箱,2500,4199,B,B企业,510100,2019,1,3
2019-03-04,厦门市,B001,3,12597,MD冰箱,MD,冰箱,2500,4199,B,B企业,350200,2019,1,3
2019-03-04,成都市,A003,5,23345,GL洗衣机,GL,洗衣机,3200,4669,A,A企业,510100,2019,1,3
2019-03-04,长沙市,A003,9,42021,GL洗衣机,GL,洗衣机,3200,4669,A,A企业,430100,2019,1,3
2019-03-04,厦门市,B002,4,14396,MD电视,MD,电视,2000,4299,B,B企业,350200,2019,1,3
2019-03-04,金华市,A003,3,14007,GL洗衣机,GL,洗衣机,3200,4669,A,A企业,330700,2019,1,3
2019-03-04,重庆市,B001,6,25194,MD冰箱,MD,冰箱,2500,4199,B,B企业,500000,2019,1,3
2019-03-04,长沙市,A001,7,32683,GL冰箱,GL,冰箱,2200,4669,A,A企业,430100,2019,1,3
2019-03-04,长沙市,B001,9,37791,MD冰箱,MD,冰箱,2500,4199,B,B企业,430100,2019,1,3
2019-03-04,深圳市,B002,3,10797,MD电视,MD,电视,2000,4299,B,B企业,440300,2019,1,3
2019-03-04,金华市,B001,5,20995,MD冰箱,MD,冰箱,2500,4199,B,B企业,330700,2019,1,3
2019-03-05,成都市,B001,5,20995,MD冰箱,MD,冰箱,2500,4199,B,B企业,510100,2019,1,3
2019-03-05,上海市,B002,5,17995,MD电视,MD,电视,2000,4299,B,B企业,310000,2019,1,3
2019-03-05,金华市,A003,6,28014,GL洗衣机,GL,洗衣机,3200,4669,A,A企业,330700,2019,1,3
2019-03-05,成都市,C002,6,25194,HE电视,HE,电视,2200,4199,C,C企业,510100,2019,1,3
2019-03-05,金华市,B001,5,20995,MD冰箱,MD,冰箱,2500,4199,B,B企业,330700,2019,1,3
2019-03-05,上海市,B003,4,22796,MD洗衣机,MD,洗衣机,3100,5699,B,B企业,310000,2019,1,3
2019-03-05,厦门市,C001,5,17995,HE冰箱,HE,冰箱,1800,3599,C,C企业,350200,2019,1,3
2019-03-05,金华市,C001,6,21594,HE冰箱,HE,冰箱,1800,3599,C,C企业,330700,2019,1,3
2019-03-05,金华市,C002,7,29393,HE电视,HE,电视,2200,4199,C,C企业,330700,2019,1,3
2019-03-05,金华市,C003,5,23345,HE洗衣机,HE,洗衣机,2600,4699,C,C企业,330700,2019,1,3
2019-03-05,厦门市,C002,8,33592,HE电视,HE,电视,2200,4199,C,C企业,350200,2019,1,3
2019-03-05,厦门市,B003,4,22796,MD洗衣机,MD,洗衣机,3100,5699,B,B企业,350200,2019,1,3
2019-03-05,深圳市,C002,3,12597,HE电视,HE,电视,2200,4199,C,C企业,440300,2019,1,3
2019-03-05,重庆市,C002,3,12597,HE电视,HE,电视,2200,4199,C,C企业,500000,2019,1,3
2019-03-05,上海市,A003,3,14007,GL洗衣机,GL,洗衣机,3200,4669,A,A企业,310000,2019,1,3
2019-03-05,金华市,A001,5,23345,GL冰箱,GL,冰箱,2200,4669,A,A企业,330700,2019,1,3
2019-03-06,厦门市,B001,3,12597,MD冰箱,MD,冰箱,2500,4199,B,B企业,350200,2019,1,3
2019-03-06,深圳市,C003,4,18676,HE洗衣机,HE,洗衣机,2600,4699,C,C企业,440300,2019,1,3
2019-03-06,金华市,C002,6,25194,HE电视,HE,电视,2200,4199,C,C企业,330700,2019,1,3
2019-03-06,成都市,B001,2,8398,MD冰箱,MD,冰箱,2500,4199,B,B企业,510100,2019,1,3
2019-03-06,金华市,A003,4,18676,GL洗衣机,GL,洗衣机,3200,4669,A,A企业,330700,2019,1,3
2019-03-06,上海市,B003,6,34194,MD洗衣机,MD,洗衣机,3100,5699,B,B企业,310000,2019,1,3
2019-03-06,成都市,C002,3,12597,HE电视,HE,电视,2200,4199,C,C企业,510100,2019,1,3
2019-03-06,重庆市,B003,6,34194,MD洗衣机,MD,洗衣机,3100,5699,B,B企业,500000,2019,1,3
2019-03-06,金华市,C001,4,14396,HE冰箱,HE,冰箱,1800,3599,C,C企业,330700,2019,1,3
2019-03-06,重庆市,A003,9,42021,GL洗衣机,GL,洗衣机,3200,4669,A,A企业,500000,2019,1,3
2019-03-06,成都市,C001,9,32391,HE冰箱,HE,冰箱,1800,3599,C,C企业,510100,2019,1,3
2019-03-06,深圳市,B003,7,39893,MD洗衣机,MD,洗衣机,3100,5699,B,B企业,440300,2019,1,3
2019-03-06,重庆市,B001,2,8398,MD冰箱,MD,冰箱,2500,4199,B,B企业,500000,2019,1,3
2019-03-06,上海市,A001,8,37352,GL冰箱,GL,冰箱,2200,4669,A,A企业,310000,2019,1,3
2019-03-06,成都市,A001,7,32683,GL冰箱,GL,冰箱,2200,4669,A,A企业,510100,2019,1,3
2019-03-06,金华市,A001,4,18676,GL冰箱,GL,冰箱,2200,4669,A,A企业,330700,2019,1,3
2019-03-06,长沙市,B003,3,17097,MD洗衣机,MD,洗衣机,3100,5699,B,B企业,430100,2019,1,3
2019-03-06,长沙市,B001,3,12597,MD冰箱,MD,冰箱,2500,4199,B,B企业,430100,2019,1,3
2019-03-07,金华市,C001,9,32391,HE冰箱,HE,冰箱,1800,3599,C,C企业,330700,2019,1,3
2019-03-07,厦门市,B003,4,22796,MD洗衣机,MD,洗衣机,3100,5699,B,B企业,350200,2019,1,3
2019-03-07,金华市,B002,7,25193,MD电视,MD,电视,2000,4299,B,B企业,330700,2019,1,3
2019-03-07,长沙市,B002,4,14396,MD电视,MD,电视,2000,4299,B,B企业,430100,2019,1,3
2019-03-07,长沙市,B003,5,28495,MD洗衣机,MD,洗衣机,3100,5699,B,B企业,430100,2019,1,3
2019-03-07,长沙市,C001,3,10797,HE冰箱,HE,冰箱,1800,3599,C,C企业,430100,2019,1,3
2019-03-07,成都市,B003,9,51291,MD洗衣机,MD,洗衣机,3100,5699,B,B企业,510100,2019,1,3
2019-03-07,重庆市,A003,4,18676,GL洗衣机,GL,洗衣机,3200,4669,A,A企业,500000,2019,1,3
2019-03-07,金华市,A001,6,28014,GL冰箱,GL,冰箱,2200,4669,A,A企业,330700,2019,1,3
2019-03-07,长沙市,B001,4,16796,MD冰箱,MD,冰箱,2500,4199,B,B企业,430100,2019,1,3
2019-03-07,金华市,B003,9,51291,MD洗衣机,MD,洗衣机,3100,5699,B,B企业,330700,2019,1,3
2019-03-07,长沙市,A003,5,23345,GL洗衣机,GL,洗衣机,3200,4669,A,A企业,430100,2019,1,3
2019-03-07,上海市,A001,4,18676,GL冰箱,GL,冰箱,2200,4669,A,A企业,310000,2019,1,3
2019-03-07,重庆市,B001,7,29393,MD冰箱,MD,冰箱,2500,4199,B,B企业,500000,2019,1,3
2019-03-07,重庆市,A001,8,37352,GL冰箱,GL,冰箱,2200,4669,A,A企业,500000,2019,1,3
2019-03-07,成都市,B002,5,17995,MD电视,MD,电视,2000,4299,B,B企业,510100,2019,1,3
2019-03-08,成都市,B002,9,32391,MD电视,MD,电视,2000,4299,B,B企业,510100,2019,1,3
2019-03-08,深圳市,A003,8,37352,GL洗衣机,GL,洗衣机,3200,4669,A,A企业,440300,2019,1,3
2019-03-08,金华市,B003,4,22796,MD洗衣机,MD,洗衣机,3100,5699,B,B企业,330700,2019,1,3
2019-03-08,厦门市,A001,2,9338,GL冰箱,GL,冰箱,2200,4669,A,A企业,350200,2019,1,3
2019-03-08,重庆市,B003,6,34194,MD洗衣机,MD,洗衣机,3100,5699,B,B企业,500000,2019,1,3
2019-03-08,长沙市,B003,7,39893,MD洗衣机,MD,洗衣机,3100,5699,B,B企业,430100,2019,1,3
2019-03-08,金华市,B001,4,16796,MD冰箱,MD,冰箱,2500,4199,B,B企业,330700,2019,1,3
2019-03-08,厦门市,B001,5,20995,MD冰箱,MD,冰箱,2500,4199,B,B企业,350200,2019,1,3
2019-03-08,厦门市,C001,5,17995,HE冰箱,HE,冰箱,1800,3599,C,C企业,350200,2019,1,3
2019-03-08,长沙市,B001,6,25194,MD冰箱,MD,冰箱,2500,4199,B,B企业,430100,2019,1,3
2019-03-08,深圳市,B001,4,16796,MD冰箱,MD,冰箱,2500,4199,B,B企业,440300,2019,1,3
2019-03-08,重庆市,A003,2,9338,GL洗衣机,GL,洗衣机,3200,4669,A,A企业,500000,2019,1,3
2019-03-08,长沙市,A001,6,28014,GL冰箱,GL,冰箱,2200,4669,A,A企业,430100,2019,1,3
2019-03-09,金华市,C003,7,32683,HE洗衣机,HE,洗衣机,2600,4699,C,C企业,330700,2019,1,3
2019-03-09,重庆市,B001,7,29393,MD冰箱,MD,冰箱,2500,4199,B,B企业,500000,2019,1,3
2019-03-09,长沙市,B001,3,12597,MD冰箱,MD,冰箱,2500,4199,B,B企业,430100,2019,1,3
2019-03-09,金华市,A001,6,28014,GL冰箱,GL,冰箱,2200,4669,A,A企业,330700,2019,1,3
2019-03-09,上海市,B001,5,20995,MD冰箱,MD,冰箱,2500,4199,B,B企业,310000,2019,1,3
2019-03-09,金华市,B001,4,16796,MD冰箱,MD,冰箱,2500,4199,B,B企业,330700,2019,1,3
2019-03-09,深圳市,A001,7,32683,GL冰箱,GL,冰箱,2200,4669,A,A企业,440300,2019,1,3
2019-03-09,成都市,C001,5,17995,HE冰箱,HE,冰箱,1800,3599,C,C企业,510100,2019,1,3
2019-03-09,重庆市,A001,5,23345,GL冰箱,GL,冰箱,2200,4669,A,A企业,500000,2019,1,3
2019-03-09,厦门市,B002,4,14396,MD电视,MD,电视,2000,4299,B,B企业,350200,2019,1,3
2019-03-09,金华市,B002,2,7198,MD电视,MD,电视,2000,4299,B,B企业,330700,2019,1,3
2019-03-09,厦门市,A001,3,14007,GL冰箱,GL,冰箱,2200,4669,A,A企业,350200,2019,1,3
2019-03-09,成都市,B001,7,29393,MD冰箱,MD,冰箱,2500,4199,B,B企业,510100,2019,1,3
2019-03-09,厦门市,A003,2,9338,GL洗衣机,GL,洗衣机,3200,4669,A,A企业,350200,2019,1,3
2019-03-09,成都市,A001,6,28014,GL冰箱,GL,冰箱,2200,4669,A,A企业,510100,2019,1,3
2019-03-09,金华市,C001,5,17995,HE冰箱,HE,冰箱,1800,3599,C,C企业,330700,2019,1,3
2019-03-10,重庆市,B001,5,20995,MD冰箱,MD,冰箱,2500,4199,B,B企业,500000,2019,1,3
2019-03-10,金华市,C001,4,14396,HE冰箱,HE,冰箱,1800,3599,C,C企业,330700,2019,1,3
2019-03-10,金华市,B002,8,28792,MD电视,MD,电视,2000,4299,B,B企业,330700,2019,1,3
2019-03-10,金华市,A001,8,37352,GL冰箱,GL,冰箱,2200,4669,A,A企业,330700,2019,1,3
2019-03-10,深圳市,B001,6,25194,MD冰箱,MD,冰箱,2500,4199,B,B企业,440300,2019,1,3
2019-03-10,上海市,A003,2,9338,GL洗衣机,GL,洗衣机,3200,4669,A,A企业,310000,2019,1,3
2019-03-10,厦门市,B001,5,20995,MD冰箱,MD,冰箱,2500,4199,B,B企业,350200,2019,1,3
2019-03-10,金华市,B001,6,25194,MD冰箱,MD,冰箱,2500,4199,B,B企业,330700,2019,1,3
2019-03-10,成都市,B002,9,32391,MD电视,MD,电视,2000,4299,B,B企业,510100,2019,1,3
2019-03-10,深圳市,A003,4,18676,GL洗衣机,GL,洗衣机,3200,4669,A,A企业,440300,2019,1,3
2019-03-10,厦门市,C003,6,28014,HE洗衣机,HE,洗衣机,2600,4699,C,C企业,350200,2019,1,3
2019-03-10,重庆市,A001,6,28014,GL冰箱,GL,冰箱,2200,4669,A,A企业,500000,2019,1,3
2019-03-10,厦门市,B002,6,21594,MD电视,MD,电视,2000,4299,B,B企业,350200,2019,1,3
2019-03-10,厦门市,A001,4,18676,GL冰箱,GL,冰箱,2200,4669,A,A企业,350200,2019,1,3
2019-03-10,金华市,C003,2,9338,HE洗衣机,HE,洗衣机,2600,4699,C,C企业,330700,2019,1,3
2019-03-11,金华市,C002,2,8398,HE电视,HE,电视,2200,4199,C,C企业,330700,2019,1,3
2019-03-11,重庆市,A003,8,37352,GL洗衣机,GL,洗衣机,3200,4669,A,A企业,500000,2019,1,3
2019-03-11,厦门市,A003,3,14007,GL洗衣机,GL,洗衣机,3200,4669,A,A企业,350200,2019,1,3
2019-03-11,成都市,C002,5,20995,HE电视,HE,电视,2200,4199,C,C企业,510100,2019,1,3
2019-03-11,厦门市,C001,7,25193,HE冰箱,HE,冰箱,1800,3599,C,C企业,350200,2019,1,3
2019-03-11,成都市,A003,4,18676,GL洗衣机,GL,洗衣机,3200,4669,A,A企业,510100,2019,1,3
2019-03-11,重庆市,C001,5,17995,HE冰箱,HE,冰箱,1800,3599,C,C企业,500000,2019,1,3
2019-03-11,成都市,B001,6,25194,MD冰箱,MD,冰箱,2500,4199,B,B企业,510100,2019,1,3
2019-03-11,成都市,A001,6,28014,GL冰箱,GL,冰箱,2200,4669,A,A企业,510100,2019,1,3
2019-03-11,长沙市,C002,6,25194,HE电视,HE,电视,2200,4199,C,C企业,430100,2019,1,3
2019-03-11,深圳市,B001,4,16796,MD冰箱,MD,冰箱,2500,4199,B,B企业,440300,2019,1,3
2019-03-11,金华市,A001,5,23345,GL冰箱,GL,冰箱,2200,4669,A,A企业,330700,2019,1,3
2019-03-11,金华市,C001,6,21594,HE冰箱,HE,冰箱,1800,3599,C,C企业,330700,2019,1,3
2019-03-11,厦门市,B001,5,20995,MD冰箱,MD,冰箱,2500,4199,B,B企业,350200,2019,1,3
2019-03-11,金华市,B001,6,25194,MD冰箱,MD,冰箱,2500,4199,B,B企业,330700,2019,1,3
2019-03-11,长沙市,A003,5,23345,GL洗衣机,GL,洗衣机,3200,4669,A,A企业,430100,2019,1,3
2019-03-11,金华市,A003,5,23345,GL洗衣机,GL,洗衣机,3200,4669,A,A企业,330700,2019,1,3
2019-03-11,厦门市,C002,4,16796,HE电视,HE,电视,2200,4199,C,C企业,350200,2019,1,3
2019-03-12,重庆市,B001,4,16796,MD冰箱,MD,冰箱,2500,4199,B,B企业,500000,2019,1,3
2019-03-12,金华市,B001,4,16796,MD冰箱,MD,冰箱,2500,4199,B,B企业,330700,2019,1,3
2019-03-12,厦门市,B001,6,25194,MD冰箱,MD,冰箱,2500,4199,B,B企业,350200,2019,1,3
2019-03-12,深圳市,C001,2,7198,HE冰箱,HE,冰箱,1800,3599,C,C企业,440300,2019,1,3
2019-03-12,长沙市,C003,4,18676,HE洗衣机,HE,洗衣机,2600,4699,C,C企业,430100,2019,1,3
2019-03-12,重庆市,C001,5,17995,HE冰箱,HE,冰箱,1800,3599,C,C企业,500000,2019,1,3
2019-03-12,厦门市,C003,4,18676,HE洗衣机,HE,洗衣机,2600,4699,C,C企业,350200,2019,1,3
2019-03-12,厦门市,C002,9,37791,HE电视,HE,电视,2200,4199,C,C企业,350200,2019,1,3
2019-03-12,金华市,C002,6,25194,HE电视,HE,电视,2200,4199,C,C企业,330700,2019,1,3
2019-03-12,成都市,A003,3,14007,GL洗衣机,GL,洗衣机,3200,4669,A,A企业,510100,2019,1,3
2019-03-12,金华市,A003,6,28014,GL洗衣机,GL,洗衣机,3200,4669,A,A企业,330700,2019,1,3
2019-03-13,重庆市,A001,8,37352,GL冰箱,GL,冰箱,2200,4669,A,A企业,500000,2019,1,3
2019-03-13,厦门市,C001,5,17995,HE冰箱,HE,冰箱,1800,3599,C,C企业,350200,2019,1,3
2019-03-13,金华市,C003,9,42021,HE洗衣机,HE,洗衣机,2600,4699,C,C企业,330700,2019,1,3
2019-03-13,长沙市,B001,6,25194,MD冰箱,MD,冰箱,2500,4199,B,B企业,430100,2019,1,3
2019-03-13,金华市,A001,2,9338,GL冰箱,GL,冰箱,2200,4669,A,A企业,330700,2019,1,3
2019-03-13,深圳市,B001,5,20995,MD冰箱,MD,冰箱,2500,4199,B,B企业,440300,2019,1,3
2019-03-13,上海市,B001,5,20995,MD冰箱,MD,冰箱,2500,4199,B,B企业,310000,2019,1,3
2019-03-13,深圳市,C003,5,23345,HE洗衣机,HE,洗衣机,2600,4699,C,C企业,440300,2019,1,3
2019-03-13,厦门市,A003,3,14007,GL洗衣机,GL,洗衣机,3200,4669,A,A企业,350200,2019,1,3
2019-03-13,厦门市,B001,6,25194,MD冰箱,MD,冰箱,2500,4199,B,B企业,350200,2019,1,3
2019-03-13,金华市,C001,5,17995,HE冰箱,HE,冰箱,1800,3599,C,C企业,330700,2019,1,3
2019-03-13,重庆市,C001,7,25193,HE冰箱,HE,冰箱,1800,3599,C,C企业,500000,2019,1,3
2019-03-13,金华市,B001,3,12597,MD冰箱,MD,冰箱,2500,4199,B,B企业,330700,2019,1,3
2019-03-13,成都市,B001,6,25194,MD冰箱,MD,冰箱,2500,4199,B,B企业,510100,2019,1,3
2019-03-13,深圳市,A003,6,28014,GL洗衣机,GL,洗衣机,3200,4669,A,A企业,440300,2019,1,3
2019-03-13,长沙市,A001,2,9338,GL冰箱,GL,冰箱,2200,4669,A,A企业,430100,2019,1,3
2019-03-13,深圳市,C001,6,21594,HE冰箱,HE,冰箱,1800,3599,C,C企业,440300,2019,1,3
2019-03-13,成都市,A003,2,9338,GL洗衣机,GL,洗衣机,3200,4669,A,A企业,510100,2019,1,3
2019-03-13,重庆市,B001,6,25194,MD冰箱,MD,冰箱,2500,4199,B,B企业,500000,2019,1,3
2019-03-13,长沙市,A003,3,14007,GL洗衣机,GL,洗衣机,3200,4669,A,A企业,430100,2019,1,3
2019-03-13,成都市,C001,4,14396,HE冰箱,HE,冰箱,1800,3599,C,C企业,510100,2019,1,3
2019-03-13,重庆市,C003,4,18676,HE洗衣机,HE,洗衣机,2600,4699,C,C企业,500000,2019,1,3
2019-03-14,重庆市,C001,3,10797,HE冰箱,HE,冰箱,1800,3599,C,C企业,500000,2019,1,3
2019-03-14,长沙市,C001,4,14396,HE冰箱,HE,冰箱,1800,3599,C,C企业,430100,2019,1,3
2019-03-14,成都市,C001,4,14396,HE冰箱,HE,冰箱,1800,3599,C,C企业,510100,2019,1,3
2019-03-14,厦门市,B001,9,37791,MD冰箱,MD,冰箱,2500,4199,B,B企业,350200,2019,1,3
2019-03-14,深圳市,C003,5,23345,HE洗衣机,HE,洗衣机,2600,4699,C,C企业,440300,2019,1,3
2019-03-14,上海市,B001,4,16796,MD冰箱,MD,冰箱,2500,4199,B,B企业,310000,2019,1,3
2019-03-14,深圳市,A003,5,23345,GL洗衣机,GL,洗衣机,3200,4669,A,A企业,440300,2019,1,3
2019-03-14,重庆市,A001,8,37352,GL冰箱,GL,冰箱,2200,4669,A,A企业,500000,2019,1,3
2019-03-14,金华市,C002,7,29393,HE电视,HE,电视,2200,4199,C,C企业,330700,2019,1,3
2019-03-14,深圳市,B001,4,16796,MD冰箱,MD,冰箱,2500,4199,B,B企业,440300,2019,1,3
2019-03-14,重庆市,B001,8,33592,MD冰箱,MD,冰箱,2500,4199,B,B企业,500000,2019,1,3
2019-03-14,成都市,A001,8,37352,GL冰箱,GL,冰箱,2200,4669,A,A企业,510100,2019,1,3
2019-03-14,上海市,C001,5,17995,HE冰箱,HE,冰箱,1800,3599,C,C企业,310000,2019,1,3
2019-03-14,金华市,B001,2,8398,MD冰箱,MD,冰箱,2500,4199,B,B企业,330700,2019,1,3
2019-03-14,深圳市,C001,5,17995,HE冰箱,HE,冰箱,1800,3599,C,C企业,440300,2019,1,3
2019-03-14,成都市,B001,9,37791,MD冰箱,MD,冰箱,2500,4199,B,B企业,510100,2019,1,3
2019-03-14,厦门市,C001,7,25193,HE冰箱,HE,冰箱,1800,3599,C,C企业,350200,2019,1,3
2019-03-14,厦门市,C002,7,29393,HE电视,HE,电视,2200,4199,C,C企业,350200,2019,1,3
2019-03-15,成都市,C001,5,17995,HE冰箱,HE,冰箱,1800,3599,C,C企业,510100,2019,1,3
2019-03-15,厦门市,A001,4,18676,GL冰箱,GL,冰箱,2200,4669,A,A企业,350200,2019,1,3
2019-03-15,上海市,B001,8,33592,MD冰箱,MD,冰箱,2500,4199,B,B企业,310000,2019,1,3
2019-03-15,金华市,B001,6,25194,MD冰箱,MD,冰箱,2500,4199,B,B企业,330700,2019,1,3
2019-03-15,长沙市,C001,6,21594,HE冰箱,HE,冰箱,1800,3599,C,C企业,430100,2019,1,3
2019-03-15,长沙市,B001,3,12597,MD冰箱,MD,冰箱,2500,4199,B,B企业,430100,2019,1,3
2019-03-15,厦门市,A003,6,28014,GL洗衣机,GL,洗衣机,3200,4669,A,A企业,350200,2019,1,3
2019-03-15,成都市,A001,7,32683,GL冰箱,GL,冰箱,2200,4669,A,A企业,510100,2019,1,3
2019-03-15,成都市,B001,5,20995,MD冰箱,MD,冰箱,2500,4199,B,B企业,510100,2019,1,3
2019-03-15,厦门市,B001,6,25194,MD冰箱,MD,冰箱,2500,4199,B,B企业,350200,2019,1,3
2019-03-15,长沙市,C002,6,25194,HE电视,HE,电视,2200,4199,C,C企业,430100,2019,1,3
2019-03-15,深圳市,A001,9,42021,GL冰箱,GL,冰箱,2200,4669,A,A企业,440300,2019,1,3
2019-03-15,厦门市,C001,6,21594,HE冰箱,HE,冰箱,1800,3599,C,C企业,350200,2019,1,3
2019-03-15,金华市,A001,6,28014,GL冰箱,GL,冰箱,2200,4669,A,A企业,330700,2019,1,3
2019-03-15,长沙市,A001,5,23345,GL冰箱,GL,冰箱,2200,4669,A,A企业,430100,2019,1,3
2019-03-16,重庆市,B001,5,20995,MD冰箱,MD,冰箱,2500,4199,B,B企业,500000,2019,1,3
2019-03-16,厦门市,C002,2,8398,HE电视,HE,电视,2200,4199,C,C企业,350200,2019,1,3
2019-03-16,金华市,C001,4,14396,HE冰箱,HE,冰箱,1800,3599,C,C企业,330700,2019,1,3
2019-03-16,长沙市,A003,2,9338,GL洗衣机,GL,洗衣机,3200,4669,A,A企业,430100,2019,1,3
2019-03-16,厦门市,A001,6,28014,GL冰箱,GL,冰箱,2200,4669,A,A企业,350200,2019,1,3
2019-03-16,金华市,B001,2,8398,MD冰箱,MD,冰箱,2500,4199,B,B企业,330700,2019,1,3
2019-03-16,成都市,B002,4,14396,MD电视,MD,电视,2000,4299,B,B企业,510100,2019,1,3
2019-03-16,金华市,B002,4,14396,MD电视,MD,电视,2000,4299,B,B企业,330700,2019,1,3
2019-03-16,深圳市,B001,6,25194,MD冰箱,MD,冰箱,2500,4199,B,B企业,440300,2019,1,3
2019-03-16,厦门市,C001,2,7198,HE冰箱,HE,冰箱,1800,3599,C,C企业,350200,2019,1,3
2019-03-16,长沙市,B002,2,7198,MD电视,MD,电视,2000,4299,B,B企业,430100,2019,1,3
2019-03-16,厦门市,C003,7,32683,HE洗衣机,HE,洗衣机,2600,4699,C,C企业,350200,2019,1,3
2019-03-16,厦门市,B001,7,29393,MD冰箱,MD,冰箱,2500,4199,B,B企业,350200,2019,1,3
2019-03-17,深圳市,A003,5,23345,GL洗衣机,GL,洗衣机,3200,4669,A,A企业,440300,2019,1,3
2019-03-17,深圳市,B002,7,25193,MD电视,MD,电视,2000,4299,B,B企业,440300,2019,1,3
2019-03-17,金华市,A003,4,18676,GL洗衣机,GL,洗衣机,3200,4669,A,A企业,330700,2019,1,3
2019-03-17,厦门市,A003,4,18676,GL洗衣机,GL,洗衣机,3200,4669,A,A企业,350200,2019,1,3
2019-03-17,成都市,B001,6,25194,MD冰箱,MD,冰箱,2500,4199,B,B企业,510100,2019,1,3
2019-03-17,长沙市,B001,6,25194,MD冰箱,MD,冰箱,2500,4199,B,B企业,430100,2019,1,3
2019-03-17,成都市,A003,7,32683,GL洗衣机,GL,洗衣机,3200,4669,A,A企业,510100,2019,1,3
2019-03-17,金华市,C001,6,21594,HE冰箱,HE,冰箱,1800,3599,C,C企业,330700,2019,1,3
2019-03-17,金华市,B001,9,37791,MD冰箱,MD,冰箱,2500,4199,B,B企业,330700,2019,1,3
2019-03-17,成都市,B002,5,17995,MD电视,MD,电视,2000,4299,B,B企业,510100,2019,1,3
2019-03-17,重庆市,B001,5,20995,MD冰箱,MD,冰箱,2500,4199,B,B企业,500000,2019,1,3
2019-03-17,金华市,C003,2,9338,HE洗衣机,HE,洗衣机,2600,4699,C,C企业,330700,2019,1,3
2019-03-17,厦门市,B001,4,16796,MD冰箱,MD,冰箱,2500,4199,B,B企业,350200,2019,1,3
2019-03-17,重庆市,B002,3,10797,MD电视,MD,电视,2000,4299,B,B企业,500000,2019,1,3
2019-03-17,重庆市,C001,6,21594,HE冰箱,HE,冰箱,1800,3599,C,C企业,500000,2019,1,3
2019-03-17,成都市,C001,2,7198,HE冰箱,HE,冰箱,1800,3599,C,C企业,510100,2019,1,3
2019-03-18,深圳市,A003,8,37352,GL洗衣机,GL,洗衣机,3200,4669,A,A企业,440300,2019,1,3
2019-03-18,金华市,B001,3,12597,MD冰箱,MD,冰箱,2500,4199,B,B企业,330700,2019,1,3
2019-03-18,厦门市,B001,4,16796,MD冰箱,MD,冰箱,2500,4199,B,B企业,350200,2019,1,3
2019-03-18,厦门市,C001,4,14396,HE冰箱,HE,冰箱,1800,3599,C,C企业,350200,2019,1,3
2019-03-18,金华市,B002,7,25193,MD电视,MD,电视,2000,4299,B,B企业,330700,2019,1,3
2019-03-18,重庆市,B001,3,12597,MD冰箱,MD,冰箱,2500,4199,B,B企业,500000,2019,1,3
2019-03-18,深圳市,B001,3,12597,MD冰箱,MD,冰箱,2500,4199,B,B企业,440300,2019,1,3
2019-03-18,金华市,C001,4,14396,HE冰箱,HE,冰箱,1800,3599,C,C企业,330700,2019,1,3
2019-03-18,重庆市,A001,5,23345,GL冰箱,GL,冰箱,2200,4669,A,A企业,500000,2019,1,3
2019-03-18,深圳市,C001,7,25193,HE冰箱,HE,冰箱,1800,3599,C,C企业,440300,2019,1,3
2019-03-18,厦门市,B002,8,28792,MD电视,MD,电视,2000,4299,B,B企业,350200,2019,1,3
2019-03-18,重庆市,B002,4,14396,MD电视,MD,电视,2000,4299,B,B企业,500000,2019,1,3
2019-03-18,成都市,C001,3,10797,HE冰箱,HE,冰箱,1800,3599,C,C企业,510100,2019,1,3
2019-03-18,重庆市,C001,5,17995,HE冰箱,HE,冰箱,1800,3599,C,C企业,500000,2019,1,3
2019-03-18,金华市,A001,9,42021,GL冰箱,GL,冰箱,2200,4669,A,A企业,330700,2019,1,3
2019-03-19,深圳市,B001,4,16796,MD冰箱,MD,冰箱,2500,4199,B,B企业,440300,2019,1,3
2019-03-19,深圳市,A003,7,32683,GL洗衣机,GL,洗衣机,3200,4669,A,A企业,440300,2019,1,3
2019-03-19,金华市,B001,2,8398,MD冰箱,MD,冰箱,2500,4199,B,B企业,330700,2019,1,3
2019-03-19,厦门市,A001,6,28014,GL冰箱,GL,冰箱,2200,4669,A,A企业,350200,2019,1,3
2019-03-19,厦门市,B001,3,12597,MD冰箱,MD,冰箱,2500,4199,B,B企业,350200,2019,1,3
2019-03-19,金华市,A001,5,23345,GL冰箱,GL,冰箱,2200,4669,A,A企业,330700,2019,1,3
2019-03-19,深圳市,C003,7,32683,HE洗衣机,HE,洗衣机,2600,4699,C,C企业,440300,2019,1,3
2019-03-19,成都市,B001,6,25194,MD冰箱,MD,冰箱,2500,4199,B,B企业,510100,2019,1,3
2019-03-19,上海市,C003,3,14007,HE洗衣机,HE,洗衣机,2600,4699,C,C企业,310000,2019,1,3
2019-03-19,上海市,B001,9,37791,MD冰箱,MD,冰箱,2500,4199,B,B企业,310000,2019,1,3
2019-03-19,成都市,A001,7,32683,GL冰箱,GL,冰箱,2200,4669,A,A企业,510100,2019,1,3
2019-03-19,厦门市,A003,8,37352,GL洗衣机,GL,洗衣机,3200,4669,A,A企业,350200,2019,1,3
2019-03-20,金华市,B001,7,29393,MD冰箱,MD,冰箱,2500,4199,B,B企业,330700,2019,1,3
2019-03-20,重庆市,B001,5,20995,MD冰箱,MD,冰箱,2500,4199,B,B企业,500000,2019,1,3
2019-03-20,上海市,C002,3,12597,HE电视,HE,电视,2200,4199,C,C企业,310000,2019,1,3
2019-03-20,金华市,A001,5,23345,GL冰箱,GL,冰箱,2200,4669,A,A企业,330700,2019,1,3
2019-03-20,厦门市,C003,7,32683,HE洗衣机,HE,洗衣机,2600,4699,C,C企业,350200,2019,1,3
2019-03-20,成都市,C001,4,14396,HE冰箱,HE,冰箱,1800,3599,C,C企业,510100,2019,1,3
2019-03-20,重庆市,C002,5,20995,HE电视,HE,电视,2200,4199,C,C企业,500000,2019,1,3
2019-03-20,厦门市,C002,6,25194,HE电视,HE,电视,2200,4199,C,C企业,350200,2019,1,3
2019-03-20,深圳市,B001,5,20995,MD冰箱,MD,冰箱,2500,4199,B,B企业,440300,2019,1,3
2019-03-20,重庆市,A003,7,32683,GL洗衣机,GL,洗衣机,3200,4669,A,A企业,500000,2019,1,3
2019-03-20,长沙市,A003,7,32683,GL洗衣机,GL,洗衣机,3200,4669,A,A企业,430100,2019,1,3
2019-03-20,深圳市,C003,5,23345,HE洗衣机,HE,洗衣机,2600,4699,C,C企业,440300,2019,1,3
2019-03-20,成都市,B001,5,20995,MD冰箱,MD,冰箱,2500,4199,B,B企业,510100,2019,1,3
2019-03-20,上海市,B001,3,12597,MD冰箱,MD,冰箱,2500,4199,B,B企业,310000,2019,1,3
2019-03-20,成都市,C002,3,12597,HE电视,HE,电视,2200,4199,C,C企业,510100,2019,1,3
2019-03-20,重庆市,B003,9,51291,MD洗衣机,MD,洗衣机,3100,5699,B,B企业,500000,2019,1,3
2019-03-20,长沙市,B001,4,16796,MD冰箱,MD,冰箱,2500,4199,B,B企业,430100,2019,1,3
2019-03-20,长沙市,C002,7,29393,HE电视,HE,电视,2200,4199,C,C企业,430100,2019,1,3
2019-03-20,金华市,C001,7,25193,HE冰箱,HE,冰箱,1800,3599,C,C企业,330700,2019,1,3
2019-03-21,深圳市,B001,2,8398,MD冰箱,MD,冰箱,2500,4199,B,B企业,440300,2019,1,3
2019-03-21,成都市,C003,4,18676,HE洗衣机,HE,洗衣机,2600,4699,C,C企业,510100,2019,1,3
2019-03-21,厦门市,B001,6,25194,MD冰箱,MD,冰箱,2500,4199,B,B企业,350200,2019,1,3
2019-03-21,长沙市,A003,5,23345,GL洗衣机,GL,洗衣机,3200,4669,A,A企业,430100,2019,1,3
2019-03-21,厦门市,A003,6,28014,GL洗衣机,GL,洗衣机,3200,4669,A,A企业,350200,2019,1,3
2019-03-21,厦门市,B003,2,11398,MD洗衣机,MD,洗衣机,3100,5699,B,B企业,350200,2019,1,3
2019-03-21,重庆市,B003,5,28495,MD洗衣机,MD,洗衣机,3100,5699,B,B企业,500000,2019,1,3
2019-03-21,厦门市,C001,8,28792,HE冰箱,HE,冰箱,1800,3599,C,C企业,350200,2019,1,3
2019-03-21,成都市,B003,6,34194,MD洗衣机,MD,洗衣机,3100,5699,B,B企业,510100,2019,1,3
2019-03-21,重庆市,C003,6,28014,HE洗衣机,HE,洗衣机,2600,4699,C,C企业,500000,2019,1,3
2019-03-21,重庆市,A003,2,9338,GL洗衣机,GL,洗衣机,3200,4669,A,A企业,500000,2019,1,3
2019-03-21,厦门市,C003,6,28014,HE洗衣机,HE,洗衣机,2600,4699,C,C企业,350200,2019,1,3
2019-03-21,金华市,C002,6,25194,HE电视,HE,电视,2200,4199,C,C企业,330700,2019,1,3
2019-03-21,厦门市,B002,6,21594,MD电视,MD,电视,2000,4299,B,B企业,350200,2019,1,3
2019-03-21,成都市,B002,6,21594,MD电视,MD,电视,2000,4299,B,B企业,510100,2019,1,3
2019-03-21,金华市,B003,5,28495,MD洗衣机,MD,洗衣机,3100,5699,B,B企业,330700,2019,1,3
2019-03-21,重庆市,C001,7,25193,HE冰箱,HE,冰箱,1800,3599,C,C企业,500000,2019,1,3
2019-03-21,深圳市,B002,2,7198,MD电视,MD,电视,2000,4299,B,B企业,440300,2019,1,3
2019-03-21,深圳市,B003,6,34194,MD洗衣机,MD,洗衣机,3100,5699,B,B企业,440300,2019,1,3
2019-03-21,金华市,C003,4,18676,HE洗衣机,HE,洗衣机,2600,4699,C,C企业,330700,2019,1,3
2019-03-21,深圳市,C001,5,17995,HE冰箱,HE,冰箱,1800,3599,C,C企业,440300,2019,1,3
2019-03-21,长沙市,B001,8,33592,MD冰箱,MD,冰箱,2500,4199,B,B企业,430100,2019,1,3
2019-03-21,长沙市,C001,6,21594,HE冰箱,HE,冰箱,1800,3599,C,C企业,430100,2019,1,3
2019-03-22,金华市,A001,7,32683,GL冰箱,GL,冰箱,2200,4669,A,A企业,330700,2019,1,3
2019-03-22,金华市,B003,6,34194,MD洗衣机,MD,洗衣机,3100,5699,B,B企业,330700,2019,1,3
2019-03-22,上海市,B001,3,12597,MD冰箱,MD,冰箱,2500,4199,B,B企业,310000,2019,1,3
2019-03-22,厦门市,B003,2,11398,MD洗衣机,MD,洗衣机,3100,5699,B,B企业,350200,2019,1,3
2019-03-22,重庆市,B001,4,16796,MD冰箱,MD,冰箱,2500,4199,B,B企业,500000,2019,1,3
2019-03-22,长沙市,A001,2,9338,GL冰箱,GL,冰箱,2200,4669,A,A企业,430100,2019,1,3
2019-03-22,深圳市,A003,2,9338,GL洗衣机,GL,洗衣机,3200,4669,A,A企业,440300,2019,1,3
2019-03-22,上海市,A001,9,42021,GL冰箱,GL,冰箱,2200,4669,A,A企业,310000,2019,1,3
2019-03-22,长沙市,C003,9,42021,HE洗衣机,HE,洗衣机,2600,4699,C,C企业,430100,2019,1,3
2019-03-22,深圳市,C001,3,10797,HE冰箱,HE,冰箱,1800,3599,C,C企业,440300,2019,1,3
2019-03-22,成都市,B002,7,25193,MD电视,MD,电视,2000,4299,B,B企业,510100,2019,1,3
2019-03-22,金华市,B002,4,14396,MD电视,MD,电视,2000,4299,B,B企业,330700,2019,1,3
2019-03-22,金华市,B001,2,8398,MD冰箱,MD,冰箱,2500,4199,B,B企业,330700,2019,1,3
2019-03-22,厦门市,B001,3,12597,MD冰箱,MD,冰箱,2500,4199,B,B企业,350200,2019,1,3
2019-03-22,成都市,B001,8,33592,MD冰箱,MD,冰箱,2500,4199,B,B企业,510100,2019,1,3
2019-03-22,成都市,C001,4,14396,HE冰箱,HE,冰箱,1800,3599,C,C企业,510100,2019,1,3
2019-03-22,金华市,A003,7,32683,GL洗衣机,GL,洗衣机,3200,4669,A,A企业,330700,2019,1,3
2019-03-22,厦门市,C001,5,17995,HE冰箱,HE,冰箱,1800,3599,C,C企业,350200,2019,1,3
2019-03-23,厦门市,A001,2,9338,GL冰箱,GL,冰箱,2200,4669,A,A企业,350200,2019,1,3
2019-03-23,金华市,A001,4,18676,GL冰箱,GL,冰箱,2200,4669,A,A企业,330700,2019,1,3
2019-03-23,成都市,B001,6,25194,MD冰箱,MD,冰箱,2500,4199,B,B企业,510100,2019,1,3
2019-03-23,重庆市,B001,2,8398,MD冰箱,MD,冰箱,2500,4199,B,B企业,500000,2019,1,3
2019-03-23,厦门市,B001,2,8398,MD冰箱,MD,冰箱,2500,4199,B,B企业,350200,2019,1,3
2019-03-23,金华市,B001,7,29393,MD冰箱,MD,冰箱,2500,4199,B,B企业,330700,2019,1,3
2019-03-23,厦门市,C003,2,9338,HE洗衣机,HE,洗衣机,2600,4699,C,C企业,350200,2019,1,3
2019-03-23,金华市,B002,3,10797,MD电视,MD,电视,2000,4299,B,B企业,330700,2019,1,3
2019-03-23,金华市,A003,5,23345,GL洗衣机,GL,洗衣机,3200,4669,A,A企业,330700,2019,1,3
2019-03-23,成都市,A001,5,23345,GL冰箱,GL,冰箱,2200,4669,A,A企业,510100,2019,1,3
2019-03-23,重庆市,C001,4,14396,HE冰箱,HE,冰箱,1800,3599,C,C企业,500000,2019,1,3
2019-03-23,深圳市,B001,4,16796,MD冰箱,MD,冰箱,2500,4199,B,B企业,440300,2019,1,3
2019-03-23,成都市,B002,4,14396,MD电视,MD,电视,2000,4299,B,B企业,510100,2019,1,3
2019-03-23,厦门市,C001,5,17995,HE冰箱,HE,冰箱,1800,3599,C,C企业,350200,2019,1,3
2019-03-23,厦门市,A003,3,14007,GL洗衣机,GL,洗衣机,3200,4669,A,A企业,350200,2019,1,3
2019-03-24,厦门市,B001,4,16796,MD冰箱,MD,冰箱,2500,4199,B,B企业,350200,2019,1,3
2019-03-24,金华市,B001,5,20995,MD冰箱,MD,冰箱,2500,4199,B,B企业,330700,2019,1,3
2019-03-24,金华市,A003,5,23345,GL洗衣机,GL,洗衣机,3200,4669,A,A企业,330700,2019,1,3
2019-03-24,深圳市,C001,5,17995,HE冰箱,HE,冰箱,1800,3599,C,C企业,440300,2019,1,3
2019-03-24,重庆市,A003,3,14007,GL洗衣机,GL,洗衣机,3200,4669,A,A企业,500000,2019,1,3
2019-03-24,深圳市,B002,5,17995,MD电视,MD,电视,2000,4299,B,B企业,440300,2019,1,3
2019-03-24,厦门市,B002,5,17995,MD电视,MD,电视,2000,4299,B,B企业,350200,2019,1,3
2019-03-24,重庆市,B001,5,20995,MD冰箱,MD,冰箱,2500,4199,B,B企业,500000,2019,1,3
2019-03-24,成都市,C001,4,14396,HE冰箱,HE,冰箱,1800,3599,C,C企业,510100,2019,1,3
2019-03-24,重庆市,B002,7,25193,MD电视,MD,电视,2000,4299,B,B企业,500000,2019,1,3
2019-03-24,成都市,B001,7,29393,MD冰箱,MD,冰箱,2500,4199,B,B企业,510100,2019,1,3
2019-03-24,上海市,B001,2,8398,MD冰箱,MD,冰箱,2500,4199,B,B企业,310000,2019,1,3
2019-03-24,成都市,A001,2,9338,GL冰箱,GL,冰箱,2200,4669,A,A企业,510100,2019,1,3
2019-03-24,深圳市,A003,6,28014,GL洗衣机,GL,洗衣机,3200,4669,A,A企业,440300,2019,1,3
2019-03-24,成都市,A003,5,23345,GL洗衣机,GL,洗衣机,3200,4669,A,A企业,510100,2019,1,3
2019-03-24,深圳市,B001,5,20995,MD冰箱,MD,冰箱,2500,4199,B,B企业,440300,2019,1,3
2019-03-24,厦门市,C003,3,14007,HE洗衣机,HE,洗衣机,2600,4699,C,C企业,350200,2019,1,3
2019-03-25,金华市,B001,4,16796,MD冰箱,MD,冰箱,2500,4199,B,B企业,330700,2019,1,3
2019-03-25,金华市,C003,6,28014,HE洗衣机,HE,洗衣机,2600,4699,C,C企业,330700,2019,1,3
2019-03-25,金华市,C001,7,25193,HE冰箱,HE,冰箱,1800,3599,C,C企业,330700,2019,1,3
2019-03-25,上海市,B001,3,12597,MD冰箱,MD,冰箱,2500,4199,B,B企业,310000,2019,1,3
2019-03-25,深圳市,A003,6,28014,GL洗衣机,GL,洗衣机,3200,4669,A,A企业,440300,2019,1,3
2019-03-25,重庆市,B001,2,8398,MD冰箱,MD,冰箱,2500,4199,B,B企业,500000,2019,1,3
2019-03-25,重庆市,C001,6,21594,HE冰箱,HE,冰箱,1800,3599,C,C企业,500000,2019,1,3
2019-03-25,深圳市,B001,2,8398,MD冰箱,MD,冰箱,2500,4199,B,B企业,440300,2019,1,3
2019-03-25,厦门市,B001,8,33592,MD冰箱,MD,冰箱,2500,4199,B,B企业,350200,2019,1,3
2019-03-25,金华市,A001,5,23345,GL冰箱,GL,冰箱,2200,4669,A,A企业,330700,2019,1,3
2019-03-25,上海市,C003,5,23345,HE洗衣机,HE,洗衣机,2600,4699,C,C企业,310000,2019,1,3
2019-03-25,金华市,C002,8,33592,HE电视,HE,电视,2200,4199,C,C企业,330700,2019,1,3
2019-03-25,重庆市,A003,3,14007,GL洗衣机,GL,洗衣机,3200,4669,A,A企业,500000,2019,1,3
2019-03-25,厦门市,C002,6,25194,HE电视,HE,电视,2200,4199,C,C企业,350200,2019,1,3
2019-03-25,深圳市,C001,8,28792,HE冰箱,HE,冰箱,1800,3599,C,C企业,440300,2019,1,3
2019-03-26,重庆市,B001,7,29393,MD冰箱,MD,冰箱,2500,4199,B,B企业,500000,2019,1,3
2019-03-26,金华市,C002,4,16796,HE电视,HE,电视,2200,4199,C,C企业,330700,2019,1,3
2019-03-26,成都市,B001,4,16796,MD冰箱,MD,冰箱,2500,4199,B,B企业,510100,2019,1,3
2019-03-26,上海市,A003,4,18676,GL洗衣机,GL,洗衣机,3200,4669,A,A企业,310000,2019,1,3
2019-03-26,深圳市,B001,7,29393,MD冰箱,MD,冰箱,2500,4199,B,B企业,440300,2019,1,3
2019-03-26,金华市,C001,3,10797,HE冰箱,HE,冰箱,1800,3599,C,C企业,330700,2019,1,3
2019-03-26,重庆市,C003,3,14007,HE洗衣机,HE,洗衣机,2600,4699,C,C企业,500000,2019,1,3
2019-03-26,深圳市,A001,3,14007,GL冰箱,GL,冰箱,2200,4669,A,A企业,440300,2019,1,3
2019-03-26,金华市,A003,6,28014,GL洗衣机,GL,洗衣机,3200,4669,A,A企业,330700,2019,1,3
2019-03-26,成都市,C001,3,10797,HE冰箱,HE,冰箱,1800,3599,C,C企业,510100,2019,1,3
2019-03-26,深圳市,A003,5,23345,GL洗衣机,GL,洗衣机,3200,4669,A,A企业,440300,2019,1,3
2019-03-26,厦门市,C002,5,20995,HE电视,HE,电视,2200,4199,C,C企业,350200,2019,1,3
2019-03-26,上海市,B001,7,29393,MD冰箱,MD,冰箱,2500,4199,B,B企业,310000,2019,1,3
2019-03-26,厦门市,B001,4,16796,MD冰箱,MD,冰箱,2500,4199,B,B企业,350200,2019,1,3
2019-03-26,金华市,B001,7,29393,MD冰箱,MD,冰箱,2500,4199,B,B企业,330700,2019,1,3
2019-03-26,厦门市,A001,2,9338,GL冰箱,GL,冰箱,2200,4669,A,A企业,350200,2019,1,3
2019-03-26,厦门市,A003,6,28014,GL洗衣机,GL,洗衣机,3200,4669,A,A企业,350200,2019,1,3
2019-03-26,长沙市,C003,5,23345,HE洗衣机,HE,洗衣机,2600,4699,C,C企业,430100,2019,1,3
2019-03-26,上海市,B003,5,28495,MD洗衣机,MD,洗衣机,3100,5699,B,B企业,310000,2019,1,3
2019-03-26,长沙市,A001,3,14007,GL冰箱,GL,冰箱,2200,4669,A,A企业,430100,2019,1,3
2019-03-26,深圳市,C003,4,18676,HE洗衣机,HE,洗衣机,2600,4699,C,C企业,440300,2019,1,3
2019-03-26,深圳市,C001,8,28792,HE冰箱,HE,冰箱,1800,3599,C,C企业,440300,2019,1,3
2019-03-27,金华市,B003,5,28495,MD洗衣机,MD,洗衣机,3100,5699,B,B企业,330700,2019,1,3
2019-03-27,重庆市,C003,3,14007,HE洗衣机,HE,洗衣机,2600,4699,C,C企业,500000,2019,1,3
2019-03-27,深圳市,B003,2,11398,MD洗衣机,MD,洗衣机,3100,5699,B,B企业,440300,2019,1,3
2019-03-27,上海市,B003,3,17097,MD洗衣机,MD,洗衣机,3100,5699,B,B企业,310000,2019,1,3
2019-03-27,金华市,C003,4,18676,HE洗衣机,HE,洗衣机,2600,4699,C,C企业,330700,2019,1,3
2019-03-27,厦门市,B003,4,22796,MD洗衣机,MD,洗衣机,3100,5699,B,B企业,350200,2019,1,3
2019-03-27,长沙市,B001,5,20995,MD冰箱,MD,冰箱,2500,4199,B,B企业,430100,2019,1,3
2019-03-27,重庆市,C001,6,21594,HE冰箱,HE,冰箱,1800,3599,C,C企业,500000,2019,1,3
2019-03-27,长沙市,A001,6,28014,GL冰箱,GL,冰箱,2200,4669,A,A企业,430100,2019,1,3
2019-03-27,重庆市,B001,6,25194,MD冰箱,MD,冰箱,2500,4199,B,B企业,500000,2019,1,3
2019-03-27,厦门市,B001,7,29393,MD冰箱,MD,冰箱,2500,4199,B,B企业,350200,2019,1,3
2019-03-27,深圳市,A003,5,23345,GL洗衣机,GL,洗衣机,3200,4669,A,A企业,440300,2019,1,3
2019-03-27,厦门市,C001,4,14396,HE冰箱,HE,冰箱,1800,3599,C,C企业,350200,2019,1,3
2019-03-27,成都市,C001,6,21594,HE冰箱,HE,冰箱,1800,3599,C,C企业,510100,2019,1,3
2019-03-27,重庆市,A003,8,37352,GL洗衣机,GL,洗衣机,3200,4669,A,A企业,500000,2019,1,3
2019-03-27,金华市,C001,3,10797,HE冰箱,HE,冰箱,1800,3599,C,C企业,330700,2019,1,3
2019-03-27,长沙市,C001,5,17995,HE冰箱,HE,冰箱,1800,3599,C,C企业,430100,2019,1,3
2019-03-27,深圳市,C001,2,7198,HE冰箱,HE,冰箱,1800,3599,C,C企业,440300,2019,1,3
2019-03-27,深圳市,B001,3,12597,MD冰箱,MD,冰箱,2500,4199,B,B企业,440300,2019,1,3
2019-03-27,厦门市,A001,4,18676,GL冰箱,GL,冰箱,2200,4669,A,A企业,350200,2019,1,3
2019-03-27,成都市,B001,7,29393,MD冰箱,MD,冰箱,2500,4199,B,B企业,510100,2019,1,3
2019-03-27,深圳市,C003,5,23345,HE洗衣机,HE,洗衣机,2600,4699,C,C企业,440300,2019,1,3
2019-03-27,成都市,C002,2,8398,HE电视,HE,电视,2200,4199,C,C企业,510100,2019,1,3
2019-03-27,金华市,B001,6,25194,MD冰箱,MD,冰箱,2500,4199,B,B企业,330700,2019,1,3
2019-03-27,金华市,C002,2,8398,HE电视,HE,电视,2200,4199,C,C企业,330700,2019,1,3
2019-03-27,金华市,A003,7,32683,GL洗衣机,GL,洗衣机,3200,4669,A,A企业,330700,2019,1,3
2019-03-28,金华市,B001,3,12597,MD冰箱,MD,冰箱,2500,4199,B,B企业,330700,2019,1,3
2019-03-28,深圳市,A003,4,18676,GL洗衣机,GL,洗衣机,3200,4669,A,A企业,440300,2019,1,3
2019-03-28,重庆市,C001,3,10797,HE冰箱,HE,冰箱,1800,3599,C,C企业,500000,2019,1,3
2019-03-28,厦门市,C001,9,32391,HE冰箱,HE,冰箱,1800,3599,C,C企业,350200,2019,1,3
2019-03-28,长沙市,C001,5,17995,HE冰箱,HE,冰箱,1800,3599,C,C企业,430100,2019,1,3
2019-03-28,重庆市,C002,3,12597,HE电视,HE,电视,2200,4199,C,C企业,500000,2019,1,3
2019-03-28,金华市,A001,4,18676,GL冰箱,GL,冰箱,2200,4669,A,A企业,330700,2019,1,3
2019-03-28,厦门市,B001,8,33592,MD冰箱,MD,冰箱,2500,4199,B,B企业,350200,2019,1,3
2019-03-28,成都市,C001,8,28792,HE冰箱,HE,冰箱,1800,3599,C,C企业,510100,2019,1,3
2019-03-28,上海市,B001,6,25194,MD冰箱,MD,冰箱,2500,4199,B,B企业,310000,2019,1,3
2019-03-28,金华市,C001,4,14396,HE冰箱,HE,冰箱,1800,3599,C,C企业,330700,2019,1,3
2019-03-28,上海市,C002,5,20995,HE电视,HE,电视,2200,4199,C,C企业,310000,2019,1,3
2019-03-28,深圳市,B001,4,16796,MD冰箱,MD,冰箱,2500,4199,B,B企业,440300,2019,1,3
2019-03-28,成都市,A001,3,14007,GL冰箱,GL,冰箱,2200,4669,A,A企业,510100,2019,1,3
2019-03-28,重庆市,B002,3,10797,MD电视,MD,电视,2000,4299,B,B企业,500000,2019,1,3
2019-03-28,金华市,B002,7,25193,MD电视,MD,电视,2000,4299,B,B企业,330700,2019,1,3
2019-03-28,重庆市,A001,8,37352,GL冰箱,GL,冰箱,2200,4669,A,A企业,500000,2019,1,3
2019-03-28,厦门市,B002,3,10797,MD电视,MD,电视,2000,4299,B,B企业,350200,2019,1,3
2019-03-28,长沙市,A001,6,28014,GL冰箱,GL,冰箱,2200,4669,A,A企业,430100,2019,1,3
2019-03-28,金华市,A003,5,23345,GL洗衣机,GL,洗衣机,3200,4669,A,A企业,330700,2019,1,3
2019-03-28,长沙市,B001,4,16796,MD冰箱,MD,冰箱,2500,4199,B,B企业,430100,2019,1,3
2019-03-28,成都市,B002,6,21594,MD电视,MD,电视,2000,4299,B,B企业,510100,2019,1,3
2019-03-28,成都市,A003,3,14007,GL洗衣机,GL,洗衣机,3200,4669,A,A企业,510100,2019,1,3
2019-03-28,厦门市,C003,9,42021,HE洗衣机,HE,洗衣机,2600,4699,C,C企业,350200,2019,1,3
2019-03-28,厦门市,A001,4,18676,GL冰箱,GL,冰箱,2200,4669,A,A企业,350200,2019,1,3
2019-03-29,重庆市,B001,6,25194,MD冰箱,MD,冰箱,2500,4199,B,B企业,500000,2019,1,3
2019-03-29,上海市,B001,8,33592,MD冰箱,MD,冰箱,2500,4199,B,B企业,310000,2019,1,3
2019-03-29,厦门市,B001,4,16796,MD冰箱,MD,冰箱,2500,4199,B,B企业,350200,2019,1,3
2019-03-29,厦门市,A003,3,14007,GL洗衣机,GL,洗衣机,3200,4669,A,A企业,350200,2019,1,3
2019-03-29,成都市,A001,8,37352,GL冰箱,GL,冰箱,2200,4669,A,A企业,510100,2019,1,3
2019-03-29,成都市,B001,4,16796,MD冰箱,MD,冰箱,2500,4199,B,B企业,510100,2019,1,3
2019-03-29,成都市,A003,4,18676,GL洗衣机,GL,洗衣机,3200,4669,A,A企业,510100,2019,1,3
2019-03-29,金华市,B001,4,16796,MD冰箱,MD,冰箱,2500,4199,B,B企业,330700,2019,1,3
2019-03-29,金华市,A001,3,14007,GL冰箱,GL,冰箱,2200,4669,A,A企业,330700,2019,1,3
2019-03-29,重庆市,C001,3,10797,HE冰箱,HE,冰箱,1800,3599,C,C企业,500000,2019,1,3
2019-03-29,金华市,C001,4,14396,HE冰箱,HE,冰箱,1800,3599,C,C企业,330700,2019,1,3
2019-03-29,重庆市,A003,4,18676,GL洗衣机,GL,洗衣机,3200,4669,A,A企业,500000,2019,1,3
2019-03-29,深圳市,C001,7,25193,HE冰箱,HE,冰箱,1800,3599,C,C企业,440300,2019,1,3
2019-03-29,深圳市,A003,7,32683,GL洗衣机,GL,洗衣机,3200,4669,A,A企业,440300,2019,1,3
2019-03-29,金华市,A003,7,32683,GL洗衣机,GL,洗衣机,3200,4669,A,A企业,330700,2019,1,3
2019-03-29,上海市,B002,4,14396,MD电视,MD,电视,2000,4299,B,B企业,310000,2019,1,3
2019-03-29,深圳市,B003,4,22796,MD洗衣机,MD,洗衣机,3100,5699,B,B企业,440300,2019,1,3
2019-03-30,重庆市,B003,6,34194,MD洗衣机,MD,洗衣机,3100,5699,B,B企业,500000,2019,1,3
2019-03-30,成都市,C001,5,17995,HE冰箱,HE,冰箱,1800,3599,C,C企业,510100,2019,1,3
2019-03-30,重庆市,A003,3,14007,GL洗衣机,GL,洗衣机,3200,4669,A,A企业,500000,2019,1,3
2019-03-30,金华市,A003,7,32683,GL洗衣机,GL,洗衣机,3200,4669,A,A企业,330700,2019,1,3
2019-03-30,重庆市,C001,4,14396,HE冰箱,HE,冰箱,1800,3599,C,C企业,500000,2019,1,3
2019-03-30,金华市,C001,8,28792,HE冰箱,HE,冰箱,1800,3599,C,C企业,330700,2019,1,3
2019-03-30,厦门市,B001,4,16796,MD冰箱,MD,冰箱,2500,4199,B,B企业,350200,2019,1,3
2019-03-30,深圳市,C003,8,37352,HE洗衣机,HE,洗衣机,2600,4699,C,C企业,440300,2019,1,3
2019-03-30,金华市,B001,3,12597,MD冰箱,MD,冰箱,2500,4199,B,B企业,330700,2019,1,3
2019-03-30,深圳市,B003,6,34194,MD洗衣机,MD,洗衣机,3100,5699,B,B企业,440300,2019,1,3
2019-03-30,金华市,A001,9,42021,GL冰箱,GL,冰箱,2200,4669,A,A企业,330700,2019,1,3
2019-03-30,金华市,B002,6,21594,MD电视,MD,电视,2000,4299,B,B企业,330700,2019,1,3
2019-03-30,金华市,B003,4,22796,MD洗衣机,MD,洗衣机,3100,5699,B,B企业,330700,2019,1,3
2019-03-30,深圳市,B001,6,25194,MD冰箱,MD,冰箱,2500,4199,B,B企业,440300,2019,1,3
2019-03-30,成都市,A001,8,37352,GL冰箱,GL,冰箱,2200,4669,A,A企业,510100,2019,1,3
2019-03-30,成都市,B003,8,45592,MD洗衣机,MD,洗衣机,3100,5699,B,B企业,510100,2019,1,3
2019-03-31,厦门市,A001,6,28014,GL冰箱,GL,冰箱,2200,4669,A,A企业,350200,2019,1,3
2019-03-31,深圳市,B002,6,21594,MD电视,MD,电视,2000,4299,B,B企业,440300,2019,1,3
2019-03-31,重庆市,C001,5,17995,HE冰箱,HE,冰箱,1800,3599,C,C企业,500000,2019,1,3
2019-03-31,厦门市,B002,5,17995,MD电视,MD,电视,2000,4299,B,B企业,350200,2019,1,3
2019-03-31,成都市,C001,7,25193,HE冰箱,HE,冰箱,1800,3599,C,C企业,510100,2019,1,3
2019-03-31,金华市,B003,5,28495,MD洗衣机,MD,洗衣机,3100,5699,B,B企业,330700,2019,1,3
2019-03-31,厦门市,B003,6,34194,MD洗衣机,MD,洗衣机,3100,5699,B,B企业,350200,2019,1,3
2019-03-31,重庆市,B001,8,33592,MD冰箱,MD,冰箱,2500,4199,B,B企业,500000,2019,1,3
2019-03-31,金华市,B001,7,29393,MD冰箱,MD,冰箱,2500,4199,B,B企业,330700,2019,1,3
2019-03-31,长沙市,B001,6,25194,MD冰箱,MD,冰箱,2500,4199,B,B企业,430100,2019,1,3
2019-03-31,成都市,B001,5,20995,MD冰箱,MD,冰箱,2500,4199,B,B企业,510100,2019,1,3
2019-03-31,厦门市,A003,6,28014,GL洗衣机,GL,洗衣机,3200,4669,A,A企业,350200,2019,1,3
2019-04-01,长沙市,A003,5,23345,GL洗衣机,GL,洗衣机,3200,4669,A,A企业,430100,2019,2,4
2019-04-01,重庆市,B001,5,20995,MD冰箱,MD,冰箱,2500,4199,B,B企业,500000,2019,2,4
2019-04-01,成都市,B001,3,12597,MD冰箱,MD,冰箱,2500,4199,B,B企业,510100,2019,2,4
2019-04-01,厦门市,C003,6,28014,HE洗衣机,HE,洗衣机,2600,4699,C,C企业,350200,2019,2,4
2019-04-01,厦门市,B001,5,20995,MD冰箱,MD,冰箱,2500,4199,B,B企业,350200,2019,2,4
2019-04-01,厦门市,A003,6,28014,GL洗衣机,GL,洗衣机,3200,4669,A,A企业,350200,2019,2,4
2019-04-01,上海市,C001,6,21594,HE冰箱,HE,冰箱,1800,3599,C,C企业,310000,2019,2,4
2019-04-01,金华市,B001,2,8398,MD冰箱,MD,冰箱,2500,4199,B,B企业,330700,2019,2,4
2019-04-01,深圳市,B001,3,12597,MD冰箱,MD,冰箱,2500,4199,B,B企业,440300,2019,2,4
2019-04-01,成都市,C001,4,14396,HE冰箱,HE,冰箱,1800,3599,C,C企业,510100,2019,2,4
2019-04-01,深圳市,B002,6,21594,MD电视,MD,电视,2000,4299,B,B企业,440300,2019,2,4
2019-04-01,长沙市,B001,4,16796,MD冰箱,MD,冰箱,2500,4199,B,B企业,430100,2019,2,4
2019-04-01,深圳市,C001,9,32391,HE冰箱,HE,冰箱,1800,3599,C,C企业,440300,2019,2,4
2019-04-01,长沙市,A001,5,23345,GL冰箱,GL,冰箱,2200,4669,A,A企业,430100,2019,2,4
2019-04-01,长沙市,C003,7,32683,HE洗衣机,HE,洗衣机,2600,4699,C,C企业,430100,2019,2,4
2019-04-01,金华市,B002,2,7198,MD电视,MD,电视,2000,4299,B,B企业,330700,2019,2,4
2019-04-01,厦门市,C001,5,17995,HE冰箱,HE,冰箱,1800,3599,C,C企业,350200,2019,2,4
2019-04-01,金华市,A001,2,9338,GL冰箱,GL,冰箱,2200,4669,A,A企业,330700,2019,2,4
2019-04-02,厦门市,A003,4,18676,GL洗衣机,GL,洗衣机,3200,4669,A,A企业,350200,2019,2,4
2019-04-02,金华市,B001,5,20995,MD冰箱,MD,冰箱,2500,4199,B,B企业,330700,2019,2,4
2019-04-02,金华市,C003,6,28014,HE洗衣机,HE,洗衣机,2600,4699,C,C企业,330700,2019,2,4
2019-04-02,深圳市,A003,9,42021,GL洗衣机,GL,洗衣机,3200,4669,A,A企业,440300,2019,2,4
2019-04-02,重庆市,C001,3,10797,HE冰箱,HE,冰箱,1800,3599,C,C企业,500000,2019,2,4
2019-04-02,金华市,A003,7,32683,GL洗衣机,GL,洗衣机,3200,4669,A,A企业,330700,2019,2,4
2019-04-02,上海市,C003,3,14007,HE洗衣机,HE,洗衣机,2600,4699,C,C企业,310000,2019,2,4
2019-04-02,成都市,B001,8,33592,MD冰箱,MD,冰箱,2500,4199,B,B企业,510100,2019,2,4
2019-04-02,深圳市,B001,5,20995,MD冰箱,MD,冰箱,2500,4199,B,B企业,440300,2019,2,4
2019-04-02,重庆市,B001,6,25194,MD冰箱,MD,冰箱,2500,4199,B,B企业,500000,2019,2,4
2019-04-02,金华市,C001,6,21594,HE冰箱,HE,冰箱,1800,3599,C,C企业,330700,2019,2,4
2019-04-02,成都市,C001,3,10797,HE冰箱,HE,冰箱,1800,3599,C,C企业,510100,2019,2,4
2019-04-02,上海市,B001,3,12597,MD冰箱,MD,冰箱,2500,4199,B,B企业,310000,2019,2,4
2019-04-03,重庆市,B001,6,25194,MD冰箱,MD,冰箱,2500,4199,B,B企业,500000,2019,2,4
2019-04-03,金华市,C003,6,28014,HE洗衣机,HE,洗衣机,2600,4699,C,C企业,330700,2019,2,4
2019-04-03,深圳市,A003,4,18676,GL洗衣机,GL,洗衣机,3200,4669,A,A企业,440300,2019,2,4
2019-04-03,上海市,B001,6,25194,MD冰箱,MD,冰箱,2500,4199,B,B企业,310000,2019,2,4
2019-04-03,金华市,C001,6,21594,HE冰箱,HE,冰箱,1800,3599,C,C企业,330700,2019,2,4
2019-04-03,成都市,B001,4,16796,MD冰箱,MD,冰箱,2500,4199,B,B企业,510100,2019,2,4
2019-04-03,厦门市,A003,2,9338,GL洗衣机,GL,洗衣机,3200,4669,A,A企业,350200,2019,2,4
2019-04-03,深圳市,A001,8,37352,GL冰箱,GL,冰箱,2200,4669,A,A企业,440300,2019,2,4
2019-04-03,厦门市,C003,5,23345,HE洗衣机,HE,洗衣机,2600,4699,C,C企业,350200,2019,2,4
2019-04-03,成都市,A003,7,32683,GL洗衣机,GL,洗衣机,3200,4669,A,A企业,510100,2019,2,4
2019-04-03,金华市,B001,6,25194,MD冰箱,MD,冰箱,2500,4199,B,B企业,330700,2019,2,4
2019-04-03,金华市,A001,2,9338,GL冰箱,GL,冰箱,2200,4669,A,A企业,330700,2019,2,4
2019-04-03,厦门市,B001,6,25194,MD冰箱,MD,冰箱,2500,4199,B,B企业,350200,2019,2,4
2019-04-03,上海市,C003,2,9338,HE洗衣机,HE,洗衣机,2600,4699,C,C企业,310000,2019,2,4
2019-04-03,长沙市,B001,7,29393,MD冰箱,MD,冰箱,2500,4199,B,B企业,430100,2019,2,4
2019-04-03,成都市,B002,6,21594,MD电视,MD,电视,2000,4299,B,B企业,510100,2019,2,4
2019-04-03,深圳市,C001,4,14396,HE冰箱,HE,冰箱,1800,3599,C,C企业,440300,2019,2,4
2019-04-03,金华市,C002,4,16796,HE电视,HE,电视,2200,4199,C,C企业,330700,2019,2,4
2019-04-03,成都市,A001,7,32683,GL冰箱,GL,冰箱,2200,4669,A,A企业,510100,2019,2,4
2019-04-03,上海市,C002,4,16796,HE电视,HE,电视,2200,4199,C,C企业,310000,2019,2,4
2019-04-04,金华市,C002,3,12597,HE电视,HE,电视,2200,4199,C,C企业,330700,2019,2,4
2019-04-04,厦门市,B001,5,20995,MD冰箱,MD,冰箱,2500,4199,B,B企业,350200,2019,2,4
2019-04-04,金华市,C003,4,18676,HE洗衣机,HE,洗衣机,2600,4699,C,C企业,330700,2019,2,4
2019-04-04,金华市,B001,5,20995,MD冰箱,MD,冰箱,2500,4199,B,B企业,330700,2019,2,4
2019-04-04,厦门市,C003,5,23345,HE洗衣机,HE,洗衣机,2600,4699,C,C企业,350200,2019,2,4
2019-04-04,成都市,C001,6,21594,HE冰箱,HE,冰箱,1800,3599,C,C企业,510100,2019,2,4
2019-04-04,成都市,C003,3,14007,HE洗衣机,HE,洗衣机,2600,4699,C,C企业,510100,2019,2,4
2019-04-04,金华市,A003,7,32683,GL洗衣机,GL,洗衣机,3200,4669,A,A企业,330700,2019,2,4
2019-04-04,长沙市,B001,5,20995,MD冰箱,MD,冰箱,2500,4199,B,B企业,430100,2019,2,4
2019-04-04,厦门市,C002,4,16796,HE电视,HE,电视,2200,4199,C,C企业,350200,2019,2,4
2019-04-04,深圳市,A003,2,9338,GL洗衣机,GL,洗衣机,3200,4669,A,A企业,440300,2019,2,4
2019-04-04,厦门市,A003,4,18676,GL洗衣机,GL,洗衣机,3200,4669,A,A企业,350200,2019,2,4
2019-04-04,重庆市,B001,3,12597,MD冰箱,MD,冰箱,2500,4199,B,B企业,500000,2019,2,4
2019-04-05,成都市,A001,6,28014,GL冰箱,GL,冰箱,2200,4669,A,A企业,510100,2019,2,4
2019-04-05,厦门市,C003,7,32683,HE洗衣机,HE,洗衣机,2600,4699,C,C企业,350200,2019,2,4
2019-04-05,成都市,B001,5,20995,MD冰箱,MD,冰箱,2500,4199,B,B企业,510100,2019,2,4
2019-04-05,厦门市,B001,8,33592,MD冰箱,MD,冰箱,2500,4199,B,B企业,350200,2019,2,4
2019-04-05,厦门市,C002,5,20995,HE电视,HE,电视,2200,4199,C,C企业,350200,2019,2,4
2019-04-05,成都市,C001,5,17995,HE冰箱,HE,冰箱,1800,3599,C,C企业,510100,2019,2,4
2019-04-05,金华市,C003,7,32683,HE洗衣机,HE,洗衣机,2600,4699,C,C企业,330700,2019,2,4
2019-04-05,长沙市,C001,4,14396,HE冰箱,HE,冰箱,1800,3599,C,C企业,430100,2019,2,4
2019-04-05,厦门市,A003,9,42021,GL洗衣机,GL,洗衣机,3200,4669,A,A企业,350200,2019,2,4
2019-04-05,上海市,B002,9,32391,MD电视,MD,电视,2000,4299,B,B企业,310000,2019,2,4
2019-04-05,重庆市,B001,6,25194,MD冰箱,MD,冰箱,2500,4199,B,B企业,500000,2019,2,4
2019-04-05,金华市,A001,5,23345,GL冰箱,GL,冰箱,2200,4669,A,A企业,330700,2019,2,4
2019-04-05,金华市,A003,6,28014,GL洗衣机,GL,洗衣机,3200,4669,A,A企业,330700,2019,2,4
2019-04-05,重庆市,B002,6,21594,MD电视,MD,电视,2000,4299,B,B企业,500000,2019,2,4
2019-04-05,上海市,B001,7,29393,MD冰箱,MD,冰箱,2500,4199,B,B企业,310000,2019,2,4
2019-04-05,重庆市,C001,5,17995,HE冰箱,HE,冰箱,1800,3599,C,C企业,500000,2019,2,4
2019-04-05,重庆市,C003,3,14007,HE洗衣机,HE,洗衣机,2600,4699,C,C企业,500000,2019,2,4
2019-04-05,金华市,B001,4,16796,MD冰箱,MD,冰箱,2500,4199,B,B企业,330700,2019,2,4
2019-04-05,厦门市,C001,5,17995,HE冰箱,HE,冰箱,1800,3599,C,C企业,350200,2019,2,4
2019-04-05,深圳市,C003,2,9338,HE洗衣机,HE,洗衣机,2600,4699,C,C企业,440300,2019,2,4
2019-04-05,上海市,C001,6,21594,HE冰箱,HE,冰箱,1800,3599,C,C企业,310000,2019,2,4
2019-04-05,成都市,B002,7,25193,MD电视,MD,电视,2000,4299,B,B企业,510100,2019,2,4
2019-04-05,厦门市,A001,5,23345,GL冰箱,GL,冰箱,2200,4669,A,A企业,350200,2019,2,4
2019-04-05,深圳市,B001,6,25194,MD冰箱,MD,冰箱,2500,4199,B,B企业,440300,2019,2,4
2019-04-06,重庆市,C001,6,21594,HE冰箱,HE,冰箱,1800,3599,C,C企业,500000,2019,2,4
2019-04-06,上海市,A003,2,9338,GL洗衣机,GL,洗衣机,3200,4669,A,A企业,310000,2019,2,4
2019-04-06,长沙市,A001,5,23345,GL冰箱,GL,冰箱,2200,4669,A,A企业,430100,2019,2,4
2019-04-06,厦门市,C003,4,18676,HE洗衣机,HE,洗衣机,2600,4699,C,C企业,350200,2019,2,4
2019-04-06,上海市,B001,3,12597,MD冰箱,MD,冰箱,2500,4199,B,B企业,310000,2019,2,4
2019-04-06,金华市,B001,4,16796,MD冰箱,MD,冰箱,2500,4199,B,B企业,330700,2019,2,4
2019-04-06,金华市,B002,2,7198,MD电视,MD,电视,2000,4299,B,B企业,330700,2019,2,4
2019-04-06,重庆市,B001,8,33592,MD冰箱,MD,冰箱,2500,4199,B,B企业,500000,2019,2,4
2019-04-06,长沙市,B001,8,33592,MD冰箱,MD,冰箱,2500,4199,B,B企业,430100,2019,2,4
2019-04-06,厦门市,B002,7,25193,MD电视,MD,电视,2000,4299,B,B企业,350200,2019,2,4
2019-04-06,厦门市,B001,6,25194,MD冰箱,MD,冰箱,2500,4199,B,B企业,350200,2019,2,4
2019-04-06,成都市,B001,3,12597,MD冰箱,MD,冰箱,2500,4199,B,B企业,510100,2019,2,4
2019-04-06,成都市,A001,4,18676,GL冰箱,GL,冰箱,2200,4669,A,A企业,510100,2019,2,4
2019-04-06,金华市,C001,2,7198,HE冰箱,HE,冰箱,1800,3599,C,C企业,330700,2019,2,4
2019-04-06,深圳市,B001,6,25194,MD冰箱,MD,冰箱,2500,4199,B,B企业,440300,2019,2,4
2019-04-06,深圳市,C003,6,28014,HE洗衣机,HE,洗衣机,2600,4699,C,C企业,440300,2019,2,4
2019-04-06,厦门市,A003,4,18676,GL洗衣机,GL,洗衣机,3200,4669,A,A企业,350200,2019,2,4
2019-04-06,深圳市,C001,4,14396,HE冰箱,HE,冰箱,1800,3599,C,C企业,440300,2019,2,4
2019-04-07,重庆市,B001,5,20995,MD冰箱,MD,冰箱,2500,4199,B,B企业,500000,2019,2,4
2019-04-07,上海市,C003,8,37352,HE洗衣机,HE,洗衣机,2600,4699,C,C企业,310000,2019,2,4
2019-04-07,深圳市,B001,2,8398,MD冰箱,MD,冰箱,2500,4199,B,B企业,440300,2019,2,4
2019-04-07,上海市,B002,4,14396,MD电视,MD,电视,2000,4299,B,B企业,310000,2019,2,4
2019-04-07,厦门市,A001,9,42021,GL冰箱,GL,冰箱,2200,4669,A,A企业,350200,2019,2,4
2019-04-07,长沙市,B002,2,7198,MD电视,MD,电视,2000,4299,B,B企业,430100,2019,2,4
2019-04-07,成都市,B001,4,16796,MD冰箱,MD,冰箱,2500,4199,B,B企业,510100,2019,2,4
2019-04-07,重庆市,B002,6,21594,MD电视,MD,电视,2000,4299,B,B企业,500000,2019,2,4
2019-04-07,厦门市,B001,6,25194,MD冰箱,MD,冰箱,2500,4199,B,B企业,350200,2019,2,4
2019-04-07,金华市,A001,6,28014,GL冰箱,GL,冰箱,2200,4669,A,A企业,330700,2019,2,4
2019-04-07,深圳市,B002,4,14396,MD电视,MD,电视,2000,4299,B,B企业,440300,2019,2,4
2019-04-07,上海市,A003,4,18676,GL洗衣机,GL,洗衣机,3200,4669,A,A企业,310000,2019,2,4
2019-04-07,金华市,B001,7,29393,MD冰箱,MD,冰箱,2500,4199,B,B企业,330700,2019,2,4
2019-04-07,厦门市,B002,7,25193,MD电视,MD,电视,2000,4299,B,B企业,350200,2019,2,4
2019-04-07,厦门市,C003,6,28014,HE洗衣机,HE,洗衣机,2600,4699,C,C企业,350200,2019,2,4
2019-04-07,重庆市,A001,5,23345,GL冰箱,GL,冰箱,2200,4669,A,A企业,500000,2019,2,4
2019-04-07,成都市,A003,6,28014,GL洗衣机,GL,洗衣机,3200,4669,A,A企业,510100,2019,2,4
2019-04-07,厦门市,A003,3,14007,GL洗衣机,GL,洗衣机,3200,4669,A,A企业,350200,2019,2,4
2019-04-07,长沙市,B001,6,25194,MD冰箱,MD,冰箱,2500,4199,B,B企业,430100,2019,2,4
2019-04-07,重庆市,C001,4,14396,HE冰箱,HE,冰箱,1800,3599,C,C企业,500000,2019,2,4
2019-04-07,深圳市,C002,8,33592,HE电视,HE,电视,2200,4199,C,C企业,440300,2019,2,4
2019-04-07,金华市,C002,5,20995,HE电视,HE,电视,2200,4199,C,C企业,330700,2019,2,4
2019-04-08,金华市,B001,6,25194,MD冰箱,MD,冰箱,2500,4199,B,B企业,330700,2019,2,4
2019-04-08,成都市,B001,4,16796,MD冰箱,MD,冰箱,2500,4199,B,B企业,510100,2019,2,4
2019-04-08,深圳市,B001,5,20995,MD冰箱,MD,冰箱,2500,4199,B,B企业,440300,2019,2,4
2019-04-08,厦门市,B001,3,12597,MD冰箱,MD,冰箱,2500,4199,B,B企业,350200,2019,2,4
2019-04-08,厦门市,C002,8,33592,HE电视,HE,电视,2200,4199,C,C企业,350200,2019,2,4
2019-04-08,长沙市,A001,8,37352,GL冰箱,GL,冰箱,2200,4669,A,A企业,430100,2019,2,4
2019-04-08,金华市,C001,4,14396,HE冰箱,HE,冰箱,1800,3599,C,C企业,330700,2019,2,4
2019-04-08,厦门市,C001,4,14396,HE冰箱,HE,冰箱,1800,3599,C,C企业,350200,2019,2,4
2019-04-08,深圳市,C003,7,32683,HE洗衣机,HE,洗衣机,2600,4699,C,C企业,440300,2019,2,4
2019-04-08,厦门市,A003,3,14007,GL洗衣机,GL,洗衣机,3200,4669,A,A企业,350200,2019,2,4
2019-04-08,重庆市,C003,8,37352,HE洗衣机,HE,洗衣机,2600,4699,C,C企业,500000,2019,2,4
2019-04-08,成都市,C001,5,17995,HE冰箱,HE,冰箱,1800,3599,C,C企业,510100,2019,2,4
2019-04-08,重庆市,A001,4,18676,GL冰箱,GL,冰箱,2200,4669,A,A企业,500000,2019,2,4
2019-04-08,成都市,A001,5,23345,GL冰箱,GL,冰箱,2200,4669,A,A企业,510100,2019,2,4
2019-04-08,金华市,C003,5,23345,HE洗衣机,HE,洗衣机,2600,4699,C,C企业,330700,2019,2,4
2019-04-09,金华市,B001,5,20995,MD冰箱,MD,冰箱,2500,4199,B,B企业,330700,2019,2,4
2019-04-09,厦门市,C001,7,25193,HE冰箱,HE,冰箱,1800,3599,C,C企业,350200,2019,2,4
2019-04-09,重庆市,B001,6,25194,MD冰箱,MD,冰箱,2500,4199,B,B企业,500000,2019,2,4
2019-04-09,上海市,C001,6,21594,HE冰箱,HE,冰箱,1800,3599,C,C企业,310000,2019,2,4
2019-04-09,上海市,C003,6,28014,HE洗衣机,HE,洗衣机,2600,4699,C,C企业,310000,2019,2,4
2019-04-09,成都市,B001,5,20995,MD冰箱,MD,冰箱,2500,4199,B,B企业,510100,2019,2,4
2019-04-09,厦门市,C002,3,12597,HE电视,HE,电视,2200,4199,C,C企业,350200,2019,2,4
2019-04-09,深圳市,C003,5,23345,HE洗衣机,HE,洗衣机,2600,4699,C,C企业,440300,2019,2,4
2019-04-09,成都市,A003,4,18676,GL洗衣机,GL,洗衣机,3200,4669,A,A企业,510100,2019,2,4
2019-04-09,长沙市,B001,5,20995,MD冰箱,MD,冰箱,2500,4199,B,B企业,430100,2019,2,4
2019-04-09,金华市,C001,6,21594,HE冰箱,HE,冰箱,1800,3599,C,C企业,330700,2019,2,4
2019-04-09,上海市,B001,2,8398,MD冰箱,MD,冰箱,2500,4199,B,B企业,310000,2019,2,4
2019-04-09,重庆市,C001,7,25193,HE冰箱,HE,冰箱,1800,3599,C,C企业,500000,2019,2,4
2019-04-09,厦门市,A003,7,32683,GL洗衣机,GL,洗衣机,3200,4669,A,A企业,350200,2019,2,4
2019-04-09,厦门市,B001,7,29393,MD冰箱,MD,冰箱,2500,4199,B,B企业,350200,2019,2,4
2019-04-09,成都市,C001,5,17995,HE冰箱,HE,冰箱,1800,3599,C,C企业,510100,2019,2,4
2019-04-09,金华市,C002,2,8398,HE电视,HE,电视,2200,4199,C,C企业,330700,2019,2,4
2019-04-09,重庆市,A001,5,23345,GL冰箱,GL,冰箱,2200,4669,A,A企业,500000,2019,2,4
2019-04-09,成都市,C002,4,16796,HE电视,HE,电视,2200,4199,C,C企业,510100,2019,2,4
2019-04-09,厦门市,A001,2,9338,GL冰箱,GL,冰箱,2200,4669,A,A企业,350200,2019,2,4
2019-04-09,上海市,C002,5,20995,HE电视,HE,电视,2200,4199,C,C企业,310000,2019,2,4
2019-04-09,金华市,A003,7,32683,GL洗衣机,GL,洗衣机,3200,4669,A,A企业,330700,2019,2,4
2019-04-10,长沙市,A003,4,18676,GL洗衣机,GL,洗衣机,3200,4669,A,A企业,430100,2019,2,4
2019-04-10,成都市,B001,5,20995,MD冰箱,MD,冰箱,2500,4199,B,B企业,510100,2019,2,4
2019-04-10,金华市,B001,2,8398,MD冰箱,MD,冰箱,2500,4199,B,B企业,330700,2019,2,4
2019-04-10,厦门市,B001,5,20995,MD冰箱,MD,冰箱,2500,4199,B,B企业,350200,2019,2,4
2019-04-10,上海市,C001,5,17995,HE冰箱,HE,冰箱,1800,3599,C,C企业,310000,2019,2,4
2019-04-10,成都市,A001,8,37352,GL冰箱,GL,冰箱,2200,4669,A,A企业,510100,2019,2,4
2019-04-10,深圳市,A001,4,18676,GL冰箱,GL,冰箱,2200,4669,A,A企业,440300,2019,2,4
2019-04-10,成都市,C001,2,7198,HE冰箱,HE,冰箱,1800,3599,C,C企业,510100,2019,2,4
2019-04-10,重庆市,C002,3,12597,HE电视,HE,电视,2200,4199,C,C企业,500000,2019,2,4
2019-04-10,长沙市,C001,5,17995,HE冰箱,HE,冰箱,1800,3599,C,C企业,430100,2019,2,4
2019-04-10,上海市,C002,7,29393,HE电视,HE,电视,2200,4199,C,C企业,310000,2019,2,4
2019-04-10,厦门市,C001,5,17995,HE冰箱,HE,冰箱,1800,3599,C,C企业,350200,2019,2,4
2019-04-10,重庆市,C003,2,9338,HE洗衣机,HE,洗衣机,2600,4699,C,C企业,500000,2019,2,4
2019-04-10,深圳市,B001,4,16796,MD冰箱,MD,冰箱,2500,4199,B,B企业,440300,2019,2,4
2019-04-10,重庆市,A001,5,23345,GL冰箱,GL,冰箱,2200,4669,A,A企业,500000,2019,2,4
2019-04-10,上海市,B001,6,25194,MD冰箱,MD,冰箱,2500,4199,B,B企业,310000,2019,2,4
2019-04-10,长沙市,A001,5,23345,GL冰箱,GL,冰箱,2200,4669,A,A企业,430100,2019,2,4
2019-04-10,重庆市,B001,2,8398,MD冰箱,MD,冰箱,2500,4199,B,B企业,500000,2019,2,4
2019-04-10,重庆市,A003,9,42021,GL洗衣机,GL,洗衣机,3200,4669,A,A企业,500000,2019,2,4
2019-04-10,厦门市,A003,4,18676,GL洗衣机,GL,洗衣机,3200,4669,A,A企业,350200,2019,2,4
2019-04-10,厦门市,A001,6,28014,GL冰箱,GL,冰箱,2200,4669,A,A企业,350200,2019,2,4
2019-04-10,金华市,C001,5,17995,HE冰箱,HE,冰箱,1800,3599,C,C企业,330700,2019,2,4
2019-04-10,长沙市,B001,7,29393,MD冰箱,MD,冰箱,2500,4199,B,B企业,430100,2019,2,4
2019-04-10,厦门市,B002,6,21594,MD电视,MD,电视,2000,4299,B,B企业,350200,2019,2,4
2019-04-10,金华市,B002,2,7198,MD电视,MD,电视,2000,4299,B,B企业,330700,2019,2,4
2019-04-10,金华市,A001,3,14007,GL冰箱,GL,冰箱,2200,4669,A,A企业,330700,2019,2,4
2019-04-10,深圳市,C001,8,28792,HE冰箱,HE,冰箱,1800,3599,C,C企业,440300,2019,2,4
2019-04-10,成都市,A003,8,37352,GL洗衣机,GL,洗衣机,3200,4669,A,A企业,510100,2019,2,4
2019-04-10,金华市,A003,2,9338,GL洗衣机,GL,洗衣机,3200,4669,A,A企业,330700,2019,2,4
2019-04-11,成都市,B001,2,8398,MD冰箱,MD,冰箱,2500,4199,B,B企业,510100,2019,2,4
2019-04-11,成都市,A003,7,32683,GL洗衣机,GL,洗衣机,3200,4669,A,A企业,510100,2019,2,4
2019-04-11,厦门市,C001,6,21594,HE冰箱,HE,冰箱,1800,3599,C,C企业,350200,2019,2,4
2019-04-11,金华市,C003,6,28014,HE洗衣机,HE,洗衣机,2600,4699,C,C企业,330700,2019,2,4
2019-04-11,重庆市,C001,6,21594,HE冰箱,HE,冰箱,1800,3599,C,C企业,500000,2019,2,4
2019-04-11,厦门市,A001,3,14007,GL冰箱,GL,冰箱,2200,4669,A,A企业,350200,2019,2,4
2019-04-11,深圳市,B001,5,20995,MD冰箱,MD,冰箱,2500,4199,B,B企业,440300,2019,2,4
2019-04-11,重庆市,A003,2,9338,GL洗衣机,GL,洗衣机,3200,4669,A,A企业,500000,2019,2,4
2019-04-11,深圳市,A003,5,23345,GL洗衣机,GL,洗衣机,3200,4669,A,A企业,440300,2019,2,4
2019-04-11,重庆市,C003,7,32683,HE洗衣机,HE,洗衣机,2600,4699,C,C企业,500000,2019,2,4
2019-04-11,金华市,B001,5,20995,MD冰箱,MD,冰箱,2500,4199,B,B企业,330700,2019,2,4
2019-04-11,厦门市,B001,5,20995,MD冰箱,MD,冰箱,2500,4199,B,B企业,350200,2019,2,4
2019-04-11,金华市,B002,5,17995,MD电视,MD,电视,2000,4299,B,B企业,330700,2019,2,4
2019-04-11,厦门市,B002,7,25193,MD电视,MD,电视,2000,4299,B,B企业,350200,2019,2,4
2019-04-11,金华市,A003,2,9338,GL洗衣机,GL,洗衣机,3200,4669,A,A企业,330700,2019,2,4
2019-04-11,上海市,B001,4,16796,MD冰箱,MD,冰箱,2500,4199,B,B企业,310000,2019,2,4
2019-04-11,厦门市,A003,8,37352,GL洗衣机,GL,洗衣机,3200,4669,A,A企业,350200,2019,2,4
2019-04-11,成都市,B002,6,21594,MD电视,MD,电视,2000,4299,B,B企业,510100,2019,2,4
2019-04-11,上海市,A001,8,37352,GL冰箱,GL,冰箱,2200,4669,A,A企业,310000,2019,2,4
2019-04-11,上海市,A003,4,18676,GL洗衣机,GL,洗衣机,3200,4669,A,A企业,310000,2019,2,4
2019-04-11,重庆市,A001,3,14007,GL冰箱,GL,冰箱,2200,4669,A,A企业,500000,2019,2,4
2019-04-12,重庆市,C003,4,18676,HE洗衣机,HE,洗衣机,2600,4699,C,C企业,500000,2019,2,4
2019-04-12,上海市,A001,3,14007,GL冰箱,GL,冰箱,2200,4669,A,A企业,310000,2019,2,4
2019-04-12,厦门市,C001,2,7198,HE冰箱,HE,冰箱,1800,3599,C,C企业,350200,2019,2,4
2019-04-12,金华市,A001,5,23345,GL冰箱,GL,冰箱,2200,4669,A,A企业,330700,2019,2,4
2019-04-12,金华市,B002,6,21594,MD电视,MD,电视,2000,4299,B,B企业,330700,2019,2,4
2019-04-12,成都市,B001,2,8398,MD冰箱,MD,冰箱,2500,4199,B,B企业,510100,2019,2,4
2019-04-12,重庆市,B001,5,20995,MD冰箱,MD,冰箱,2500,4199,B,B企业,500000,2019,2,4
2019-04-12,厦门市,B001,4,16796,MD冰箱,MD,冰箱,2500,4199,B,B企业,350200,2019,2,4
2019-04-12,金华市,C003,8,37352,HE洗衣机,HE,洗衣机,2600,4699,C,C企业,330700,2019,2,4
2019-04-12,金华市,B001,4,16796,MD冰箱,MD,冰箱,2500,4199,B,B企业,330700,2019,2,4
2019-04-12,长沙市,A001,8,37352,GL冰箱,GL,冰箱,2200,4669,A,A企业,430100,2019,2,4
2019-04-12,厦门市,B002,5,17995,MD电视,MD,电视,2000,4299,B,B企业,350200,2019,2,4
2019-04-12,重庆市,C002,6,25194,HE电视,HE,电视,2200,4199,C,C企业,500000,2019,2,4
2019-04-12,深圳市,C002,5,20995,HE电视,HE,电视,2200,4199,C,C企业,440300,2019,2,4
2019-04-12,成都市,A001,5,23345,GL冰箱,GL,冰箱,2200,4669,A,A企业,510100,2019,2,4
2019-04-12,重庆市,C001,9,32391,HE冰箱,HE,冰箱,1800,3599,C,C企业,500000,2019,2,4
2019-04-12,厦门市,C002,7,29393,HE电视,HE,电视,2200,4199,C,C企业,350200,2019,2,4
2019-04-12,厦门市,A003,4,18676,GL洗衣机,GL,洗衣机,3200,4669,A,A企业,350200,2019,2,4
2019-04-12,金华市,C002,3,12597,HE电视,HE,电视,2200,4199,C,C企业,330700,2019,2,4
2019-04-12,成都市,C003,5,23345,HE洗衣机,HE,洗衣机,2600,4699,C,C企业,510100,2019,2,4
2019-04-13,成都市,B001,6,25194,MD冰箱,MD,冰箱,2500,4199,B,B企业,510100,2019,2,4
2019-04-13,厦门市,B001,8,33592,MD冰箱,MD,冰箱,2500,4199,B,B企业,350200,2019,2,4
2019-04-13,厦门市,A003,6,28014,GL洗衣机,GL,洗衣机,3200,4669,A,A企业,350200,2019,2,4
2019-04-13,金华市,C003,7,32683,HE洗衣机,HE,洗衣机,2600,4699,C,C企业,330700,2019,2,4
2019-04-13,金华市,B001,6,25194,MD冰箱,MD,冰箱,2500,4199,B,B企业,330700,2019,2,4
2019-04-13,深圳市,C003,6,28014,HE洗衣机,HE,洗衣机,2600,4699,C,C企业,440300,2019,2,4
2019-04-13,重庆市,B001,9,37791,MD冰箱,MD,冰箱,2500,4199,B,B企业,500000,2019,2,4
2019-04-13,深圳市,A003,3,14007,GL洗衣机,GL,洗衣机,3200,4669,A,A企业,440300,2019,2,4
2019-04-13,厦门市,C001,5,17995,HE冰箱,HE,冰箱,1800,3599,C,C企业,350200,2019,2,4
2019-04-13,厦门市,A001,4,18676,GL冰箱,GL,冰箱,2200,4669,A,A企业,350200,2019,2,4
2019-04-13,金华市,A001,8,37352,GL冰箱,GL,冰箱,2200,4669,A,A企业,330700,2019,2,4
2019-04-13,厦门市,C002,5,20995,HE电视,HE,电视,2200,4199,C,C企业,350200,2019,2,4
2019-04-13,深圳市,C002,8,33592,HE电视,HE,电视,2200,4199,C,C企业,440300,2019,2,4
2019-04-13,深圳市,B001,5,20995,MD冰箱,MD,冰箱,2500,4199,B,B企业,440300,2019,2,4
2019-04-13,金华市,C001,5,17995,HE冰箱,HE,冰箱,1800,3599,C,C企业,330700,2019,2,4
2019-04-13,重庆市,A003,5,23345,GL洗衣机,GL,洗衣机,3200,4669,A,A企业,500000,2019,2,4
2019-04-13,厦门市,B003,7,39893,MD洗衣机,MD,洗衣机,3100,5699,B,B企业,350200,2019,2,4
2019-04-13,金华市,C002,8,33592,HE电视,HE,电视,2200,4199,C,C企业,330700,2019,2,4
2019-04-13,长沙市,B001,2,8398,MD冰箱,MD,冰箱,2500,4199,B,B企业,430100,2019,2,4
2019-04-13,重庆市,C001,9,32391,HE冰箱,HE,冰箱,1800,3599,C,C企业,500000,2019,2,4
2019-04-13,重庆市,A001,7,32683,GL冰箱,GL,冰箱,2200,4669,A,A企业,500000,2019,2,4
2019-04-13,上海市,B003,3,17097,MD洗衣机,MD,洗衣机,3100,5699,B,B企业,310000,2019,2,4
2019-04-13,长沙市,B003,4,22796,MD洗衣机,MD,洗衣机,3100,5699,B,B企业,430100,2019,2,4
2019-04-13,成都市,B003,4,22796,MD洗衣机,MD,洗衣机,3100,5699,B,B企业,510100,2019,2,4
2019-04-14,厦门市,B002,4,14396,MD电视,MD,电视,2000,4299,B,B企业,350200,2019,2,4
2019-04-14,金华市,B003,6,34194,MD洗衣机,MD,洗衣机,3100,5699,B,B企业,330700,2019,2,4
2019-04-14,上海市,C001,3,10797,HE冰箱,HE,冰箱,1800,3599,C,C企业,310000,2019,2,4
2019-04-14,上海市,C003,7,32683,HE洗衣机,HE,洗衣机,2600,4699,C,C企业,310000,2019,2,4
2019-04-14,重庆市,C001,7,25193,HE冰箱,HE,冰箱,1800,3599,C,C企业,500000,2019,2,4
2019-04-14,深圳市,B001,5,20995,MD冰箱,MD,冰箱,2500,4199,B,B企业,440300,2019,2,4
2019-04-14,金华市,A001,3,14007,GL冰箱,GL,冰箱,2200,4669,A,A企业,330700,2019,2,4
2019-04-14,成都市,B002,4,14396,MD电视,MD,电视,2000,4299,B,B企业,510100,2019,2,4
2019-04-14,长沙市,A001,5,23345,GL冰箱,GL,冰箱,2200,4669,A,A企业,430100,2019,2,4
2019-04-14,金华市,C003,3,14007,HE洗衣机,HE,洗衣机,2600,4699,C,C企业,330700,2019,2,4
2019-04-14,重庆市,C003,4,18676,HE洗衣机,HE,洗衣机,2600,4699,C,C企业,500000,2019,2,4
2019-04-14,厦门市,A001,3,14007,GL冰箱,GL,冰箱,2200,4669,A,A企业,350200,2019,2,4
2019-04-14,上海市,B001,6,25194,MD冰箱,MD,冰箱,2500,4199,B,B企业,310000,2019,2,4
2019-04-14,金华市,B002,8,28792,MD电视,MD,电视,2000,4299,B,B企业,330700,2019,2,4
2019-04-14,深圳市,A003,6,28014,GL洗衣机,GL,洗衣机,3200,4669,A,A企业,440300,2019,2,4
2019-04-14,成都市,C003,4,18676,HE洗衣机,HE,洗衣机,2600,4699,C,C企业,510100,2019,2,4
2019-04-14,厦门市,B003,4,22796,MD洗衣机,MD,洗衣机,3100,5699,B,B企业,350200,2019,2,4
2019-04-14,长沙市,B001,2,8398,MD冰箱,MD,冰箱,2500,4199,B,B企业,430100,2019,2,4
2019-04-14,厦门市,A003,7,32683,GL洗衣机,GL,洗衣机,3200,4669,A,A企业,350200,2019,2,4
2019-04-14,长沙市,A003,7,32683,GL洗衣机,GL,洗衣机,3200,4669,A,A企业,430100,2019,2,4
2019-04-14,重庆市,A003,6,28014,GL洗衣机,GL,洗衣机,3200,4669,A,A企业,500000,2019,2,4
2019-04-14,重庆市,B003,5,28495,MD洗衣机,MD,洗衣机,3100,5699,B,B企业,500000,2019,2,4
2019-04-14,上海市,B003,6,34194,MD洗衣机,MD,洗衣机,3100,5699,B,B企业,310000,2019,2,4
2019-04-14,厦门市,C003,3,14007,HE洗衣机,HE,洗衣机,2600,4699,C,C企业,350200,2019,2,4
2019-04-14,成都市,B003,6,34194,MD洗衣机,MD,洗衣机,3100,5699,B,B企业,510100,2019,2,4
2019-04-14,厦门市,C001,5,17995,HE冰箱,HE,冰箱,1800,3599,C,C企业,350200,2019,2,4
2019-04-15,深圳市,B002,3,10797,MD电视,MD,电视,2000,4299,B,B企业,440300,2019,2,4
2019-04-15,金华市,C001,6,21594,HE冰箱,HE,冰箱,1800,3599,C,C企业,330700,2019,2,4
2019-04-15,重庆市,B003,7,39893,MD洗衣机,MD,洗衣机,3100,5699,B,B企业,500000,2019,2,4
2019-04-15,金华市,B001,4,16796,MD冰箱,MD,冰箱,2500,4199,B,B企业,330700,2019,2,4
2019-04-15,厦门市,C001,3,10797,HE冰箱,HE,冰箱,1800,3599,C,C企业,350200,2019,2,4
2019-04-15,金华市,B002,7,25193,MD电视,MD,电视,2000,4299,B,B企业,330700,2019,2,4
2019-04-15,成都市,A003,2,9338,GL洗衣机,GL,洗衣机,3200,4669,A,A企业,510100,2019,2,4
2019-04-15,厦门市,A001,4,18676,GL冰箱,GL,冰箱,2200,4669,A,A企业,350200,2019,2,4
2019-04-15,成都市,A001,3,14007,GL冰箱,GL,冰箱,2200,4669,A,A企业,510100,2019,2,4
2019-04-15,厦门市,B001,6,25194,MD冰箱,MD,冰箱,2500,4199,B,B企业,350200,2019,2,4
2019-04-15,深圳市,B003,5,28495,MD洗衣机,MD,洗衣机,3100,5699,B,B企业,440300,2019,2,4
2019-04-15,金华市,B003,7,39893,MD洗衣机,MD,洗衣机,3100,5699,B,B企业,330700,2019,2,4
2019-04-15,重庆市,C003,2,9338,HE洗衣机,HE,洗衣机,2600,4699,C,C企业,500000,2019,2,4
2019-04-15,深圳市,A003,2,9338,GL洗衣机,GL,洗衣机,3200,4669,A,A企业,440300,2019,2,4
2019-04-15,长沙市,A001,5,23345,GL冰箱,GL,冰箱,2200,4669,A,A企业,430100,2019,2,4
2019-04-15,上海市,C001,5,17995,HE冰箱,HE,冰箱,1800,3599,C,C企业,310000,2019,2,4
2019-04-15,上海市,B003,7,39893,MD洗衣机,MD,洗衣机,3100,5699,B,B企业,310000,2019,2,4
2019-04-15,厦门市,B003,5,28495,MD洗衣机,MD,洗衣机,3100,5699,B,B企业,350200,2019,2,4
2019-04-15,上海市,A003,3,14007,GL洗衣机,GL,洗衣机,3200,4669,A,A企业,310000,2019,2,4
2019-04-15,重庆市,C001,4,14396,HE冰箱,HE,冰箱,1800,3599,C,C企业,500000,2019,2,4
2019-04-15,深圳市,C003,2,9338,HE洗衣机,HE,洗衣机,2600,4699,C,C企业,440300,2019,2,4
2019-04-15,上海市,B001,3,12597,MD冰箱,MD,冰箱,2500,4199,B,B企业,310000,2019,2,4
2019-04-15,上海市,C003,9,42021,HE洗衣机,HE,洗衣机,2600,4699,C,C企业,310000,2019,2,4
2019-04-15,成都市,B003,5,28495,MD洗衣机,MD,洗衣机,3100,5699,B,B企业,510100,2019,2,4
2019-04-15,深圳市,B001,5,20995,MD冰箱,MD,冰箱,2500,4199,B,B企业,440300,2019,2,4
2019-04-15,厦门市,B002,5,17995,MD电视,MD,电视,2000,4299,B,B企业,350200,2019,2,4
2019-04-16,成都市,B002,9,32391,MD电视,MD,电视,2000,4299,B,B企业,510100,2019,2,4
2019-04-16,上海市,C001,7,25193,HE冰箱,HE,冰箱,1800,3599,C,C企业,310000,2019,2,4
2019-04-16,金华市,B002,2,7198,MD电视,MD,电视,2000,4299,B,B企业,330700,2019,2,4
2019-04-16,厦门市,B003,6,34194,MD洗衣机,MD,洗衣机,3100,5699,B,B企业,350200,2019,2,4
2019-04-16,成都市,B003,7,39893,MD洗衣机,MD,洗衣机,3100,5699,B,B企业,510100,2019,2,4
2019-04-16,长沙市,B001,4,16796,MD冰箱,MD,冰箱,2500,4199,B,B企业,430100,2019,2,4
2019-04-16,厦门市,B002,2,7198,MD电视,MD,电视,2000,4299,B,B企业,350200,2019,2,4
2019-04-16,长沙市,A003,8,37352,GL洗衣机,GL,洗衣机,3200,4669,A,A企业,430100,2019,2,4
2019-04-16,重庆市,C001,3,10797,HE冰箱,HE,冰箱,1800,3599,C,C企业,500000,2019,2,4
2019-04-16,厦门市,C001,5,17995,HE冰箱,HE,冰箱,1800,3599,C,C企业,350200,2019,2,4
2019-04-16,上海市,C003,4,18676,HE洗衣机,HE,洗衣机,2600,4699,C,C企业,310000,2019,2,4
2019-04-16,深圳市,C003,7,32683,HE洗衣机,HE,洗衣机,2600,4699,C,C企业,440300,2019,2,4
2019-04-16,上海市,B003,6,34194,MD洗衣机,MD,洗衣机,3100,5699,B,B企业,310000,2019,2,4
2019-04-16,深圳市,B002,4,14396,MD电视,MD,电视,2000,4299,B,B企业,440300,2019,2,4
2019-04-16,长沙市,B003,6,34194,MD洗衣机,MD,洗衣机,3100,5699,B,B企业,430100,2019,2,4
2019-04-16,金华市,A001,5,23345,GL冰箱,GL,冰箱,2200,4669,A,A企业,330700,2019,2,4
2019-04-16,厦门市,B001,6,25194,MD冰箱,MD,冰箱,2500,4199,B,B企业,350200,2019,2,4
2019-04-16,深圳市,C002,4,16796,HE电视,HE,电视,2200,4199,C,C企业,440300,2019,2,4
2019-04-16,金华市,B001,8,33592,MD冰箱,MD,冰箱,2500,4199,B,B企业,330700,2019,2,4
2019-04-17,金华市,C002,6,25194,HE电视,HE,电视,2200,4199,C,C企业,330700,2019,2,4
2019-04-17,深圳市,C002,4,16796,HE电视,HE,电视,2200,4199,C,C企业,440300,2019,2,4
2019-04-17,金华市,A003,2,9338,GL洗衣机,GL,洗衣机,3200,4669,A,A企业,330700,2019,2,4
2019-04-17,金华市,A001,5,23345,GL冰箱,GL,冰箱,2200,4669,A,A企业,330700,2019,2,4
2019-04-17,厦门市,A003,4,18676,GL洗衣机,GL,洗衣机,3200,4669,A,A企业,350200,2019,2,4
2019-04-17,金华市,B001,4,16796,MD冰箱,MD,冰箱,2500,4199,B,B企业,330700,2019,2,4
2019-04-17,重庆市,B003,5,28495,MD洗衣机,MD,洗衣机,3100,5699,B,B企业,500000,2019,2,4
2019-04-17,上海市,A003,7,32683,GL洗衣机,GL,洗衣机,3200,4669,A,A企业,310000,2019,2,4
2019-04-17,上海市,B003,6,34194,MD洗衣机,MD,洗衣机,3100,5699,B,B企业,310000,2019,2,4
2019-04-17,金华市,C003,4,18676,HE洗衣机,HE,洗衣机,2600,4699,C,C企业,330700,2019,2,4
2019-04-17,厦门市,B003,5,28495,MD洗衣机,MD,洗衣机,3100,5699,B,B企业,350200,2019,2,4
2019-04-17,厦门市,C002,4,16796,HE电视,HE,电视,2200,4199,C,C企业,350200,2019,2,4
2019-04-17,厦门市,B001,5,20995,MD冰箱,MD,冰箱,2500,4199,B,B企业,350200,2019,2,4
2019-04-17,金华市,B003,7,39893,MD洗衣机,MD,洗衣机,3100,5699,B,B企业,330700,2019,2,4
2019-04-17,深圳市,B003,5,28495,MD洗衣机,MD,洗衣机,3100,5699,B,B企业,440300,2019,2,4
2019-04-17,成都市,C001,2,7198,HE冰箱,HE,冰箱,1800,3599,C,C企业,510100,2019,2,4
2019-04-17,成都市,B003,4,22796,MD洗衣机,MD,洗衣机,3100,5699,B,B企业,510100,2019,2,4
2019-04-17,深圳市,C001,3,10797,HE冰箱,HE,冰箱,1800,3599,C,C企业,440300,2019,2,4
2019-04-17,厦门市,C001,6,21594,HE冰箱,HE,冰箱,1800,3599,C,C企业,350200,2019,2,4
2019-04-17,成都市,C002,3,12597,HE电视,HE,电视,2200,4199,C,C企业,510100,2019,2,4
2019-04-17,重庆市,C002,4,16796,HE电视,HE,电视,2200,4199,C,C企业,500000,2019,2,4
2019-04-17,金华市,C001,5,17995,HE冰箱,HE,冰箱,1800,3599,C,C企业,330700,2019,2,4
2019-04-17,深圳市,B001,6,25194,MD冰箱,MD,冰箱,2500,4199,B,B企业,440300,2019,2,4
2019-04-17,上海市,C003,8,37352,HE洗衣机,HE,洗衣机,2600,4699,C,C企业,310000,2019,2,4
2019-04-17,深圳市,C003,5,23345,HE洗衣机,HE,洗衣机,2600,4699,C,C企业,440300,2019,2,4
2019-04-18,成都市,C001,6,21594,HE冰箱,HE,冰箱,1800,3599,C,C企业,510100,2019,2,4
2019-04-18,上海市,A003,7,32683,GL洗衣机,GL,洗衣机,3200,4669,A,A企业,310000,2019,2,4
2019-04-18,金华市,B002,8,28792,MD电视,MD,电视,2000,4299,B,B企业,330700,2019,2,4
2019-04-18,长沙市,C001,6,21594,HE冰箱,HE,冰箱,1800,3599,C,C企业,430100,2019,2,4
2019-04-18,长沙市,B001,7,29393,MD冰箱,MD,冰箱,2500,4199,B,B企业,430100,2019,2,4
2019-04-18,重庆市,A003,7,32683,GL洗衣机,GL,洗衣机,3200,4669,A,A企业,500000,2019,2,4
2019-04-18,深圳市,B001,6,25194,MD冰箱,MD,冰箱,2500,4199,B,B企业,440300,2019,2,4
2019-04-18,重庆市,B001,8,33592,MD冰箱,MD,冰箱,2500,4199,B,B企业,500000,2019,2,4
2019-04-18,厦门市,A001,7,32683,GL冰箱,GL,冰箱,2200,4669,A,A企业,350200,2019,2,4
2019-04-18,上海市,B001,8,33592,MD冰箱,MD,冰箱,2500,4199,B,B企业,310000,2019,2,4
2019-04-18,长沙市,C003,5,23345,HE洗衣机,HE,洗衣机,2600,4699,C,C企业,430100,2019,2,4
2019-04-18,厦门市,B001,7,29393,MD冰箱,MD,冰箱,2500,4199,B,B企业,350200,2019,2,4
2019-04-18,成都市,C003,5,23345,HE洗衣机,HE,洗衣机,2600,4699,C,C企业,510100,2019,2,4
2019-04-18,成都市,B001,4,16796,MD冰箱,MD,冰箱,2500,4199,B,B企业,510100,2019,2,4
2019-04-18,金华市,B001,5,20995,MD冰箱,MD,冰箱,2500,4199,B,B企业,330700,2019,2,4
2019-04-18,厦门市,B002,5,17995,MD电视,MD,电视,2000,4299,B,B企业,350200,2019,2,4
2019-04-18,金华市,C001,6,21594,HE冰箱,HE,冰箱,1800,3599,C,C企业,330700,2019,2,4
2019-04-18,金华市,A001,6,28014,GL冰箱,GL,冰箱,2200,4669,A,A企业,330700,2019,2,4
2019-04-18,重庆市,A001,8,37352,GL冰箱,GL,冰箱,2200,4669,A,A企业,500000,2019,2,4
2019-04-19,深圳市,A003,3,14007,GL洗衣机,GL,洗衣机,3200,4669,A,A企业,440300,2019,2,4
2019-04-19,厦门市,C003,6,28014,HE洗衣机,HE,洗衣机,2600,4699,C,C企业,350200,2019,2,4
2019-04-19,金华市,C003,2,9338,HE洗衣机,HE,洗衣机,2600,4699,C,C企业,330700,2019,2,4
2019-04-19,金华市,B001,4,16796,MD冰箱,MD,冰箱,2500,4199,B,B企业,330700,2019,2,4
2019-04-19,金华市,B002,9,32391,MD电视,MD,电视,2000,4299,B,B企业,330700,2019,2,4
2019-04-19,深圳市,B001,3,12597,MD冰箱,MD,冰箱,2500,4199,B,B企业,440300,2019,2,4
2019-04-19,厦门市,B001,4,16796,MD冰箱,MD,冰箱,2500,4199,B,B企业,350200,2019,2,4
2019-04-19,上海市,B001,6,25194,MD冰箱,MD,冰箱,2500,4199,B,B企业,310000,2019,2,4
2019-04-19,重庆市,B001,7,29393,MD冰箱,MD,冰箱,2500,4199,B,B企业,500000,2019,2,4
2019-04-19,厦门市,A001,5,23345,GL冰箱,GL,冰箱,2200,4669,A,A企业,350200,2019,2,4
2019-04-19,成都市,B001,7,29393,MD冰箱,MD,冰箱,2500,4199,B,B企业,510100,2019,2,4
2019-04-19,金华市,A001,5,23345,GL冰箱,GL,冰箱,2200,4669,A,A企业,330700,2019,2,4
2019-04-19,金华市,C001,5,17995,HE冰箱,HE,冰箱,1800,3599,C,C企业,330700,2019,2,4
2019-04-19,厦门市,B002,4,14396,MD电视,MD,电视,2000,4299,B,B企业,350200,2019,2,4
2019-04-20,成都市,C001,4,14396,HE冰箱,HE,冰箱,1800,3599,C,C企业,510100,2019,2,4
2019-04-20,成都市,B001,5,20995,MD冰箱,MD,冰箱,2500,4199,B,B企业,510100,2019,2,4
2019-04-20,金华市,B002,4,14396,MD电视,MD,电视,2000,4299,B,B企业,330700,2019,2,4
2019-04-20,金华市,A001,5,23345,GL冰箱,GL,冰箱,2200,4669,A,A企业,330700,2019,2,4
2019-04-20,深圳市,B001,7,29393,MD冰箱,MD,冰箱,2500,4199,B,B企业,440300,2019,2,4
2019-04-20,重庆市,B001,8,33592,MD冰箱,MD,冰箱,2500,4199,B,B企业,500000,2019,2,4
2019-04-20,金华市,A003,7,32683,GL洗衣机,GL,洗衣机,3200,4669,A,A企业,330700,2019,2,4
2019-04-20,金华市,C001,5,17995,HE冰箱,HE,冰箱,1800,3599,C,C企业,330700,2019,2,4
2019-04-20,厦门市,B001,4,16796,MD冰箱,MD,冰箱,2500,4199,B,B企业,350200,2019,2,4
2019-04-20,深圳市,C001,8,28792,HE冰箱,HE,冰箱,1800,3599,C,C企业,440300,2019,2,4
2019-04-20,金华市,B001,9,37791,MD冰箱,MD,冰箱,2500,4199,B,B企业,330700,2019,2,4
2019-04-21,长沙市,B001,4,16796,MD冰箱,MD,冰箱,2500,4199,B,B企业,430100,2019,2,4
2019-04-21,长沙市,C003,5,23345,HE洗衣机,HE,洗衣机,2600,4699,C,C企业,430100,2019,2,4
2019-04-21,成都市,B001,4,16796,MD冰箱,MD,冰箱,2500,4199,B,B企业,510100,2019,2,4
2019-04-21,重庆市,A003,9,42021,GL洗衣机,GL,洗衣机,3200,4669,A,A企业,500000,2019,2,4
2019-04-21,成都市,A003,5,23345,GL洗衣机,GL,洗衣机,3200,4669,A,A企业,510100,2019,2,4
2019-04-21,长沙市,B002,3,10797,MD电视,MD,电视,2000,4299,B,B企业,430100,2019,2,4
2019-04-21,重庆市,B001,5,20995,MD冰箱,MD,冰箱,2500,4199,B,B企业,500000,2019,2,4
2019-04-21,金华市,B002,4,14396,MD电视,MD,电视,2000,4299,B,B企业,330700,2019,2,4
2019-04-21,金华市,C003,3,14007,HE洗衣机,HE,洗衣机,2600,4699,C,C企业,330700,2019,2,4
2019-04-21,厦门市,C001,8,28792,HE冰箱,HE,冰箱,1800,3599,C,C企业,350200,2019,2,4
2019-04-21,厦门市,C003,4,18676,HE洗衣机,HE,洗衣机,2600,4699,C,C企业,350200,2019,2,4
2019-04-21,金华市,B001,5,20995,MD冰箱,MD,冰箱,2500,4199,B,B企业,330700,2019,2,4
2019-04-21,成都市,C001,5,17995,HE冰箱,HE,冰箱,1800,3599,C,C企业,510100,2019,2,4
2019-04-21,上海市,B002,7,25193,MD电视,MD,电视,2000,4299,B,B企业,310000,2019,2,4
2019-04-21,厦门市,B001,3,12597,MD冰箱,MD,冰箱,2500,4199,B,B企业,350200,2019,2,4
2019-04-21,上海市,B001,4,16796,MD冰箱,MD,冰箱,2500,4199,B,B企业,310000,2019,2,4
2019-04-21,深圳市,B001,2,8398,MD冰箱,MD,冰箱,2500,4199,B,B企业,440300,2019,2,4
2019-04-21,厦门市,A003,7,32683,GL洗衣机,GL,洗衣机,3200,4669,A,A企业,350200,2019,2,4
2019-04-21,深圳市,B002,3,10797,MD电视,MD,电视,2000,4299,B,B企业,440300,2019,2,4
2019-04-21,金华市,A001,3,14007,GL冰箱,GL,冰箱,2200,4669,A,A企业,330700,2019,2,4
2019-04-21,厦门市,A001,4,18676,GL冰箱,GL,冰箱,2200,4669,A,A企业,350200,2019,2,4
2019-04-22,重庆市,B001,5,20995,MD冰箱,MD,冰箱,2500,4199,B,B企业,500000,2019,2,4
2019-04-22,深圳市,C001,9,32391,HE冰箱,HE,冰箱,1800,3599,C,C企业,440300,2019,2,4
2019-04-22,深圳市,B001,4,16796,MD冰箱,MD,冰箱,2500,4199,B,B企业,440300,2019,2,4
2019-04-22,长沙市,B002,6,21594,MD电视,MD,电视,2000,4299,B,B企业,430100,2019,2,4
2019-04-22,深圳市,A003,3,14007,GL洗衣机,GL,洗衣机,3200,4669,A,A企业,440300,2019,2,4
2019-04-22,厦门市,A001,7,32683,GL冰箱,GL,冰箱,2200,4669,A,A企业,350200,2019,2,4
2019-04-22,深圳市,C002,4,16796,HE电视,HE,电视,2200,4199,C,C企业,440300,2019,2,4
2019-04-22,厦门市,C003,7,32683,HE洗衣机,HE,洗衣机,2600,4699,C,C企业,350200,2019,2,4
2019-04-22,金华市,C002,7,29393,HE电视,HE,电视,2200,4199,C,C企业,330700,2019,2,4
2019-04-22,厦门市,B001,2,8398,MD冰箱,MD,冰箱,2500,4199,B,B企业,350200,2019,2,4
2019-04-22,厦门市,C001,6,21594,HE冰箱,HE,冰箱,1800,3599,C,C企业,350200,2019,2,4
2019-04-22,厦门市,A003,4,18676,GL洗衣机,GL,洗衣机,3200,4669,A,A企业,350200,2019,2,4
2019-04-22,长沙市,C001,4,14396,HE冰箱,HE,冰箱,1800,3599,C,C企业,430100,2019,2,4
2019-04-22,长沙市,B001,5,20995,MD冰箱,MD,冰箱,2500,4199,B,B企业,430100,2019,2,4
2019-04-22,长沙市,A003,5,23345,GL洗衣机,GL,洗衣机,3200,4669,A,A企业,430100,2019,2,4
2019-04-22,长沙市,C002,5,20995,HE电视,HE,电视,2200,4199,C,C企业,430100,2019,2,4
2019-04-22,上海市,B001,8,33592,MD冰箱,MD,冰箱,2500,4199,B,B企业,310000,2019,2,4
2019-04-22,长沙市,A001,4,18676,GL冰箱,GL,冰箱,2200,4669,A,A企业,430100,2019,2,4
2019-04-22,上海市,C001,5,17995,HE冰箱,HE,冰箱,1800,3599,C,C企业,310000,2019,2,4
2019-04-23,厦门市,A003,7,32683,GL洗衣机,GL,洗衣机,3200,4669,A,A企业,350200,2019,2,4
2019-04-23,金华市,B001,4,16796,MD冰箱,MD,冰箱,2500,4199,B,B企业,330700,2019,2,4
2019-04-23,深圳市,B001,4,16796,MD冰箱,MD,冰箱,2500,4199,B,B企业,440300,2019,2,4
2019-04-23,金华市,A001,4,18676,GL冰箱,GL,冰箱,2200,4669,A,A企业,330700,2019,2,4
2019-04-23,金华市,B002,6,21594,MD电视,MD,电视,2000,4299,B,B企业,330700,2019,2,4
2019-04-23,重庆市,B001,9,37791,MD冰箱,MD,冰箱,2500,4199,B,B企业,500000,2019,2,4
2019-04-23,成都市,B002,6,21594,MD电视,MD,电视,2000,4299,B,B企业,510100,2019,2,4
2019-04-23,长沙市,B001,8,33592,MD冰箱,MD,冰箱,2500,4199,B,B企业,430100,2019,2,4
2019-04-23,成都市,B001,9,37791,MD冰箱,MD,冰箱,2500,4199,B,B企业,510100,2019,2,4
2019-04-23,重庆市,B002,8,28792,MD电视,MD,电视,2000,4299,B,B企业,500000,2019,2,4
2019-04-23,上海市,B001,6,25194,MD冰箱,MD,冰箱,2500,4199,B,B企业,310000,2019,2,4
2019-04-23,金华市,C001,5,17995,HE冰箱,HE,冰箱,1800,3599,C,C企业,330700,2019,2,4
2019-04-23,深圳市,A003,4,18676,GL洗衣机,GL,洗衣机,3200,4669,A,A企业,440300,2019,2,4
2019-04-23,厦门市,B001,5,20995,MD冰箱,MD,冰箱,2500,4199,B,B企业,350200,2019,2,4
2019-04-23,重庆市,C001,4,14396,HE冰箱,HE,冰箱,1800,3599,C,C企业,500000,2019,2,4
2019-04-23,厦门市,C001,9,32391,HE冰箱,HE,冰箱,1800,3599,C,C企业,350200,2019,2,4
2019-04-23,深圳市,B002,5,17995,MD电视,MD,电视,2000,4299,B,B企业,440300,2019,2,4
2019-04-24,金华市,C003,5,23345,HE洗衣机,HE,洗衣机,2600,4699,C,C企业,330700,2019,2,4
2019-04-24,厦门市,C001,2,7198,HE冰箱,HE,冰箱,1800,3599,C,C企业,350200,2019,2,4
2019-04-24,成都市,B002,4,14396,MD电视,MD,电视,2000,4299,B,B企业,510100,2019,2,4
2019-04-24,厦门市,B001,2,8398,MD冰箱,MD,冰箱,2500,4199,B,B企业,350200,2019,2,4
2019-04-24,金华市,B001,4,16796,MD冰箱,MD,冰箱,2500,4199,B,B企业,330700,2019,2,4
2019-04-24,成都市,B001,6,25194,MD冰箱,MD,冰箱,2500,4199,B,B企业,510100,2019,2,4
2019-04-24,厦门市,C003,5,23345,HE洗衣机,HE,洗衣机,2600,4699,C,C企业,350200,2019,2,4
2019-04-24,厦门市,A003,8,37352,GL洗衣机,GL,洗衣机,3200,4669,A,A企业,350200,2019,2,4
2019-04-24,深圳市,A003,4,18676,GL洗衣机,GL,洗衣机,3200,4669,A,A企业,440300,2019,2,4
2019-04-24,金华市,C001,7,25193,HE冰箱,HE,冰箱,1800,3599,C,C企业,330700,2019,2,4
2019-04-24,深圳市,B002,4,14396,MD电视,MD,电视,2000,4299,B,B企业,440300,2019,2,4
2019-04-24,金华市,A001,9,42021,GL冰箱,GL,冰箱,2200,4669,A,A企业,330700,2019,2,4
2019-04-24,重庆市,B001,2,8398,MD冰箱,MD,冰箱,2500,4199,B,B企业,500000,2019,2,4
2019-04-24,金华市,B002,4,14396,MD电视,MD,电视,2000,4299,B,B企业,330700,2019,2,4
2019-04-24,厦门市,B002,4,14396,MD电视,MD,电视,2000,4299,B,B企业,350200,2019,2,4
2019-04-24,上海市,B002,2,7198,MD电视,MD,电视,2000,4299,B,B企业,310000,2019,2,4
2019-04-24,深圳市,B001,4,16796,MD冰箱,MD,冰箱,2500,4199,B,B企业,440300,2019,2,4
2019-04-24,金华市,A003,4,18676,GL洗衣机,GL,洗衣机,3200,4669,A,A企业,330700,2019,2,4
2019-04-24,长沙市,B001,3,12597,MD冰箱,MD,冰箱,2500,4199,B,B企业,430100,2019,2,4
2019-04-24,成都市,A003,6,28014,GL洗衣机,GL,洗衣机,3200,4669,A,A企业,510100,2019,2,4
2019-04-24,金华市,C002,4,16796,HE电视,HE,电视,2200,4199,C,C企业,330700,2019,2,4
2019-04-24,成都市,A001,5,23345,GL冰箱,GL,冰箱,2200,4669,A,A企业,510100,2019,2,4
2019-04-25,长沙市,A003,6,28014,GL洗衣机,GL,洗衣机,3200,4669,A,A企业,430100,2019,2,4
2019-04-25,深圳市,B001,6,25194,MD冰箱,MD,冰箱,2500,4199,B,B企业,440300,2019,2,4
2019-04-25,厦门市,B001,5,20995,MD冰箱,MD,冰箱,2500,4199,B,B企业,350200,2019,2,4
2019-04-25,深圳市,C001,3,10797,HE冰箱,HE,冰箱,1800,3599,C,C企业,440300,2019,2,4
2019-04-25,金华市,B001,6,25194,MD冰箱,MD,冰箱,2500,4199,B,B企业,330700,2019,2,4
2019-04-25,长沙市,A001,4,18676,GL冰箱,GL,冰箱,2200,4669,A,A企业,430100,2019,2,4
2019-04-25,重庆市,B001,6,25194,MD冰箱,MD,冰箱,2500,4199,B,B企业,500000,2019,2,4
2019-04-25,上海市,C003,2,9338,HE洗衣机,HE,洗衣机,2600,4699,C,C企业,310000,2019,2,4
2019-04-25,成都市,C002,4,16796,HE电视,HE,电视,2200,4199,C,C企业,510100,2019,2,4
2019-04-25,上海市,A003,5,23345,GL洗衣机,GL,洗衣机,3200,4669,A,A企业,310000,2019,2,4
2019-04-25,金华市,C002,4,16796,HE电视,HE,电视,2200,4199,C,C企业,330700,2019,2,4
2019-04-25,成都市,C003,4,18676,HE洗衣机,HE,洗衣机,2600,4699,C,C企业,510100,2019,2,4
2019-04-25,深圳市,A003,5,23345,GL洗衣机,GL,洗衣机,3200,4669,A,A企业,440300,2019,2,4
2019-04-25,厦门市,C002,2,8398,HE电视,HE,电视,2200,4199,C,C企业,350200,2019,2,4
2019-04-25,深圳市,C002,3,12597,HE电视,HE,电视,2200,4199,C,C企业,440300,2019,2,4
2019-04-25,成都市,A001,8,37352,GL冰箱,GL,冰箱,2200,4669,A,A企业,510100,2019,2,4
2019-04-25,厦门市,C001,4,14396,HE冰箱,HE,冰箱,1800,3599,C,C企业,350200,2019,2,4
2019-04-25,重庆市,C001,4,14396,HE冰箱,HE,冰箱,1800,3599,C,C企业,500000,2019,2,4
2019-04-25,厦门市,A003,3,14007,GL洗衣机,GL,洗衣机,3200,4669,A,A企业,350200,2019,2,4
2019-04-25,成都市,C001,4,14396,HE冰箱,HE,冰箱,1800,3599,C,C企业,510100,2019,2,4
2019-04-25,长沙市,C002,6,25194,HE电视,HE,电视,2200,4199,C,C企业,430100,2019,2,4
2019-04-25,长沙市,B001,3,12597,MD冰箱,MD,冰箱,2500,4199,B,B企业,430100,2019,2,4
2019-04-25,金华市,B002,2,7198,MD电视,MD,电视,2000,4299,B,B企业,330700,2019,2,4
2019-04-25,金华市,C001,7,25193,HE冰箱,HE,冰箱,1800,3599,C,C企业,330700,2019,2,4
2019-04-26,厦门市,B002,3,10797,MD电视,MD,电视,2000,4299,B,B企业,350200,2019,2,4
2019-04-26,深圳市,C001,3,10797,HE冰箱,HE,冰箱,1800,3599,C,C企业,440300,2019,2,4
2019-04-26,金华市,B001,5,20995,MD冰箱,MD,冰箱,2500,4199,B,B企业,330700,2019,2,4
2019-04-26,长沙市,B001,5,20995,MD冰箱,MD,冰箱,2500,4199,B,B企业,430100,2019,2,4
2019-04-26,深圳市,B001,4,16796,MD冰箱,MD,冰箱,2500,4199,B,B企业,440300,2019,2,4
2019-04-26,长沙市,B002,6,21594,MD电视,MD,电视,2000,4299,B,B企业,430100,2019,2,4
2019-04-26,厦门市,C001,7,25193,HE冰箱,HE,冰箱,1800,3599,C,C企业,350200,2019,2,4
2019-04-26,重庆市,C001,7,25193,HE冰箱,HE,冰箱,1800,3599,C,C企业,500000,2019,2,4
2019-04-26,厦门市,A003,6,28014,GL洗衣机,GL,洗衣机,3200,4669,A,A企业,350200,2019,2,4
2019-04-26,厦门市,C003,6,28014,HE洗衣机,HE,洗衣机,2600,4699,C,C企业,350200,2019,2,4
2019-04-26,成都市,B002,7,25193,MD电视,MD,电视,2000,4299,B,B企业,510100,2019,2,4
2019-04-26,重庆市,B002,2,7198,MD电视,MD,电视,2000,4299,B,B企业,500000,2019,2,4
2019-04-26,厦门市,B001,3,12597,MD冰箱,MD,冰箱,2500,4199,B,B企业,350200,2019,2,4
2019-04-26,深圳市,C003,5,23345,HE洗衣机,HE,洗衣机,2600,4699,C,C企业,440300,2019,2,4
2019-04-26,上海市,B001,7,29393,MD冰箱,MD,冰箱,2500,4199,B,B企业,310000,2019,2,4
2019-04-26,上海市,C001,7,25193,HE冰箱,HE,冰箱,1800,3599,C,C企业,310000,2019,2,4
2019-04-26,上海市,C003,6,28014,HE洗衣机,HE,洗衣机,2600,4699,C,C企业,310000,2019,2,4
2019-04-26,上海市,B002,6,21594,MD电视,MD,电视,2000,4299,B,B企业,310000,2019,2,4
2019-04-26,深圳市,B002,9,32391,MD电视,MD,电视,2000,4299,B,B企业,440300,2019,2,4
2019-04-26,成都市,C001,5,17995,HE冰箱,HE,冰箱,1800,3599,C,C企业,510100,2019,2,4
2019-04-26,厦门市,A001,3,14007,GL冰箱,GL,冰箱,2200,4669,A,A企业,350200,2019,2,4
2019-04-26,成都市,B001,2,8398,MD冰箱,MD,冰箱,2500,4199,B,B企业,510100,2019,2,4
2019-04-26,金华市,C003,5,23345,HE洗衣机,HE,洗衣机,2600,4699,C,C企业,330700,2019,2,4
2019-04-27,厦门市,A001,2,9338,GL冰箱,GL,冰箱,2200,4669,A,A企业,350200,2019,2,4
2019-04-27,金华市,B001,6,25194,MD冰箱,MD,冰箱,2500,4199,B,B企业,330700,2019,2,4
2019-04-27,厦门市,C002,3,12597,HE电视,HE,电视,2200,4199,C,C企业,350200,2019,2,4
2019-04-27,厦门市,B001,5,20995,MD冰箱,MD,冰箱,2500,4199,B,B企业,350200,2019,2,4
2019-04-27,金华市,C001,7,25193,HE冰箱,HE,冰箱,1800,3599,C,C企业,330700,2019,2,4
2019-04-27,深圳市,C001,6,21594,HE冰箱,HE,冰箱,1800,3599,C,C企业,440300,2019,2,4
2019-04-27,金华市,A003,7,32683,GL洗衣机,GL,洗衣机,3200,4669,A,A企业,330700,2019,2,4
2019-04-27,重庆市,A003,9,42021,GL洗衣机,GL,洗衣机,3200,4669,A,A企业,500000,2019,2,4
2019-04-27,厦门市,A003,6,28014,GL洗衣机,GL,洗衣机,3200,4669,A,A企业,350200,2019,2,4
2019-04-27,金华市,C002,5,20995,HE电视,HE,电视,2200,4199,C,C企业,330700,2019,2,4
2019-04-27,成都市,C001,9,32391,HE冰箱,HE,冰箱,1800,3599,C,C企业,510100,2019,2,4
2019-04-27,深圳市,C002,2,8398,HE电视,HE,电视,2200,4199,C,C企业,440300,2019,2,4
2019-04-27,成都市,B001,5,20995,MD冰箱,MD,冰箱,2500,4199,B,B企业,510100,2019,2,4
2019-04-27,重庆市,B001,3,12597,MD冰箱,MD,冰箱,2500,4199,B,B企业,500000,2019,2,4
2019-04-27,深圳市,B001,5,20995,MD冰箱,MD,冰箱,2500,4199,B,B企业,440300,2019,2,4
2019-04-27,金华市,A001,3,14007,GL冰箱,GL,冰箱,2200,4669,A,A企业,330700,2019,2,4
2019-04-27,成都市,C003,6,28014,HE洗衣机,HE,洗衣机,2600,4699,C,C企业,510100,2019,2,4
2019-04-27,重庆市,C001,6,21594,HE冰箱,HE,冰箱,1800,3599,C,C企业,500000,2019,2,4
2019-04-27,重庆市,C002,4,16796,HE电视,HE,电视,2200,4199,C,C企业,500000,2019,2,4
2019-04-27,深圳市,C003,3,14007,HE洗衣机,HE,洗衣机,2600,4699,C,C企业,440300,2019,2,4
2019-04-28,长沙市,C002,2,8398,HE电视,HE,电视,2200,4199,C,C企业,430100,2019,2,4
2019-04-28,金华市,A003,8,37352,GL洗衣机,GL,洗衣机,3200,4669,A,A企业,330700,2019,2,4
2019-04-28,厦门市,B001,4,16796,MD冰箱,MD,冰箱,2500,4199,B,B企业,350200,2019,2,4
2019-04-28,深圳市,C001,7,25193,HE冰箱,HE,冰箱,1800,3599,C,C企业,440300,2019,2,4
2019-04-28,金华市,C002,3,12597,HE电视,HE,电视,2200,4199,C,C企业,330700,2019,2,4
2019-04-28,金华市,B001,7,29393,MD冰箱,MD,冰箱,2500,4199,B,B企业,330700,2019,2,4
2019-04-28,金华市,A001,8,37352,GL冰箱,GL,冰箱,2200,4669,A,A企业,330700,2019,2,4
2019-04-28,成都市,A003,4,18676,GL洗衣机,GL,洗衣机,3200,4669,A,A企业,510100,2019,2,4
2019-04-28,长沙市,C003,9,42021,HE洗衣机,HE,洗衣机,2600,4699,C,C企业,430100,2019,2,4
2019-04-28,深圳市,B001,6,25194,MD冰箱,MD,冰箱,2500,4199,B,B企业,440300,2019,2,4
2019-04-28,长沙市,B001,4,16796,MD冰箱,MD,冰箱,2500,4199,B,B企业,430100,2019,2,4
2019-04-28,深圳市,C002,8,33592,HE电视,HE,电视,2200,4199,C,C企业,440300,2019,2,4
2019-04-28,金华市,B002,5,17995,MD电视,MD,电视,2000,4299,B,B企业,330700,2019,2,4
2019-04-28,金华市,C001,6,21594,HE冰箱,HE,冰箱,1800,3599,C,C企业,330700,2019,2,4
2019-04-28,成都市,B002,4,14396,MD电视,MD,电视,2000,4299,B,B企业,510100,2019,2,4
2019-04-29,长沙市,A001,5,23345,GL冰箱,GL,冰箱,2200,4669,A,A企业,430100,2019,2,4
2019-04-29,重庆市,B001,8,33592,MD冰箱,MD,冰箱,2500,4199,B,B企业,500000,2019,2,4
2019-04-29,金华市,B001,3,12597,MD冰箱,MD,冰箱,2500,4199,B,B企业,330700,2019,2,4
2019-04-29,厦门市,A001,4,18676,GL冰箱,GL,冰箱,2200,4669,A,A企业,350200,2019,2,4
2019-04-29,长沙市,B001,8,33592,MD冰箱,MD,冰箱,2500,4199,B,B企业,430100,2019,2,4
2019-04-29,厦门市,B002,7,25193,MD电视,MD,电视,2000,4299,B,B企业,350200,2019,2,4
2019-04-29,重庆市,C001,8,28792,HE冰箱,HE,冰箱,1800,3599,C,C企业,500000,2019,2,4
2019-04-29,厦门市,B001,6,25194,MD冰箱,MD,冰箱,2500,4199,B,B企业,350200,2019,2,4
2019-04-29,金华市,C001,8,28792,HE冰箱,HE,冰箱,1800,3599,C,C企业,330700,2019,2,4
2019-04-29,重庆市,A001,5,23345,GL冰箱,GL,冰箱,2200,4669,A,A企业,500000,2019,2,4
2019-04-29,长沙市,A003,2,9338,GL洗衣机,GL,洗衣机,3200,4669,A,A企业,430100,2019,2,4
2019-04-29,成都市,B001,7,29393,MD冰箱,MD,冰箱,2500,4199,B,B企业,510100,2019,2,4
2019-04-29,金华市,B002,4,14396,MD电视,MD,电视,2000,4299,B,B企业,330700,2019,2,4
2019-04-29,金华市,A001,3,14007,GL冰箱,GL,冰箱,2200,4669,A,A企业,330700,2019,2,4
2019-04-29,深圳市,B001,4,16796,MD冰箱,MD,冰箱,2500,4199,B,B企业,440300,2019,2,4
2019-04-30,金华市,C001,9,32391,HE冰箱,HE,冰箱,1800,3599,C,C企业,330700,2019,2,4
2019-04-30,金华市,B001,3,12597,MD冰箱,MD,冰箱,2500,4199,B,B企业,330700,2019,2,4
2019-04-30,重庆市,A003,8,37352,GL洗衣机,GL,洗衣机,3200,4669,A,A企业,500000,2019,2,4
2019-04-30,重庆市,B001,5,20995,MD冰箱,MD,冰箱,2500,4199,B,B企业,500000,2019,2,4
2019-04-30,重庆市,A001,7,32683,GL冰箱,GL,冰箱,2200,4669,A,A企业,500000,2019,2,4
2019-04-30,长沙市,A001,7,32683,GL冰箱,GL,冰箱,2200,4669,A,A企业,430100,2019,2,4
2019-04-30,深圳市,A001,4,18676,GL冰箱,GL,冰箱,2200,4669,A,A企业,440300,2019,2,4
2019-04-30,厦门市,B001,4,16796,MD冰箱,MD,冰箱,2500,4199,B,B企业,350200,2019,2,4
2019-04-30,厦门市,C003,4,18676,HE洗衣机,HE,洗衣机,2600,4699,C,C企业,350200,2019,2,4
2019-04-30,长沙市,B001,2,8398,MD冰箱,MD,冰箱,2500,4199,B,B企业,430100,2019,2,4
2019-04-30,金华市,B002,5,17995,MD电视,MD,电视,2000,4299,B,B企业,330700,2019,2,4
2019-05-01,重庆市,B001,5,20995,MD冰箱,MD,冰箱,2500,4199,B,B企业,500000,2019,2,5
2019-05-01,金华市,A003,7,32683,GL洗衣机,GL,洗衣机,3200,4669,A,A企业,330700,2019,2,5
2019-05-01,厦门市,C001,5,17995,HE冰箱,HE,冰箱,1800,3599,C,C企业,350200,2019,2,5
2019-05-01,重庆市,B002,2,7198,MD电视,MD,电视,2000,4299,B,B企业,500000,2019,2,5
2019-05-01,深圳市,A003,4,18676,GL洗衣机,GL,洗衣机,3200,4669,A,A企业,440300,2019,2,5
2019-05-01,成都市,B002,5,17995,MD电视,MD,电视,2000,4299,B,B企业,510100,2019,2,5
2019-05-01,深圳市,C001,4,14396,HE冰箱,HE,冰箱,1800,3599,C,C企业,440300,2019,2,5
2019-05-01,厦门市,A001,6,28014,GL冰箱,GL,冰箱,2200,4669,A,A企业,350200,2019,2,5
2019-05-01,深圳市,A001,6,28014,GL冰箱,GL,冰箱,2200,4669,A,A企业,440300,2019,2,5
2019-05-01,厦门市,A003,5,23345,GL洗衣机,GL,洗衣机,3200,4669,A,A企业,350200,2019,2,5
2019-05-01,成都市,A001,5,23345,GL冰箱,GL,冰箱,2200,4669,A,A企业,510100,2019,2,5
2019-05-01,深圳市,B002,4,14396,MD电视,MD,电视,2000,4299,B,B企业,440300,2019,2,5
2019-05-01,成都市,B001,8,33592,MD冰箱,MD,冰箱,2500,4199,B,B企业,510100,2019,2,5
2019-05-01,金华市,B002,3,10797,MD电视,MD,电视,2000,4299,B,B企业,330700,2019,2,5
2019-05-01,金华市,B001,2,8398,MD冰箱,MD,冰箱,2500,4199,B,B企业,330700,2019,2,5
2019-05-02,金华市,B001,2,8398,MD冰箱,MD,冰箱,2500,4199,B,B企业,330700,2019,2,5
2019-05-02,厦门市,A001,6,28014,GL冰箱,GL,冰箱,2200,4669,A,A企业,350200,2019,2,5
2019-05-02,重庆市,A003,8,37352,GL洗衣机,GL,洗衣机,3200,4669,A,A企业,500000,2019,2,5
2019-05-02,金华市,A003,4,18676,GL洗衣机,GL,洗衣机,3200,4669,A,A企业,330700,2019,2,5
2019-05-02,重庆市,B001,2,8398,MD冰箱,MD,冰箱,2500,4199,B,B企业,500000,2019,2,5
2019-05-02,重庆市,A001,5,23345,GL冰箱,GL,冰箱,2200,4669,A,A企业,500000,2019,2,5
2019-05-02,重庆市,B002,6,21594,MD电视,MD,电视,2000,4299,B,B企业,500000,2019,2,5
2019-05-02,长沙市,A001,4,18676,GL冰箱,GL,冰箱,2200,4669,A,A企业,430100,2019,2,5
2019-05-02,深圳市,A001,6,28014,GL冰箱,GL,冰箱,2200,4669,A,A企业,440300,2019,2,5
2019-05-02,成都市,C001,5,17995,HE冰箱,HE,冰箱,1800,3599,C,C企业,510100,2019,2,5
2019-05-02,深圳市,B001,6,25194,MD冰箱,MD,冰箱,2500,4199,B,B企业,440300,2019,2,5
2019-05-02,厦门市,B001,6,25194,MD冰箱,MD,冰箱,2500,4199,B,B企业,350200,2019,2,5
2019-05-02,厦门市,C001,6,21594,HE冰箱,HE,冰箱,1800,3599,C,C企业,350200,2019,2,5
2019-05-02,成都市,B001,5,20995,MD冰箱,MD,冰箱,2500,4199,B,B企业,510100,2019,2,5
2019-05-02,上海市,B002,3,10797,MD电视,MD,电视,2000,4299,B,B企业,310000,2019,2,5
2019-05-02,深圳市,B002,3,10797,MD电视,MD,电视,2000,4299,B,B企业,440300,2019,2,5
2019-05-03,厦门市,A003,8,37352,GL洗衣机,GL,洗衣机,3200,4669,A,A企业,350200,2019,2,5
2019-05-03,厦门市,B002,5,17995,MD电视,MD,电视,2000,4299,B,B企业,350200,2019,2,5
2019-05-03,重庆市,A003,4,18676,GL洗衣机,GL,洗衣机,3200,4669,A,A企业,500000,2019,2,5
2019-05-03,金华市,B001,2,8398,MD冰箱,MD,冰箱,2500,4199,B,B企业,330700,2019,2,5
2019-05-03,深圳市,C001,3,10797,HE冰箱,HE,冰箱,1800,3599,C,C企业,440300,2019,2,5
2019-05-03,长沙市,A001,4,18676,GL冰箱,GL,冰箱,2200,4669,A,A企业,430100,2019,2,5
2019-05-03,重庆市,C002,2,8398,HE电视,HE,电视,2200,4199,C,C企业,500000,2019,2,5
2019-05-03,成都市,A003,5,23345,GL洗衣机,GL,洗衣机,3200,4669,A,A企业,510100,2019,2,5
2019-05-03,长沙市,B001,4,16796,MD冰箱,MD,冰箱,2500,4199,B,B企业,430100,2019,2,5
2019-05-03,重庆市,B001,8,33592,MD冰箱,MD,冰箱,2500,4199,B,B企业,500000,2019,2,5
2019-05-03,深圳市,A003,4,18676,GL洗衣机,GL,洗衣机,3200,4669,A,A企业,440300,2019,2,5
2019-05-03,重庆市,B002,2,7198,MD电视,MD,电视,2000,4299,B,B企业,500000,2019,2,5
2019-05-03,金华市,A002,7,23093,GL电视,GL,电视,1500,3299,A,A企业,330700,2019,2,5
2019-05-03,深圳市,B001,5,20995,MD冰箱,MD,冰箱,2500,4199,B,B企业,440300,2019,2,5
2019-05-03,长沙市,C002,3,12597,HE电视,HE,电视,2200,4199,C,C企业,430100,2019,2,5
2019-05-03,上海市,C001,8,28792,HE冰箱,HE,冰箱,1800,3599,C,C企业,310000,2019,2,5
2019-05-03,成都市,C002,5,20995,HE电视,HE,电视,2200,4199,C,C企业,510100,2019,2,5
2019-05-03,深圳市,C003,8,37352,HE洗衣机,HE,洗衣机,2600,4699,C,C企业,440300,2019,2,5
2019-05-03,厦门市,A001,3,14007,GL冰箱,GL,冰箱,2200,4669,A,A企业,350200,2019,2,5
2019-05-03,厦门市,B001,4,16796,MD冰箱,MD,冰箱,2500,4199,B,B企业,350200,2019,2,5
2019-05-03,金华市,C002,4,16796,HE电视,HE,电视,2200,4199,C,C企业,330700,2019,2,5
2019-05-03,金华市,B002,4,14396,MD电视,MD,电视,2000,4299,B,B企业,330700,2019,2,5
2019-05-03,金华市,C001,5,17995,HE冰箱,HE,冰箱,1800,3599,C,C企业,330700,2019,2,5
2019-05-03,深圳市,B002,4,14396,MD电视,MD,电视,2000,4299,B,B企业,440300,2019,2,5
2019-05-04,长沙市,B001,7,29393,MD冰箱,MD,冰箱,2500,4199,B,B企业,430100,2019,2,5
2019-05-04,金华市,B001,3,12597,MD冰箱,MD,冰箱,2500,4199,B,B企业,330700,2019,2,5
2019-05-04,厦门市,A001,3,14007,GL冰箱,GL,冰箱,2200,4669,A,A企业,350200,2019,2,5
2019-05-04,重庆市,C001,6,21594,HE冰箱,HE,冰箱,1800,3599,C,C企业,500000,2019,2,5
2019-05-04,金华市,A001,5,23345,GL冰箱,GL,冰箱,2200,4669,A,A企业,330700,2019,2,5
2019-05-04,厦门市,B002,5,17995,MD电视,MD,电视,2000,4299,B,B企业,350200,2019,2,5
2019-05-04,深圳市,B001,2,8398,MD冰箱,MD,冰箱,2500,4199,B,B企业,440300,2019,2,5
2019-05-04,上海市,A001,2,9338,GL冰箱,GL,冰箱,2200,4669,A,A企业,310000,2019,2,5
2019-05-04,上海市,C002,4,16796,HE电视,HE,电视,2200,4199,C,C企业,310000,2019,2,5
2019-05-04,金华市,B002,5,17995,MD电视,MD,电视,2000,4299,B,B企业,330700,2019,2,5
2019-05-04,深圳市,B002,6,21594,MD电视,MD,电视,2000,4299,B,B企业,440300,2019,2,5
2019-05-04,长沙市,A001,6,28014,GL冰箱,GL,冰箱,2200,4669,A,A企业,430100,2019,2,5
2019-05-04,深圳市,A003,6,28014,GL洗衣机,GL,洗衣机,3200,4669,A,A企业,440300,2019,2,5
2019-05-04,重庆市,B001,4,16796,MD冰箱,MD,冰箱,2500,4199,B,B企业,500000,2019,2,5
2019-05-04,厦门市,B001,3,12597,MD冰箱,MD,冰箱,2500,4199,B,B企业,350200,2019,2,5
2019-05-04,重庆市,B002,6,21594,MD电视,MD,电视,2000,4299,B,B企业,500000,2019,2,5
2019-05-04,上海市,B001,5,20995,MD冰箱,MD,冰箱,2500,4199,B,B企业,310000,2019,2,5
2019-05-04,厦门市,C003,8,37352,HE洗衣机,HE,洗衣机,2600,4699,C,C企业,350200,2019,2,5
2019-05-05,厦门市,B003,4,22796,MD洗衣机,MD,洗衣机,3100,5699,B,B企业,350200,2019,2,5
2019-05-05,重庆市,B002,3,10797,MD电视,MD,电视,2000,4299,B,B企业,500000,2019,2,5
2019-05-05,上海市,A001,6,28014,GL冰箱,GL,冰箱,2200,4669,A,A企业,310000,2019,2,5
2019-05-05,金华市,A001,5,23345,GL冰箱,GL,冰箱,2200,4669,A,A企业,330700,2019,2,5
2019-05-05,重庆市,B003,5,28495,MD洗衣机,MD,洗衣机,3100,5699,B,B企业,500000,2019,2,5
2019-05-05,成都市,B002,4,14396,MD电视,MD,电视,2000,4299,B,B企业,510100,2019,2,5
2019-05-05,长沙市,B003,7,39893,MD洗衣机,MD,洗衣机,3100,5699,B,B企业,430100,2019,2,5
2019-05-05,金华市,B002,8,28792,MD电视,MD,电视,2000,4299,B,B企业,330700,2019,2,5
2019-05-05,长沙市,C001,3,10797,HE冰箱,HE,冰箱,1800,3599,C,C企业,430100,2019,2,5
2019-05-05,厦门市,B001,6,25194,MD冰箱,MD,冰箱,2500,4199,B,B企业,350200,2019,2,5
2019-05-05,深圳市,B003,3,17097,MD洗衣机,MD,洗衣机,3100,5699,B,B企业,440300,2019,2,5
2019-05-05,上海市,B003,5,28495,MD洗衣机,MD,洗衣机,3100,5699,B,B企业,310000,2019,2,5
2019-05-05,深圳市,B002,7,25193,MD电视,MD,电视,2000,4299,B,B企业,440300,2019,2,5
2019-05-05,重庆市,A001,5,23345,GL冰箱,GL,冰箱,2200,4669,A,A企业,500000,2019,2,5
2019-05-05,长沙市,C003,8,37352,HE洗衣机,HE,洗衣机,2600,4699,C,C企业,430100,2019,2,5
2019-05-05,厦门市,C001,6,21594,HE冰箱,HE,冰箱,1800,3599,C,C企业,350200,2019,2,5
2019-05-05,重庆市,C001,9,32391,HE冰箱,HE,冰箱,1800,3599,C,C企业,500000,2019,2,5
2019-05-05,上海市,B002,9,32391,MD电视,MD,电视,2000,4299,B,B企业,310000,2019,2,5
2019-05-05,成都市,C001,6,21594,HE冰箱,HE,冰箱,1800,3599,C,C企业,510100,2019,2,5
2019-05-05,金华市,B003,6,34194,MD洗衣机,MD,洗衣机,3100,5699,B,B企业,330700,2019,2,5
2019-05-05,成都市,B003,7,39893,MD洗衣机,MD,洗衣机,3100,5699,B,B企业,510100,2019,2,5
2019-05-05,长沙市,A001,3,14007,GL冰箱,GL,冰箱,2200,4669,A,A企业,430100,2019,2,5
2019-05-05,厦门市,A001,3,14007,GL冰箱,GL,冰箱,2200,4669,A,A企业,350200,2019,2,5
2019-05-05,金华市,A002,2,6598,GL电视,GL,电视,1500,3299,A,A企业,330700,2019,2,5
2019-05-06,金华市,C001,5,17995,HE冰箱,HE,冰箱,1800,3599,C,C企业,330700,2019,2,5
2019-05-06,成都市,B002,8,28792,MD电视,MD,电视,2000,4299,B,B企业,510100,2019,2,5
2019-05-06,厦门市,B003,3,17097,MD洗衣机,MD,洗衣机,3100,5699,B,B企业,350200,2019,2,5
2019-05-06,厦门市,B002,4,14396,MD电视,MD,电视,2000,4299,B,B企业,350200,2019,2,5
2019-05-06,成都市,B003,2,11398,MD洗衣机,MD,洗衣机,3100,5699,B,B企业,510100,2019,2,5
2019-05-06,深圳市,A001,4,18676,GL冰箱,GL,冰箱,2200,4669,A,A企业,440300,2019,2,5
2019-05-06,厦门市,A001,5,23345,GL冰箱,GL,冰箱,2200,4669,A,A企业,350200,2019,2,5
2019-05-06,成都市,A003,6,28014,GL洗衣机,GL,洗衣机,3200,4669,A,A企业,510100,2019,2,5
2019-05-06,厦门市,B001,4,16796,MD冰箱,MD,冰箱,2500,4199,B,B企业,350200,2019,2,5
2019-05-06,深圳市,B002,5,17995,MD电视,MD,电视,2000,4299,B,B企业,440300,2019,2,5
2019-05-06,金华市,B003,7,39893,MD洗衣机,MD,洗衣机,3100,5699,B,B企业,330700,2019,2,5
2019-05-06,重庆市,A001,8,37352,GL冰箱,GL,冰箱,2200,4669,A,A企业,500000,2019,2,5
2019-05-06,金华市,A003,2,9338,GL洗衣机,GL,洗衣机,3200,4669,A,A企业,330700,2019,2,5
2019-05-06,金华市,A001,8,37352,GL冰箱,GL,冰箱,2200,4669,A,A企业,330700,2019,2,5
2019-05-06,厦门市,C001,5,17995,HE冰箱,HE,冰箱,1800,3599,C,C企业,350200,2019,2,5
2019-05-06,金华市,B001,8,33592,MD冰箱,MD,冰箱,2500,4199,B,B企业,330700,2019,2,5
2019-05-06,深圳市,A002,6,19794,GL电视,GL,电视,1500,3299,A,A企业,440300,2019,2,5
2019-05-06,金华市,B002,5,17995,MD电视,MD,电视,2000,4299,B,B企业,330700,2019,2,5
2019-05-06,成都市,C001,7,25193,HE冰箱,HE,冰箱,1800,3599,C,C企业,510100,2019,2,5
2019-05-06,长沙市,A003,5,23345,GL洗衣机,GL,洗衣机,3200,4669,A,A企业,430100,2019,2,5
2019-05-06,厦门市,A003,4,18676,GL洗衣机,GL,洗衣机,3200,4669,A,A企业,350200,2019,2,5
2019-05-06,深圳市,A003,4,18676,GL洗衣机,GL,洗衣机,3200,4669,A,A企业,440300,2019,2,5
2019-05-06,重庆市,B002,5,17995,MD电视,MD,电视,2000,4299,B,B企业,500000,2019,2,5
2019-05-06,重庆市,B001,2,8398,MD冰箱,MD,冰箱,2500,4199,B,B企业,500000,2019,2,5
2019-05-06,深圳市,B003,8,45592,MD洗衣机,MD,洗衣机,3100,5699,B,B企业,440300,2019,2,5
2019-05-07,深圳市,C001,2,7198,HE冰箱,HE,冰箱,1800,3599,C,C企业,440300,2019,2,5
2019-05-07,上海市,B002,5,17995,MD电视,MD,电视,2000,4299,B,B企业,310000,2019,2,5
2019-05-07,金华市,B003,4,22796,MD洗衣机,MD,洗衣机,3100,5699,B,B企业,330700,2019,2,5
2019-05-07,厦门市,B003,6,34194,MD洗衣机,MD,洗衣机,3100,5699,B,B企业,350200,2019,2,5
2019-05-07,厦门市,B001,5,20995,MD冰箱,MD,冰箱,2500,4199,B,B企业,350200,2019,2,5
2019-05-07,深圳市,B003,7,39893,MD洗衣机,MD,洗衣机,3100,5699,B,B企业,440300,2019,2,5
2019-05-07,长沙市,B003,4,22796,MD洗衣机,MD,洗衣机,3100,5699,B,B企业,430100,2019,2,5
2019-05-07,重庆市,B003,5,28495,MD洗衣机,MD,洗衣机,3100,5699,B,B企业,500000,2019,2,5
2019-05-07,金华市,B002,2,7198,MD电视,MD,电视,2000,4299,B,B企业,330700,2019,2,5
2019-05-07,厦门市,A001,3,14007,GL冰箱,GL,冰箱,2200,4669,A,A企业,350200,2019,2,5
2019-05-07,上海市,C001,6,21594,HE冰箱,HE,冰箱,1800,3599,C,C企业,310000,2019,2,5
2019-05-07,深圳市,A001,5,23345,GL冰箱,GL,冰箱,2200,4669,A,A企业,440300,2019,2,5
2019-05-07,上海市,C003,5,23345,HE洗衣机,HE,洗衣机,2600,4699,C,C企业,310000,2019,2,5
2019-05-07,长沙市,A001,6,28014,GL冰箱,GL,冰箱,2200,4669,A,A企业,430100,2019,2,5
2019-05-07,金华市,A003,2,9338,GL洗衣机,GL,洗衣机,3200,4669,A,A企业,330700,2019,2,5
2019-05-07,重庆市,A001,7,32683,GL冰箱,GL,冰箱,2200,4669,A,A企业,500000,2019,2,5
2019-05-07,成都市,A001,5,23345,GL冰箱,GL,冰箱,2200,4669,A,A企业,510100,2019,2,5
2019-05-07,成都市,A003,4,18676,GL洗衣机,GL,洗衣机,3200,4669,A,A企业,510100,2019,2,5
2019-05-07,厦门市,C001,4,14396,HE冰箱,HE,冰箱,1800,3599,C,C企业,350200,2019,2,5
2019-05-07,金华市,A001,8,37352,GL冰箱,GL,冰箱,2200,4669,A,A企业,330700,2019,2,5
2019-05-07,上海市,A003,4,18676,GL洗衣机,GL,洗衣机,3200,4669,A,A企业,310000,2019,2,5
2019-05-07,厦门市,A003,5,23345,GL洗衣机,GL,洗衣机,3200,4669,A,A企业,350200,2019,2,5
2019-05-07,长沙市,A003,4,18676,GL洗衣机,GL,洗衣机,3200,4669,A,A企业,430100,2019,2,5
2019-05-07,金华市,C001,5,17995,HE冰箱,HE,冰箱,1800,3599,C,C企业,330700,2019,2,5
2019-05-07,成都市,B002,4,14396,MD电视,MD,电视,2000,4299,B,B企业,510100,2019,2,5
2019-05-07,金华市,A002,6,19794,GL电视,GL,电视,1500,3299,A,A企业,330700,2019,2,5
2019-05-07,金华市,B001,3,12597,MD冰箱,MD,冰箱,2500,4199,B,B企业,330700,2019,2,5
2019-05-07,上海市,C002,6,25194,HE电视,HE,电视,2200,4199,C,C企业,310000,2019,2,5
2019-05-07,深圳市,C003,5,23345,HE洗衣机,HE,洗衣机,2600,4699,C,C企业,440300,2019,2,5
2019-05-07,厦门市,C002,8,33592,HE电视,HE,电视,2200,4199,C,C企业,350200,2019,2,5
2019-05-07,金华市,C002,3,12597,HE电视,HE,电视,2200,4199,C,C企业,330700,2019,2,5
2019-05-07,长沙市,B002,6,21594,MD电视,MD,电视,2000,4299,B,B企业,430100,2019,2,5
2019-05-08,厦门市,A001,6,28014,GL冰箱,GL,冰箱,2200,4669,A,A企业,350200,2019,2,5
2019-05-08,金华市,A001,6,28014,GL冰箱,GL,冰箱,2200,4669,A,A企业,330700,2019,2,5
2019-05-08,厦门市,C001,9,32391,HE冰箱,HE,冰箱,1800,3599,C,C企业,350200,2019,2,5
2019-05-08,厦门市,B002,5,17995,MD电视,MD,电视,2000,4299,B,B企业,350200,2019,2,5
2019-05-08,金华市,C001,6,21594,HE冰箱,HE,冰箱,1800,3599,C,C企业,330700,2019,2,5
2019-05-08,成都市,A001,5,23345,GL冰箱,GL,冰箱,2200,4669,A,A企业,510100,2019,2,5
2019-05-08,重庆市,B003,7,39893,MD洗衣机,MD,洗衣机,3100,5699,B,B企业,500000,2019,2,5
2019-05-08,深圳市,A002,6,19794,GL电视,GL,电视,1500,3299,A,A企业,440300,2019,2,5
2019-05-08,金华市,B002,6,21594,MD电视,MD,电视,2000,4299,B,B企业,330700,2019,2,5
2019-05-08,深圳市,A003,4,18676,GL洗衣机,GL,洗衣机,3200,4669,A,A企业,440300,2019,2,5
2019-05-08,深圳市,B001,4,16796,MD冰箱,MD,冰箱,2500,4199,B,B企业,440300,2019,2,5
2019-05-08,金华市,B003,8,45592,MD洗衣机,MD,洗衣机,3100,5699,B,B企业,330700,2019,2,5
2019-05-08,厦门市,A003,4,18676,GL洗衣机,GL,洗衣机,3200,4669,A,A企业,350200,2019,2,5
2019-05-08,深圳市,A001,5,23345,GL冰箱,GL,冰箱,2200,4669,A,A企业,440300,2019,2,5
2019-05-08,长沙市,C001,4,14396,HE冰箱,HE,冰箱,1800,3599,C,C企业,430100,2019,2,5
2019-05-08,深圳市,C001,4,14396,HE冰箱,HE,冰箱,1800,3599,C,C企业,440300,2019,2,5
2019-05-08,厦门市,B003,6,34194,MD洗衣机,MD,洗衣机,3100,5699,B,B企业,350200,2019,2,5
2019-05-08,金华市,A003,3,14007,GL洗衣机,GL,洗衣机,3200,4669,A,A企业,330700,2019,2,5
2019-05-08,上海市,B003,5,28495,MD洗衣机,MD,洗衣机,3100,5699,B,B企业,310000,2019,2,5
2019-05-08,金华市,A002,5,16495,GL电视,GL,电视,1500,3299,A,A企业,330700,2019,2,5
2019-05-08,长沙市,A003,3,14007,GL洗衣机,GL,洗衣机,3200,4669,A,A企业,430100,2019,2,5
2019-05-08,重庆市,B002,6,21594,MD电视,MD,电视,2000,4299,B,B企业,500000,2019,2,5
2019-05-08,深圳市,B002,6,21594,MD电视,MD,电视,2000,4299,B,B企业,440300,2019,2,5
2019-05-08,重庆市,A003,6,28014,GL洗衣机,GL,洗衣机,3200,4669,A,A企业,500000,2019,2,5
2019-05-08,厦门市,B001,7,29393,MD冰箱,MD,冰箱,2500,4199,B,B企业,350200,2019,2,5
2019-05-08,上海市,B001,2,8398,MD冰箱,MD,冰箱,2500,4199,B,B企业,310000,2019,2,5
2019-05-08,上海市,A003,4,18676,GL洗衣机,GL,洗衣机,3200,4669,A,A企业,310000,2019,2,5
2019-05-08,上海市,B002,5,17995,MD电视,MD,电视,2000,4299,B,B企业,310000,2019,2,5
2019-05-08,成都市,B003,6,34194,MD洗衣机,MD,洗衣机,3100,5699,B,B企业,510100,2019,2,5
2019-05-08,深圳市,B003,6,34194,MD洗衣机,MD,洗衣机,3100,5699,B,B企业,440300,2019,2,5
2019-05-08,厦门市,A002,5,16495,GL电视,GL,电视,1500,3299,A,A企业,350200,2019,2,5
2019-05-09,厦门市,A001,6,28014,GL冰箱,GL,冰箱,2200,4669,A,A企业,350200,2019,2,5
2019-05-09,厦门市,B001,3,12597,MD冰箱,MD,冰箱,2500,4199,B,B企业,350200,2019,2,5
2019-05-09,重庆市,B003,7,39893,MD洗衣机,MD,洗衣机,3100,5699,B,B企业,500000,2019,2,5
2019-05-09,上海市,C001,6,21594,HE冰箱,HE,冰箱,1800,3599,C,C企业,310000,2019,2,5
2019-05-09,深圳市,A001,7,32683,GL冰箱,GL,冰箱,2200,4669,A,A企业,440300,2019,2,5
2019-05-09,金华市,A001,7,32683,GL冰箱,GL,冰箱,2200,4669,A,A企业,330700,2019,2,5
2019-05-09,长沙市,A003,2,9338,GL洗衣机,GL,洗衣机,3200,4669,A,A企业,430100,2019,2,5
2019-05-09,上海市,A003,9,42021,GL洗衣机,GL,洗衣机,3200,4669,A,A企业,310000,2019,2,5
2019-05-09,厦门市,A003,8,37352,GL洗衣机,GL,洗衣机,3200,4669,A,A企业,350200,2019,2,5
2019-05-09,深圳市,A003,3,14007,GL洗衣机,GL,洗衣机,3200,4669,A,A企业,440300,2019,2,5
2019-05-09,金华市,B001,6,25194,MD冰箱,MD,冰箱,2500,4199,B,B企业,330700,2019,2,5
2019-05-09,重庆市,A003,5,23345,GL洗衣机,GL,洗衣机,3200,4669,A,A企业,500000,2019,2,5
2019-05-09,深圳市,B002,3,10797,MD电视,MD,电视,2000,4299,B,B企业,440300,2019,2,5
2019-05-09,重庆市,A001,6,28014,GL冰箱,GL,冰箱,2200,4669,A,A企业,500000,2019,2,5
2019-05-09,上海市,B003,6,34194,MD洗衣机,MD,洗衣机,3100,5699,B,B企业,310000,2019,2,5
2019-05-09,厦门市,B003,3,17097,MD洗衣机,MD,洗衣机,3100,5699,B,B企业,350200,2019,2,5
2019-05-09,成都市,B003,3,17097,MD洗衣机,MD,洗衣机,3100,5699,B,B企业,510100,2019,2,5
2019-05-09,金华市,B002,4,14396,MD电视,MD,电视,2000,4299,B,B企业,330700,2019,2,5
2019-05-09,深圳市,B003,5,28495,MD洗衣机,MD,洗衣机,3100,5699,B,B企业,440300,2019,2,5
2019-05-09,重庆市,B002,5,17995,MD电视,MD,电视,2000,4299,B,B企业,500000,2019,2,5
2019-05-09,上海市,A001,6,28014,GL冰箱,GL,冰箱,2200,4669,A,A企业,310000,2019,2,5
2019-05-09,成都市,A003,4,18676,GL洗衣机,GL,洗衣机,3200,4669,A,A企业,510100,2019,2,5
2019-05-09,上海市,B002,6,21594,MD电视,MD,电视,2000,4299,B,B企业,310000,2019,2,5
2019-05-09,金华市,C001,5,17995,HE冰箱,HE,冰箱,1800,3599,C,C企业,330700,2019,2,5
2019-05-09,长沙市,A001,6,28014,GL冰箱,GL,冰箱,2200,4669,A,A企业,430100,2019,2,5
2019-05-09,长沙市,B002,2,7198,MD电视,MD,电视,2000,4299,B,B企业,430100,2019,2,5
2019-05-09,长沙市,C001,5,17995,HE冰箱,HE,冰箱,1800,3599,C,C企业,430100,2019,2,5
2019-05-09,厦门市,B002,5,17995,MD电视,MD,电视,2000,4299,B,B企业,350200,2019,2,5
2019-05-09,金华市,B003,7,39893,MD洗衣机,MD,洗衣机,3100,5699,B,B企业,330700,2019,2,5
2019-05-09,成都市,A001,2,9338,GL冰箱,GL,冰箱,2200,4669,A,A企业,510100,2019,2,5
2019-05-09,成都市,C001,2,7198,HE冰箱,HE,冰箱,1800,3599,C,C企业,510100,2019,2,5
2019-05-10,重庆市,A001,6,28014,GL冰箱,GL,冰箱,2200,4669,A,A企业,500000,2019,2,5
2019-05-10,金华市,C002,3,12597,HE电视,HE,电视,2200,4199,C,C企业,330700,2019,2,5
2019-05-10,长沙市,A001,7,32683,GL冰箱,GL,冰箱,2200,4669,A,A企业,430100,2019,2,5
2019-05-10,长沙市,C002,3,12597,HE电视,HE,电视,2200,4199,C,C企业,430100,2019,2,5
2019-05-10,金华市,A001,3,14007,GL冰箱,GL,冰箱,2200,4669,A,A企业,330700,2019,2,5
2019-05-10,深圳市,A003,4,18676,GL洗衣机,GL,洗衣机,3200,4669,A,A企业,440300,2019,2,5
2019-05-10,金华市,A003,6,28014,GL洗衣机,GL,洗衣机,3200,4669,A,A企业,330700,2019,2,5
2019-05-10,上海市,A001,5,23345,GL冰箱,GL,冰箱,2200,4669,A,A企业,310000,2019,2,5
2019-05-10,上海市,A003,6,28014,GL洗衣机,GL,洗衣机,3200,4669,A,A企业,310000,2019,2,5
2019-05-10,厦门市,A001,5,23345,GL冰箱,GL,冰箱,2200,4669,A,A企业,350200,2019,2,5
2019-05-10,厦门市,A003,5,23345,GL洗衣机,GL,洗衣机,3200,4669,A,A企业,350200,2019,2,5
2019-05-10,重庆市,A003,7,32683,GL洗衣机,GL,洗衣机,3200,4669,A,A企业,500000,2019,2,5
2019-05-10,重庆市,C002,5,20995,HE电视,HE,电视,2200,4199,C,C企业,500000,2019,2,5
2019-05-10,厦门市,B003,5,28495,MD洗衣机,MD,洗衣机,3100,5699,B,B企业,350200,2019,2,5
2019-05-10,厦门市,C002,6,25194,HE电视,HE,电视,2200,4199,C,C企业,350200,2019,2,5
2019-05-10,深圳市,C001,6,21594,HE冰箱,HE,冰箱,1800,3599,C,C企业,440300,2019,2,5
2019-05-10,金华市,B001,5,20995,MD冰箱,MD,冰箱,2500,4199,B,B企业,330700,2019,2,5
2019-05-10,厦门市,B002,6,21594,MD电视,MD,电视,2000,4299,B,B企业,350200,2019,2,5
2019-05-10,重庆市,B003,6,34194,MD洗衣机,MD,洗衣机,3100,5699,B,B企业,500000,2019,2,5
2019-05-10,金华市,A002,6,19794,GL电视,GL,电视,1500,3299,A,A企业,330700,2019,2,5
2019-05-10,金华市,B003,3,17097,MD洗衣机,MD,洗衣机,3100,5699,B,B企业,330700,2019,2,5
2019-05-10,重庆市,C003,4,18676,HE洗衣机,HE,洗衣机,2600,4699,C,C企业,500000,2019,2,5
2019-05-10,深圳市,C003,6,28014,HE洗衣机,HE,洗衣机,2600,4699,C,C企业,440300,2019,2,5
2019-05-10,重庆市,B002,4,14396,MD电视,MD,电视,2000,4299,B,B企业,500000,2019,2,5
2019-05-10,金华市,C001,6,21594,HE冰箱,HE,冰箱,1800,3599,C,C企业,330700,2019,2,5
2019-05-10,上海市,B003,4,22796,MD洗衣机,MD,洗衣机,3100,5699,B,B企业,310000,2019,2,5
2019-05-10,深圳市,B001,5,20995,MD冰箱,MD,冰箱,2500,4199,B,B企业,440300,2019,2,5
2019-05-11,深圳市,A001,5,23345,GL冰箱,GL,冰箱,2200,4669,A,A企业,440300,2019,2,5
2019-05-11,深圳市,B003,2,11398,MD洗衣机,MD,洗衣机,3100,5699,B,B企业,440300,2019,2,5
2019-05-11,重庆市,B001,6,25194,MD冰箱,MD,冰箱,2500,4199,B,B企业,500000,2019,2,5
2019-05-11,重庆市,C002,5,20995,HE电视,HE,电视,2200,4199,C,C企业,500000,2019,2,5
2019-05-11,厦门市,B001,6,25194,MD冰箱,MD,冰箱,2500,4199,B,B企业,350200,2019,2,5
2019-05-11,金华市,A003,6,28014,GL洗衣机,GL,洗衣机,3200,4669,A,A企业,330700,2019,2,5
2019-05-11,上海市,A001,5,23345,GL冰箱,GL,冰箱,2200,4669,A,A企业,310000,2019,2,5
2019-05-11,厦门市,A003,6,28014,GL洗衣机,GL,洗衣机,3200,4669,A,A企业,350200,2019,2,5
2019-05-11,重庆市,C001,7,25193,HE冰箱,HE,冰箱,1800,3599,C,C企业,500000,2019,2,5
2019-05-11,重庆市,A001,6,28014,GL冰箱,GL,冰箱,2200,4669,A,A企业,500000,2019,2,5
2019-05-11,金华市,C002,6,25194,HE电视,HE,电视,2200,4199,C,C企业,330700,2019,2,5
2019-05-11,金华市,B002,2,7198,MD电视,MD,电视,2000,4299,B,B企业,330700,2019,2,5
2019-05-11,金华市,A001,3,14007,GL冰箱,GL,冰箱,2200,4669,A,A企业,330700,2019,2,5
2019-05-11,重庆市,A003,2,9338,GL洗衣机,GL,洗衣机,3200,4669,A,A企业,500000,2019,2,5
2019-05-11,重庆市,B002,4,14396,MD电视,MD,电视,2000,4299,B,B企业,500000,2019,2,5
2019-05-11,成都市,A001,7,32683,GL冰箱,GL,冰箱,2200,4669,A,A企业,510100,2019,2,5
2019-05-11,成都市,A003,7,32683,GL洗衣机,GL,洗衣机,3200,4669,A,A企业,510100,2019,2,5
2019-05-11,厦门市,C001,7,25193,HE冰箱,HE,冰箱,1800,3599,C,C企业,350200,2019,2,5
2019-05-11,厦门市,A001,9,42021,GL冰箱,GL,冰箱,2200,4669,A,A企业,350200,2019,2,5
2019-05-11,厦门市,B002,5,17995,MD电视,MD,电视,2000,4299,B,B企业,350200,2019,2,5
2019-05-11,上海市,A003,8,37352,GL洗衣机,GL,洗衣机,3200,4669,A,A企业,310000,2019,2,5
2019-05-11,金华市,B001,6,25194,MD冰箱,MD,冰箱,2500,4199,B,B企业,330700,2019,2,5
2019-05-11,深圳市,B002,8,28792,MD电视,MD,电视,2000,4299,B,B企业,440300,2019,2,5
2019-05-11,上海市,B001,5,20995,MD冰箱,MD,冰箱,2500,4199,B,B企业,310000,2019,2,5
2019-05-11,成都市,B002,6,21594,MD电视,MD,电视,2000,4299,B,B企业,510100,2019,2,5
2019-05-11,深圳市,B001,6,25194,MD冰箱,MD,冰箱,2500,4199,B,B企业,440300,2019,2,5
2019-05-11,成都市,B001,7,29393,MD冰箱,MD,冰箱,2500,4199,B,B企业,510100,2019,2,5
2019-05-11,长沙市,B001,2,8398,MD冰箱,MD,冰箱,2500,4199,B,B企业,430100,2019,2,5
2019-05-11,厦门市,A002,3,9897,GL电视,GL,电视,1500,3299,A,A企业,350200,2019,2,5
2019-05-12,上海市,A001,6,28014,GL冰箱,GL,冰箱,2200,4669,A,A企业,310000,2019,2,5
2019-05-12,成都市,A001,6,28014,GL冰箱,GL,冰箱,2200,4669,A,A企业,510100,2019,2,5
2019-05-12,金华市,A001,5,23345,GL冰箱,GL,冰箱,2200,4669,A,A企业,330700,2019,2,5
2019-05-12,深圳市,B002,6,21594,MD电视,MD,电视,2000,4299,B,B企业,440300,2019,2,5
2019-05-12,厦门市,C001,4,14396,HE冰箱,HE,冰箱,1800,3599,C,C企业,350200,2019,2,5
2019-05-12,金华市,B002,5,17995,MD电视,MD,电视,2000,4299,B,B企业,330700,2019,2,5
2019-05-12,厦门市,A001,6,28014,GL冰箱,GL,冰箱,2200,4669,A,A企业,350200,2019,2,5
2019-05-12,深圳市,A001,7,32683,GL冰箱,GL,冰箱,2200,4669,A,A企业,440300,2019,2,5
2019-05-12,上海市,B001,4,16796,MD冰箱,MD,冰箱,2500,4199,B,B企业,310000,2019,2,5
2019-05-12,深圳市,C001,4,14396,HE冰箱,HE,冰箱,1800,3599,C,C企业,440300,2019,2,5
2019-05-12,成都市,B002,6,21594,MD电视,MD,电视,2000,4299,B,B企业,510100,2019,2,5
2019-05-12,成都市,B001,2,8398,MD冰箱,MD,冰箱,2500,4199,B,B企业,510100,2019,2,5
2019-05-12,长沙市,A003,6,28014,GL洗衣机,GL,洗衣机,3200,4669,A,A企业,430100,2019,2,5
2019-05-12,厦门市,B002,2,7198,MD电视,MD,电视,2000,4299,B,B企业,350200,2019,2,5
2019-05-12,重庆市,A001,2,9338,GL冰箱,GL,冰箱,2200,4669,A,A企业,500000,2019,2,5
2019-05-12,长沙市,B001,6,25194,MD冰箱,MD,冰箱,2500,4199,B,B企业,430100,2019,2,5
2019-05-12,金华市,B001,6,25194,MD冰箱,MD,冰箱,2500,4199,B,B企业,330700,2019,2,5
2019-05-12,上海市,B002,6,21594,MD电视,MD,电视,2000,4299,B,B企业,310000,2019,2,5
2019-05-12,重庆市,B001,4,16796,MD冰箱,MD,冰箱,2500,4199,B,B企业,500000,2019,2,5
2019-05-12,金华市,A003,6,28014,GL洗衣机,GL,洗衣机,3200,4669,A,A企业,330700,2019,2,5
2019-05-12,深圳市,B001,6,25194,MD冰箱,MD,冰箱,2500,4199,B,B企业,440300,2019,2,5
2019-05-12,厦门市,B001,6,25194,MD冰箱,MD,冰箱,2500,4199,B,B企业,350200,2019,2,5
2019-05-12,重庆市,C001,5,17995,HE冰箱,HE,冰箱,1800,3599,C,C企业,500000,2019,2,5
2019-05-12,长沙市,A002,7,23093,GL电视,GL,电视,1500,3299,A,A企业,430100,2019,2,5
2019-05-13,重庆市,B002,3,10797,MD电视,MD,电视,2000,4299,B,B企业,500000,2019,2,5
2019-05-13,厦门市,B001,4,16796,MD冰箱,MD,冰箱,2500,4199,B,B企业,350200,2019,2,5
2019-05-13,重庆市,A003,8,37352,GL洗衣机,GL,洗衣机,3200,4669,A,A企业,500000,2019,2,5
2019-05-13,金华市,B001,5,20995,MD冰箱,MD,冰箱,2500,4199,B,B企业,330700,2019,2,5
2019-05-13,长沙市,B001,2,8398,MD冰箱,MD,冰箱,2500,4199,B,B企业,430100,2019,2,5
2019-05-13,深圳市,A001,6,28014,GL冰箱,GL,冰箱,2200,4669,A,A企业,440300,2019,2,5
2019-05-13,长沙市,A001,4,18676,GL冰箱,GL,冰箱,2200,4669,A,A企业,430100,2019,2,5
2019-05-13,上海市,B001,7,29393,MD冰箱,MD,冰箱,2500,4199,B,B企业,310000,2019,2,5
2019-05-13,厦门市,A001,4,18676,GL冰箱,GL,冰箱,2200,4669,A,A企业,350200,2019,2,5
2019-05-13,深圳市,B002,7,25193,MD电视,MD,电视,2000,4299,B,B企业,440300,2019,2,5
2019-05-13,深圳市,B001,6,25194,MD冰箱,MD,冰箱,2500,4199,B,B企业,440300,2019,2,5
2019-05-13,金华市,C001,5,17995,HE冰箱,HE,冰箱,1800,3599,C,C企业,330700,2019,2,5
2019-05-13,重庆市,B001,3,12597,MD冰箱,MD,冰箱,2500,4199,B,B企业,500000,2019,2,5
2019-05-13,金华市,A001,3,14007,GL冰箱,GL,冰箱,2200,4669,A,A企业,330700,2019,2,5
2019-05-13,重庆市,C001,7,25193,HE冰箱,HE,冰箱,1800,3599,C,C企业,500000,2019,2,5
2019-05-13,金华市,A003,8,37352,GL洗衣机,GL,洗衣机,3200,4669,A,A企业,330700,2019,2,5
2019-05-13,重庆市,A001,3,14007,GL冰箱,GL,冰箱,2200,4669,A,A企业,500000,2019,2,5
2019-05-13,厦门市,B002,3,10797,MD电视,MD,电视,2000,4299,B,B企业,350200,2019,2,5
2019-05-13,成都市,B001,6,25194,MD冰箱,MD,冰箱,2500,4199,B,B企业,510100,2019,2,5
2019-05-13,成都市,C001,5,17995,HE冰箱,HE,冰箱,1800,3599,C,C企业,510100,2019,2,5
2019-05-13,重庆市,C003,5,23345,HE洗衣机,HE,洗衣机,2600,4699,C,C企业,500000,2019,2,5
2019-05-13,金华市,B002,7,25193,MD电视,MD,电视,2000,4299,B,B企业,330700,2019,2,5
2019-05-14,厦门市,B001,6,25194,MD冰箱,MD,冰箱,2500,4199,B,B企业,350200,2019,2,5
2019-05-14,深圳市,B001,3,12597,MD冰箱,MD,冰箱,2500,4199,B,B企业,440300,2019,2,5
2019-05-14,重庆市,B002,5,17995,MD电视,MD,电视,2000,4299,B,B企业,500000,2019,2,5
2019-05-14,厦门市,C001,2,7198,HE冰箱,HE,冰箱,1800,3599,C,C企业,350200,2019,2,5
2019-05-14,深圳市,A001,6,28014,GL冰箱,GL,冰箱,2200,4669,A,A企业,440300,2019,2,5
2019-05-14,重庆市,A001,5,23345,GL冰箱,GL,冰箱,2200,4669,A,A企业,500000,2019,2,5
2019-05-14,金华市,A001,2,9338,GL冰箱,GL,冰箱,2200,4669,A,A企业,330700,2019,2,5
2019-05-14,金华市,B001,6,25194,MD冰箱,MD,冰箱,2500,4199,B,B企业,330700,2019,2,5
2019-05-14,成都市,A002,6,19794,GL电视,GL,电视,1500,3299,A,A企业,510100,2019,2,5
2019-05-14,重庆市,B001,3,12597,MD冰箱,MD,冰箱,2500,4199,B,B企业,500000,2019,2,5
2019-05-14,长沙市,C001,7,25193,HE冰箱,HE,冰箱,1800,3599,C,C企业,430100,2019,2,5
2019-05-14,深圳市,C001,5,17995,HE冰箱,HE,冰箱,1800,3599,C,C企业,440300,2019,2,5
2019-05-14,厦门市,B002,2,7198,MD电视,MD,电视,2000,4299,B,B企业,350200,2019,2,5
2019-05-14,长沙市,B001,5,20995,MD冰箱,MD,冰箱,2500,4199,B,B企业,430100,2019,2,5
2019-05-14,成都市,B001,4,16796,MD冰箱,MD,冰箱,2500,4199,B,B企业,510100,2019,2,5
2019-05-14,厦门市,A001,6,28014,GL冰箱,GL,冰箱,2200,4669,A,A企业,350200,2019,2,5
2019-05-14,深圳市,B002,4,14396,MD电视,MD,电视,2000,4299,B,B企业,440300,2019,2,5
2019-05-14,成都市,A001,7,32683,GL冰箱,GL,冰箱,2200,4669,A,A企业,510100,2019,2,5
2019-05-14,金华市,C002,5,20995,HE电视,HE,电视,2200,4199,C,C企业,330700,2019,2,5
2019-05-14,重庆市,C001,5,17995,HE冰箱,HE,冰箱,1800,3599,C,C企业,500000,2019,2,5
2019-05-14,厦门市,A003,6,28014,GL洗衣机,GL,洗衣机,3200,4669,A,A企业,350200,2019,2,5
2019-05-15,厦门市,B001,5,20995,MD冰箱,MD,冰箱,2500,4199,B,B企业,350200,2019,2,5
2019-05-15,厦门市,A003,6,28014,GL洗衣机,GL,洗衣机,3200,4669,A,A企业,350200,2019,2,5
2019-05-15,金华市,A001,4,18676,GL冰箱,GL,冰箱,2200,4669,A,A企业,330700,2019,2,5
2019-05-15,深圳市,B002,5,17995,MD电视,MD,电视,2000,4299,B,B企业,440300,2019,2,5
2019-05-15,成都市,B001,6,25194,MD冰箱,MD,冰箱,2500,4199,B,B企业,510100,2019,2,5
2019-05-15,金华市,B001,7,29393,MD冰箱,MD,冰箱,2500,4199,B,B企业,330700,2019,2,5
2019-05-15,金华市,A003,5,23345,GL洗衣机,GL,洗衣机,3200,4669,A,A企业,330700,2019,2,5
2019-05-15,深圳市,C001,7,25193,HE冰箱,HE,冰箱,1800,3599,C,C企业,440300,2019,2,5
2019-05-15,长沙市,A001,4,18676,GL冰箱,GL,冰箱,2200,4669,A,A企业,430100,2019,2,5
2019-05-15,厦门市,C002,7,29393,HE电视,HE,电视,2200,4199,C,C企业,350200,2019,2,5
2019-05-15,长沙市,B001,8,33592,MD冰箱,MD,冰箱,2500,4199,B,B企业,430100,2019,2,5
2019-05-15,厦门市,A001,9,42021,GL冰箱,GL,冰箱,2200,4669,A,A企业,350200,2019,2,5
2019-05-15,厦门市,A002,3,9897,GL电视,GL,电视,1500,3299,A,A企业,350200,2019,2,5
2019-05-15,上海市,B001,7,29393,MD冰箱,MD,冰箱,2500,4199,B,B企业,310000,2019,2,5
2019-05-15,成都市,C002,3,12597,HE电视,HE,电视,2200,4199,C,C企业,510100,2019,2,5
2019-05-15,厦门市,B002,4,14396,MD电视,MD,电视,2000,4299,B,B企业,350200,2019,2,5
2019-05-15,重庆市,A003,3,14007,GL洗衣机,GL,洗衣机,3200,4669,A,A企业,500000,2019,2,5
2019-05-15,金华市,B002,5,17995,MD电视,MD,电视,2000,4299,B,B企业,330700,2019,2,5
2019-05-15,上海市,A001,6,28014,GL冰箱,GL,冰箱,2200,4669,A,A企业,310000,2019,2,5
2019-05-15,金华市,C001,9,32391,HE冰箱,HE,冰箱,1800,3599,C,C企业,330700,2019,2,5
2019-05-15,重庆市,C002,4,16796,HE电视,HE,电视,2200,4199,C,C企业,500000,2019,2,5
2019-05-15,成都市,A001,3,14007,GL冰箱,GL,冰箱,2200,4669,A,A企业,510100,2019,2,5
2019-05-15,上海市,A003,5,23345,GL洗衣机,GL,洗衣机,3200,4669,A,A企业,310000,2019,2,5
2019-05-15,深圳市,B001,3,12597,MD冰箱,MD,冰箱,2500,4199,B,B企业,440300,2019,2,5
2019-05-15,深圳市,A001,5,23345,GL冰箱,GL,冰箱,2200,4669,A,A企业,440300,2019,2,5
2019-05-15,重庆市,B002,6,21594,MD电视,MD,电视,2000,4299,B,B企业,500000,2019,2,5
2019-05-15,上海市,C001,8,28792,HE冰箱,HE,冰箱,1800,3599,C,C企业,310000,2019,2,5
2019-05-16,长沙市,B001,7,29393,MD冰箱,MD,冰箱,2500,4199,B,B企业,430100,2019,2,5
2019-05-16,深圳市,A001,7,32683,GL冰箱,GL,冰箱,2200,4669,A,A企业,440300,2019,2,5
2019-05-16,重庆市,B001,6,25194,MD冰箱,MD,冰箱,2500,4199,B,B企业,500000,2019,2,5
2019-05-16,上海市,B001,7,29393,MD冰箱,MD,冰箱,2500,4199,B,B企业,310000,2019,2,5
2019-05-16,成都市,B001,4,16796,MD冰箱,MD,冰箱,2500,4199,B,B企业,510100,2019,2,5
2019-05-16,厦门市,B001,8,33592,MD冰箱,MD,冰箱,2500,4199,B,B企业,350200,2019,2,5
2019-05-16,厦门市,A001,6,28014,GL冰箱,GL,冰箱,2200,4669,A,A企业,350200,2019,2,5
2019-05-16,金华市,B001,9,37791,MD冰箱,MD,冰箱,2500,4199,B,B企业,330700,2019,2,5
2019-05-16,上海市,C002,5,20995,HE电视,HE,电视,2200,4199,C,C企业,310000,2019,2,5
2019-05-16,重庆市,A001,5,23345,GL冰箱,GL,冰箱,2200,4669,A,A企业,500000,2019,2,5
2019-05-16,深圳市,B002,7,25193,MD电视,MD,电视,2000,4299,B,B企业,440300,2019,2,5
2019-05-16,重庆市,C002,4,16796,HE电视,HE,电视,2200,4199,C,C企业,500000,2019,2,5
2019-05-16,金华市,A001,5,23345,GL冰箱,GL,冰箱,2200,4669,A,A企业,330700,2019,2,5
2019-05-16,深圳市,C002,6,25194,HE电视,HE,电视,2200,4199,C,C企业,440300,2019,2,5
2019-05-16,成都市,A001,5,23345,GL冰箱,GL,冰箱,2200,4669,A,A企业,510100,2019,2,5
2019-05-16,金华市,C002,4,16796,HE电视,HE,电视,2200,4199,C,C企业,330700,2019,2,5
2019-05-16,厦门市,B002,5,17995,MD电视,MD,电视,2000,4299,B,B企业,350200,2019,2,5
2019-05-16,长沙市,C002,6,25194,HE电视,HE,电视,2200,4199,C,C企业,430100,2019,2,5
2019-05-16,深圳市,C001,7,25193,HE冰箱,HE,冰箱,1800,3599,C,C企业,440300,2019,2,5
2019-05-16,厦门市,C001,2,7198,HE冰箱,HE,冰箱,1800,3599,C,C企业,350200,2019,2,5
2019-05-16,成都市,C002,8,33592,HE电视,HE,电视,2200,4199,C,C企业,510100,2019,2,5
2019-05-16,成都市,C001,6,21594,HE冰箱,HE,冰箱,1800,3599,C,C企业,510100,2019,2,5
2019-05-16,深圳市,B001,5,20995,MD冰箱,MD,冰箱,2500,4199,B,B企业,440300,2019,2,5
2019-05-16,厦门市,A003,3,14007,GL洗衣机,GL,洗衣机,3200,4669,A,A企业,350200,2019,2,5
2019-05-16,长沙市,A002,2,6598,GL电视,GL,电视,1500,3299,A,A企业,430100,2019,2,5
2019-05-17,厦门市,A001,5,23345,GL冰箱,GL,冰箱,2200,4669,A,A企业,350200,2019,2,5
2019-05-17,长沙市,C001,2,7198,HE冰箱,HE,冰箱,1800,3599,C,C企业,430100,2019,2,5
2019-05-17,成都市,A001,7,32683,GL冰箱,GL,冰箱,2200,4669,A,A企业,510100,2019,2,5
2019-05-17,长沙市,B001,3,12597,MD冰箱,MD,冰箱,2500,4199,B,B企业,430100,2019,2,5
2019-05-17,重庆市,B001,4,16796,MD冰箱,MD,冰箱,2500,4199,B,B企业,500000,2019,2,5
2019-05-17,厦门市,B001,5,20995,MD冰箱,MD,冰箱,2500,4199,B,B企业,350200,2019,2,5
2019-05-17,金华市,A001,6,28014,GL冰箱,GL,冰箱,2200,4669,A,A企业,330700,2019,2,5
2019-05-17,金华市,B002,7,25193,MD电视,MD,电视,2000,4299,B,B企业,330700,2019,2,5
2019-05-17,深圳市,B001,8,33592,MD冰箱,MD,冰箱,2500,4199,B,B企业,440300,2019,2,5
2019-05-17,成都市,B001,2,8398,MD冰箱,MD,冰箱,2500,4199,B,B企业,510100,2019,2,5
2019-05-17,深圳市,C001,9,32391,HE冰箱,HE,冰箱,1800,3599,C,C企业,440300,2019,2,5
2019-05-17,重庆市,B002,3,10797,MD电视,MD,电视,2000,4299,B,B企业,500000,2019,2,5
2019-05-17,厦门市,C002,5,20995,HE电视,HE,电视,2200,4199,C,C企业,350200,2019,2,5
2019-05-17,重庆市,C002,3,12597,HE电视,HE,电视,2200,4199,C,C企业,500000,2019,2,5
2019-05-17,重庆市,A001,6,28014,GL冰箱,GL,冰箱,2200,4669,A,A企业,500000,2019,2,5
2019-05-17,金华市,B001,4,16796,MD冰箱,MD,冰箱,2500,4199,B,B企业,330700,2019,2,5
2019-05-17,深圳市,A001,5,23345,GL冰箱,GL,冰箱,2200,4669,A,A企业,440300,2019,2,5
2019-05-17,成都市,A003,7,32683,GL洗衣机,GL,洗衣机,3200,4669,A,A企业,510100,2019,2,5
2019-05-17,深圳市,B002,7,25193,MD电视,MD,电视,2000,4299,B,B企业,440300,2019,2,5
2019-05-17,成都市,C001,7,25193,HE冰箱,HE,冰箱,1800,3599,C,C企业,510100,2019,2,5
2019-05-17,重庆市,C001,6,21594,HE冰箱,HE,冰箱,1800,3599,C,C企业,500000,2019,2,5
2019-05-17,成都市,B002,4,14396,MD电视,MD,电视,2000,4299,B,B企业,510100,2019,2,5
2019-05-17,金华市,C001,4,14396,HE冰箱,HE,冰箱,1800,3599,C,C企业,330700,2019,2,5
2019-05-17,厦门市,B002,6,21594,MD电视,MD,电视,2000,4299,B,B企业,350200,2019,2,5
2019-05-17,厦门市,A003,4,18676,GL洗衣机,GL,洗衣机,3200,4669,A,A企业,350200,2019,2,5
2019-05-17,厦门市,C001,4,14396,HE冰箱,HE,冰箱,1800,3599,C,C企业,350200,2019,2,5
2019-05-18,厦门市,C003,8,37352,HE洗衣机,HE,洗衣机,2600,4699,C,C企业,350200,2019,2,5
2019-05-18,金华市,A002,5,16495,GL电视,GL,电视,1500,3299,A,A企业,330700,2019,2,5
2019-05-18,金华市,B001,3,12597,MD冰箱,MD,冰箱,2500,4199,B,B企业,330700,2019,2,5
2019-05-18,重庆市,B001,6,25194,MD冰箱,MD,冰箱,2500,4199,B,B企业,500000,2019,2,5
2019-05-18,深圳市,A001,2,9338,GL冰箱,GL,冰箱,2200,4669,A,A企业,440300,2019,2,5
2019-05-18,金华市,A001,4,18676,GL冰箱,GL,冰箱,2200,4669,A,A企业,330700,2019,2,5
2019-05-18,金华市,B002,6,21594,MD电视,MD,电视,2000,4299,B,B企业,330700,2019,2,5
2019-05-18,上海市,C001,5,17995,HE冰箱,HE,冰箱,1800,3599,C,C企业,310000,2019,2,5
2019-05-18,上海市,B001,3,12597,MD冰箱,MD,冰箱,2500,4199,B,B企业,310000,2019,2,5
2019-05-18,重庆市,A001,4,18676,GL冰箱,GL,冰箱,2200,4669,A,A企业,500000,2019,2,5
2019-05-18,厦门市,A001,3,14007,GL冰箱,GL,冰箱,2200,4669,A,A企业,350200,2019,2,5
2019-05-18,上海市,B002,5,17995,MD电视,MD,电视,2000,4299,B,B企业,310000,2019,2,5
2019-05-18,长沙市,A003,4,18676,GL洗衣机,GL,洗衣机,3200,4669,A,A企业,430100,2019,2,5
2019-05-18,长沙市,A001,5,23345,GL冰箱,GL,冰箱,2200,4669,A,A企业,430100,2019,2,5
2019-05-18,上海市,A001,6,28014,GL冰箱,GL,冰箱,2200,4669,A,A企业,310000,2019,2,5
2019-05-18,长沙市,C001,2,7198,HE冰箱,HE,冰箱,1800,3599,C,C企业,430100,2019,2,5
2019-05-18,深圳市,B002,2,7198,MD电视,MD,电视,2000,4299,B,B企业,440300,2019,2,5
2019-05-18,厦门市,B002,5,17995,MD电视,MD,电视,2000,4299,B,B企业,350200,2019,2,5
2019-05-18,重庆市,B002,4,14396,MD电视,MD,电视,2000,4299,B,B企业,500000,2019,2,5
2019-05-18,成都市,A001,5,23345,GL冰箱,GL,冰箱,2200,4669,A,A企业,510100,2019,2,5
2019-05-18,金华市,C001,6,21594,HE冰箱,HE,冰箱,1800,3599,C,C企业,330700,2019,2,5
2019-05-19,深圳市,B002,5,17995,MD电视,MD,电视,2000,4299,B,B企业,440300,2019,2,5
2019-05-19,厦门市,B001,7,29393,MD冰箱,MD,冰箱,2500,4199,B,B企业,350200,2019,2,5
2019-05-19,金华市,A001,5,23345,GL冰箱,GL,冰箱,2200,4669,A,A企业,330700,2019,2,5
2019-05-19,深圳市,A001,5,23345,GL冰箱,GL,冰箱,2200,4669,A,A企业,440300,2019,2,5
2019-05-19,重庆市,A001,6,28014,GL冰箱,GL,冰箱,2200,4669,A,A企业,500000,2019,2,5
2019-05-19,金华市,A002,6,19794,GL电视,GL,电视,1500,3299,A,A企业,330700,2019,2,5
2019-05-19,长沙市,B002,5,17995,MD电视,MD,电视,2000,4299,B,B企业,430100,2019,2,5
2019-05-19,成都市,A001,4,18676,GL冰箱,GL,冰箱,2200,4669,A,A企业,510100,2019,2,5
2019-05-19,金华市,B002,2,7198,MD电视,MD,电视,2000,4299,B,B企业,330700,2019,2,5
2019-05-19,厦门市,C001,7,25193,HE冰箱,HE,冰箱,1800,3599,C,C企业,350200,2019,2,5
2019-05-19,长沙市,C003,3,14007,HE洗衣机,HE,洗衣机,2600,4699,C,C企业,430100,2019,2,5
2019-05-19,厦门市,B002,6,21594,MD电视,MD,电视,2000,4299,B,B企业,350200,2019,2,5
2019-05-19,厦门市,A001,2,9338,GL冰箱,GL,冰箱,2200,4669,A,A企业,350200,2019,2,5
2019-05-19,成都市,C001,4,14396,HE冰箱,HE,冰箱,1800,3599,C,C企业,510100,2019,2,5
2019-05-19,深圳市,B001,4,16796,MD冰箱,MD,冰箱,2500,4199,B,B企业,440300,2019,2,5
2019-05-19,长沙市,A001,6,28014,GL冰箱,GL,冰箱,2200,4669,A,A企业,430100,2019,2,5
2019-05-19,重庆市,B001,3,12597,MD冰箱,MD,冰箱,2500,4199,B,B企业,500000,2019,2,5
2019-05-19,厦门市,A003,2,9338,GL洗衣机,GL,洗衣机,3200,4669,A,A企业,350200,2019,2,5
2019-05-19,长沙市,B001,4,16796,MD冰箱,MD,冰箱,2500,4199,B,B企业,430100,2019,2,5
2019-05-19,金华市,B001,6,25194,MD冰箱,MD,冰箱,2500,4199,B,B企业,330700,2019,2,5
2019-05-19,重庆市,B002,4,14396,MD电视,MD,电视,2000,4299,B,B企业,500000,2019,2,5
2019-05-19,上海市,A001,4,18676,GL冰箱,GL,冰箱,2200,4669,A,A企业,310000,2019,2,5
2019-05-20,重庆市,A003,7,32683,GL洗衣机,GL,洗衣机,3200,4669,A,A企业,500000,2019,2,5
2019-05-20,金华市,A001,6,28014,GL冰箱,GL,冰箱,2200,4669,A,A企业,330700,2019,2,5
2019-05-20,厦门市,C001,4,14396,HE冰箱,HE,冰箱,1800,3599,C,C企业,350200,2019,2,5
2019-05-20,深圳市,B001,6,25194,MD冰箱,MD,冰箱,2500,4199,B,B企业,440300,2019,2,5
2019-05-20,上海市,A001,9,42021,GL冰箱,GL,冰箱,2200,4669,A,A企业,310000,2019,2,5
2019-05-20,重庆市,A001,6,28014,GL冰箱,GL,冰箱,2200,4669,A,A企业,500000,2019,2,5
2019-05-20,厦门市,B001,2,8398,MD冰箱,MD,冰箱,2500,4199,B,B企业,350200,2019,2,5
2019-05-20,厦门市,C002,9,37791,HE电视,HE,电视,2200,4199,C,C企业,350200,2019,2,5
2019-05-20,重庆市,B001,2,8398,MD冰箱,MD,冰箱,2500,4199,B,B企业,500000,2019,2,5
2019-05-20,厦门市,A001,3,14007,GL冰箱,GL,冰箱,2200,4669,A,A企业,350200,2019,2,5
2019-05-20,金华市,B001,5,20995,MD冰箱,MD,冰箱,2500,4199,B,B企业,330700,2019,2,5
2019-05-20,上海市,C002,6,25194,HE电视,HE,电视,2200,4199,C,C企业,310000,2019,2,5
2019-05-20,厦门市,B002,7,25193,MD电视,MD,电视,2000,4299,B,B企业,350200,2019,2,5
2019-05-20,厦门市,A003,8,37352,GL洗衣机,GL,洗衣机,3200,4669,A,A企业,350200,2019,2,5
2019-05-20,上海市,C001,7,25193,HE冰箱,HE,冰箱,1800,3599,C,C企业,310000,2019,2,5
2019-05-20,深圳市,C002,2,8398,HE电视,HE,电视,2200,4199,C,C企业,440300,2019,2,5
2019-05-20,深圳市,A001,3,14007,GL冰箱,GL,冰箱,2200,4669,A,A企业,440300,2019,2,5
2019-05-20,深圳市,B002,8,28792,MD电视,MD,电视,2000,4299,B,B企业,440300,2019,2,5
2019-05-20,上海市,A002,5,16495,GL电视,GL,电视,1500,3299,A,A企业,310000,2019,2,5
2019-05-20,金华市,C003,5,23345,HE洗衣机,HE,洗衣机,2600,4699,C,C企业,330700,2019,2,5
2019-05-20,重庆市,C002,2,8398,HE电视,HE,电视,2200,4199,C,C企业,500000,2019,2,5
2019-05-20,深圳市,C003,4,18676,HE洗衣机,HE,洗衣机,2600,4699,C,C企业,440300,2019,2,5
2019-05-20,金华市,B002,9,32391,MD电视,MD,电视,2000,4299,B,B企业,330700,2019,2,5
2019-05-21,厦门市,B001,6,25194,MD冰箱,MD,冰箱,2500,4199,B,B企业,350200,2019,2,5
2019-05-21,成都市,A001,3,14007,GL冰箱,GL,冰箱,2200,4669,A,A企业,510100,2019,2,5
2019-05-21,金华市,C001,3,10797,HE冰箱,HE,冰箱,1800,3599,C,C企业,330700,2019,2,5
2019-05-21,厦门市,A001,5,23345,GL冰箱,GL,冰箱,2200,4669,A,A企业,350200,2019,2,5
2019-05-21,金华市,B001,6,25194,MD冰箱,MD,冰箱,2500,4199,B,B企业,330700,2019,2,5
2019-05-21,重庆市,C001,5,17995,HE冰箱,HE,冰箱,1800,3599,C,C企业,500000,2019,2,5
2019-05-21,重庆市,B001,5,20995,MD冰箱,MD,冰箱,2500,4199,B,B企业,500000,2019,2,5
2019-05-21,深圳市,B001,9,37791,MD冰箱,MD,冰箱,2500,4199,B,B企业,440300,2019,2,5
2019-05-21,深圳市,C001,7,25193,HE冰箱,HE,冰箱,1800,3599,C,C企业,440300,2019,2,5
2019-05-21,金华市,A001,6,28014,GL冰箱,GL,冰箱,2200,4669,A,A企业,330700,2019,2,5
2019-05-21,成都市,C002,4,16796,HE电视,HE,电视,2200,4199,C,C企业,510100,2019,2,5
2019-05-21,厦门市,C002,5,20995,HE电视,HE,电视,2200,4199,C,C企业,350200,2019,2,5
2019-05-21,深圳市,A003,6,28014,GL洗衣机,GL,洗衣机,3200,4669,A,A企业,440300,2019,2,5
2019-05-21,深圳市,A001,6,28014,GL冰箱,GL,冰箱,2200,4669,A,A企业,440300,2019,2,5
2019-05-21,厦门市,A002,5,16495,GL电视,GL,电视,1500,3299,A,A企业,350200,2019,2,5
2019-05-21,上海市,B001,6,25194,MD冰箱,MD,冰箱,2500,4199,B,B企业,310000,2019,2,5
2019-05-21,上海市,A001,7,32683,GL冰箱,GL,冰箱,2200,4669,A,A企业,310000,2019,2,5
2019-05-21,成都市,C001,6,21594,HE冰箱,HE,冰箱,1800,3599,C,C企业,510100,2019,2,5
2019-05-21,厦门市,B002,6,21594,MD电视,MD,电视,2000,4299,B,B企业,350200,2019,2,5
2019-05-21,成都市,B001,3,12597,MD冰箱,MD,冰箱,2500,4199,B,B企业,510100,2019,2,5
2019-05-21,金华市,A002,4,13196,GL电视,GL,电视,1500,3299,A,A企业,330700,2019,2,5
2019-05-22,重庆市,B001,6,25194,MD冰箱,MD,冰箱,2500,4199,B,B企业,500000,2019,2,5
2019-05-22,深圳市,B001,6,25194,MD冰箱,MD,冰箱,2500,4199,B,B企业,440300,2019,2,5
2019-05-22,金华市,B001,2,8398,MD冰箱,MD,冰箱,2500,4199,B,B企业,330700,2019,2,5
2019-05-22,厦门市,A001,9,42021,GL冰箱,GL,冰箱,2200,4669,A,A企业,350200,2019,2,5
2019-05-22,厦门市,B002,7,25193,MD电视,MD,电视,2000,4299,B,B企业,350200,2019,2,5
2019-05-22,金华市,B002,7,25193,MD电视,MD,电视,2000,4299,B,B企业,330700,2019,2,5
2019-05-22,金华市,A001,5,23345,GL冰箱,GL,冰箱,2200,4669,A,A企业,330700,2019,2,5
2019-05-22,上海市,A003,5,23345,GL洗衣机,GL,洗衣机,3200,4669,A,A企业,310000,2019,2,5
2019-05-22,厦门市,A003,9,42021,GL洗衣机,GL,洗衣机,3200,4669,A,A企业,350200,2019,2,5
2019-05-22,长沙市,A001,8,37352,GL冰箱,GL,冰箱,2200,4669,A,A企业,430100,2019,2,5
2019-05-22,厦门市,A002,4,13196,GL电视,GL,电视,1500,3299,A,A企业,350200,2019,2,5
2019-05-22,上海市,B001,8,33592,MD冰箱,MD,冰箱,2500,4199,B,B企业,310000,2019,2,5
2019-05-22,上海市,A001,6,28014,GL冰箱,GL,冰箱,2200,4669,A,A企业,310000,2019,2,5
2019-05-22,成都市,B001,7,29393,MD冰箱,MD,冰箱,2500,4199,B,B企业,510100,2019,2,5
2019-05-22,成都市,C001,2,7198,HE冰箱,HE,冰箱,1800,3599,C,C企业,510100,2019,2,5
2019-05-22,深圳市,C001,4,14396,HE冰箱,HE,冰箱,1800,3599,C,C企业,440300,2019,2,5
2019-05-22,金华市,A003,4,18676,GL洗衣机,GL,洗衣机,3200,4669,A,A企业,330700,2019,2,5
2019-05-22,重庆市,B002,3,10797,MD电视,MD,电视,2000,4299,B,B企业,500000,2019,2,5
2019-05-22,重庆市,A001,5,23345,GL冰箱,GL,冰箱,2200,4669,A,A企业,500000,2019,2,5
2019-05-22,深圳市,B002,4,14396,MD电视,MD,电视,2000,4299,B,B企业,440300,2019,2,5
2019-05-22,厦门市,B001,4,16796,MD冰箱,MD,冰箱,2500,4199,B,B企业,350200,2019,2,5
2019-05-22,长沙市,B001,6,25194,MD冰箱,MD,冰箱,2500,4199,B,B企业,430100,2019,2,5
2019-05-22,重庆市,A002,2,6598,GL电视,GL,电视,1500,3299,A,A企业,500000,2019,2,5
2019-05-22,成都市,A001,7,32683,GL冰箱,GL,冰箱,2200,4669,A,A企业,510100,2019,2,5
2019-05-22,上海市,B002,6,21594,MD电视,MD,电视,2000,4299,B,B企业,310000,2019,2,5
2019-05-22,金华市,C003,3,14007,HE洗衣机,HE,洗衣机,2600,4699,C,C企业,330700,2019,2,5
2019-05-22,厦门市,C001,5,17995,HE冰箱,HE,冰箱,1800,3599,C,C企业,350200,2019,2,5
2019-05-22,成都市,B002,6,21594,MD电视,MD,电视,2000,4299,B,B企业,510100,2019,2,5
2019-05-22,深圳市,A001,4,18676,GL冰箱,GL,冰箱,2200,4669,A,A企业,440300,2019,2,5
2019-05-22,深圳市,A003,2,9338,GL洗衣机,GL,洗衣机,3200,4669,A,A企业,440300,2019,2,5
2019-05-23,厦门市,A001,3,14007,GL冰箱,GL,冰箱,2200,4669,A,A企业,350200,2019,2,5
2019-05-23,金华市,B002,2,7198,MD电视,MD,电视,2000,4299,B,B企业,330700,2019,2,5
2019-05-23,金华市,A002,5,16495,GL电视,GL,电视,1500,3299,A,A企业,330700,2019,2,5
2019-05-23,厦门市,C001,3,10797,HE冰箱,HE,冰箱,1800,3599,C,C企业,350200,2019,2,5
2019-05-23,厦门市,B001,6,25194,MD冰箱,MD,冰箱,2500,4199,B,B企业,350200,2019,2,5
2019-05-23,长沙市,B001,6,25194,MD冰箱,MD,冰箱,2500,4199,B,B企业,430100,2019,2,5
2019-05-23,金华市,B001,3,12597,MD冰箱,MD,冰箱,2500,4199,B,B企业,330700,2019,2,5
2019-05-23,上海市,A001,2,9338,GL冰箱,GL,冰箱,2200,4669,A,A企业,310000,2019,2,5
2019-05-23,重庆市,B001,4,16796,MD冰箱,MD,冰箱,2500,4199,B,B企业,500000,2019,2,5
2019-05-23,金华市,C001,4,14396,HE冰箱,HE,冰箱,1800,3599,C,C企业,330700,2019,2,5
2019-05-23,长沙市,B002,8,28792,MD电视,MD,电视,2000,4299,B,B企业,430100,2019,2,5
2019-05-23,成都市,A001,2,9338,GL冰箱,GL,冰箱,2200,4669,A,A企业,510100,2019,2,5
2019-05-23,深圳市,A001,8,37352,GL冰箱,GL,冰箱,2200,4669,A,A企业,440300,2019,2,5
2019-05-23,上海市,C003,3,14007,HE洗衣机,HE,洗衣机,2600,4699,C,C企业,310000,2019,2,5
2019-05-23,重庆市,C001,7,25193,HE冰箱,HE,冰箱,1800,3599,C,C企业,500000,2019,2,5
2019-05-23,深圳市,B001,2,8398,MD冰箱,MD,冰箱,2500,4199,B,B企业,440300,2019,2,5
2019-05-23,深圳市,A002,3,9897,GL电视,GL,电视,1500,3299,A,A企业,440300,2019,2,5
2019-05-23,厦门市,B002,8,28792,MD电视,MD,电视,2000,4299,B,B企业,350200,2019,2,5
2019-05-23,上海市,B001,7,29393,MD冰箱,MD,冰箱,2500,4199,B,B企业,310000,2019,2,5
2019-05-23,金华市,A001,6,28014,GL冰箱,GL,冰箱,2200,4669,A,A企业,330700,2019,2,5
2019-05-23,上海市,B002,5,17995,MD电视,MD,电视,2000,4299,B,B企业,310000,2019,2,5
2019-05-23,重庆市,A001,4,18676,GL冰箱,GL,冰箱,2200,4669,A,A企业,500000,2019,2,5
2019-05-23,重庆市,B002,4,14396,MD电视,MD,电视,2000,4299,B,B企业,500000,2019,2,5
2019-05-23,重庆市,A002,3,9897,GL电视,GL,电视,1500,3299,A,A企业,500000,2019,2,5
2019-05-23,金华市,C003,4,18676,HE洗衣机,HE,洗衣机,2600,4699,C,C企业,330700,2019,2,5
2019-05-24,金华市,C001,4,14396,HE冰箱,HE,冰箱,1800,3599,C,C企业,330700,2019,2,5
2019-05-24,成都市,B001,5,20995,MD冰箱,MD,冰箱,2500,4199,B,B企业,510100,2019,2,5
2019-05-24,深圳市,B001,7,29393,MD冰箱,MD,冰箱,2500,4199,B,B企业,440300,2019,2,5
2019-05-24,金华市,C002,6,25194,HE电视,HE,电视,2200,4199,C,C企业,330700,2019,2,5
2019-05-24,深圳市,A001,3,14007,GL冰箱,GL,冰箱,2200,4669,A,A企业,440300,2019,2,5
2019-05-24,成都市,B002,5,17995,MD电视,MD,电视,2000,4299,B,B企业,510100,2019,2,5
2019-05-24,金华市,B001,6,25194,MD冰箱,MD,冰箱,2500,4199,B,B企业,330700,2019,2,5
2019-05-24,重庆市,C002,8,33592,HE电视,HE,电视,2200,4199,C,C企业,500000,2019,2,5
2019-05-24,深圳市,A002,6,19794,GL电视,GL,电视,1500,3299,A,A企业,440300,2019,2,5
2019-05-24,重庆市,B001,5,20995,MD冰箱,MD,冰箱,2500,4199,B,B企业,500000,2019,2,5
2019-05-24,厦门市,B001,5,20995,MD冰箱,MD,冰箱,2500,4199,B,B企业,350200,2019,2,5
2019-05-24,金华市,A001,7,32683,GL冰箱,GL,冰箱,2200,4669,A,A企业,330700,2019,2,5
2019-05-24,厦门市,A001,6,28014,GL冰箱,GL,冰箱,2200,4669,A,A企业,350200,2019,2,5
2019-05-24,深圳市,C001,3,10797,HE冰箱,HE,冰箱,1800,3599,C,C企业,440300,2019,2,5
2019-05-24,深圳市,A003,7,32683,GL洗衣机,GL,洗衣机,3200,4669,A,A企业,440300,2019,2,5
2019-05-24,重庆市,C003,6,28014,HE洗衣机,HE,洗衣机,2600,4699,C,C企业,500000,2019,2,5
2019-05-24,重庆市,C001,8,28792,HE冰箱,HE,冰箱,1800,3599,C,C企业,500000,2019,2,5
2019-05-24,长沙市,B001,6,25194,MD冰箱,MD,冰箱,2500,4199,B,B企业,430100,2019,2,5
2019-05-24,重庆市,A003,4,18676,GL洗衣机,GL,洗衣机,3200,4669,A,A企业,500000,2019,2,5
2019-05-24,深圳市,C002,6,25194,HE电视,HE,电视,2200,4199,C,C企业,440300,2019,2,5
2019-05-24,重庆市,A001,5,23345,GL冰箱,GL,冰箱,2200,4669,A,A企业,500000,2019,2,5
2019-05-24,长沙市,A001,3,14007,GL冰箱,GL,冰箱,2200,4669,A,A企业,430100,2019,2,5
2019-05-24,上海市,B001,4,16796,MD冰箱,MD,冰箱,2500,4199,B,B企业,310000,2019,2,5
2019-05-24,长沙市,C001,3,10797,HE冰箱,HE,冰箱,1800,3599,C,C企业,430100,2019,2,5
2019-05-24,金华市,A003,5,23345,GL洗衣机,GL,洗衣机,3200,4669,A,A企业,330700,2019,2,5
2019-05-24,成都市,A001,4,18676,GL冰箱,GL,冰箱,2200,4669,A,A企业,510100,2019,2,5
2019-05-25,金华市,A001,5,23345,GL冰箱,GL,冰箱,2200,4669,A,A企业,330700,2019,2,5
2019-05-25,上海市,B002,7,25193,MD电视,MD,电视,2000,4299,B,B企业,310000,2019,2,5
2019-05-25,上海市,C002,6,25194,HE电视,HE,电视,2200,4199,C,C企业,310000,2019,2,5
2019-05-25,厦门市,B001,2,8398,MD冰箱,MD,冰箱,2500,4199,B,B企业,350200,2019,2,5
2019-05-25,深圳市,A001,5,23345,GL冰箱,GL,冰箱,2200,4669,A,A企业,440300,2019,2,5
2019-05-25,上海市,B001,4,16796,MD冰箱,MD,冰箱,2500,4199,B,B企业,310000,2019,2,5
2019-05-25,金华市,B001,6,25194,MD冰箱,MD,冰箱,2500,4199,B,B企业,330700,2019,2,5
2019-05-25,深圳市,C002,6,25194,HE电视,HE,电视,2200,4199,C,C企业,440300,2019,2,5
2019-05-25,上海市,A001,4,18676,GL冰箱,GL,冰箱,2200,4669,A,A企业,310000,2019,2,5
2019-05-25,重庆市,A003,6,28014,GL洗衣机,GL,洗衣机,3200,4669,A,A企业,500000,2019,2,5
2019-05-25,长沙市,C001,2,7198,HE冰箱,HE,冰箱,1800,3599,C,C企业,430100,2019,2,5
2019-05-25,深圳市,B002,6,21594,MD电视,MD,电视,2000,4299,B,B企业,440300,2019,2,5
2019-05-25,深圳市,B001,3,12597,MD冰箱,MD,冰箱,2500,4199,B,B企业,440300,2019,2,5
2019-05-25,重庆市,A001,7,32683,GL冰箱,GL,冰箱,2200,4669,A,A企业,500000,2019,2,5
2019-05-25,重庆市,B001,5,20995,MD冰箱,MD,冰箱,2500,4199,B,B企业,500000,2019,2,5
2019-05-25,金华市,C001,3,10797,HE冰箱,HE,冰箱,1800,3599,C,C企业,330700,2019,2,5
2019-05-25,厦门市,A001,6,28014,GL冰箱,GL,冰箱,2200,4669,A,A企业,350200,2019,2,5
2019-05-25,长沙市,C002,4,16796,HE电视,HE,电视,2200,4199,C,C企业,430100,2019,2,5
2019-05-25,金华市,B002,6,21594,MD电视,MD,电视,2000,4299,B,B企业,330700,2019,2,5
2019-05-25,长沙市,B001,3,12597,MD冰箱,MD,冰箱,2500,4199,B,B企业,430100,2019,2,5
2019-05-25,成都市,A001,6,28014,GL冰箱,GL,冰箱,2200,4669,A,A企业,510100,2019,2,5
2019-05-26,深圳市,C002,5,20995,HE电视,HE,电视,2200,4199,C,C企业,440300,2019,2,5
2019-05-26,金华市,B001,8,33592,MD冰箱,MD,冰箱,2500,4199,B,B企业,330700,2019,2,5
2019-05-26,厦门市,B001,3,12597,MD冰箱,MD,冰箱,2500,4199,B,B企业,350200,2019,2,5
2019-05-26,厦门市,C001,7,25193,HE冰箱,HE,冰箱,1800,3599,C,C企业,350200,2019,2,5
2019-05-26,长沙市,A001,6,28014,GL冰箱,GL,冰箱,2200,4669,A,A企业,430100,2019,2,5
2019-05-26,厦门市,A001,3,14007,GL冰箱,GL,冰箱,2200,4669,A,A企业,350200,2019,2,5
2019-05-26,重庆市,B001,7,29393,MD冰箱,MD,冰箱,2500,4199,B,B企业,500000,2019,2,5
2019-05-26,深圳市,C001,2,7198,HE冰箱,HE,冰箱,1800,3599,C,C企业,440300,2019,2,5
2019-05-26,金华市,A001,5,23345,GL冰箱,GL,冰箱,2200,4669,A,A企业,330700,2019,2,5
2019-05-26,深圳市,A001,5,23345,GL冰箱,GL,冰箱,2200,4669,A,A企业,440300,2019,2,5
2019-05-26,重庆市,B002,4,14396,MD电视,MD,电视,2000,4299,B,B企业,500000,2019,2,5
2019-05-26,长沙市,B001,5,20995,MD冰箱,MD,冰箱,2500,4199,B,B企业,430100,2019,2,5
2019-05-26,长沙市,C001,6,21594,HE冰箱,HE,冰箱,1800,3599,C,C企业,430100,2019,2,5
2019-05-26,重庆市,A001,7,32683,GL冰箱,GL,冰箱,2200,4669,A,A企业,500000,2019,2,5
2019-05-26,深圳市,B001,9,37791,MD冰箱,MD,冰箱,2500,4199,B,B企业,440300,2019,2,5
2019-05-26,厦门市,C002,3,12597,HE电视,HE,电视,2200,4199,C,C企业,350200,2019,2,5
2019-05-26,重庆市,C002,4,16796,HE电视,HE,电视,2200,4199,C,C企业,500000,2019,2,5
2019-05-26,金华市,C002,6,25194,HE电视,HE,电视,2200,4199,C,C企业,330700,2019,2,5
2019-05-26,成都市,A002,2,6598,GL电视,GL,电视,1500,3299,A,A企业,510100,2019,2,5
2019-05-26,成都市,A001,3,14007,GL冰箱,GL,冰箱,2200,4669,A,A企业,510100,2019,2,5
2019-05-27,厦门市,B001,4,16796,MD冰箱,MD,冰箱,2500,4199,B,B企业,350200,2019,2,5
2019-05-27,厦门市,C001,4,14396,HE冰箱,HE,冰箱,1800,3599,C,C企业,350200,2019,2,5
2019-05-27,厦门市,A002,4,13196,GL电视,GL,电视,1500,3299,A,A企业,350200,2019,2,5
2019-05-27,重庆市,B001,7,29393,MD冰箱,MD,冰箱,2500,4199,B,B企业,500000,2019,2,5
2019-05-27,厦门市,C003,3,14007,HE洗衣机,HE,洗衣机,2600,4699,C,C企业,350200,2019,2,5
2019-05-27,金华市,B001,7,29393,MD冰箱,MD,冰箱,2500,4199,B,B企业,330700,2019,2,5
2019-05-27,厦门市,A001,3,14007,GL冰箱,GL,冰箱,2200,4669,A,A企业,350200,2019,2,5
2019-05-27,上海市,B001,6,25194,MD冰箱,MD,冰箱,2500,4199,B,B企业,310000,2019,2,5
2019-05-27,重庆市,B002,7,25193,MD电视,MD,电视,2000,4299,B,B企业,500000,2019,2,5
2019-05-27,厦门市,B002,4,14396,MD电视,MD,电视,2000,4299,B,B企业,350200,2019,2,5
2019-05-27,深圳市,A001,4,18676,GL冰箱,GL,冰箱,2200,4669,A,A企业,440300,2019,2,5
2019-05-27,成都市,B001,5,20995,MD冰箱,MD,冰箱,2500,4199,B,B企业,510100,2019,2,5
2019-05-27,重庆市,C001,2,7198,HE冰箱,HE,冰箱,1800,3599,C,C企业,500000,2019,2,5
2019-05-27,上海市,C001,2,7198,HE冰箱,HE,冰箱,1800,3599,C,C企业,310000,2019,2,5
2019-05-27,金华市,A001,4,18676,GL冰箱,GL,冰箱,2200,4669,A,A企业,330700,2019,2,5
2019-05-27,重庆市,A001,3,14007,GL冰箱,GL,冰箱,2200,4669,A,A企业,500000,2019,2,5
2019-05-27,金华市,B002,8,28792,MD电视,MD,电视,2000,4299,B,B企业,330700,2019,2,5
2019-05-27,深圳市,A002,7,23093,GL电视,GL,电视,1500,3299,A,A企业,440300,2019,2,5
2019-05-27,深圳市,B001,7,29393,MD冰箱,MD,冰箱,2500,4199,B,B企业,440300,2019,2,5
2019-05-28,金华市,A002,5,16495,GL电视,GL,电视,1500,3299,A,A企业,330700,2019,2,5
2019-05-28,深圳市,A001,2,9338,GL冰箱,GL,冰箱,2200,4669,A,A企业,440300,2019,2,5
2019-05-28,成都市,C001,9,32391,HE冰箱,HE,冰箱,1800,3599,C,C企业,510100,2019,2,5
2019-05-28,重庆市,B001,9,37791,MD冰箱,MD,冰箱,2500,4199,B,B企业,500000,2019,2,5
2019-05-28,重庆市,A001,5,23345,GL冰箱,GL,冰箱,2200,4669,A,A企业,500000,2019,2,5
2019-05-28,苏州市,B001,8,33592,MD冰箱,MD,冰箱,2500,4199,B,B企业,320500,2019,2,5
2019-05-28,金华市,A001,5,23345,GL冰箱,GL,冰箱,2200,4669,A,A企业,330700,2019,2,5
2019-05-28,上海市,A003,6,28014,GL洗衣机,GL,洗衣机,3200,4669,A,A企业,310000,2019,2,5
2019-05-28,厦门市,B001,2,8398,MD冰箱,MD,冰箱,2500,4199,B,B企业,350200,2019,2,5
2019-05-28,厦门市,A002,6,19794,GL电视,GL,电视,1500,3299,A,A企业,350200,2019,2,5
2019-05-28,深圳市,B002,2,7198,MD电视,MD,电视,2000,4299,B,B企业,440300,2019,2,5
2019-05-28,上海市,B001,4,16796,MD冰箱,MD,冰箱,2500,4199,B,B企业,310000,2019,2,5
2019-05-28,上海市,A002,4,13196,GL电视,GL,电视,1500,3299,A,A企业,310000,2019,2,5
2019-05-28,厦门市,A001,6,28014,GL冰箱,GL,冰箱,2200,4669,A,A企业,350200,2019,2,5
2019-05-28,深圳市,C001,6,21594,HE冰箱,HE,冰箱,1800,3599,C,C企业,440300,2019,2,5
2019-05-28,重庆市,B002,6,21594,MD电视,MD,电视,2000,4299,B,B企业,500000,2019,2,5
2019-05-28,上海市,B002,6,21594,MD电视,MD,电视,2000,4299,B,B企业,310000,2019,2,5
2019-05-28,厦门市,B002,5,17995,MD电视,MD,电视,2000,4299,B,B企业,350200,2019,2,5
2019-05-28,金华市,B001,5,20995,MD冰箱,MD,冰箱,2500,4199,B,B企业,330700,2019,2,5
2019-05-28,长沙市,A001,5,23345,GL冰箱,GL,冰箱,2200,4669,A,A企业,430100,2019,2,5
2019-05-28,金华市,B002,3,10797,MD电视,MD,电视,2000,4299,B,B企业,330700,2019,2,5
2019-05-28,长沙市,B001,3,12597,MD冰箱,MD,冰箱,2500,4199,B,B企业,430100,2019,2,5
2019-05-28,深圳市,B001,6,25194,MD冰箱,MD,冰箱,2500,4199,B,B企业,440300,2019,2,5
2019-05-28,成都市,B002,5,17995,MD电视,MD,电视,2000,4299,B,B企业,510100,2019,2,5
2019-05-29,厦门市,B001,8,33592,MD冰箱,MD,冰箱,2500,4199,B,B企业,350200,2019,2,5
2019-05-29,厦门市,A001,3,14007,GL冰箱,GL,冰箱,2200,4669,A,A企业,350200,2019,2,5
2019-05-29,苏州市,B001,5,20995,MD冰箱,MD,冰箱,2500,4199,B,B企业,320500,2019,2,5
2019-05-29,金华市,B001,6,25194,MD冰箱,MD,冰箱,2500,4199,B,B企业,330700,2019,2,5
2019-05-29,重庆市,C001,4,14396,HE冰箱,HE,冰箱,1800,3599,C,C企业,500000,2019,2,5
2019-05-29,厦门市,A002,5,16495,GL电视,GL,电视,1500,3299,A,A企业,350200,2019,2,5
2019-05-29,深圳市,C001,6,21594,HE冰箱,HE,冰箱,1800,3599,C,C企业,440300,2019,2,5
2019-05-29,成都市,B002,5,17995,MD电视,MD,电视,2000,4299,B,B企业,510100,2019,2,5
2019-05-29,长沙市,A001,6,28014,GL冰箱,GL,冰箱,2200,4669,A,A企业,430100,2019,2,5
2019-05-29,金华市,A001,5,23345,GL冰箱,GL,冰箱,2200,4669,A,A企业,330700,2019,2,5
2019-05-29,重庆市,C003,6,28014,HE洗衣机,HE,洗衣机,2600,4699,C,C企业,500000,2019,2,5
2019-05-29,金华市,A002,4,13196,GL电视,GL,电视,1500,3299,A,A企业,330700,2019,2,5
2019-05-29,深圳市,B001,6,25194,MD冰箱,MD,冰箱,2500,4199,B,B企业,440300,2019,2,5
2019-05-29,重庆市,B001,6,25194,MD冰箱,MD,冰箱,2500,4199,B,B企业,500000,2019,2,5
2019-05-29,厦门市,C003,5,23345,HE洗衣机,HE,洗衣机,2600,4699,C,C企业,350200,2019,2,5
2019-05-29,深圳市,A001,4,18676,GL冰箱,GL,冰箱,2200,4669,A,A企业,440300,2019,2,5
2019-05-29,重庆市,B002,7,25193,MD电视,MD,电视,2000,4299,B,B企业,500000,2019,2,5
2019-05-29,金华市,C003,5,23345,HE洗衣机,HE,洗衣机,2600,4699,C,C企业,330700,2019,2,5
2019-05-29,厦门市,B002,6,21594,MD电视,MD,电视,2000,4299,B,B企业,350200,2019,2,5
2019-05-29,苏州市,A001,5,23345,GL冰箱,GL,冰箱,2200,4669,A,A企业,320500,2019,2,5
2019-05-29,金华市,B002,6,21594,MD电视,MD,电视,2000,4299,B,B企业,330700,2019,2,5
2019-05-29,重庆市,A001,3,14007,GL冰箱,GL,冰箱,2200,4669,A,A企业,500000,2019,2,5
2019-05-29,厦门市,C001,5,17995,HE冰箱,HE,冰箱,1800,3599,C,C企业,350200,2019,2,5
2019-05-29,深圳市,C003,4,18676,HE洗衣机,HE,洗衣机,2600,4699,C,C企业,440300,2019,2,5
2019-05-29,厦门市,A003,6,28014,GL洗衣机,GL,洗衣机,3200,4669,A,A企业,350200,2019,2,5
2019-05-29,上海市,B001,8,33592,MD冰箱,MD,冰箱,2500,4199,B,B企业,310000,2019,2,5
2019-05-29,金华市,A003,6,28014,GL洗衣机,GL,洗衣机,3200,4669,A,A企业,330700,2019,2,5
2019-05-29,长沙市,A003,5,23345,GL洗衣机,GL,洗衣机,3200,4669,A,A企业,430100,2019,2,5
2019-05-29,成都市,B001,8,33592,MD冰箱,MD,冰箱,2500,4199,B,B企业,510100,2019,2,5
2019-05-29,长沙市,C001,5,17995,HE冰箱,HE,冰箱,1800,3599,C,C企业,430100,2019,2,5
2019-05-29,上海市,B002,6,21594,MD电视,MD,电视,2000,4299,B,B企业,310000,2019,2,5
2019-05-30,苏州市,B001,3,12597,MD冰箱,MD,冰箱,2500,4199,B,B企业,320500,2019,2,5
2019-05-30,深圳市,B001,3,12597,MD冰箱,MD,冰箱,2500,4199,B,B企业,440300,2019,2,5
2019-05-30,长沙市,B002,4,14396,MD电视,MD,电视,2000,4299,B,B企业,430100,2019,2,5
2019-05-30,上海市,B001,3,12597,MD冰箱,MD,冰箱,2500,4199,B,B企业,310000,2019,2,5
2019-05-30,厦门市,B001,5,20995,MD冰箱,MD,冰箱,2500,4199,B,B企业,350200,2019,2,5
2019-05-30,重庆市,A001,3,14007,GL冰箱,GL,冰箱,2200,4669,A,A企业,500000,2019,2,5
2019-05-30,成都市,C001,8,28792,HE冰箱,HE,冰箱,1800,3599,C,C企业,510100,2019,2,5
2019-05-30,成都市,B001,6,25194,MD冰箱,MD,冰箱,2500,4199,B,B企业,510100,2019,2,5
2019-05-30,金华市,B002,9,32391,MD电视,MD,电视,2000,4299,B,B企业,330700,2019,2,5
2019-05-30,金华市,A001,3,14007,GL冰箱,GL,冰箱,2200,4669,A,A企业,330700,2019,2,5
2019-05-30,苏州市,A001,4,18676,GL冰箱,GL,冰箱,2200,4669,A,A企业,320500,2019,2,5
2019-05-30,重庆市,B002,5,17995,MD电视,MD,电视,2000,4299,B,B企业,500000,2019,2,5
2019-05-30,深圳市,B002,2,7198,MD电视,MD,电视,2000,4299,B,B企业,440300,2019,2,5
2019-05-30,厦门市,A001,5,23345,GL冰箱,GL,冰箱,2200,4669,A,A企业,350200,2019,2,5
2019-05-30,长沙市,A001,6,28014,GL冰箱,GL,冰箱,2200,4669,A,A企业,430100,2019,2,5
2019-05-30,金华市,B001,3,12597,MD冰箱,MD,冰箱,2500,4199,B,B企业,330700,2019,2,5
2019-05-30,成都市,C002,5,20995,HE电视,HE,电视,2200,4199,C,C企业,510100,2019,2,5
2019-05-30,厦门市,B002,3,10797,MD电视,MD,电视,2000,4299,B,B企业,350200,2019,2,5
2019-05-30,深圳市,A001,7,32683,GL冰箱,GL,冰箱,2200,4669,A,A企业,440300,2019,2,5
2019-05-30,重庆市,B001,5,20995,MD冰箱,MD,冰箱,2500,4199,B,B企业,500000,2019,2,5
2019-05-30,长沙市,B001,5,20995,MD冰箱,MD,冰箱,2500,4199,B,B企业,430100,2019,2,5
2019-05-30,深圳市,C001,6,21594,HE冰箱,HE,冰箱,1800,3599,C,C企业,440300,2019,2,5
2019-05-30,厦门市,C001,6,21594,HE冰箱,HE,冰箱,1800,3599,C,C企业,350200,2019,2,5
2019-05-30,厦门市,C002,5,20995,HE电视,HE,电视,2200,4199,C,C企业,350200,2019,2,5
2019-05-30,成都市,B002,5,17995,MD电视,MD,电视,2000,4299,B,B企业,510100,2019,2,5
2019-05-30,深圳市,A002,5,16495,GL电视,GL,电视,1500,3299,A,A企业,440300,2019,2,5
2019-05-30,成都市,A001,3,14007,GL冰箱,GL,冰箱,2200,4669,A,A企业,510100,2019,2,5
2019-05-30,重庆市,C001,6,21594,HE冰箱,HE,冰箱,1800,3599,C,C企业,500000,2019,2,5
2019-05-31,金华市,B001,8,33592,MD冰箱,MD,冰箱,2500,4199,B,B企业,330700,2019,2,5
2019-05-31,厦门市,A001,8,37352,GL冰箱,GL,冰箱,2200,4669,A,A企业,350200,2019,2,5
2019-05-31,成都市,B001,4,16796,MD冰箱,MD,冰箱,2500,4199,B,B企业,510100,2019,2,5
2019-05-31,深圳市,A003,3,14007,GL洗衣机,GL,洗衣机,3200,4669,A,A企业,440300,2019,2,5
2019-05-31,上海市,C002,3,12597,HE电视,HE,电视,2200,4199,C,C企业,310000,2019,2,5
2019-05-31,厦门市,A002,6,19794,GL电视,GL,电视,1500,3299,A,A企业,350200,2019,2,5
2019-05-31,重庆市,C001,4,14396,HE冰箱,HE,冰箱,1800,3599,C,C企业,500000,2019,2,5
2019-05-31,上海市,B001,5,20995,MD冰箱,MD,冰箱,2500,4199,B,B企业,310000,2019,2,5
2019-05-31,上海市,C001,5,17995,HE冰箱,HE,冰箱,1800,3599,C,C企业,310000,2019,2,5
2019-05-31,厦门市,B001,4,16796,MD冰箱,MD,冰箱,2500,4199,B,B企业,350200,2019,2,5
2019-05-31,金华市,A001,6,28014,GL冰箱,GL,冰箱,2200,4669,A,A企业,330700,2019,2,5
2019-05-31,厦门市,C001,3,10797,HE冰箱,HE,冰箱,1800,3599,C,C企业,350200,2019,2,5
2019-05-31,金华市,A002,3,9897,GL电视,GL,电视,1500,3299,A,A企业,330700,2019,2,5
2019-05-31,重庆市,B001,4,16796,MD冰箱,MD,冰箱,2500,4199,B,B企业,500000,2019,2,5
2019-05-31,深圳市,A001,4,18676,GL冰箱,GL,冰箱,2200,4669,A,A企业,440300,2019,2,5
2019-05-31,长沙市,C002,4,16796,HE电视,HE,电视,2200,4199,C,C企业,430100,2019,2,5
2019-05-31,重庆市,A002,5,16495,GL电视,GL,电视,1500,3299,A,A企业,500000,2019,2,5
2019-05-31,金华市,B002,4,14396,MD电视,MD,电视,2000,4299,B,B企业,330700,2019,2,5
2019-05-31,重庆市,B002,3,10797,MD电视,MD,电视,2000,4299,B,B企业,500000,2019,2,5
2019-05-31,重庆市,A001,6,28014,GL冰箱,GL,冰箱,2200,4669,A,A企业,500000,2019,2,5
2019-05-31,长沙市,B001,6,25194,MD冰箱,MD,冰箱,2500,4199,B,B企业,430100,2019,2,5
2019-05-31,厦门市,B002,6,21594,MD电视,MD,电视,2000,4299,B,B企业,350200,2019,2,5
2019-05-31,金华市,A003,9,42021,GL洗衣机,GL,洗衣机,3200,4669,A,A企业,330700,2019,2,5
2019-06-01,成都市,A001,6,28014,GL冰箱,GL,冰箱,2200,4669,A,A企业,510100,2019,2,6
2019-06-01,金华市,B001,2,8398,MD冰箱,MD,冰箱,2500,4199,B,B企业,330700,2019,2,6
2019-06-01,深圳市,A001,6,28014,GL冰箱,GL,冰箱,2200,4669,A,A企业,440300,2019,2,6
2019-06-01,重庆市,A001,3,14007,GL冰箱,GL,冰箱,2200,4669,A,A企业,500000,2019,2,6
2019-06-01,厦门市,A001,5,23345,GL冰箱,GL,冰箱,2200,4669,A,A企业,350200,2019,2,6
2019-06-01,深圳市,B001,3,12597,MD冰箱,MD,冰箱,2500,4199,B,B企业,440300,2019,2,6
2019-06-01,厦门市,C002,5,20995,HE电视,HE,电视,2200,4199,C,C企业,350200,2019,2,6
2019-06-01,厦门市,C003,6,28014,HE洗衣机,HE,洗衣机,2600,4699,C,C企业,350200,2019,2,6
2019-06-01,金华市,A001,9,42021,GL冰箱,GL,冰箱,2200,4669,A,A企业,330700,2019,2,6
2019-06-01,成都市,B001,5,20995,MD冰箱,MD,冰箱,2500,4199,B,B企业,510100,2019,2,6
2019-06-01,厦门市,B002,6,21594,MD电视,MD,电视,2000,4299,B,B企业,350200,2019,2,6
2019-06-01,重庆市,B001,9,37791,MD冰箱,MD,冰箱,2500,4199,B,B企业,500000,2019,2,6
2019-06-01,苏州市,B001,3,12597,MD冰箱,MD,冰箱,2500,4199,B,B企业,320500,2019,2,6
2019-06-01,厦门市,B001,5,20995,MD冰箱,MD,冰箱,2500,4199,B,B企业,350200,2019,2,6
2019-06-01,金华市,C001,5,17995,HE冰箱,HE,冰箱,1800,3599,C,C企业,330700,2019,2,6
2019-06-01,金华市,C002,5,20995,HE电视,HE,电视,2200,4199,C,C企业,330700,2019,2,6
2019-06-01,重庆市,B002,4,14396,MD电视,MD,电视,2000,4299,B,B企业,500000,2019,2,6
2019-06-01,上海市,B001,4,16796,MD冰箱,MD,冰箱,2500,4199,B,B企业,310000,2019,2,6
2019-06-01,成都市,C001,3,10797,HE冰箱,HE,冰箱,1800,3599,C,C企业,510100,2019,2,6
2019-06-01,厦门市,A003,7,32683,GL洗衣机,GL,洗衣机,3200,4669,A,A企业,350200,2019,2,6
2019-06-01,深圳市,B003,8,45592,MD洗衣机,MD,洗衣机,3100,5699,B,B企业,440300,2019,2,6
2019-06-01,上海市,C001,3,10797,HE冰箱,HE,冰箱,1800,3599,C,C企业,310000,2019,2,6
2019-06-02,苏州市,B003,2,11398,MD洗衣机,MD,洗衣机,3100,5699,B,B企业,320500,2019,2,6
2019-06-02,上海市,C001,6,21594,HE冰箱,HE,冰箱,1800,3599,C,C企业,310000,2019,2,6
2019-06-02,上海市,A001,3,14007,GL冰箱,GL,冰箱,2200,4669,A,A企业,310000,2019,2,6
2019-06-02,上海市,B003,3,17097,MD洗衣机,MD,洗衣机,3100,5699,B,B企业,310000,2019,2,6
2019-06-02,深圳市,B002,5,17995,MD电视,MD,电视,2000,4299,B,B企业,440300,2019,2,6
2019-06-02,厦门市,B003,3,17097,MD洗衣机,MD,洗衣机,3100,5699,B,B企业,350200,2019,2,6
2019-06-02,厦门市,A001,6,28014,GL冰箱,GL,冰箱,2200,4669,A,A企业,350200,2019,2,6
2019-06-02,金华市,A001,5,23345,GL冰箱,GL,冰箱,2200,4669,A,A企业,330700,2019,2,6
2019-06-02,深圳市,A001,6,28014,GL冰箱,GL,冰箱,2200,4669,A,A企业,440300,2019,2,6
2019-06-02,深圳市,A002,6,19794,GL电视,GL,电视,1500,3299,A,A企业,440300,2019,2,6
2019-06-02,重庆市,B002,4,14396,MD电视,MD,电视,2000,4299,B,B企业,500000,2019,2,6
2019-06-02,重庆市,A002,5,16495,GL电视,GL,电视,1500,3299,A,A企业,500000,2019,2,6
2019-06-02,重庆市,C001,6,21594,HE冰箱,HE,冰箱,1800,3599,C,C企业,500000,2019,2,6
2019-06-02,成都市,B002,2,7198,MD电视,MD,电视,2000,4299,B,B企业,510100,2019,2,6
2019-06-02,成都市,B001,5,20995,MD冰箱,MD,冰箱,2500,4199,B,B企业,510100,2019,2,6
2019-06-02,金华市,B001,4,16796,MD冰箱,MD,冰箱,2500,4199,B,B企业,330700,2019,2,6
2019-06-02,重庆市,B001,5,20995,MD冰箱,MD,冰箱,2500,4199,B,B企业,500000,2019,2,6
2019-06-02,厦门市,B001,5,20995,MD冰箱,MD,冰箱,2500,4199,B,B企业,350200,2019,2,6
2019-06-02,厦门市,A002,4,13196,GL电视,GL,电视,1500,3299,A,A企业,350200,2019,2,6
2019-06-02,上海市,A002,5,16495,GL电视,GL,电视,1500,3299,A,A企业,310000,2019,2,6
2019-06-02,成都市,C001,2,7198,HE冰箱,HE,冰箱,1800,3599,C,C企业,510100,2019,2,6
2019-06-02,厦门市,C001,6,21594,HE冰箱,HE,冰箱,1800,3599,C,C企业,350200,2019,2,6
2019-06-02,金华市,A003,6,28014,GL洗衣机,GL,洗衣机,3200,4669,A,A企业,330700,2019,2,6
2019-06-02,苏州市,A001,8,37352,GL冰箱,GL,冰箱,2200,4669,A,A企业,320500,2019,2,6
2019-06-02,厦门市,B002,3,10797,MD电视,MD,电视,2000,4299,B,B企业,350200,2019,2,6
2019-06-02,重庆市,A001,8,37352,GL冰箱,GL,冰箱,2200,4669,A,A企业,500000,2019,2,6
2019-06-02,长沙市,A001,5,23345,GL冰箱,GL,冰箱,2200,4669,A,A企业,430100,2019,2,6
2019-06-03,厦门市,A001,8,37352,GL冰箱,GL,冰箱,2200,4669,A,A企业,350200,2019,2,6
2019-06-03,金华市,A001,9,42021,GL冰箱,GL,冰箱,2200,4669,A,A企业,330700,2019,2,6
2019-06-03,成都市,B001,6,25194,MD冰箱,MD,冰箱,2500,4199,B,B企业,510100,2019,2,6
2019-06-03,重庆市,B001,6,25194,MD冰箱,MD,冰箱,2500,4199,B,B企业,500000,2019,2,6
2019-06-03,厦门市,A002,7,23093,GL电视,GL,电视,1500,3299,A,A企业,350200,2019,2,6
2019-06-03,深圳市,B001,3,12597,MD冰箱,MD,冰箱,2500,4199,B,B企业,440300,2019,2,6
2019-06-03,厦门市,B001,4,16796,MD冰箱,MD,冰箱,2500,4199,B,B企业,350200,2019,2,6
2019-06-03,长沙市,B001,6,25194,MD冰箱,MD,冰箱,2500,4199,B,B企业,430100,2019,2,6
2019-06-03,深圳市,B003,4,22796,MD洗衣机,MD,洗衣机,3100,5699,B,B企业,440300,2019,2,6
2019-06-03,金华市,B003,7,39893,MD洗衣机,MD,洗衣机,3100,5699,B,B企业,330700,2019,2,6
2019-06-03,厦门市,C001,5,17995,HE冰箱,HE,冰箱,1800,3599,C,C企业,350200,2019,2,6
2019-06-03,厦门市,B003,5,28495,MD洗衣机,MD,洗衣机,3100,5699,B,B企业,350200,2019,2,6
2019-06-03,金华市,B001,4,16796,MD冰箱,MD,冰箱,2500,4199,B,B企业,330700,2019,2,6
2019-06-03,金华市,B002,7,25193,MD电视,MD,电视,2000,4299,B,B企业,330700,2019,2,6
2019-06-03,重庆市,A003,6,28014,GL洗衣机,GL,洗衣机,3200,4669,A,A企业,500000,2019,2,6
2019-06-03,成都市,A003,4,18676,GL洗衣机,GL,洗衣机,3200,4669,A,A企业,510100,2019,2,6
2019-06-03,重庆市,A001,6,28014,GL冰箱,GL,冰箱,2200,4669,A,A企业,500000,2019,2,6
2019-06-03,深圳市,A001,4,18676,GL冰箱,GL,冰箱,2200,4669,A,A企业,440300,2019,2,6
2019-06-03,重庆市,C001,6,21594,HE冰箱,HE,冰箱,1800,3599,C,C企业,500000,2019,2,6
2019-06-03,苏州市,B001,5,20995,MD冰箱,MD,冰箱,2500,4199,B,B企业,320500,2019,2,6
2019-06-03,深圳市,B002,6,21594,MD电视,MD,电视,2000,4299,B,B企业,440300,2019,2,6
2019-06-03,上海市,B001,2,8398,MD冰箱,MD,冰箱,2500,4199,B,B企业,310000,2019,2,6
2019-06-03,金华市,C001,6,21594,HE冰箱,HE,冰箱,1800,3599,C,C企业,330700,2019,2,6
2019-06-03,厦门市,B002,2,7198,MD电视,MD,电视,2000,4299,B,B企业,350200,2019,2,6
2019-06-03,重庆市,B002,4,14396,MD电视,MD,电视,2000,4299,B,B企业,500000,2019,2,6
2019-06-03,上海市,B002,6,21594,MD电视,MD,电视,2000,4299,B,B企业,310000,2019,2,6
2019-06-03,上海市,A001,2,9338,GL冰箱,GL,冰箱,2200,4669,A,A企业,310000,2019,2,6
2019-06-04,金华市,B001,2,8398,MD冰箱,MD,冰箱,2500,4199,B,B企业,330700,2019,2,6
2019-06-04,上海市,C001,9,32391,HE冰箱,HE,冰箱,1800,3599,C,C企业,310000,2019,2,6
2019-06-04,长沙市,C003,3,14007,HE洗衣机,HE,洗衣机,2600,4699,C,C企业,430100,2019,2,6
2019-06-04,成都市,A001,3,14007,GL冰箱,GL,冰箱,2200,4669,A,A企业,510100,2019,2,6
2019-06-04,深圳市,A002,3,9897,GL电视,GL,电视,1500,3299,A,A企业,440300,2019,2,6
2019-06-04,深圳市,B001,6,25194,MD冰箱,MD,冰箱,2500,4199,B,B企业,440300,2019,2,6
2019-06-04,厦门市,A001,6,28014,GL冰箱,GL,冰箱,2200,4669,A,A企业,350200,2019,2,6
2019-06-04,长沙市,B001,3,12597,MD冰箱,MD,冰箱,2500,4199,B,B企业,430100,2019,2,6
2019-06-04,重庆市,A001,7,32683,GL冰箱,GL,冰箱,2200,4669,A,A企业,500000,2019,2,6
2019-06-04,深圳市,B002,9,32391,MD电视,MD,电视,2000,4299,B,B企业,440300,2019,2,6
2019-06-04,金华市,C001,5,17995,HE冰箱,HE,冰箱,1800,3599,C,C企业,330700,2019,2,6
2019-06-04,金华市,A003,8,37352,GL洗衣机,GL,洗衣机,3200,4669,A,A企业,330700,2019,2,6
2019-06-04,金华市,A001,6,28014,GL冰箱,GL,冰箱,2200,4669,A,A企业,330700,2019,2,6
2019-06-04,长沙市,A002,4,13196,GL电视,GL,电视,1500,3299,A,A企业,430100,2019,2,6
2019-06-04,上海市,A003,6,28014,GL洗衣机,GL,洗衣机,3200,4669,A,A企业,310000,2019,2,6
2019-06-04,成都市,B002,3,10797,MD电视,MD,电视,2000,4299,B,B企业,510100,2019,2,6
2019-06-04,上海市,A001,2,9338,GL冰箱,GL,冰箱,2200,4669,A,A企业,310000,2019,2,6
2019-06-04,深圳市,C001,3,10797,HE冰箱,HE,冰箱,1800,3599,C,C企业,440300,2019,2,6
2019-06-04,成都市,A003,2,9338,GL洗衣机,GL,洗衣机,3200,4669,A,A企业,510100,2019,2,6
2019-06-04,上海市,C003,4,18676,HE洗衣机,HE,洗衣机,2600,4699,C,C企业,310000,2019,2,6
2019-06-04,上海市,B001,2,8398,MD冰箱,MD,冰箱,2500,4199,B,B企业,310000,2019,2,6
2019-06-04,厦门市,C001,3,10797,HE冰箱,HE,冰箱,1800,3599,C,C企业,350200,2019,2,6
2019-06-04,成都市,C001,2,7198,HE冰箱,HE,冰箱,1800,3599,C,C企业,510100,2019,2,6
2019-06-04,厦门市,A003,5,23345,GL洗衣机,GL,洗衣机,3200,4669,A,A企业,350200,2019,2,6
2019-06-04,长沙市,C001,2,7198,HE冰箱,HE,冰箱,1800,3599,C,C企业,430100,2019,2,6
2019-06-04,重庆市,A002,4,13196,GL电视,GL,电视,1500,3299,A,A企业,500000,2019,2,6
2019-06-04,长沙市,A003,6,28014,GL洗衣机,GL,洗衣机,3200,4669,A,A企业,430100,2019,2,6
2019-06-04,厦门市,B003,6,34194,MD洗衣机,MD,洗衣机,3100,5699,B,B企业,350200,2019,2,6
2019-06-05,金华市,A002,3,9897,GL电视,GL,电视,1500,3299,A,A企业,330700,2019,2,6
2019-06-05,金华市,C001,4,14396,HE冰箱,HE,冰箱,1800,3599,C,C企业,330700,2019,2,6
2019-06-05,厦门市,A001,3,14007,GL冰箱,GL,冰箱,2200,4669,A,A企业,350200,2019,2,6
2019-06-05,厦门市,B003,2,11398,MD洗衣机,MD,洗衣机,3100,5699,B,B企业,350200,2019,2,6
2019-06-05,成都市,A001,6,28014,GL冰箱,GL,冰箱,2200,4669,A,A企业,510100,2019,2,6
2019-06-05,长沙市,C003,4,18676,HE洗衣机,HE,洗衣机,2600,4699,C,C企业,430100,2019,2,6
2019-06-05,深圳市,B003,3,17097,MD洗衣机,MD,洗衣机,3100,5699,B,B企业,440300,2019,2,6
2019-06-05,深圳市,C002,3,12597,HE电视,HE,电视,2200,4199,C,C企业,440300,2019,2,6
2019-06-05,厦门市,B001,6,25194,MD冰箱,MD,冰箱,2500,4199,B,B企业,350200,2019,2,6
2019-06-05,厦门市,C002,4,16796,HE电视,HE,电视,2200,4199,C,C企业,350200,2019,2,6
2019-06-05,重庆市,B001,4,16796,MD冰箱,MD,冰箱,2500,4199,B,B企业,500000,2019,2,6
2019-06-05,长沙市,C002,4,16796,HE电视,HE,电视,2200,4199,C,C企业,430100,2019,2,6
2019-06-05,长沙市,B001,5,20995,MD冰箱,MD,冰箱,2500,4199,B,B企业,430100,2019,2,6
2019-06-05,金华市,B002,5,17995,MD电视,MD,电视,2000,4299,B,B企业,330700,2019,2,6
2019-06-05,深圳市,A001,3,14007,GL冰箱,GL,冰箱,2200,4669,A,A企业,440300,2019,2,6
2019-06-05,重庆市,B002,5,17995,MD电视,MD,电视,2000,4299,B,B企业,500000,2019,2,6
2019-06-05,苏州市,B001,2,8398,MD冰箱,MD,冰箱,2500,4199,B,B企业,320500,2019,2,6
2019-06-05,成都市,C003,2,9338,HE洗衣机,HE,洗衣机,2600,4699,C,C企业,510100,2019,2,6
2019-06-05,金华市,C002,4,16796,HE电视,HE,电视,2200,4199,C,C企业,330700,2019,2,6
2019-06-05,重庆市,C001,7,25193,HE冰箱,HE,冰箱,1800,3599,C,C企业,500000,2019,2,6
2019-06-05,厦门市,C001,5,17995,HE冰箱,HE,冰箱,1800,3599,C,C企业,350200,2019,2,6
2019-06-05,长沙市,A001,2,9338,GL冰箱,GL,冰箱,2200,4669,A,A企业,430100,2019,2,6
2019-06-05,成都市,B001,5,20995,MD冰箱,MD,冰箱,2500,4199,B,B企业,510100,2019,2,6
2019-06-05,深圳市,A003,6,28014,GL洗衣机,GL,洗衣机,3200,4669,A,A企业,440300,2019,2,6
2019-06-05,深圳市,B001,4,16796,MD冰箱,MD,冰箱,2500,4199,B,B企业,440300,2019,2,6
2019-06-05,上海市,C001,2,7198,HE冰箱,HE,冰箱,1800,3599,C,C企业,310000,2019,2,6
2019-06-05,成都市,C001,5,17995,HE冰箱,HE,冰箱,1800,3599,C,C企业,510100,2019,2,6
2019-06-05,重庆市,A003,5,23345,GL洗衣机,GL,洗衣机,3200,4669,A,A企业,500000,2019,2,6
2019-06-06,深圳市,A001,5,23345,GL冰箱,GL,冰箱,2200,4669,A,A企业,440300,2019,2,6
2019-06-06,上海市,A001,5,23345,GL冰箱,GL,冰箱,2200,4669,A,A企业,310000,2019,2,6
2019-06-06,深圳市,B001,8,33592,MD冰箱,MD,冰箱,2500,4199,B,B企业,440300,2019,2,6
2019-06-06,金华市,B001,2,8398,MD冰箱,MD,冰箱,2500,4199,B,B企业,330700,2019,2,6
2019-06-06,金华市,C002,4,16796,HE电视,HE,电视,2200,4199,C,C企业,330700,2019,2,6
2019-06-06,金华市,B002,8,28792,MD电视,MD,电视,2000,4299,B,B企业,330700,2019,2,6
2019-06-06,重庆市,B002,6,21594,MD电视,MD,电视,2000,4299,B,B企业,500000,2019,2,6
2019-06-06,厦门市,B002,3,10797,MD电视,MD,电视,2000,4299,B,B企业,350200,2019,2,6
2019-06-06,金华市,A001,3,14007,GL冰箱,GL,冰箱,2200,4669,A,A企业,330700,2019,2,6
2019-06-06,厦门市,B001,4,16796,MD冰箱,MD,冰箱,2500,4199,B,B企业,350200,2019,2,6
2019-06-06,金华市,B003,7,39893,MD洗衣机,MD,洗衣机,3100,5699,B,B企业,330700,2019,2,6
2019-06-06,厦门市,A001,4,18676,GL冰箱,GL,冰箱,2200,4669,A,A企业,350200,2019,2,6
2019-06-06,苏州市,B003,3,17097,MD洗衣机,MD,洗衣机,3100,5699,B,B企业,320500,2019,2,6
2019-06-06,上海市,C002,3,12597,HE电视,HE,电视,2200,4199,C,C企业,310000,2019,2,6
2019-06-06,厦门市,C002,6,25194,HE电视,HE,电视,2200,4199,C,C企业,350200,2019,2,6
2019-06-06,重庆市,A001,6,28014,GL冰箱,GL,冰箱,2200,4669,A,A企业,500000,2019,2,6
2019-06-06,苏州市,A001,8,37352,GL冰箱,GL,冰箱,2200,4669,A,A企业,320500,2019,2,6
2019-06-06,成都市,B001,6,25194,MD冰箱,MD,冰箱,2500,4199,B,B企业,510100,2019,2,6
2019-06-06,深圳市,B003,5,28495,MD洗衣机,MD,洗衣机,3100,5699,B,B企业,440300,2019,2,6
2019-06-06,上海市,C001,4,14396,HE冰箱,HE,冰箱,1800,3599,C,C企业,310000,2019,2,6
2019-06-06,深圳市,C001,6,21594,HE冰箱,HE,冰箱,1800,3599,C,C企业,440300,2019,2,6
2019-06-06,上海市,B002,8,28792,MD电视,MD,电视,2000,4299,B,B企业,310000,2019,2,6
2019-06-07,厦门市,A001,6,28014,GL冰箱,GL,冰箱,2200,4669,A,A企业,350200,2019,2,6
2019-06-07,上海市,A001,7,32683,GL冰箱,GL,冰箱,2200,4669,A,A企业,310000,2019,2,6
2019-06-07,深圳市,B003,4,22796,MD洗衣机,MD,洗衣机,3100,5699,B,B企业,440300,2019,2,6
2019-06-07,重庆市,A001,5,23345,GL冰箱,GL,冰箱,2200,4669,A,A企业,500000,2019,2,6
2019-06-07,上海市,B003,3,17097,MD洗衣机,MD,洗衣机,3100,5699,B,B企业,310000,2019,2,6
2019-06-07,金华市,A003,7,32683,GL洗衣机,GL,洗衣机,3200,4669,A,A企业,330700,2019,2,6
2019-06-07,上海市,C001,6,21594,HE冰箱,HE,冰箱,1800,3599,C,C企业,310000,2019,2,6
2019-06-07,重庆市,A003,4,18676,GL洗衣机,GL,洗衣机,3200,4669,A,A企业,500000,2019,2,6
2019-06-07,重庆市,B001,7,29393,MD冰箱,MD,冰箱,2500,4199,B,B企业,500000,2019,2,6
2019-06-07,上海市,A002,4,13196,GL电视,GL,电视,1500,3299,A,A企业,310000,2019,2,6
2019-06-07,厦门市,B001,3,12597,MD冰箱,MD,冰箱,2500,4199,B,B企业,350200,2019,2,6
2019-06-07,上海市,A003,2,9338,GL洗衣机,GL,洗衣机,3200,4669,A,A企业,310000,2019,2,6
2019-06-07,深圳市,B001,9,37791,MD冰箱,MD,冰箱,2500,4199,B,B企业,440300,2019,2,6
2019-06-07,金华市,A001,6,28014,GL冰箱,GL,冰箱,2200,4669,A,A企业,330700,2019,2,6
2019-06-07,苏州市,B001,8,33592,MD冰箱,MD,冰箱,2500,4199,B,B企业,320500,2019,2,6
2019-06-07,苏州市,A001,7,32683,GL冰箱,GL,冰箱,2200,4669,A,A企业,320500,2019,2,6
2019-06-07,金华市,A002,7,23093,GL电视,GL,电视,1500,3299,A,A企业,330700,2019,2,6
2019-06-07,成都市,C001,6,21594,HE冰箱,HE,冰箱,1800,3599,C,C企业,510100,2019,2,6
2019-06-07,深圳市,A002,3,9897,GL电视,GL,电视,1500,3299,A,A企业,440300,2019,2,6
2019-06-07,苏州市,C002,4,16796,HE电视,HE,电视,2200,4199,C,C企业,320500,2019,2,6
2019-06-07,金华市,B001,6,25194,MD冰箱,MD,冰箱,2500,4199,B,B企业,330700,2019,2,6
2019-06-07,重庆市,A002,6,19794,GL电视,GL,电视,1500,3299,A,A企业,500000,2019,2,6
2019-06-08,深圳市,A001,5,23345,GL冰箱,GL,冰箱,2200,4669,A,A企业,440300,2019,2,6
2019-06-08,金华市,A001,7,32683,GL冰箱,GL,冰箱,2200,4669,A,A企业,330700,2019,2,6
2019-06-08,苏州市,A001,4,18676,GL冰箱,GL,冰箱,2200,4669,A,A企业,320500,2019,2,6
2019-06-08,深圳市,B001,6,25194,MD冰箱,MD,冰箱,2500,4199,B,B企业,440300,2019,2,6
2019-06-08,重庆市,B002,3,10797,MD电视,MD,电视,2000,4299,B,B企业,500000,2019,2,6
2019-06-08,上海市,A001,2,9338,GL冰箱,GL,冰箱,2200,4669,A,A企业,310000,2019,2,6
2019-06-08,深圳市,B002,6,21594,MD电视,MD,电视,2000,4299,B,B企业,440300,2019,2,6
2019-06-08,金华市,A003,6,28014,GL洗衣机,GL,洗衣机,3200,4669,A,A企业,330700,2019,2,6
2019-06-08,成都市,C002,5,20995,HE电视,HE,电视,2200,4199,C,C企业,510100,2019,2,6
2019-06-08,上海市,A003,5,23345,GL洗衣机,GL,洗衣机,3200,4669,A,A企业,310000,2019,2,6
2019-06-08,厦门市,A001,5,23345,GL冰箱,GL,冰箱,2200,4669,A,A企业,350200,2019,2,6
2019-06-08,金华市,C002,6,25194,HE电视,HE,电视,2200,4199,C,C企业,330700,2019,2,6
2019-06-08,深圳市,A003,2,9338,GL洗衣机,GL,洗衣机,3200,4669,A,A企业,440300,2019,2,6
2019-06-08,厦门市,B002,9,32391,MD电视,MD,电视,2000,4299,B,B企业,350200,2019,2,6
2019-06-08,重庆市,A003,5,23345,GL洗衣机,GL,洗衣机,3200,4669,A,A企业,500000,2019,2,6
2019-06-08,金华市,B003,4,22796,MD洗衣机,MD,洗衣机,3100,5699,B,B企业,330700,2019,2,6
2019-06-08,厦门市,B003,7,39893,MD洗衣机,MD,洗衣机,3100,5699,B,B企业,350200,2019,2,6
2019-06-08,重庆市,B001,3,12597,MD冰箱,MD,冰箱,2500,4199,B,B企业,500000,2019,2,6
2019-06-08,厦门市,B001,6,25194,MD冰箱,MD,冰箱,2500,4199,B,B企业,350200,2019,2,6
2019-06-08,金华市,B001,5,20995,MD冰箱,MD,冰箱,2500,4199,B,B企业,330700,2019,2,6
2019-06-08,重庆市,C001,3,10797,HE冰箱,HE,冰箱,1800,3599,C,C企业,500000,2019,2,6
2019-06-08,深圳市,C002,7,29393,HE电视,HE,电视,2200,4199,C,C企业,440300,2019,2,6
2019-06-09,重庆市,A002,5,16495,GL电视,GL,电视,1500,3299,A,A企业,500000,2019,2,6
2019-06-09,厦门市,A002,6,19794,GL电视,GL,电视,1500,3299,A,A企业,350200,2019,2,6
2019-06-09,金华市,A001,7,32683,GL冰箱,GL,冰箱,2200,4669,A,A企业,330700,2019,2,6
2019-06-09,重庆市,A001,7,32683,GL冰箱,GL,冰箱,2200,4669,A,A企业,500000,2019,2,6
2019-06-09,金华市,A002,5,16495,GL电视,GL,电视,1500,3299,A,A企业,330700,2019,2,6
2019-06-09,重庆市,B002,5,17995,MD电视,MD,电视,2000,4299,B,B企业,500000,2019,2,6
2019-06-09,成都市,B002,2,7198,MD电视,MD,电视,2000,4299,B,B企业,510100,2019,2,6
2019-06-09,金华市,B001,5,20995,MD冰箱,MD,冰箱,2500,4199,B,B企业,330700,2019,2,6
2019-06-09,厦门市,A001,3,14007,GL冰箱,GL,冰箱,2200,4669,A,A企业,350200,2019,2,6
2019-06-09,重庆市,B001,3,12597,MD冰箱,MD,冰箱,2500,4199,B,B企业,500000,2019,2,6
2019-06-09,厦门市,B002,8,28792,MD电视,MD,电视,2000,4299,B,B企业,350200,2019,2,6
2019-06-09,厦门市,B001,6,25194,MD冰箱,MD,冰箱,2500,4199,B,B企业,350200,2019,2,6
2019-06-09,深圳市,B001,5,20995,MD冰箱,MD,冰箱,2500,4199,B,B企业,440300,2019,2,6
2019-06-09,深圳市,A001,3,14007,GL冰箱,GL,冰箱,2200,4669,A,A企业,440300,2019,2,6
2019-06-09,成都市,A001,2,9338,GL冰箱,GL,冰箱,2200,4669,A,A企业,510100,2019,2,6
2019-06-09,成都市,B001,4,16796,MD冰箱,MD,冰箱,2500,4199,B,B企业,510100,2019,2,6
2019-06-09,厦门市,C001,5,17995,HE冰箱,HE,冰箱,1800,3599,C,C企业,350200,2019,2,6
2019-06-09,深圳市,B003,4,22796,MD洗衣机,MD,洗衣机,3100,5699,B,B企业,440300,2019,2,6
2019-06-09,金华市,B002,5,17995,MD电视,MD,电视,2000,4299,B,B企业,330700,2019,2,6
2019-06-09,上海市,B003,5,28495,MD洗衣机,MD,洗衣机,3100,5699,B,B企业,310000,2019,2,6
2019-06-09,上海市,A001,6,28014,GL冰箱,GL,冰箱,2200,4669,A,A企业,310000,2019,2,6
2019-06-10,上海市,C003,6,28014,HE洗衣机,HE,洗衣机,2600,4699,C,C企业,310000,2019,2,6
2019-06-10,苏州市,A001,4,18676,GL冰箱,GL,冰箱,2200,4669,A,A企业,320500,2019,2,6
2019-06-10,厦门市,C001,8,28792,HE冰箱,HE,冰箱,1800,3599,C,C企业,350200,2019,2,6
2019-06-10,重庆市,B003,5,28495,MD洗衣机,MD,洗衣机,3100,5699,B,B企业,500000,2019,2,6
2019-06-10,深圳市,A001,6,28014,GL冰箱,GL,冰箱,2200,4669,A,A企业,440300,2019,2,6
2019-06-10,深圳市,A003,5,23345,GL洗衣机,GL,洗衣机,3200,4669,A,A企业,440300,2019,2,6
2019-06-10,成都市,A002,3,9897,GL电视,GL,电视,1500,3299,A,A企业,510100,2019,2,6
2019-06-10,金华市,B003,5,28495,MD洗衣机,MD,洗衣机,3100,5699,B,B企业,330700,2019,2,6
2019-06-10,重庆市,B001,7,29393,MD冰箱,MD,冰箱,2500,4199,B,B企业,500000,2019,2,6
2019-06-10,重庆市,A001,8,37352,GL冰箱,GL,冰箱,2200,4669,A,A企业,500000,2019,2,6
2019-06-10,上海市,B001,3,12597,MD冰箱,MD,冰箱,2500,4199,B,B企业,310000,2019,2,6
2019-06-10,上海市,B002,4,14396,MD电视,MD,电视,2000,4299,B,B企业,310000,2019,2,6
2019-06-10,厦门市,B001,8,33592,MD冰箱,MD,冰箱,2500,4199,B,B企业,350200,2019,2,6
2019-06-10,长沙市,B001,5,20995,MD冰箱,MD,冰箱,2500,4199,B,B企业,430100,2019,2,6
2019-06-10,金华市,A001,5,23345,GL冰箱,GL,冰箱,2200,4669,A,A企业,330700,2019,2,6
2019-06-10,上海市,A001,4,18676,GL冰箱,GL,冰箱,2200,4669,A,A企业,310000,2019,2,6
2019-06-10,重庆市,C001,3,10797,HE冰箱,HE,冰箱,1800,3599,C,C企业,500000,2019,2,6
2019-06-10,金华市,B002,6,21594,MD电视,MD,电视,2000,4299,B,B企业,330700,2019,2,6
2019-06-10,金华市,B001,4,16796,MD冰箱,MD,冰箱,2500,4199,B,B企业,330700,2019,2,6
2019-06-10,厦门市,B002,8,28792,MD电视,MD,电视,2000,4299,B,B企业,350200,2019,2,6
2019-06-10,成都市,B001,4,16796,MD冰箱,MD,冰箱,2500,4199,B,B企业,510100,2019,2,6
2019-06-10,长沙市,A001,5,23345,GL冰箱,GL,冰箱,2200,4669,A,A企业,430100,2019,2,6
2019-06-10,上海市,C001,2,7198,HE冰箱,HE,冰箱,1800,3599,C,C企业,310000,2019,2,6
2019-06-10,深圳市,B001,6,25194,MD冰箱,MD,冰箱,2500,4199,B,B企业,440300,2019,2,6
2019-06-10,长沙市,B002,3,10797,MD电视,MD,电视,2000,4299,B,B企业,430100,2019,2,6
2019-06-10,苏州市,B001,6,25194,MD冰箱,MD,冰箱,2500,4199,B,B企业,320500,2019,2,6
2019-06-10,重庆市,B002,9,32391,MD电视,MD,电视,2000,4299,B,B企业,500000,2019,2,6
2019-06-10,厦门市,A001,5,23345,GL冰箱,GL,冰箱,2200,4669,A,A企业,350200,2019,2,6
2019-06-10,重庆市,A002,2,6598,GL电视,GL,电视,1500,3299,A,A企业,500000,2019,2,6
2019-06-10,厦门市,A002,6,19794,GL电视,GL,电视,1500,3299,A,A企业,350200,2019,2,6
2019-06-10,厦门市,B003,5,28495,MD洗衣机,MD,洗衣机,3100,5699,B,B企业,350200,2019,2,6
2019-06-11,成都市,A001,6,28014,GL冰箱,GL,冰箱,2200,4669,A,A企业,510100,2019,2,6
2019-06-11,苏州市,C003,8,37352,HE洗衣机,HE,洗衣机,2600,4699,C,C企业,320500,2019,2,6
2019-06-11,厦门市,A002,8,26392,GL电视,GL,电视,1500,3299,A,A企业,350200,2019,2,6
2019-06-11,金华市,B003,4,22796,MD洗衣机,MD,洗衣机,3100,5699,B,B企业,330700,2019,2,6
2019-06-11,深圳市,B003,6,34194,MD洗衣机,MD,洗衣机,3100,5699,B,B企业,440300,2019,2,6
2019-06-11,成都市,C001,5,17995,HE冰箱,HE,冰箱,1800,3599,C,C企业,510100,2019,2,6
2019-06-11,厦门市,B002,7,25193,MD电视,MD,电视,2000,4299,B,B企业,350200,2019,2,6
2019-06-11,厦门市,A001,2,9338,GL冰箱,GL,冰箱,2200,4669,A,A企业,350200,2019,2,6
2019-06-11,重庆市,A001,5,23345,GL冰箱,GL,冰箱,2200,4669,A,A企业,500000,2019,2,6
2019-06-11,深圳市,A001,4,18676,GL冰箱,GL,冰箱,2200,4669,A,A企业,440300,2019,2,6
2019-06-11,深圳市,B002,2,7198,MD电视,MD,电视,2000,4299,B,B企业,440300,2019,2,6
2019-06-11,重庆市,B003,2,11398,MD洗衣机,MD,洗衣机,3100,5699,B,B企业,500000,2019,2,6
2019-06-11,重庆市,B001,7,29393,MD冰箱,MD,冰箱,2500,4199,B,B企业,500000,2019,2,6
2019-06-11,深圳市,B001,2,8398,MD冰箱,MD,冰箱,2500,4199,B,B企业,440300,2019,2,6
2019-06-11,深圳市,C001,7,25193,HE冰箱,HE,冰箱,1800,3599,C,C企业,440300,2019,2,6
2019-06-11,厦门市,B001,6,25194,MD冰箱,MD,冰箱,2500,4199,B,B企业,350200,2019,2,6
2019-06-11,苏州市,C001,8,28792,HE冰箱,HE,冰箱,1800,3599,C,C企业,320500,2019,2,6
2019-06-11,苏州市,A001,3,14007,GL冰箱,GL,冰箱,2200,4669,A,A企业,320500,2019,2,6
2019-06-11,金华市,A001,4,18676,GL冰箱,GL,冰箱,2200,4669,A,A企业,330700,2019,2,6
2019-06-11,重庆市,B002,6,21594,MD电视,MD,电视,2000,4299,B,B企业,500000,2019,2,6
2019-06-11,金华市,B002,4,14396,MD电视,MD,电视,2000,4299,B,B企业,330700,2019,2,6
2019-06-11,上海市,B002,7,25193,MD电视,MD,电视,2000,4299,B,B企业,310000,2019,2,6
2019-06-11,上海市,A003,4,18676,GL洗衣机,GL,洗衣机,3200,4669,A,A企业,310000,2019,2,6
2019-06-11,上海市,B001,5,20995,MD冰箱,MD,冰箱,2500,4199,B,B企业,310000,2019,2,6
2019-06-11,上海市,A001,4,18676,GL冰箱,GL,冰箱,2200,4669,A,A企业,310000,2019,2,6
2019-06-11,长沙市,B001,6,25194,MD冰箱,MD,冰箱,2500,4199,B,B企业,430100,2019,2,6
2019-06-11,成都市,B002,5,17995,MD电视,MD,电视,2000,4299,B,B企业,510100,2019,2,6
2019-06-12,上海市,A001,8,37352,GL冰箱,GL,冰箱,2200,4669,A,A企业,310000,2019,2,6
2019-06-12,重庆市,A001,4,18676,GL冰箱,GL,冰箱,2200,4669,A,A企业,500000,2019,2,6
2019-06-12,重庆市,B002,5,17995,MD电视,MD,电视,2000,4299,B,B企业,500000,2019,2,6
2019-06-12,上海市,B002,3,10797,MD电视,MD,电视,2000,4299,B,B企业,310000,2019,2,6
2019-06-12,金华市,B002,4,14396,MD电视,MD,电视,2000,4299,B,B企业,330700,2019,2,6
2019-06-12,重庆市,B001,5,20995,MD冰箱,MD,冰箱,2500,4199,B,B企业,500000,2019,2,6
2019-06-12,重庆市,C001,2,7198,HE冰箱,HE,冰箱,1800,3599,C,C企业,500000,2019,2,6
2019-06-12,长沙市,C001,7,25193,HE冰箱,HE,冰箱,1800,3599,C,C企业,430100,2019,2,6
2019-06-12,成都市,B001,3,12597,MD冰箱,MD,冰箱,2500,4199,B,B企业,510100,2019,2,6
2019-06-12,厦门市,B001,4,16796,MD冰箱,MD,冰箱,2500,4199,B,B企业,350200,2019,2,6
2019-06-12,上海市,C001,2,7198,HE冰箱,HE,冰箱,1800,3599,C,C企业,310000,2019,2,6
2019-06-12,深圳市,B001,5,20995,MD冰箱,MD,冰箱,2500,4199,B,B企业,440300,2019,2,6
2019-06-12,上海市,B001,5,20995,MD冰箱,MD,冰箱,2500,4199,B,B企业,310000,2019,2,6
2019-06-12,长沙市,A001,4,18676,GL冰箱,GL,冰箱,2200,4669,A,A企业,430100,2019,2,6
2019-06-12,长沙市,B001,6,25194,MD冰箱,MD,冰箱,2500,4199,B,B企业,430100,2019,2,6
2019-06-12,重庆市,A002,3,9897,GL电视,GL,电视,1500,3299,A,A企业,500000,2019,2,6
2019-06-12,金华市,A002,5,16495,GL电视,GL,电视,1500,3299,A,A企业,330700,2019,2,6
2019-06-12,金华市,A001,8,37352,GL冰箱,GL,冰箱,2200,4669,A,A企业,330700,2019,2,6
2019-06-12,成都市,B003,5,28495,MD洗衣机,MD,洗衣机,3100,5699,B,B企业,510100,2019,2,6
2019-06-12,金华市,B003,4,22796,MD洗衣机,MD,洗衣机,3100,5699,B,B企业,330700,2019,2,6
2019-06-12,金华市,A003,2,9338,GL洗衣机,GL,洗衣机,3200,4669,A,A企业,330700,2019,2,6
2019-06-12,深圳市,A003,6,28014,GL洗衣机,GL,洗衣机,3200,4669,A,A企业,440300,2019,2,6
2019-06-12,深圳市,A001,5,23345,GL冰箱,GL,冰箱,2200,4669,A,A企业,440300,2019,2,6
2019-06-12,成都市,A001,6,28014,GL冰箱,GL,冰箱,2200,4669,A,A企业,510100,2019,2,6
2019-06-12,厦门市,A001,6,28014,GL冰箱,GL,冰箱,2200,4669,A,A企业,350200,2019,2,6
2019-06-12,上海市,A003,5,23345,GL洗衣机,GL,洗衣机,3200,4669,A,A企业,310000,2019,2,6
2019-06-12,上海市,A002,5,16495,GL电视,GL,电视,1500,3299,A,A企业,310000,2019,2,6
2019-06-12,厦门市,C002,5,20995,HE电视,HE,电视,2200,4199,C,C企业,350200,2019,2,6
2019-06-12,长沙市,A003,9,42021,GL洗衣机,GL,洗衣机,3200,4669,A,A企业,430100,2019,2,6
2019-06-12,金华市,B001,6,25194,MD冰箱,MD,冰箱,2500,4199,B,B企业,330700,2019,2,6
2019-06-12,成都市,A002,4,13196,GL电视,GL,电视,1500,3299,A,A企业,510100,2019,2,6
2019-06-12,厦门市,B002,2,7198,MD电视,MD,电视,2000,4299,B,B企业,350200,2019,2,6
2019-06-13,金华市,B001,6,25194,MD冰箱,MD,冰箱,2500,4199,B,B企业,330700,2019,2,6
2019-06-13,厦门市,C001,6,21594,HE冰箱,HE,冰箱,1800,3599,C,C企业,350200,2019,2,6
2019-06-13,厦门市,B001,7,29393,MD冰箱,MD,冰箱,2500,4199,B,B企业,350200,2019,2,6
2019-06-13,重庆市,C001,6,21594,HE冰箱,HE,冰箱,1800,3599,C,C企业,500000,2019,2,6
2019-06-13,苏州市,C001,4,14396,HE冰箱,HE,冰箱,1800,3599,C,C企业,320500,2019,2,6
2019-06-13,厦门市,A001,8,37352,GL冰箱,GL,冰箱,2200,4669,A,A企业,350200,2019,2,6
2019-06-13,成都市,B001,3,12597,MD冰箱,MD,冰箱,2500,4199,B,B企业,510100,2019,2,6
2019-06-13,重庆市,A001,6,28014,GL冰箱,GL,冰箱,2200,4669,A,A企业,500000,2019,2,6
2019-06-13,深圳市,B001,6,25194,MD冰箱,MD,冰箱,2500,4199,B,B企业,440300,2019,2,6
2019-06-13,上海市,C001,7,25193,HE冰箱,HE,冰箱,1800,3599,C,C企业,310000,2019,2,6
2019-06-13,金华市,A001,5,23345,GL冰箱,GL,冰箱,2200,4669,A,A企业,330700,2019,2,6
2019-06-13,金华市,B002,4,14396,MD电视,MD,电视,2000,4299,B,B企业,330700,2019,2,6
2019-06-13,上海市,B001,5,20995,MD冰箱,MD,冰箱,2500,4199,B,B企业,310000,2019,2,6
2019-06-13,重庆市,B002,4,14396,MD电视,MD,电视,2000,4299,B,B企业,500000,2019,2,6
2019-06-13,深圳市,C002,3,12597,HE电视,HE,电视,2200,4199,C,C企业,440300,2019,2,6
2019-06-13,苏州市,B001,7,29393,MD冰箱,MD,冰箱,2500,4199,B,B企业,320500,2019,2,6
2019-06-13,上海市,A001,5,23345,GL冰箱,GL,冰箱,2200,4669,A,A企业,310000,2019,2,6
2019-06-13,厦门市,B002,8,28792,MD电视,MD,电视,2000,4299,B,B企业,350200,2019,2,6
2019-06-13,深圳市,C003,4,18676,HE洗衣机,HE,洗衣机,2600,4699,C,C企业,440300,2019,2,6
2019-06-13,上海市,C002,5,20995,HE电视,HE,电视,2200,4199,C,C企业,310000,2019,2,6
2019-06-13,上海市,A003,7,32683,GL洗衣机,GL,洗衣机,3200,4669,A,A企业,310000,2019,2,6
2019-06-13,深圳市,A003,9,42021,GL洗衣机,GL,洗衣机,3200,4669,A,A企业,440300,2019,2,6
2019-06-13,重庆市,B003,6,34194,MD洗衣机,MD,洗衣机,3100,5699,B,B企业,500000,2019,2,6
2019-06-13,深圳市,B003,7,39893,MD洗衣机,MD,洗衣机,3100,5699,B,B企业,440300,2019,2,6
2019-06-13,金华市,B003,7,39893,MD洗衣机,MD,洗衣机,3100,5699,B,B企业,330700,2019,2,6
2019-06-13,深圳市,A001,2,9338,GL冰箱,GL,冰箱,2200,4669,A,A企业,440300,2019,2,6
2019-06-13,上海市,A002,4,13196,GL电视,GL,电视,1500,3299,A,A企业,310000,2019,2,6
2019-06-13,重庆市,A003,3,14007,GL洗衣机,GL,洗衣机,3200,4669,A,A企业,500000,2019,2,6
2019-06-13,成都市,A002,5,16495,GL电视,GL,电视,1500,3299,A,A企业,510100,2019,2,6
2019-06-13,深圳市,A002,3,9897,GL电视,GL,电视,1500,3299,A,A企业,440300,2019,2,6
2019-06-13,苏州市,A002,7,23093,GL电视,GL,电视,1500,3299,A,A企业,320500,2019,2,6
2019-06-13,厦门市,A002,6,19794,GL电视,GL,电视,1500,3299,A,A企业,350200,2019,2,6
2019-06-13,重庆市,B001,9,37791,MD冰箱,MD,冰箱,2500,4199,B,B企业,500000,2019,2,6
2019-06-13,成都市,A001,2,9338,GL冰箱,GL,冰箱,2200,4669,A,A企业,510100,2019,2,6
2019-06-14,厦门市,B002,4,14396,MD电视,MD,电视,2000,4299,B,B企业,350200,2019,2,6
2019-06-14,重庆市,B001,4,16796,MD冰箱,MD,冰箱,2500,4199,B,B企业,500000,2019,2,6
2019-06-14,重庆市,A001,5,23345,GL冰箱,GL,冰箱,2200,4669,A,A企业,500000,2019,2,6
2019-06-14,金华市,A001,4,18676,GL冰箱,GL,冰箱,2200,4669,A,A企业,330700,2019,2,6
2019-06-14,苏州市,C002,3,12597,HE电视,HE,电视,2200,4199,C,C企业,320500,2019,2,6
2019-06-14,厦门市,B001,4,16796,MD冰箱,MD,冰箱,2500,4199,B,B企业,350200,2019,2,6
2019-06-14,苏州市,A001,4,18676,GL冰箱,GL,冰箱,2200,4669,A,A企业,320500,2019,2,6
2019-06-14,厦门市,C001,9,32391,HE冰箱,HE,冰箱,1800,3599,C,C企业,350200,2019,2,6
2019-06-14,成都市,B002,4,14396,MD电视,MD,电视,2000,4299,B,B企业,510100,2019,2,6
2019-06-14,苏州市,B001,4,16796,MD冰箱,MD,冰箱,2500,4199,B,B企业,320500,2019,2,6
2019-06-14,金华市,C002,7,29393,HE电视,HE,电视,2200,4199,C,C企业,330700,2019,2,6
2019-06-14,成都市,C001,5,17995,HE冰箱,HE,冰箱,1800,3599,C,C企业,510100,2019,2,6
2019-06-14,深圳市,A001,4,18676,GL冰箱,GL,冰箱,2200,4669,A,A企业,440300,2019,2,6
2019-06-14,金华市,B001,2,8398,MD冰箱,MD,冰箱,2500,4199,B,B企业,330700,2019,2,6
2019-06-14,重庆市,B002,6,21594,MD电视,MD,电视,2000,4299,B,B企业,500000,2019,2,6
2019-06-14,深圳市,B002,4,14396,MD电视,MD,电视,2000,4299,B,B企业,440300,2019,2,6
2019-06-14,金华市,A002,6,19794,GL电视,GL,电视,1500,3299,A,A企业,330700,2019,2,6
2019-06-14,深圳市,B003,5,28495,MD洗衣机,MD,洗衣机,3100,5699,B,B企业,440300,2019,2,6
2019-06-14,金华市,C001,6,21594,HE冰箱,HE,冰箱,1800,3599,C,C企业,330700,2019,2,6
2019-06-14,上海市,B003,5,28495,MD洗衣机,MD,洗衣机,3100,5699,B,B企业,310000,2019,2,6
2019-06-14,重庆市,C001,4,14396,HE冰箱,HE,冰箱,1800,3599,C,C企业,500000,2019,2,6
2019-06-14,金华市,B003,4,22796,MD洗衣机,MD,洗衣机,3100,5699,B,B企业,330700,2019,2,6
2019-06-14,重庆市,A002,2,6598,GL电视,GL,电视,1500,3299,A,A企业,500000,2019,2,6
2019-06-14,厦门市,B003,5,28495,MD洗衣机,MD,洗衣机,3100,5699,B,B企业,350200,2019,2,6
2019-06-14,深圳市,A002,6,19794,GL电视,GL,电视,1500,3299,A,A企业,440300,2019,2,6
2019-06-14,苏州市,A002,5,16495,GL电视,GL,电视,1500,3299,A,A企业,320500,2019,2,6
2019-06-14,上海市,A001,7,32683,GL冰箱,GL,冰箱,2200,4669,A,A企业,310000,2019,2,6
2019-06-14,苏州市,C001,9,32391,HE冰箱,HE,冰箱,1800,3599,C,C企业,320500,2019,2,6
2019-06-14,长沙市,A001,2,9338,GL冰箱,GL,冰箱,2200,4669,A,A企业,430100,2019,2,6
2019-06-14,成都市,A003,5,23345,GL洗衣机,GL,洗衣机,3200,4669,A,A企业,510100,2019,2,6
2019-06-14,厦门市,A001,5,23345,GL冰箱,GL,冰箱,2200,4669,A,A企业,350200,2019,2,6
2019-06-14,上海市,B002,6,21594,MD电视,MD,电视,2000,4299,B,B企业,310000,2019,2,6
2019-06-15,厦门市,A001,8,37352,GL冰箱,GL,冰箱,2200,4669,A,A企业,350200,2019,2,6
2019-06-15,苏州市,A001,5,23345,GL冰箱,GL,冰箱,2200,4669,A,A企业,320500,2019,2,6
2019-06-15,苏州市,B002,3,10797,MD电视,MD,电视,2000,4299,B,B企业,320500,2019,2,6
2019-06-15,重庆市,C001,2,7198,HE冰箱,HE,冰箱,1800,3599,C,C企业,500000,2019,2,6
2019-06-15,厦门市,B001,3,12597,MD冰箱,MD,冰箱,2500,4199,B,B企业,350200,2019,2,6
2019-06-15,深圳市,A001,4,18676,GL冰箱,GL,冰箱,2200,4669,A,A企业,440300,2019,2,6
2019-06-15,深圳市,B002,4,14396,MD电视,MD,电视,2000,4299,B,B企业,440300,2019,2,6
2019-06-15,金华市,C003,3,14007,HE洗衣机,HE,洗衣机,2600,4699,C,C企业,330700,2019,2,6
2019-06-15,成都市,B001,6,25194,MD冰箱,MD,冰箱,2500,4199,B,B企业,510100,2019,2,6
2019-06-15,重庆市,B002,7,25193,MD电视,MD,电视,2000,4299,B,B企业,500000,2019,2,6
2019-06-15,重庆市,A001,5,23345,GL冰箱,GL,冰箱,2200,4669,A,A企业,500000,2019,2,6
2019-06-15,上海市,B002,9,32391,MD电视,MD,电视,2000,4299,B,B企业,310000,2019,2,6
2019-06-15,长沙市,A001,6,28014,GL冰箱,GL,冰箱,2200,4669,A,A企业,430100,2019,2,6
2019-06-15,上海市,B001,6,25194,MD冰箱,MD,冰箱,2500,4199,B,B企业,310000,2019,2,6
2019-06-15,长沙市,B002,8,28792,MD电视,MD,电视,2000,4299,B,B企业,430100,2019,2,6
2019-06-15,金华市,C001,7,25193,HE冰箱,HE,冰箱,1800,3599,C,C企业,330700,2019,2,6
2019-06-15,重庆市,B001,4,16796,MD冰箱,MD,冰箱,2500,4199,B,B企业,500000,2019,2,6
2019-06-15,厦门市,B002,6,21594,MD电视,MD,电视,2000,4299,B,B企业,350200,2019,2,6
2019-06-15,上海市,C001,6,21594,HE冰箱,HE,冰箱,1800,3599,C,C企业,310000,2019,2,6
2019-06-15,长沙市,B001,7,29393,MD冰箱,MD,冰箱,2500,4199,B,B企业,430100,2019,2,6
2019-06-15,金华市,B001,4,16796,MD冰箱,MD,冰箱,2500,4199,B,B企业,330700,2019,2,6
2019-06-15,苏州市,B001,8,33592,MD冰箱,MD,冰箱,2500,4199,B,B企业,320500,2019,2,6
2019-06-15,苏州市,B003,8,45592,MD洗衣机,MD,洗衣机,3100,5699,B,B企业,320500,2019,2,6
2019-06-15,深圳市,A003,4,18676,GL洗衣机,GL,洗衣机,3200,4669,A,A企业,440300,2019,2,6
2019-06-15,深圳市,C001,3,10797,HE冰箱,HE,冰箱,1800,3599,C,C企业,440300,2019,2,6
2019-06-15,金华市,B002,6,21594,MD电视,MD,电视,2000,4299,B,B企业,330700,2019,2,6
2019-06-15,金华市,A001,4,18676,GL冰箱,GL,冰箱,2200,4669,A,A企业,330700,2019,2,6
2019-06-15,重庆市,B003,6,34194,MD洗衣机,MD,洗衣机,3100,5699,B,B企业,500000,2019,2,6
2019-06-15,成都市,C001,5,17995,HE冰箱,HE,冰箱,1800,3599,C,C企业,510100,2019,2,6
2019-06-15,成都市,B002,5,17995,MD电视,MD,电视,2000,4299,B,B企业,510100,2019,2,6
2019-06-16,深圳市,A001,6,28014,GL冰箱,GL,冰箱,2200,4669,A,A企业,440300,2019,2,6
2019-06-16,厦门市,A001,6,28014,GL冰箱,GL,冰箱,2200,4669,A,A企业,350200,2019,2,6
2019-06-16,重庆市,A001,7,32683,GL冰箱,GL,冰箱,2200,4669,A,A企业,500000,2019,2,6
2019-06-16,重庆市,C003,2,9338,HE洗衣机,HE,洗衣机,2600,4699,C,C企业,500000,2019,2,6
2019-06-16,苏州市,A001,4,18676,GL冰箱,GL,冰箱,2200,4669,A,A企业,320500,2019,2,6
2019-06-16,厦门市,B003,4,22796,MD洗衣机,MD,洗衣机,3100,5699,B,B企业,350200,2019,2,6
2019-06-16,金华市,B002,2,7198,MD电视,MD,电视,2000,4299,B,B企业,330700,2019,2,6
2019-06-16,金华市,B003,3,17097,MD洗衣机,MD,洗衣机,3100,5699,B,B企业,330700,2019,2,6
2019-06-16,厦门市,B002,4,14396,MD电视,MD,电视,2000,4299,B,B企业,350200,2019,2,6
2019-06-16,深圳市,B003,7,39893,MD洗衣机,MD,洗衣机,3100,5699,B,B企业,440300,2019,2,6
2019-06-16,重庆市,B002,2,7198,MD电视,MD,电视,2000,4299,B,B企业,500000,2019,2,6
2019-06-16,成都市,C001,4,14396,HE冰箱,HE,冰箱,1800,3599,C,C企业,510100,2019,2,6
2019-06-16,金华市,A001,5,23345,GL冰箱,GL,冰箱,2200,4669,A,A企业,330700,2019,2,6
2019-06-16,厦门市,C001,7,25193,HE冰箱,HE,冰箱,1800,3599,C,C企业,350200,2019,2,6
2019-06-16,厦门市,B001,7,29393,MD冰箱,MD,冰箱,2500,4199,B,B企业,350200,2019,2,6
2019-06-16,重庆市,B003,3,17097,MD洗衣机,MD,洗衣机,3100,5699,B,B企业,500000,2019,2,6
2019-06-16,深圳市,C001,8,28792,HE冰箱,HE,冰箱,1800,3599,C,C企业,440300,2019,2,6
2019-06-16,长沙市,B002,3,10797,MD电视,MD,电视,2000,4299,B,B企业,430100,2019,2,6
2019-06-16,上海市,B002,8,28792,MD电视,MD,电视,2000,4299,B,B企业,310000,2019,2,6
2019-06-16,上海市,C003,3,14007,HE洗衣机,HE,洗衣机,2600,4699,C,C企业,310000,2019,2,6
2019-06-16,成都市,B003,7,39893,MD洗衣机,MD,洗衣机,3100,5699,B,B企业,510100,2019,2,6
2019-06-16,深圳市,B001,5,20995,MD冰箱,MD,冰箱,2500,4199,B,B企业,440300,2019,2,6
2019-06-16,成都市,B001,5,20995,MD冰箱,MD,冰箱,2500,4199,B,B企业,510100,2019,2,6
2019-06-16,苏州市,B001,2,8398,MD冰箱,MD,冰箱,2500,4199,B,B企业,320500,2019,2,6
2019-06-16,金华市,C002,5,20995,HE电视,HE,电视,2200,4199,C,C企业,330700,2019,2,6
2019-06-16,金华市,B001,4,16796,MD冰箱,MD,冰箱,2500,4199,B,B企业,330700,2019,2,6
2019-06-16,重庆市,B001,6,25194,MD冰箱,MD,冰箱,2500,4199,B,B企业,500000,2019,2,6
2019-06-16,金华市,C001,2,7198,HE冰箱,HE,冰箱,1800,3599,C,C企业,330700,2019,2,6
2019-06-16,上海市,C001,3,10797,HE冰箱,HE,冰箱,1800,3599,C,C企业,310000,2019,2,6
2019-06-16,上海市,C002,5,20995,HE电视,HE,电视,2200,4199,C,C企业,310000,2019,2,6
2019-06-16,重庆市,C001,6,21594,HE冰箱,HE,冰箱,1800,3599,C,C企业,500000,2019,2,6
2019-06-16,上海市,B001,3,12597,MD冰箱,MD,冰箱,2500,4199,B,B企业,310000,2019,2,6
2019-06-17,金华市,B001,9,37791,MD冰箱,MD,冰箱,2500,4199,B,B企业,330700,2019,2,6
2019-06-17,厦门市,B001,6,25194,MD冰箱,MD,冰箱,2500,4199,B,B企业,350200,2019,2,6
2019-06-17,成都市,B001,6,25194,MD冰箱,MD,冰箱,2500,4199,B,B企业,510100,2019,2,6
2019-06-17,厦门市,C002,7,29393,HE电视,HE,电视,2200,4199,C,C企业,350200,2019,2,6
2019-06-17,重庆市,C001,5,17995,HE冰箱,HE,冰箱,1800,3599,C,C企业,500000,2019,2,6
2019-06-17,厦门市,A001,7,32683,GL冰箱,GL,冰箱,2200,4669,A,A企业,350200,2019,2,6
2019-06-17,重庆市,B001,6,25194,MD冰箱,MD,冰箱,2500,4199,B,B企业,500000,2019,2,6
2019-06-17,苏州市,C002,4,16796,HE电视,HE,电视,2200,4199,C,C企业,320500,2019,2,6
2019-06-17,苏州市,B001,2,8398,MD冰箱,MD,冰箱,2500,4199,B,B企业,320500,2019,2,6
2019-06-17,成都市,C001,5,17995,HE冰箱,HE,冰箱,1800,3599,C,C企业,510100,2019,2,6
2019-06-17,深圳市,A001,3,14007,GL冰箱,GL,冰箱,2200,4669,A,A企业,440300,2019,2,6
2019-06-17,成都市,C002,9,37791,HE电视,HE,电视,2200,4199,C,C企业,510100,2019,2,6
2019-06-17,重庆市,A001,9,42021,GL冰箱,GL,冰箱,2200,4669,A,A企业,500000,2019,2,6
2019-06-17,深圳市,B001,6,25194,MD冰箱,MD,冰箱,2500,4199,B,B企业,440300,2019,2,6
2019-06-17,金华市,A003,5,23345,GL洗衣机,GL,洗衣机,3200,4669,A,A企业,330700,2019,2,6
2019-06-17,上海市,A003,5,23345,GL洗衣机,GL,洗衣机,3200,4669,A,A企业,310000,2019,2,6
2019-06-17,金华市,A001,6,28014,GL冰箱,GL,冰箱,2200,4669,A,A企业,330700,2019,2,6
2019-06-17,上海市,C002,4,16796,HE电视,HE,电视,2200,4199,C,C企业,310000,2019,2,6
2019-06-17,厦门市,B002,3,10797,MD电视,MD,电视,2000,4299,B,B企业,350200,2019,2,6
2019-06-17,上海市,A002,6,19794,GL电视,GL,电视,1500,3299,A,A企业,310000,2019,2,6
2019-06-17,重庆市,C003,7,32683,HE洗衣机,HE,洗衣机,2600,4699,C,C企业,500000,2019,2,6
2019-06-17,深圳市,C001,9,32391,HE冰箱,HE,冰箱,1800,3599,C,C企业,440300,2019,2,6
2019-06-17,金华市,A002,3,9897,GL电视,GL,电视,1500,3299,A,A企业,330700,2019,2,6
2019-06-17,厦门市,C001,5,17995,HE冰箱,HE,冰箱,1800,3599,C,C企业,350200,2019,2,6
2019-06-17,厦门市,A003,8,37352,GL洗衣机,GL,洗衣机,3200,4669,A,A企业,350200,2019,2,6
2019-06-17,成都市,A001,4,18676,GL冰箱,GL,冰箱,2200,4669,A,A企业,510100,2019,2,6
2019-06-17,深圳市,A003,4,18676,GL洗衣机,GL,洗衣机,3200,4669,A,A企业,440300,2019,2,6
2019-06-17,苏州市,C001,3,10797,HE冰箱,HE,冰箱,1800,3599,C,C企业,320500,2019,2,6
2019-06-17,金华市,C001,5,17995,HE冰箱,HE,冰箱,1800,3599,C,C企业,330700,2019,2,6
2019-06-18,厦门市,B001,2,8398,MD冰箱,MD,冰箱,2500,4199,B,B企业,350200,2019,2,6
2019-06-18,金华市,B001,5,20995,MD冰箱,MD,冰箱,2500,4199,B,B企业,330700,2019,2,6
2019-06-18,成都市,B002,7,25193,MD电视,MD,电视,2000,4299,B,B企业,510100,2019,2,6
2019-06-18,重庆市,B001,5,20995,MD冰箱,MD,冰箱,2500,4199,B,B企业,500000,2019,2,6
2019-06-18,苏州市,B002,6,21594,MD电视,MD,电视,2000,4299,B,B企业,320500,2019,2,6
2019-06-18,金华市,A001,5,23345,GL冰箱,GL,冰箱,2200,4669,A,A企业,330700,2019,2,6
2019-06-18,厦门市,A001,8,37352,GL冰箱,GL,冰箱,2200,4669,A,A企业,350200,2019,2,6
2019-06-18,苏州市,C003,4,18676,HE洗衣机,HE,洗衣机,2600,4699,C,C企业,320500,2019,2,6
2019-06-18,深圳市,B001,4,16796,MD冰箱,MD,冰箱,2500,4199,B,B企业,440300,2019,2,6
2019-06-18,上海市,A001,2,9338,GL冰箱,GL,冰箱,2200,4669,A,A企业,310000,2019,2,6
2019-06-18,重庆市,A002,8,26392,GL电视,GL,电视,1500,3299,A,A企业,500000,2019,2,6
2019-06-18,上海市,A002,3,9897,GL电视,GL,电视,1500,3299,A,A企业,310000,2019,2,6
2019-06-18,苏州市,A001,5,23345,GL冰箱,GL,冰箱,2200,4669,A,A企业,320500,2019,2,6
2019-06-18,重庆市,A001,6,28014,GL冰箱,GL,冰箱,2200,4669,A,A企业,500000,2019,2,6
2019-06-18,上海市,B001,2,8398,MD冰箱,MD,冰箱,2500,4199,B,B企业,310000,2019,2,6
2019-06-18,成都市,A003,9,42021,GL洗衣机,GL,洗衣机,3200,4669,A,A企业,510100,2019,2,6
2019-06-18,金华市,A003,4,18676,GL洗衣机,GL,洗衣机,3200,4669,A,A企业,330700,2019,2,6
2019-06-18,上海市,A003,8,37352,GL洗衣机,GL,洗衣机,3200,4669,A,A企业,310000,2019,2,6
2019-06-18,深圳市,B003,4,22796,MD洗衣机,MD,洗衣机,3100,5699,B,B企业,440300,2019,2,6
2019-06-18,重庆市,B003,5,28495,MD洗衣机,MD,洗衣机,3100,5699,B,B企业,500000,2019,2,6
2019-06-18,苏州市,C001,3,10797,HE冰箱,HE,冰箱,1800,3599,C,C企业,320500,2019,2,6
2019-06-18,上海市,B002,4,14396,MD电视,MD,电视,2000,4299,B,B企业,310000,2019,2,6
2019-06-18,厦门市,A002,5,16495,GL电视,GL,电视,1500,3299,A,A企业,350200,2019,2,6
2019-06-18,重庆市,A003,3,14007,GL洗衣机,GL,洗衣机,3200,4669,A,A企业,500000,2019,2,6
2019-06-18,厦门市,B002,9,32391,MD电视,MD,电视,2000,4299,B,B企业,350200,2019,2,6
2019-06-18,上海市,B003,6,34194,MD洗衣机,MD,洗衣机,3100,5699,B,B企业,310000,2019,2,6
2019-06-18,成都市,A001,4,18676,GL冰箱,GL,冰箱,2200,4669,A,A企业,510100,2019,2,6
2019-06-18,深圳市,A001,7,32683,GL冰箱,GL,冰箱,2200,4669,A,A企业,440300,2019,2,6
2019-06-18,成都市,C001,7,25193,HE冰箱,HE,冰箱,1800,3599,C,C企业,510100,2019,2,6
2019-06-18,金华市,C003,8,37352,HE洗衣机,HE,洗衣机,2600,4699,C,C企业,330700,2019,2,6
2019-06-18,上海市,C001,3,10797,HE冰箱,HE,冰箱,1800,3599,C,C企业,310000,2019,2,6
2019-06-18,长沙市,B001,5,20995,MD冰箱,MD,冰箱,2500,4199,B,B企业,430100,2019,2,6
2019-06-18,金华市,C001,3,10797,HE冰箱,HE,冰箱,1800,3599,C,C企业,330700,2019,2,6
2019-06-19,深圳市,A003,2,9338,GL洗衣机,GL,洗衣机,3200,4669,A,A企业,440300,2019,2,6
2019-06-19,金华市,A001,5,23345,GL冰箱,GL,冰箱,2200,4669,A,A企业,330700,2019,2,6
2019-06-19,金华市,B001,6,25194,MD冰箱,MD,冰箱,2500,4199,B,B企业,330700,2019,2,6
2019-06-19,厦门市,A001,6,28014,GL冰箱,GL,冰箱,2200,4669,A,A企业,350200,2019,2,6
2019-06-19,深圳市,A001,2,9338,GL冰箱,GL,冰箱,2200,4669,A,A企业,440300,2019,2,6
2019-06-19,重庆市,B001,4,16796,MD冰箱,MD,冰箱,2500,4199,B,B企业,500000,2019,2,6
2019-06-19,深圳市,B002,4,14396,MD电视,MD,电视,2000,4299,B,B企业,440300,2019,2,6
2019-06-19,厦门市,B002,6,21594,MD电视,MD,电视,2000,4299,B,B企业,350200,2019,2,6
2019-06-19,金华市,B002,6,21594,MD电视,MD,电视,2000,4299,B,B企业,330700,2019,2,6
2019-06-19,厦门市,B001,6,25194,MD冰箱,MD,冰箱,2500,4199,B,B企业,350200,2019,2,6
2019-06-19,苏州市,B001,5,20995,MD冰箱,MD,冰箱,2500,4199,B,B企业,320500,2019,2,6
2019-06-19,深圳市,B001,6,25194,MD冰箱,MD,冰箱,2500,4199,B,B企业,440300,2019,2,6
2019-06-19,金华市,C001,5,17995,HE冰箱,HE,冰箱,1800,3599,C,C企业,330700,2019,2,6
2019-06-19,深圳市,C001,5,17995,HE冰箱,HE,冰箱,1800,3599,C,C企业,440300,2019,2,6
2019-06-19,苏州市,B002,6,21594,MD电视,MD,电视,2000,4299,B,B企业,320500,2019,2,6
2019-06-19,上海市,B001,2,8398,MD冰箱,MD,冰箱,2500,4199,B,B企业,310000,2019,2,6
2019-06-19,重庆市,A001,5,23345,GL冰箱,GL,冰箱,2200,4669,A,A企业,500000,2019,2,6
2019-06-19,重庆市,B002,8,28792,MD电视,MD,电视,2000,4299,B,B企业,500000,2019,2,6
2019-06-19,长沙市,B001,4,16796,MD冰箱,MD,冰箱,2500,4199,B,B企业,430100,2019,2,6
2019-06-19,苏州市,A001,5,23345,GL冰箱,GL,冰箱,2200,4669,A,A企业,320500,2019,2,6
2019-06-19,上海市,B002,2,7198,MD电视,MD,电视,2000,4299,B,B企业,310000,2019,2,6
2019-06-19,长沙市,C001,5,17995,HE冰箱,HE,冰箱,1800,3599,C,C企业,430100,2019,2,6
2019-06-19,上海市,A001,8,37352,GL冰箱,GL,冰箱,2200,4669,A,A企业,310000,2019,2,6
2019-06-19,成都市,B001,4,16796,MD冰箱,MD,冰箱,2500,4199,B,B企业,510100,2019,2,6
2019-06-19,厦门市,C001,2,7198,HE冰箱,HE,冰箱,1800,3599,C,C企业,350200,2019,2,6
2019-06-19,长沙市,A003,5,23345,GL洗衣机,GL,洗衣机,3200,4669,A,A企业,430100,2019,2,6
2019-06-19,深圳市,C003,4,18676,HE洗衣机,HE,洗衣机,2600,4699,C,C企业,440300,2019,2,6
2019-06-19,长沙市,B002,5,17995,MD电视,MD,电视,2000,4299,B,B企业,430100,2019,2,6
2019-06-19,重庆市,C001,3,10797,HE冰箱,HE,冰箱,1800,3599,C,C企业,500000,2019,2,6
2019-06-20,厦门市,A001,5,23345,GL冰箱,GL,冰箱,2200,4669,A,A企业,350200,2019,2,6
2019-06-20,厦门市,B001,2,8398,MD冰箱,MD,冰箱,2500,4199,B,B企业,350200,2019,2,6
2019-06-20,重庆市,A001,5,23345,GL冰箱,GL,冰箱,2200,4669,A,A企业,500000,2019,2,6
2019-06-20,厦门市,B002,6,21594,MD电视,MD,电视,2000,4299,B,B企业,350200,2019,2,6
2019-06-20,成都市,B002,6,21594,MD电视,MD,电视,2000,4299,B,B企业,510100,2019,2,6
2019-06-20,金华市,B001,5,20995,MD冰箱,MD,冰箱,2500,4199,B,B企业,330700,2019,2,6
2019-06-20,上海市,A001,3,14007,GL冰箱,GL,冰箱,2200,4669,A,A企业,310000,2019,2,6
2019-06-20,上海市,B002,5,17995,MD电视,MD,电视,2000,4299,B,B企业,310000,2019,2,6
2019-06-20,深圳市,B001,3,12597,MD冰箱,MD,冰箱,2500,4199,B,B企业,440300,2019,2,6
2019-06-20,上海市,C001,2,7198,HE冰箱,HE,冰箱,1800,3599,C,C企业,310000,2019,2,6
2019-06-20,金华市,C003,5,23345,HE洗衣机,HE,洗衣机,2600,4699,C,C企业,330700,2019,2,6
2019-06-20,苏州市,C001,6,21594,HE冰箱,HE,冰箱,1800,3599,C,C企业,320500,2019,2,6
2019-06-20,长沙市,A001,7,32683,GL冰箱,GL,冰箱,2200,4669,A,A企业,430100,2019,2,6
2019-06-20,重庆市,C001,6,21594,HE冰箱,HE,冰箱,1800,3599,C,C企业,500000,2019,2,6
2019-06-20,上海市,B001,6,25194,MD冰箱,MD,冰箱,2500,4199,B,B企业,310000,2019,2,6
2019-06-20,长沙市,B002,2,7198,MD电视,MD,电视,2000,4299,B,B企业,430100,2019,2,6
2019-06-20,成都市,B001,4,16796,MD冰箱,MD,冰箱,2500,4199,B,B企业,510100,2019,2,6
2019-06-20,长沙市,A003,3,14007,GL洗衣机,GL,洗衣机,3200,4669,A,A企业,430100,2019,2,6
2019-06-20,成都市,A001,4,18676,GL冰箱,GL,冰箱,2200,4669,A,A企业,510100,2019,2,6
2019-06-20,长沙市,B001,4,16796,MD冰箱,MD,冰箱,2500,4199,B,B企业,430100,2019,2,6
2019-06-20,金华市,A002,3,9897,GL电视,GL,电视,1500,3299,A,A企业,330700,2019,2,6
2019-06-20,成都市,C001,9,32391,HE冰箱,HE,冰箱,1800,3599,C,C企业,510100,2019,2,6
2019-06-20,金华市,B003,5,28495,MD洗衣机,MD,洗衣机,3100,5699,B,B企业,330700,2019,2,6
2019-06-20,重庆市,B003,3,17097,MD洗衣机,MD,洗衣机,3100,5699,B,B企业,500000,2019,2,6
2019-06-20,苏州市,A001,2,9338,GL冰箱,GL,冰箱,2200,4669,A,A企业,320500,2019,2,6
2019-06-20,深圳市,A003,7,32683,GL洗衣机,GL,洗衣机,3200,4669,A,A企业,440300,2019,2,6
2019-06-20,上海市,A002,5,16495,GL电视,GL,电视,1500,3299,A,A企业,310000,2019,2,6
2019-06-20,厦门市,A002,2,6598,GL电视,GL,电视,1500,3299,A,A企业,350200,2019,2,6
2019-06-20,重庆市,A003,7,32683,GL洗衣机,GL,洗衣机,3200,4669,A,A企业,500000,2019,2,6
2019-06-20,金华市,A003,4,18676,GL洗衣机,GL,洗衣机,3200,4669,A,A企业,330700,2019,2,6
2019-06-20,重庆市,A002,5,16495,GL电视,GL,电视,1500,3299,A,A企业,500000,2019,2,6
2019-06-20,重庆市,B001,4,16796,MD冰箱,MD,冰箱,2500,4199,B,B企业,500000,2019,2,6
2019-06-20,苏州市,A002,5,16495,GL电视,GL,电视,1500,3299,A,A企业,320500,2019,2,6
2019-06-20,深圳市,C001,5,17995,HE冰箱,HE,冰箱,1800,3599,C,C企业,440300,2019,2,6
2019-06-20,金华市,A001,7,32683,GL冰箱,GL,冰箱,2200,4669,A,A企业,330700,2019,2,6
2019-06-20,深圳市,B002,3,10797,MD电视,MD,电视,2000,4299,B,B企业,440300,2019,2,6
2019-06-20,厦门市,C003,3,14007,HE洗衣机,HE,洗衣机,2600,4699,C,C企业,350200,2019,2,6
2019-06-20,厦门市,C001,6,21594,HE冰箱,HE,冰箱,1800,3599,C,C企业,350200,2019,2,6
2019-06-21,厦门市,B002,6,21594,MD电视,MD,电视,2000,4299,B,B企业,350200,2019,2,6
2019-06-21,厦门市,C002,7,29393,HE电视,HE,电视,2200,4199,C,C企业,350200,2019,2,6
2019-06-21,苏州市,A001,7,32683,GL冰箱,GL,冰箱,2200,4669,A,A企业,320500,2019,2,6
2019-06-21,深圳市,B001,6,25194,MD冰箱,MD,冰箱,2500,4199,B,B企业,440300,2019,2,6
2019-06-21,金华市,C002,4,16796,HE电视,HE,电视,2200,4199,C,C企业,330700,2019,2,6
2019-06-21,重庆市,C001,8,28792,HE冰箱,HE,冰箱,1800,3599,C,C企业,500000,2019,2,6
2019-06-21,重庆市,A001,4,18676,GL冰箱,GL,冰箱,2200,4669,A,A企业,500000,2019,2,6
2019-06-21,重庆市,C002,5,20995,HE电视,HE,电视,2200,4199,C,C企业,500000,2019,2,6
2019-06-21,厦门市,B001,4,16796,MD冰箱,MD,冰箱,2500,4199,B,B企业,350200,2019,2,6
2019-06-21,金华市,B002,7,25193,MD电视,MD,电视,2000,4299,B,B企业,330700,2019,2,6
2019-06-21,深圳市,A001,4,18676,GL冰箱,GL,冰箱,2200,4669,A,A企业,440300,2019,2,6
2019-06-21,深圳市,B002,6,21594,MD电视,MD,电视,2000,4299,B,B企业,440300,2019,2,6
2019-06-21,重庆市,B001,6,25194,MD冰箱,MD,冰箱,2500,4199,B,B企业,500000,2019,2,6
2019-06-21,金华市,B001,5,20995,MD冰箱,MD,冰箱,2500,4199,B,B企业,330700,2019,2,6
2019-06-21,金华市,A001,3,14007,GL冰箱,GL,冰箱,2200,4669,A,A企业,330700,2019,2,6
2019-06-21,重庆市,B002,3,10797,MD电视,MD,电视,2000,4299,B,B企业,500000,2019,2,6
2019-06-21,苏州市,B001,9,37791,MD冰箱,MD,冰箱,2500,4199,B,B企业,320500,2019,2,6
2019-06-21,厦门市,C001,3,10797,HE冰箱,HE,冰箱,1800,3599,C,C企业,350200,2019,2,6
2019-06-21,上海市,C002,3,12597,HE电视,HE,电视,2200,4199,C,C企业,310000,2019,2,6
2019-06-21,上海市,C001,3,10797,HE冰箱,HE,冰箱,1800,3599,C,C企业,310000,2019,2,6
2019-06-21,上海市,A003,4,18676,GL洗衣机,GL,洗衣机,3200,4669,A,A企业,310000,2019,2,6
2019-06-21,成都市,A003,8,37352,GL洗衣机,GL,洗衣机,3200,4669,A,A企业,510100,2019,2,6
2019-06-21,上海市,A001,3,14007,GL冰箱,GL,冰箱,2200,4669,A,A企业,310000,2019,2,6
2019-06-21,成都市,A001,3,14007,GL冰箱,GL,冰箱,2200,4669,A,A企业,510100,2019,2,6
2019-06-21,上海市,B001,3,12597,MD冰箱,MD,冰箱,2500,4199,B,B企业,310000,2019,2,6
2019-06-22,重庆市,B002,7,25193,MD电视,MD,电视,2000,4299,B,B企业,500000,2019,2,6
2019-06-22,重庆市,A002,3,9897,GL电视,GL,电视,1500,3299,A,A企业,500000,2019,2,6
2019-06-22,苏州市,A002,2,6598,GL电视,GL,电视,1500,3299,A,A企业,320500,2019,2,6
2019-06-22,金华市,A001,4,18676,GL冰箱,GL,冰箱,2200,4669,A,A企业,330700,2019,2,6
2019-06-22,上海市,A002,6,19794,GL电视,GL,电视,1500,3299,A,A企业,310000,2019,2,6
2019-06-22,重庆市,A001,3,14007,GL冰箱,GL,冰箱,2200,4669,A,A企业,500000,2019,2,6
2019-06-22,上海市,B001,9,37791,MD冰箱,MD,冰箱,2500,4199,B,B企业,310000,2019,2,6
2019-06-22,成都市,B001,4,16796,MD冰箱,MD,冰箱,2500,4199,B,B企业,510100,2019,2,6
2019-06-22,厦门市,B002,6,21594,MD电视,MD,电视,2000,4299,B,B企业,350200,2019,2,6
2019-06-22,厦门市,A001,4,18676,GL冰箱,GL,冰箱,2200,4669,A,A企业,350200,2019,2,6
2019-06-22,金华市,A002,6,19794,GL电视,GL,电视,1500,3299,A,A企业,330700,2019,2,6
2019-06-22,厦门市,B001,7,29393,MD冰箱,MD,冰箱,2500,4199,B,B企业,350200,2019,2,6
2019-06-22,深圳市,A002,2,6598,GL电视,GL,电视,1500,3299,A,A企业,440300,2019,2,6
2019-06-22,深圳市,B001,3,12597,MD冰箱,MD,冰箱,2500,4199,B,B企业,440300,2019,2,6
2019-06-22,厦门市,C001,4,14396,HE冰箱,HE,冰箱,1800,3599,C,C企业,350200,2019,2,6
2019-06-22,成都市,B002,5,17995,MD电视,MD,电视,2000,4299,B,B企业,510100,2019,2,6
2019-06-22,金华市,B001,3,12597,MD冰箱,MD,冰箱,2500,4199,B,B企业,330700,2019,2,6
2019-06-22,深圳市,B002,5,17995,MD电视,MD,电视,2000,4299,B,B企业,440300,2019,2,6
2019-06-22,金华市,B002,7,25193,MD电视,MD,电视,2000,4299,B,B企业,330700,2019,2,6
2019-06-22,重庆市,B001,4,16796,MD冰箱,MD,冰箱,2500,4199,B,B企业,500000,2019,2,6
2019-06-22,上海市,B002,6,21594,MD电视,MD,电视,2000,4299,B,B企业,310000,2019,2,6
2019-06-22,上海市,A001,6,28014,GL冰箱,GL,冰箱,2200,4669,A,A企业,310000,2019,2,6
2019-06-22,成都市,A001,2,9338,GL冰箱,GL,冰箱,2200,4669,A,A企业,510100,2019,2,6
2019-06-22,上海市,C001,8,28792,HE冰箱,HE,冰箱,1800,3599,C,C企业,310000,2019,2,6
2019-06-22,深圳市,A001,8,37352,GL冰箱,GL,冰箱,2200,4669,A,A企业,440300,2019,2,6
2019-06-22,厦门市,A003,7,32683,GL洗衣机,GL,洗衣机,3200,4669,A,A企业,350200,2019,2,6
2019-06-22,苏州市,B001,4,16796,MD冰箱,MD,冰箱,2500,4199,B,B企业,320500,2019,2,6
2019-06-22,成都市,A003,6,28014,GL洗衣机,GL,洗衣机,3200,4669,A,A企业,510100,2019,2,6
2019-06-22,深圳市,A003,7,32683,GL洗衣机,GL,洗衣机,3200,4669,A,A企业,440300,2019,2,6
2019-06-22,深圳市,B003,6,34194,MD洗衣机,MD,洗衣机,3100,5699,B,B企业,440300,2019,2,6
2019-06-22,重庆市,B003,6,34194,MD洗衣机,MD,洗衣机,3100,5699,B,B企业,500000,2019,2,6
2019-06-22,金华市,B003,5,28495,MD洗衣机,MD,洗衣机,3100,5699,B,B企业,330700,2019,2,6
2019-06-23,上海市,B003,6,34194,MD洗衣机,MD,洗衣机,3100,5699,B,B企业,310000,2019,2,6
2019-06-23,苏州市,A001,6,28014,GL冰箱,GL,冰箱,2200,4669,A,A企业,320500,2019,2,6
2019-06-23,厦门市,B003,6,34194,MD洗衣机,MD,洗衣机,3100,5699,B,B企业,350200,2019,2,6
2019-06-23,重庆市,B001,6,25194,MD冰箱,MD,冰箱,2500,4199,B,B企业,500000,2019,2,6
2019-06-23,重庆市,A001,5,23345,GL冰箱,GL,冰箱,2200,4669,A,A企业,500000,2019,2,6
2019-06-23,上海市,A003,9,42021,GL洗衣机,GL,洗衣机,3200,4669,A,A企业,310000,2019,2,6
2019-06-23,苏州市,B001,4,16796,MD冰箱,MD,冰箱,2500,4199,B,B企业,320500,2019,2,6
2019-06-23,金华市,A001,5,23345,GL冰箱,GL,冰箱,2200,4669,A,A企业,330700,2019,2,6
2019-06-23,长沙市,A003,3,14007,GL洗衣机,GL,洗衣机,3200,4669,A,A企业,430100,2019,2,6
2019-06-23,深圳市,B002,2,7198,MD电视,MD,电视,2000,4299,B,B企业,440300,2019,2,6
2019-06-23,长沙市,B001,3,12597,MD冰箱,MD,冰箱,2500,4199,B,B企业,430100,2019,2,6
2019-06-23,金华市,B002,7,25193,MD电视,MD,电视,2000,4299,B,B企业,330700,2019,2,6
2019-06-23,金华市,B001,5,20995,MD冰箱,MD,冰箱,2500,4199,B,B企业,330700,2019,2,6
2019-06-23,厦门市,B001,6,25194,MD冰箱,MD,冰箱,2500,4199,B,B企业,350200,2019,2,6
2019-06-23,金华市,C001,9,32391,HE冰箱,HE,冰箱,1800,3599,C,C企业,330700,2019,2,6
2019-06-23,厦门市,A002,6,19794,GL电视,GL,电视,1500,3299,A,A企业,350200,2019,2,6
2019-06-23,重庆市,C001,6,21594,HE冰箱,HE,冰箱,1800,3599,C,C企业,500000,2019,2,6
2019-06-23,深圳市,A002,3,9897,GL电视,GL,电视,1500,3299,A,A企业,440300,2019,2,6
2019-06-23,金华市,A002,5,16495,GL电视,GL,电视,1500,3299,A,A企业,330700,2019,2,6
2019-06-23,厦门市,A001,9,42021,GL冰箱,GL,冰箱,2200,4669,A,A企业,350200,2019,2,6
2019-06-23,厦门市,B002,5,17995,MD电视,MD,电视,2000,4299,B,B企业,350200,2019,2,6
2019-06-23,厦门市,C001,5,17995,HE冰箱,HE,冰箱,1800,3599,C,C企业,350200,2019,2,6
2019-06-23,成都市,A001,5,23345,GL冰箱,GL,冰箱,2200,4669,A,A企业,510100,2019,2,6
2019-06-23,上海市,C001,6,21594,HE冰箱,HE,冰箱,1800,3599,C,C企业,310000,2019,2,6
2019-06-23,上海市,B002,7,25193,MD电视,MD,电视,2000,4299,B,B企业,310000,2019,2,6
2019-06-23,上海市,B001,5,20995,MD冰箱,MD,冰箱,2500,4199,B,B企业,310000,2019,2,6
2019-06-23,成都市,B001,4,16796,MD冰箱,MD,冰箱,2500,4199,B,B企业,510100,2019,2,6
2019-06-23,重庆市,B002,6,21594,MD电视,MD,电视,2000,4299,B,B企业,500000,2019,2,6
2019-06-23,深圳市,B001,6,25194,MD冰箱,MD,冰箱,2500,4199,B,B企业,440300,2019,2,6
2019-06-23,上海市,A001,6,28014,GL冰箱,GL,冰箱,2200,4669,A,A企业,310000,2019,2,6
2019-06-23,成都市,A003,3,14007,GL洗衣机,GL,洗衣机,3200,4669,A,A企业,510100,2019,2,6
2019-06-23,长沙市,A001,7,32683,GL冰箱,GL,冰箱,2200,4669,A,A企业,430100,2019,2,6
2019-06-24,成都市,A001,4,18676,GL冰箱,GL,冰箱,2200,4669,A,A企业,510100,2019,2,6
2019-06-24,上海市,B001,2,8398,MD冰箱,MD,冰箱,2500,4199,B,B企业,310000,2019,2,6
2019-06-24,厦门市,A001,3,14007,GL冰箱,GL,冰箱,2200,4669,A,A企业,350200,2019,2,6
2019-06-24,上海市,A001,7,32683,GL冰箱,GL,冰箱,2200,4669,A,A企业,310000,2019,2,6
2019-06-24,重庆市,B002,5,17995,MD电视,MD,电视,2000,4299,B,B企业,500000,2019,2,6
2019-06-24,重庆市,A001,6,28014,GL冰箱,GL,冰箱,2200,4669,A,A企业,500000,2019,2,6
2019-06-24,重庆市,B001,4,16796,MD冰箱,MD,冰箱,2500,4199,B,B企业,500000,2019,2,6
2019-06-24,上海市,A002,5,16495,GL电视,GL,电视,1500,3299,A,A企业,310000,2019,2,6
2019-06-24,上海市,B002,3,10797,MD电视,MD,电视,2000,4299,B,B企业,310000,2019,2,6
2019-06-24,成都市,B002,5,17995,MD电视,MD,电视,2000,4299,B,B企业,510100,2019,2,6
2019-06-24,长沙市,A003,4,18676,GL洗衣机,GL,洗衣机,3200,4669,A,A企业,430100,2019,2,6
2019-06-24,长沙市,A001,4,18676,GL冰箱,GL,冰箱,2200,4669,A,A企业,430100,2019,2,6
2019-06-24,金华市,A003,4,18676,GL洗衣机,GL,洗衣机,3200,4669,A,A企业,330700,2019,2,6
2019-06-24,深圳市,A001,6,28014,GL冰箱,GL,冰箱,2200,4669,A,A企业,440300,2019,2,6
2019-06-24,成都市,B001,4,16796,MD冰箱,MD,冰箱,2500,4199,B,B企业,510100,2019,2,6
2019-06-24,厦门市,C001,7,25193,HE冰箱,HE,冰箱,1800,3599,C,C企业,350200,2019,2,6
2019-06-24,成都市,A003,2,9338,GL洗衣机,GL,洗衣机,3200,4669,A,A企业,510100,2019,2,6
2019-06-24,厦门市,B002,6,21594,MD电视,MD,电视,2000,4299,B,B企业,350200,2019,2,6
2019-06-24,长沙市,B001,2,8398,MD冰箱,MD,冰箱,2500,4199,B,B企业,430100,2019,2,6
2019-06-24,重庆市,A003,3,14007,GL洗衣机,GL,洗衣机,3200,4669,A,A企业,500000,2019,2,6
2019-06-24,深圳市,A003,3,14007,GL洗衣机,GL,洗衣机,3200,4669,A,A企业,440300,2019,2,6
2019-06-24,长沙市,C001,4,14396,HE冰箱,HE,冰箱,1800,3599,C,C企业,430100,2019,2,6
2019-06-24,重庆市,C001,7,25193,HE冰箱,HE,冰箱,1800,3599,C,C企业,500000,2019,2,6
2019-06-24,厦门市,B003,5,28495,MD洗衣机,MD,洗衣机,3100,5699,B,B企业,350200,2019,2,6
2019-06-24,深圳市,B001,9,37791,MD冰箱,MD,冰箱,2500,4199,B,B企业,440300,2019,2,6
2019-06-24,苏州市,B001,7,29393,MD冰箱,MD,冰箱,2500,4199,B,B企业,320500,2019,2,6
2019-06-24,深圳市,B002,4,14396,MD电视,MD,电视,2000,4299,B,B企业,440300,2019,2,6
2019-06-24,金华市,C001,4,14396,HE冰箱,HE,冰箱,1800,3599,C,C企业,330700,2019,2,6
2019-06-24,金华市,B002,5,17995,MD电视,MD,电视,2000,4299,B,B企业,330700,2019,2,6
2019-06-24,金华市,A001,5,23345,GL冰箱,GL,冰箱,2200,4669,A,A企业,330700,2019,2,6
2019-06-24,金华市,B001,3,12597,MD冰箱,MD,冰箱,2500,4199,B,B企业,330700,2019,2,6
2019-06-24,厦门市,B001,2,8398,MD冰箱,MD,冰箱,2500,4199,B,B企业,350200,2019,2,6
2019-06-24,深圳市,A002,6,19794,GL电视,GL,电视,1500,3299,A,A企业,440300,2019,2,6
2019-06-24,厦门市,A002,5,16495,GL电视,GL,电视,1500,3299,A,A企业,350200,2019,2,6
2019-06-25,深圳市,A001,2,9338,GL冰箱,GL,冰箱,2200,4669,A,A企业,440300,2019,2,6
2019-06-25,成都市,C003,5,23345,HE洗衣机,HE,洗衣机,2600,4699,C,C企业,510100,2019,2,6
2019-06-25,成都市,B001,6,25194,MD冰箱,MD,冰箱,2500,4199,B,B企业,510100,2019,2,6
2019-06-25,金华市,B001,3,12597,MD冰箱,MD,冰箱,2500,4199,B,B企业,330700,2019,2,6
2019-06-25,上海市,A003,4,18676,GL洗衣机,GL,洗衣机,3200,4669,A,A企业,310000,2019,2,6
2019-06-25,金华市,A001,3,14007,GL冰箱,GL,冰箱,2200,4669,A,A企业,330700,2019,2,6
2019-06-25,金华市,B002,2,7198,MD电视,MD,电视,2000,4299,B,B企业,330700,2019,2,6
2019-06-25,重庆市,B001,5,20995,MD冰箱,MD,冰箱,2500,4199,B,B企业,500000,2019,2,6
2019-06-25,厦门市,A001,5,23345,GL冰箱,GL,冰箱,2200,4669,A,A企业,350200,2019,2,6
2019-06-25,深圳市,A002,4,13196,GL电视,GL,电视,1500,3299,A,A企业,440300,2019,2,6
2019-06-25,成都市,C001,4,14396,HE冰箱,HE,冰箱,1800,3599,C,C企业,510100,2019,2,6
2019-06-25,厦门市,B001,4,16796,MD冰箱,MD,冰箱,2500,4199,B,B企业,350200,2019,2,6
2019-06-25,深圳市,B001,5,20995,MD冰箱,MD,冰箱,2500,4199,B,B企业,440300,2019,2,6
2019-06-25,厦门市,B002,4,14396,MD电视,MD,电视,2000,4299,B,B企业,350200,2019,2,6
2019-06-25,重庆市,A003,7,32683,GL洗衣机,GL,洗衣机,3200,4669,A,A企业,500000,2019,2,6
2019-06-25,上海市,B002,2,7198,MD电视,MD,电视,2000,4299,B,B企业,310000,2019,2,6
2019-06-25,上海市,B001,4,16796,MD冰箱,MD,冰箱,2500,4199,B,B企业,310000,2019,2,6
2019-06-25,重庆市,B003,4,22796,MD洗衣机,MD,洗衣机,3100,5699,B,B企业,500000,2019,2,6
2019-06-25,上海市,B003,2,11398,MD洗衣机,MD,洗衣机,3100,5699,B,B企业,310000,2019,2,6
2019-06-25,金华市,B003,7,39893,MD洗衣机,MD,洗衣机,3100,5699,B,B企业,330700,2019,2,6
2019-06-25,重庆市,C001,5,17995,HE冰箱,HE,冰箱,1800,3599,C,C企业,500000,2019,2,6
2019-06-25,上海市,A002,4,13196,GL电视,GL,电视,1500,3299,A,A企业,310000,2019,2,6
2019-06-25,重庆市,A001,7,32683,GL冰箱,GL,冰箱,2200,4669,A,A企业,500000,2019,2,6
2019-06-25,苏州市,B001,4,16796,MD冰箱,MD,冰箱,2500,4199,B,B企业,320500,2019,2,6
2019-06-25,上海市,C001,4,14396,HE冰箱,HE,冰箱,1800,3599,C,C企业,310000,2019,2,6
2019-06-25,深圳市,C001,6,21594,HE冰箱,HE,冰箱,1800,3599,C,C企业,440300,2019,2,6
2019-06-25,金华市,C001,5,17995,HE冰箱,HE,冰箱,1800,3599,C,C企业,330700,2019,2,6
2019-06-26,深圳市,C001,7,25193,HE冰箱,HE,冰箱,1800,3599,C,C企业,440300,2019,2,6
2019-06-26,厦门市,B002,3,10797,MD电视,MD,电视,2000,4299,B,B企业,350200,2019,2,6
2019-06-26,金华市,A003,3,14007,GL洗衣机,GL,洗衣机,3200,4669,A,A企业,330700,2019,2,6
2019-06-26,金华市,A001,8,37352,GL冰箱,GL,冰箱,2200,4669,A,A企业,330700,2019,2,6
2019-06-26,苏州市,B002,6,21594,MD电视,MD,电视,2000,4299,B,B企业,320500,2019,2,6
2019-06-26,厦门市,A001,2,9338,GL冰箱,GL,冰箱,2200,4669,A,A企业,350200,2019,2,6
2019-06-26,厦门市,A003,4,18676,GL洗衣机,GL,洗衣机,3200,4669,A,A企业,350200,2019,2,6
2019-06-26,深圳市,A001,6,28014,GL冰箱,GL,冰箱,2200,4669,A,A企业,440300,2019,2,6
2019-06-26,重庆市,A001,6,28014,GL冰箱,GL,冰箱,2200,4669,A,A企业,500000,2019,2,6
2019-06-26,深圳市,B002,7,25193,MD电视,MD,电视,2000,4299,B,B企业,440300,2019,2,6
2019-06-26,深圳市,A003,4,18676,GL洗衣机,GL,洗衣机,3200,4669,A,A企业,440300,2019,2,6
2019-06-26,厦门市,C001,3,10797,HE冰箱,HE,冰箱,1800,3599,C,C企业,350200,2019,2,6
2019-06-26,长沙市,A003,8,37352,GL洗衣机,GL,洗衣机,3200,4669,A,A企业,430100,2019,2,6
2019-06-26,金华市,B002,3,10797,MD电视,MD,电视,2000,4299,B,B企业,330700,2019,2,6
2019-06-26,厦门市,B003,7,39893,MD洗衣机,MD,洗衣机,3100,5699,B,B企业,350200,2019,2,6
2019-06-26,重庆市,C001,4,14396,HE冰箱,HE,冰箱,1800,3599,C,C企业,500000,2019,2,6
2019-06-26,成都市,A001,2,9338,GL冰箱,GL,冰箱,2200,4669,A,A企业,510100,2019,2,6
2019-06-26,重庆市,B001,5,20995,MD冰箱,MD,冰箱,2500,4199,B,B企业,500000,2019,2,6
2019-06-26,金华市,C001,3,10797,HE冰箱,HE,冰箱,1800,3599,C,C企业,330700,2019,2,6
2019-06-26,深圳市,C003,4,18676,HE洗衣机,HE,洗衣机,2600,4699,C,C企业,440300,2019,2,6
2019-06-26,重庆市,B002,5,17995,MD电视,MD,电视,2000,4299,B,B企业,500000,2019,2,6
2019-06-26,长沙市,B002,2,7198,MD电视,MD,电视,2000,4299,B,B企业,430100,2019,2,6
2019-06-26,上海市,A001,8,37352,GL冰箱,GL,冰箱,2200,4669,A,A企业,310000,2019,2,6
2019-06-26,成都市,B002,4,14396,MD电视,MD,电视,2000,4299,B,B企业,510100,2019,2,6
2019-06-26,苏州市,B001,2,8398,MD冰箱,MD,冰箱,2500,4199,B,B企业,320500,2019,2,6
2019-06-26,长沙市,C001,2,7198,HE冰箱,HE,冰箱,1800,3599,C,C企业,430100,2019,2,6
2019-06-26,苏州市,C001,3,10797,HE冰箱,HE,冰箱,1800,3599,C,C企业,320500,2019,2,6
2019-06-26,上海市,B002,4,14396,MD电视,MD,电视,2000,4299,B,B企业,310000,2019,2,6
2019-06-26,重庆市,A003,5,23345,GL洗衣机,GL,洗衣机,3200,4669,A,A企业,500000,2019,2,6
2019-06-26,长沙市,A001,6,28014,GL冰箱,GL,冰箱,2200,4669,A,A企业,430100,2019,2,6
2019-06-26,金华市,B001,5,20995,MD冰箱,MD,冰箱,2500,4199,B,B企业,330700,2019,2,6
2019-06-26,上海市,B001,3,12597,MD冰箱,MD,冰箱,2500,4199,B,B企业,310000,2019,2,6
2019-06-26,厦门市,B001,5,20995,MD冰箱,MD,冰箱,2500,4199,B,B企业,350200,2019,2,6
2019-06-26,成都市,A003,4,18676,GL洗衣机,GL,洗衣机,3200,4669,A,A企业,510100,2019,2,6
2019-06-26,深圳市,B001,4,16796,MD冰箱,MD,冰箱,2500,4199,B,B企业,440300,2019,2,6
2019-06-27,深圳市,B001,6,25194,MD冰箱,MD,冰箱,2500,4199,B,B企业,440300,2019,2,6
2019-06-27,金华市,B002,5,17995,MD电视,MD,电视,2000,4299,B,B企业,330700,2019,2,6
2019-06-27,重庆市,A001,8,37352,GL冰箱,GL,冰箱,2200,4669,A,A企业,500000,2019,2,6
2019-06-27,金华市,B001,2,8398,MD冰箱,MD,冰箱,2500,4199,B,B企业,330700,2019,2,6
2019-06-27,厦门市,A001,4,18676,GL冰箱,GL,冰箱,2200,4669,A,A企业,350200,2019,2,6
2019-06-27,厦门市,B001,6,25194,MD冰箱,MD,冰箱,2500,4199,B,B企业,350200,2019,2,6
2019-06-27,厦门市,B002,5,17995,MD电视,MD,电视,2000,4299,B,B企业,350200,2019,2,6
2019-06-27,厦门市,A002,6,19794,GL电视,GL,电视,1500,3299,A,A企业,350200,2019,2,6
2019-06-27,重庆市,B001,6,25194,MD冰箱,MD,冰箱,2500,4199,B,B企业,500000,2019,2,6
2019-06-27,厦门市,C001,2,7198,HE冰箱,HE,冰箱,1800,3599,C,C企业,350200,2019,2,6
2019-06-27,成都市,A001,5,23345,GL冰箱,GL,冰箱,2200,4669,A,A企业,510100,2019,2,6
2019-06-27,金华市,A001,8,37352,GL冰箱,GL,冰箱,2200,4669,A,A企业,330700,2019,2,6
2019-06-27,金华市,A002,4,13196,GL电视,GL,电视,1500,3299,A,A企业,330700,2019,2,6
2019-06-27,深圳市,C001,5,17995,HE冰箱,HE,冰箱,1800,3599,C,C企业,440300,2019,2,6
2019-06-27,厦门市,C002,6,25194,HE电视,HE,电视,2200,4199,C,C企业,350200,2019,2,6
2019-06-27,重庆市,A002,5,16495,GL电视,GL,电视,1500,3299,A,A企业,500000,2019,2,6
2019-06-27,金华市,C002,4,16796,HE电视,HE,电视,2200,4199,C,C企业,330700,2019,2,6
2019-06-27,深圳市,A001,4,18676,GL冰箱,GL,冰箱,2200,4669,A,A企业,440300,2019,2,6
2019-06-27,金华市,C001,9,32391,HE冰箱,HE,冰箱,1800,3599,C,C企业,330700,2019,2,6
2019-06-27,苏州市,B001,7,29393,MD冰箱,MD,冰箱,2500,4199,B,B企业,320500,2019,2,6
2019-06-27,金华市,B003,5,28495,MD洗衣机,MD,洗衣机,3100,5699,B,B企业,330700,2019,2,6
2019-06-27,深圳市,B003,7,39893,MD洗衣机,MD,洗衣机,3100,5699,B,B企业,440300,2019,2,6
2019-06-27,重庆市,B003,5,28495,MD洗衣机,MD,洗衣机,3100,5699,B,B企业,500000,2019,2,6
2019-06-27,上海市,B003,6,34194,MD洗衣机,MD,洗衣机,3100,5699,B,B企业,310000,2019,2,6
2019-06-27,上海市,A001,4,18676,GL冰箱,GL,冰箱,2200,4669,A,A企业,310000,2019,2,6
2019-06-27,重庆市,C002,7,29393,HE电视,HE,电视,2200,4199,C,C企业,500000,2019,2,6
2019-06-27,厦门市,B003,5,28495,MD洗衣机,MD,洗衣机,3100,5699,B,B企业,350200,2019,2,6
2019-06-27,金华市,A003,5,23345,GL洗衣机,GL,洗衣机,3200,4669,A,A企业,330700,2019,2,6
2019-06-27,上海市,A003,4,18676,GL洗衣机,GL,洗衣机,3200,4669,A,A企业,310000,2019,2,6
2019-06-27,成都市,B001,2,8398,MD冰箱,MD,冰箱,2500,4199,B,B企业,510100,2019,2,6
2019-06-27,上海市,B001,4,16796,MD冰箱,MD,冰箱,2500,4199,B,B企业,310000,2019,2,6
2019-06-27,深圳市,B002,4,14396,MD电视,MD,电视,2000,4299,B,B企业,440300,2019,2,6
2019-06-28,重庆市,A001,2,9338,GL冰箱,GL,冰箱,2200,4669,A,A企业,500000,2019,2,6
2019-06-28,长沙市,B001,3,12597,MD冰箱,MD,冰箱,2500,4199,B,B企业,430100,2019,2,6
2019-06-28,深圳市,B002,4,14396,MD电视,MD,电视,2000,4299,B,B企业,440300,2019,2,6
2019-06-28,厦门市,C002,6,25194,HE电视,HE,电视,2200,4199,C,C企业,350200,2019,2,6
2019-06-28,苏州市,C001,2,7198,HE冰箱,HE,冰箱,1800,3599,C,C企业,320500,2019,2,6
2019-06-28,长沙市,C002,7,29393,HE电视,HE,电视,2200,4199,C,C企业,430100,2019,2,6
2019-06-28,厦门市,A001,5,23345,GL冰箱,GL,冰箱,2200,4669,A,A企业,350200,2019,2,6
2019-06-28,厦门市,B001,5,20995,MD冰箱,MD,冰箱,2500,4199,B,B企业,350200,2019,2,6
2019-06-28,重庆市,B001,8,33592,MD冰箱,MD,冰箱,2500,4199,B,B企业,500000,2019,2,6
2019-06-28,金华市,B001,9,37791,MD冰箱,MD,冰箱,2500,4199,B,B企业,330700,2019,2,6
2019-06-28,苏州市,B001,5,20995,MD冰箱,MD,冰箱,2500,4199,B,B企业,320500,2019,2,6
2019-06-28,金华市,A001,2,9338,GL冰箱,GL,冰箱,2200,4669,A,A企业,330700,2019,2,6
2019-06-28,金华市,C002,6,25194,HE电视,HE,电视,2200,4199,C,C企业,330700,2019,2,6
2019-06-28,金华市,B002,8,28792,MD电视,MD,电视,2000,4299,B,B企业,330700,2019,2,6
2019-06-28,深圳市,B001,4,16796,MD冰箱,MD,冰箱,2500,4199,B,B企业,440300,2019,2,6
2019-06-28,上海市,A001,2,9338,GL冰箱,GL,冰箱,2200,4669,A,A企业,310000,2019,2,6
2019-06-28,金华市,C001,7,25193,HE冰箱,HE,冰箱,1800,3599,C,C企业,330700,2019,2,6
2019-06-28,重庆市,C003,2,9338,HE洗衣机,HE,洗衣机,2600,4699,C,C企业,500000,2019,2,6
2019-06-28,长沙市,A001,4,18676,GL冰箱,GL,冰箱,2200,4669,A,A企业,430100,2019,2,6
2019-06-28,成都市,A003,8,37352,GL洗衣机,GL,洗衣机,3200,4669,A,A企业,510100,2019,2,6
2019-06-28,苏州市,A003,6,28014,GL洗衣机,GL,洗衣机,3200,4669,A,A企业,320500,2019,2,6
2019-06-28,成都市,A001,5,23345,GL冰箱,GL,冰箱,2200,4669,A,A企业,510100,2019,2,6
2019-06-28,上海市,A003,8,37352,GL洗衣机,GL,洗衣机,3200,4669,A,A企业,310000,2019,2,6
2019-06-28,重庆市,C002,3,12597,HE电视,HE,电视,2200,4199,C,C企业,500000,2019,2,6
2019-06-28,上海市,B002,2,7198,MD电视,MD,电视,2000,4299,B,B企业,310000,2019,2,6
2019-06-28,厦门市,A003,4,18676,GL洗衣机,GL,洗衣机,3200,4669,A,A企业,350200,2019,2,6
2019-06-28,深圳市,A001,5,23345,GL冰箱,GL,冰箱,2200,4669,A,A企业,440300,2019,2,6
2019-06-28,重庆市,A003,5,23345,GL洗衣机,GL,洗衣机,3200,4669,A,A企业,500000,2019,2,6
2019-06-28,重庆市,B002,4,14396,MD电视,MD,电视,2000,4299,B,B企业,500000,2019,2,6
2019-06-28,长沙市,A003,7,32683,GL洗衣机,GL,洗衣机,3200,4669,A,A企业,430100,2019,2,6
2019-06-28,金华市,A002,8,26392,GL电视,GL,电视,1500,3299,A,A企业,330700,2019,2,6
2019-06-28,上海市,C003,5,23345,HE洗衣机,HE,洗衣机,2600,4699,C,C企业,310000,2019,2,6
2019-06-28,苏州市,A001,9,42021,GL冰箱,GL,冰箱,2200,4669,A,A企业,320500,2019,2,6
2019-06-28,金华市,B003,7,39893,MD洗衣机,MD,洗衣机,3100,5699,B,B企业,330700,2019,2,6
2019-06-28,重庆市,B003,7,39893,MD洗衣机,MD,洗衣机,3100,5699,B,B企业,500000,2019,2,6
2019-06-28,厦门市,B003,5,28495,MD洗衣机,MD,洗衣机,3100,5699,B,B企业,350200,2019,2,6
2019-06-28,成都市,B003,4,22796,MD洗衣机,MD,洗衣机,3100,5699,B,B企业,510100,2019,2,6
2019-06-29,厦门市,B003,4,22796,MD洗衣机,MD,洗衣机,3100,5699,B,B企业,350200,2019,2,6
2019-06-29,长沙市,C003,5,23345,HE洗衣机,HE,洗衣机,2600,4699,C,C企业,430100,2019,2,6
2019-06-29,上海市,B003,7,39893,MD洗衣机,MD,洗衣机,3100,5699,B,B企业,310000,2019,2,6
2019-06-29,上海市,A001,3,14007,GL冰箱,GL,冰箱,2200,4669,A,A企业,310000,2019,2,6
2019-06-29,长沙市,C002,9,37791,HE电视,HE,电视,2200,4199,C,C企业,430100,2019,2,6
2019-06-29,金华市,B003,7,39893,MD洗衣机,MD,洗衣机,3100,5699,B,B企业,330700,2019,2,6
2019-06-29,深圳市,B003,6,34194,MD洗衣机,MD,洗衣机,3100,5699,B,B企业,440300,2019,2,6
2019-06-29,金华市,A001,5,23345,GL冰箱,GL,冰箱,2200,4669,A,A企业,330700,2019,2,6
2019-06-29,厦门市,B002,7,25193,MD电视,MD,电视,2000,4299,B,B企业,350200,2019,2,6
2019-06-29,厦门市,C001,4,14396,HE冰箱,HE,冰箱,1800,3599,C,C企业,350200,2019,2,6
2019-06-29,重庆市,B001,3,12597,MD冰箱,MD,冰箱,2500,4199,B,B企业,500000,2019,2,6
2019-06-29,长沙市,A003,6,28014,GL洗衣机,GL,洗衣机,3200,4669,A,A企业,430100,2019,2,6
2019-06-29,厦门市,C003,2,9338,HE洗衣机,HE,洗衣机,2600,4699,C,C企业,350200,2019,2,6
2019-06-29,重庆市,B003,4,22796,MD洗衣机,MD,洗衣机,3100,5699,B,B企业,500000,2019,2,6
2019-06-29,厦门市,A001,3,14007,GL冰箱,GL,冰箱,2200,4669,A,A企业,350200,2019,2,6
2019-06-29,金华市,B001,2,8398,MD冰箱,MD,冰箱,2500,4199,B,B企业,330700,2019,2,6
2019-06-29,厦门市,B001,4,16796,MD冰箱,MD,冰箱,2500,4199,B,B企业,350200,2019,2,6
2019-06-29,长沙市,C001,8,28792,HE冰箱,HE,冰箱,1800,3599,C,C企业,430100,2019,2,6
2019-06-29,重庆市,A002,3,9897,GL电视,GL,电视,1500,3299,A,A企业,500000,2019,2,6
2019-06-29,成都市,A001,8,37352,GL冰箱,GL,冰箱,2200,4669,A,A企业,510100,2019,2,6
2019-06-29,金华市,A002,4,13196,GL电视,GL,电视,1500,3299,A,A企业,330700,2019,2,6
2019-06-29,深圳市,C001,8,28792,HE冰箱,HE,冰箱,1800,3599,C,C企业,440300,2019,2,6
2019-06-29,厦门市,A002,7,23093,GL电视,GL,电视,1500,3299,A,A企业,350200,2019,2,6
2019-06-29,深圳市,A001,7,32683,GL冰箱,GL,冰箱,2200,4669,A,A企业,440300,2019,2,6
2019-06-29,深圳市,B002,6,21594,MD电视,MD,电视,2000,4299,B,B企业,440300,2019,2,6
2019-06-29,重庆市,C001,4,14396,HE冰箱,HE,冰箱,1800,3599,C,C企业,500000,2019,2,6
2019-06-29,重庆市,A003,7,32683,GL洗衣机,GL,洗衣机,3200,4669,A,A企业,500000,2019,2,6
2019-06-29,深圳市,A002,5,16495,GL电视,GL,电视,1500,3299,A,A企业,440300,2019,2,6
2019-06-29,苏州市,C001,6,21594,HE冰箱,HE,冰箱,1800,3599,C,C企业,320500,2019,2,6
2019-06-29,成都市,B001,9,37791,MD冰箱,MD,冰箱,2500,4199,B,B企业,510100,2019,2,6
2019-06-30,金华市,A001,4,18676,GL冰箱,GL,冰箱,2200,4669,A,A企业,330700,2019,2,6
2019-06-30,苏州市,A001,5,23345,GL冰箱,GL,冰箱,2200,4669,A,A企业,320500,2019,2,6
2019-06-30,金华市,B001,9,37791,MD冰箱,MD,冰箱,2500,4199,B,B企业,330700,2019,2,6
2019-06-30,苏州市,B002,7,25193,MD电视,MD,电视,2000,4299,B,B企业,320500,2019,2,6
2019-06-30,重庆市,B002,7,25193,MD电视,MD,电视,2000,4299,B,B企业,500000,2019,2,6
2019-06-30,深圳市,A001,6,28014,GL冰箱,GL,冰箱,2200,4669,A,A企业,440300,2019,2,6
2019-06-30,重庆市,A002,7,23093,GL电视,GL,电视,1500,3299,A,A企业,500000,2019,2,6
2019-06-30,厦门市,B001,3,12597,MD冰箱,MD,冰箱,2500,4199,B,B企业,350200,2019,2,6
2019-06-30,金华市,C001,5,17995,HE冰箱,HE,冰箱,1800,3599,C,C企业,330700,2019,2,6
2019-06-30,重庆市,A001,6,28014,GL冰箱,GL,冰箱,2200,4669,A,A企业,500000,2019,2,6
2019-06-30,重庆市,C001,4,14396,HE冰箱,HE,冰箱,1800,3599,C,C企业,500000,2019,2,6
2019-06-30,厦门市,A001,4,18676,GL冰箱,GL,冰箱,2200,4669,A,A企业,350200,2019,2,6
2019-06-30,重庆市,A003,6,28014,GL洗衣机,GL,洗衣机,3200,4669,A,A企业,500000,2019,2,6
2019-06-30,金华市,B002,6,21594,MD电视,MD,电视,2000,4299,B,B企业,330700,2019,2,6
2019-06-30,厦门市,C001,8,28792,HE冰箱,HE,冰箱,1800,3599,C,C企业,350200,2019,2,6
2019-06-30,深圳市,B001,6,25194,MD冰箱,MD,冰箱,2500,4199,B,B企业,440300,2019,2,6
2019-06-30,上海市,B001,5,20995,MD冰箱,MD,冰箱,2500,4199,B,B企业,310000,2019,2,6
2019-06-30,重庆市,B001,4,16796,MD冰箱,MD,冰箱,2500,4199,B,B企业,500000,2019,2,6
2019-06-30,厦门市,B002,3,10797,MD电视,MD,电视,2000,4299,B,B企业,350200,2019,2,6
2019-06-30,上海市,C001,3,10797,HE冰箱,HE,冰箱,1800,3599,C,C企业,310000,2019,2,6
2019-06-30,上海市,A001,4,18676,GL冰箱,GL,冰箱,2200,4669,A,A企业,310000,2019,2,6
2019-06-30,上海市,B002,3,10797,MD电视,MD,电视,2000,4299,B,B企业,310000,2019,2,6
2019-06-30,深圳市,B002,4,14396,MD电视,MD,电视,2000,4299,B,B企业,440300,2019,2,6
2019-06-30,苏州市,B001,4,16796,MD冰箱,MD,冰箱,2500,4199,B,B企业,320500,2019,2,6
2019-06-30,深圳市,B003,6,34194,MD洗衣机,MD,洗衣机,3100,5699,B,B企业,440300,2019,2,6
2019-06-30,金华市,B003,7,39893,MD洗衣机,MD,洗衣机,3100,5699,B,B企业,330700,2019,2,6
2019-06-30,成都市,A001,2,9338,GL冰箱,GL,冰箱,2200,4669,A,A企业,510100,2019,2,6
2019-06-30,上海市,A003,6,28014,GL洗衣机,GL,洗衣机,3200,4669,A,A企业,310000,2019,2,6
2019-06-30,金华市,A003,7,32683,GL洗衣机,GL,洗衣机,3200,4669,A,A企业,330700,2019,2,6
2019-06-30,厦门市,A003,2,9338,GL洗衣机,GL,洗衣机,3200,4669,A,A企业,350200,2019,2,6
2019-07-01,重庆市,A003,4,18676,GL洗衣机,GL,洗衣机,3200,4669,A,A企业,500000,2019,3,7
2019-07-01,厦门市,B002,6,21594,MD电视,MD,电视,2000,4299,B,B企业,350200,2019,3,7
2019-07-01,厦门市,A003,3,14007,GL洗衣机,GL,洗衣机,3200,4669,A,A企业,350200,2019,3,7
2019-07-01,金华市,A003,6,28014,GL洗衣机,GL,洗衣机,3200,4669,A,A企业,330700,2019,3,7
2019-07-01,厦门市,C001,3,10797,HE冰箱,HE,冰箱,1800,3599,C,C企业,350200,2019,3,7
2019-07-01,上海市,B003,5,28495,MD洗衣机,MD,洗衣机,3100,5699,B,B企业,310000,2019,3,7
2019-07-01,金华市,B001,5,20995,MD冰箱,MD,冰箱,2500,4199,B,B企业,330700,2019,3,7
2019-07-01,上海市,B001,6,25194,MD冰箱,MD,冰箱,2500,4199,B,B企业,310000,2019,3,7
2019-07-01,金华市,A001,4,18676,GL冰箱,GL,冰箱,2200,4669,A,A企业,330700,2019,3,7
2019-07-01,重庆市,B002,3,10797,MD电视,MD,电视,2000,4299,B,B企业,500000,2019,3,7
2019-07-01,重庆市,A001,5,23345,GL冰箱,GL,冰箱,2200,4669,A,A企业,500000,2019,3,7
2019-07-01,上海市,A001,9,42021,GL冰箱,GL,冰箱,2200,4669,A,A企业,310000,2019,3,7
2019-07-01,上海市,C001,3,10797,HE冰箱,HE,冰箱,1800,3599,C,C企业,310000,2019,3,7
2019-07-01,重庆市,B001,6,25194,MD冰箱,MD,冰箱,2500,4199,B,B企业,500000,2019,3,7
2019-07-01,深圳市,A002,6,19794,GL电视,GL,电视,1500,3299,A,A企业,440300,2019,3,7
2019-07-01,成都市,A001,5,23345,GL冰箱,GL,冰箱,2200,4669,A,A企业,510100,2019,3,7
2019-07-01,厦门市,A001,3,14007,GL冰箱,GL,冰箱,2200,4669,A,A企业,350200,2019,3,7
2019-07-01,上海市,B002,6,21594,MD电视,MD,电视,2000,4299,B,B企业,310000,2019,3,7
2019-07-01,金华市,A002,4,13196,GL电视,GL,电视,1500,3299,A,A企业,330700,2019,3,7
2019-07-01,厦门市,B001,7,29393,MD冰箱,MD,冰箱,2500,4199,B,B企业,350200,2019,3,7
2019-07-01,苏州市,B001,2,8398,MD冰箱,MD,冰箱,2500,4199,B,B企业,320500,2019,3,7
2019-07-01,成都市,B002,4,14396,MD电视,MD,电视,2000,4299,B,B企业,510100,2019,3,7
2019-07-01,长沙市,A001,5,23345,GL冰箱,GL,冰箱,2200,4669,A,A企业,430100,2019,3,7
2019-07-01,深圳市,A001,5,23345,GL冰箱,GL,冰箱,2200,4669,A,A企业,440300,2019,3,7
2019-07-01,厦门市,A002,5,16495,GL电视,GL,电视,1500,3299,A,A企业,350200,2019,3,7
2019-07-02,金华市,B001,8,33592,MD冰箱,MD,冰箱,2500,4199,B,B企业,330700,2019,3,7
2019-07-02,厦门市,B001,5,20995,MD冰箱,MD,冰箱,2500,4199,B,B企业,350200,2019,3,7
2019-07-02,长沙市,A001,3,14007,GL冰箱,GL,冰箱,2200,4669,A,A企业,430100,2019,3,7
2019-07-02,厦门市,B002,4,14396,MD电视,MD,电视,2000,4299,B,B企业,350200,2019,3,7
2019-07-02,厦门市,A001,6,28014,GL冰箱,GL,冰箱,2200,4669,A,A企业,350200,2019,3,7
2019-07-02,重庆市,B001,5,20995,MD冰箱,MD,冰箱,2500,4199,B,B企业,500000,2019,3,7
2019-07-02,重庆市,B002,5,17995,MD电视,MD,电视,2000,4299,B,B企业,500000,2019,3,7
2019-07-02,重庆市,A001,5,23345,GL冰箱,GL,冰箱,2200,4669,A,A企业,500000,2019,3,7
2019-07-02,成都市,C001,4,14396,HE冰箱,HE,冰箱,1800,3599,C,C企业,510100,2019,3,7
2019-07-02,深圳市,B002,6,21594,MD电视,MD,电视,2000,4299,B,B企业,440300,2019,3,7
2019-07-02,重庆市,C001,6,21594,HE冰箱,HE,冰箱,1800,3599,C,C企业,500000,2019,3,7
2019-07-02,上海市,B001,5,20995,MD冰箱,MD,冰箱,2500,4199,B,B企业,310000,2019,3,7
2019-07-02,上海市,C001,2,7198,HE冰箱,HE,冰箱,1800,3599,C,C企业,310000,2019,3,7
2019-07-02,金华市,A001,9,42021,GL冰箱,GL,冰箱,2200,4669,A,A企业,330700,2019,3,7
2019-07-02,金华市,C001,6,21594,HE冰箱,HE,冰箱,1800,3599,C,C企业,330700,2019,3,7
2019-07-02,苏州市,B002,5,17995,MD电视,MD,电视,2000,4299,B,B企业,320500,2019,3,7
2019-07-02,成都市,B001,4,16796,MD冰箱,MD,冰箱,2500,4199,B,B企业,510100,2019,3,7
2019-07-02,深圳市,B001,4,16796,MD冰箱,MD,冰箱,2500,4199,B,B企业,440300,2019,3,7
2019-07-02,上海市,B002,3,10797,MD电视,MD,电视,2000,4299,B,B企业,310000,2019,3,7
2019-07-02,金华市,B002,4,14396,MD电视,MD,电视,2000,4299,B,B企业,330700,2019,3,7
2019-07-02,苏州市,B001,5,20995,MD冰箱,MD,冰箱,2500,4199,B,B企业,320500,2019,3,7
2019-07-02,成都市,A001,7,32683,GL冰箱,GL,冰箱,2200,4669,A,A企业,510100,2019,3,7
2019-07-02,上海市,A001,5,23345,GL冰箱,GL,冰箱,2200,4669,A,A企业,310000,2019,3,7
2019-07-02,长沙市,C001,5,17995,HE冰箱,HE,冰箱,1800,3599,C,C企业,430100,2019,3,7
2019-07-02,深圳市,A001,6,28014,GL冰箱,GL,冰箱,2200,4669,A,A企业,440300,2019,3,7
2019-07-02,厦门市,C001,2,7198,HE冰箱,HE,冰箱,1800,3599,C,C企业,350200,2019,3,7
2019-07-03,上海市,A001,6,28014,GL冰箱,GL,冰箱,2200,4669,A,A企业,310000,2019,3,7
2019-07-03,苏州市,B002,4,14396,MD电视,MD,电视,2000,4299,B,B企业,320500,2019,3,7
2019-07-03,上海市,C001,6,21594,HE冰箱,HE,冰箱,1800,3599,C,C企业,310000,2019,3,7
2019-07-03,深圳市,B002,5,17995,MD电视,MD,电视,2000,4299,B,B企业,440300,2019,3,7
2019-07-03,重庆市,C001,3,10797,HE冰箱,HE,冰箱,1800,3599,C,C企业,500000,2019,3,7
2019-07-03,苏州市,B001,6,25194,MD冰箱,MD,冰箱,2500,4199,B,B企业,320500,2019,3,7
2019-07-03,深圳市,A001,7,32683,GL冰箱,GL,冰箱,2200,4669,A,A企业,440300,2019,3,7
2019-07-03,金华市,B002,6,21594,MD电视,MD,电视,2000,4299,B,B企业,330700,2019,3,7
2019-07-03,重庆市,A001,7,32683,GL冰箱,GL,冰箱,2200,4669,A,A企业,500000,2019,3,7
2019-07-03,金华市,B001,4,16796,MD冰箱,MD,冰箱,2500,4199,B,B企业,330700,2019,3,7
2019-07-03,重庆市,B002,9,32391,MD电视,MD,电视,2000,4299,B,B企业,500000,2019,3,7
2019-07-03,厦门市,A001,6,28014,GL冰箱,GL,冰箱,2200,4669,A,A企业,350200,2019,3,7
2019-07-03,金华市,A001,2,9338,GL冰箱,GL,冰箱,2200,4669,A,A企业,330700,2019,3,7
2019-07-03,成都市,B002,4,14396,MD电视,MD,电视,2000,4299,B,B企业,510100,2019,3,7
2019-07-03,深圳市,B001,7,29393,MD冰箱,MD,冰箱,2500,4199,B,B企业,440300,2019,3,7
2019-07-03,上海市,B001,5,20995,MD冰箱,MD,冰箱,2500,4199,B,B企业,310000,2019,3,7
2019-07-03,金华市,A002,7,23093,GL电视,GL,电视,1500,3299,A,A企业,330700,2019,3,7
2019-07-03,成都市,C002,6,25194,HE电视,HE,电视,2200,4199,C,C企业,510100,2019,3,7
2019-07-03,厦门市,B001,9,37791,MD冰箱,MD,冰箱,2500,4199,B,B企业,350200,2019,3,7
2019-07-03,深圳市,A002,2,6598,GL电视,GL,电视,1500,3299,A,A企业,440300,2019,3,7
2019-07-03,金华市,C002,6,25194,HE电视,HE,电视,2200,4199,C,C企业,330700,2019,3,7
2019-07-03,厦门市,C002,7,29393,HE电视,HE,电视,2200,4199,C,C企业,350200,2019,3,7
2019-07-03,金华市,C001,8,28792,HE冰箱,HE,冰箱,1800,3599,C,C企业,330700,2019,3,7
2019-07-03,重庆市,A002,4,13196,GL电视,GL,电视,1500,3299,A,A企业,500000,2019,3,7
2019-07-03,厦门市,A002,6,19794,GL电视,GL,电视,1500,3299,A,A企业,350200,2019,3,7
2019-07-03,苏州市,C001,5,17995,HE冰箱,HE,冰箱,1800,3599,C,C企业,320500,2019,3,7
2019-07-03,重庆市,A003,6,28014,GL洗衣机,GL,洗衣机,3200,4669,A,A企业,500000,2019,3,7
2019-07-03,成都市,B001,6,25194,MD冰箱,MD,冰箱,2500,4199,B,B企业,510100,2019,3,7
2019-07-03,重庆市,B001,2,8398,MD冰箱,MD,冰箱,2500,4199,B,B企业,500000,2019,3,7
2019-07-03,成都市,A001,7,32683,GL冰箱,GL,冰箱,2200,4669,A,A企业,510100,2019,3,7
2019-07-03,厦门市,C001,3,10797,HE冰箱,HE,冰箱,1800,3599,C,C企业,350200,2019,3,7
2019-07-03,苏州市,A001,8,37352,GL冰箱,GL,冰箱,2200,4669,A,A企业,320500,2019,3,7
2019-07-03,上海市,C002,2,8398,HE电视,HE,电视,2200,4199,C,C企业,310000,2019,3,7
2019-07-04,上海市,B001,6,25194,MD冰箱,MD,冰箱,2500,4199,B,B企业,310000,2019,3,7
2019-07-04,上海市,A001,4,18676,GL冰箱,GL,冰箱,2200,4669,A,A企业,310000,2019,3,7
2019-07-04,深圳市,B001,6,25194,MD冰箱,MD,冰箱,2500,4199,B,B企业,440300,2019,3,7
2019-07-04,苏州市,B001,5,20995,MD冰箱,MD,冰箱,2500,4199,B,B企业,320500,2019,3,7
2019-07-04,上海市,A002,6,19794,GL电视,GL,电视,1500,3299,A,A企业,310000,2019,3,7
2019-07-04,金华市,A001,9,42021,GL冰箱,GL,冰箱,2200,4669,A,A企业,330700,2019,3,7
2019-07-04,上海市,A003,3,14007,GL洗衣机,GL,洗衣机,3200,4669,A,A企业,310000,2019,3,7
2019-07-04,成都市,B001,2,8398,MD冰箱,MD,冰箱,2500,4199,B,B企业,510100,2019,3,7
2019-07-04,厦门市,A001,7,32683,GL冰箱,GL,冰箱,2200,4669,A,A企业,350200,2019,3,7
2019-07-04,厦门市,A002,6,19794,GL电视,GL,电视,1500,3299,A,A企业,350200,2019,3,7
2019-07-04,重庆市,B001,4,16796,MD冰箱,MD,冰箱,2500,4199,B,B企业,500000,2019,3,7
2019-07-04,金华市,C001,2,7198,HE冰箱,HE,冰箱,1800,3599,C,C企业,330700,2019,3,7
2019-07-04,金华市,B001,4,16796,MD冰箱,MD,冰箱,2500,4199,B,B企业,330700,2019,3,7
2019-07-04,深圳市,A001,5,23345,GL冰箱,GL,冰箱,2200,4669,A,A企业,440300,2019,3,7
2019-07-04,深圳市,C002,6,25194,HE电视,HE,电视,2200,4199,C,C企业,440300,2019,3,7
2019-07-04,厦门市,B001,2,8398,MD冰箱,MD,冰箱,2500,4199,B,B企业,350200,2019,3,7
2019-07-04,厦门市,C001,5,17995,HE冰箱,HE,冰箱,1800,3599,C,C企业,350200,2019,3,7
2019-07-04,苏州市,A003,4,18676,GL洗衣机,GL,洗衣机,3200,4669,A,A企业,320500,2019,3,7
2019-07-04,深圳市,A002,4,13196,GL电视,GL,电视,1500,3299,A,A企业,440300,2019,3,7
2019-07-04,深圳市,B002,4,14396,MD电视,MD,电视,2000,4299,B,B企业,440300,2019,3,7
2019-07-04,厦门市,C002,4,16796,HE电视,HE,电视,2200,4199,C,C企业,350200,2019,3,7
2019-07-04,重庆市,A001,6,28014,GL冰箱,GL,冰箱,2200,4669,A,A企业,500000,2019,3,7
2019-07-04,长沙市,C001,2,7198,HE冰箱,HE,冰箱,1800,3599,C,C企业,430100,2019,3,7
2019-07-04,长沙市,B001,5,20995,MD冰箱,MD,冰箱,2500,4199,B,B企业,430100,2019,3,7
2019-07-04,长沙市,A003,5,23345,GL洗衣机,GL,洗衣机,3200,4669,A,A企业,430100,2019,3,7
2019-07-04,长沙市,C002,6,25194,HE电视,HE,电视,2200,4199,C,C企业,430100,2019,3,7
2019-07-04,重庆市,B002,6,21594,MD电视,MD,电视,2000,4299,B,B企业,500000,2019,3,7
2019-07-04,重庆市,C002,7,29393,HE电视,HE,电视,2200,4199,C,C企业,500000,2019,3,7
2019-07-04,深圳市,C001,4,14396,HE冰箱,HE,冰箱,1800,3599,C,C企业,440300,2019,3,7
2019-07-04,成都市,A003,6,28014,GL洗衣机,GL,洗衣机,3200,4669,A,A企业,510100,2019,3,7
2019-07-04,厦门市,B002,2,7198,MD电视,MD,电视,2000,4299,B,B企业,350200,2019,3,7
2019-07-04,成都市,A001,2,9338,GL冰箱,GL,冰箱,2200,4669,A,A企业,510100,2019,3,7
2019-07-05,长沙市,B001,7,29393,MD冰箱,MD,冰箱,2500,4199,B,B企业,430100,2019,3,7
2019-07-05,金华市,B002,8,28792,MD电视,MD,电视,2000,4299,B,B企业,330700,2019,3,7
2019-07-05,重庆市,B001,6,25194,MD冰箱,MD,冰箱,2500,4199,B,B企业,500000,2019,3,7
2019-07-05,深圳市,A001,5,23345,GL冰箱,GL,冰箱,2200,4669,A,A企业,440300,2019,3,7
2019-07-05,厦门市,A001,8,37352,GL冰箱,GL,冰箱,2200,4669,A,A企业,350200,2019,3,7
2019-07-05,重庆市,A001,2,9338,GL冰箱,GL,冰箱,2200,4669,A,A企业,500000,2019,3,7
2019-07-05,深圳市,B001,7,29393,MD冰箱,MD,冰箱,2500,4199,B,B企业,440300,2019,3,7
2019-07-05,上海市,B001,4,16796,MD冰箱,MD,冰箱,2500,4199,B,B企业,310000,2019,3,7
2019-07-05,成都市,B001,7,29393,MD冰箱,MD,冰箱,2500,4199,B,B企业,510100,2019,3,7
2019-07-05,金华市,B001,5,20995,MD冰箱,MD,冰箱,2500,4199,B,B企业,330700,2019,3,7
2019-07-05,上海市,A001,7,32683,GL冰箱,GL,冰箱,2200,4669,A,A企业,310000,2019,3,7
2019-07-05,深圳市,B002,5,17995,MD电视,MD,电视,2000,4299,B,B企业,440300,2019,3,7
2019-07-05,金华市,A001,6,28014,GL冰箱,GL,冰箱,2200,4669,A,A企业,330700,2019,3,7
2019-07-05,深圳市,B003,2,11398,MD洗衣机,MD,洗衣机,3100,5699,B,B企业,440300,2019,3,7
2019-07-05,重庆市,B003,5,28495,MD洗衣机,MD,洗衣机,3100,5699,B,B企业,500000,2019,3,7
2019-07-05,重庆市,C003,6,28014,HE洗衣机,HE,洗衣机,2600,4699,C,C企业,500000,2019,3,7
2019-07-05,上海市,C001,4,14396,HE冰箱,HE,冰箱,1800,3599,C,C企业,310000,2019,3,7
2019-07-05,厦门市,B003,5,28495,MD洗衣机,MD,洗衣机,3100,5699,B,B企业,350200,2019,3,7
2019-07-05,成都市,A001,3,14007,GL冰箱,GL,冰箱,2200,4669,A,A企业,510100,2019,3,7
2019-07-05,苏州市,B001,4,16796,MD冰箱,MD,冰箱,2500,4199,B,B企业,320500,2019,3,7
2019-07-05,厦门市,B001,5,20995,MD冰箱,MD,冰箱,2500,4199,B,B企业,350200,2019,3,7
2019-07-05,成都市,B003,5,28495,MD洗衣机,MD,洗衣机,3100,5699,B,B企业,510100,2019,3,7
2019-07-05,厦门市,C002,3,12597,HE电视,HE,电视,2200,4199,C,C企业,350200,2019,3,7
2019-07-05,厦门市,B002,2,7198,MD电视,MD,电视,2000,4299,B,B企业,350200,2019,3,7
2019-07-05,重庆市,B002,9,32391,MD电视,MD,电视,2000,4299,B,B企业,500000,2019,3,7
2019-07-05,深圳市,C002,6,25194,HE电视,HE,电视,2200,4199,C,C企业,440300,2019,3,7
2019-07-05,厦门市,C001,2,7198,HE冰箱,HE,冰箱,1800,3599,C,C企业,350200,2019,3,7
2019-07-06,成都市,C002,4,16796,HE电视,HE,电视,2200,4199,C,C企业,510100,2019,3,7
2019-07-06,深圳市,B003,5,28495,MD洗衣机,MD,洗衣机,3100,5699,B,B企业,440300,2019,3,7
2019-07-06,厦门市,A001,2,9338,GL冰箱,GL,冰箱,2200,4669,A,A企业,350200,2019,3,7
2019-07-06,金华市,B001,2,8398,MD冰箱,MD,冰箱,2500,4199,B,B企业,330700,2019,3,7
2019-07-06,深圳市,A001,5,23345,GL冰箱,GL,冰箱,2200,4669,A,A企业,440300,2019,3,7
2019-07-06,厦门市,B003,5,28495,MD洗衣机,MD,洗衣机,3100,5699,B,B企业,350200,2019,3,7
2019-07-06,厦门市,B002,8,28792,MD电视,MD,电视,2000,4299,B,B企业,350200,2019,3,7
2019-07-06,成都市,C001,3,10797,HE冰箱,HE,冰箱,1800,3599,C,C企业,510100,2019,3,7
2019-07-06,苏州市,B003,6,34194,MD洗衣机,MD,洗衣机,3100,5699,B,B企业,320500,2019,3,7
2019-07-06,金华市,A001,6,28014,GL冰箱,GL,冰箱,2200,4669,A,A企业,330700,2019,3,7
2019-07-06,金华市,B002,6,21594,MD电视,MD,电视,2000,4299,B,B企业,330700,2019,3,7
2019-07-06,厦门市,A003,4,18676,GL洗衣机,GL,洗衣机,3200,4669,A,A企业,350200,2019,3,7
2019-07-06,成都市,B001,4,16796,MD冰箱,MD,冰箱,2500,4199,B,B企业,510100,2019,3,7
2019-07-06,重庆市,C001,5,17995,HE冰箱,HE,冰箱,1800,3599,C,C企业,500000,2019,3,7
2019-07-06,重庆市,A001,7,32683,GL冰箱,GL,冰箱,2200,4669,A,A企业,500000,2019,3,7
2019-07-06,金华市,A002,5,16495,GL电视,GL,电视,1500,3299,A,A企业,330700,2019,3,7
2019-07-06,深圳市,B001,6,25194,MD冰箱,MD,冰箱,2500,4199,B,B企业,440300,2019,3,7
2019-07-06,苏州市,B001,6,25194,MD冰箱,MD,冰箱,2500,4199,B,B企业,320500,2019,3,7
2019-07-06,厦门市,B001,5,20995,MD冰箱,MD,冰箱,2500,4199,B,B企业,350200,2019,3,7
2019-07-06,厦门市,A002,3,9897,GL电视,GL,电视,1500,3299,A,A企业,350200,2019,3,7
2019-07-06,重庆市,B002,2,7198,MD电视,MD,电视,2000,4299,B,B企业,500000,2019,3,7
2019-07-06,上海市,A001,8,37352,GL冰箱,GL,冰箱,2200,4669,A,A企业,310000,2019,3,7
2019-07-06,上海市,C001,4,14396,HE冰箱,HE,冰箱,1800,3599,C,C企业,310000,2019,3,7
2019-07-06,重庆市,B001,7,29393,MD冰箱,MD,冰箱,2500,4199,B,B企业,500000,2019,3,7
2019-07-06,深圳市,C001,5,17995,HE冰箱,HE,冰箱,1800,3599,C,C企业,440300,2019,3,7
2019-07-06,上海市,B001,5,20995,MD冰箱,MD,冰箱,2500,4199,B,B企业,310000,2019,3,7
2019-07-07,上海市,A001,4,18676,GL冰箱,GL,冰箱,2200,4669,A,A企业,310000,2019,3,7
2019-07-07,成都市,A001,5,23345,GL冰箱,GL,冰箱,2200,4669,A,A企业,510100,2019,3,7
2019-07-07,厦门市,A001,7,32683,GL冰箱,GL,冰箱,2200,4669,A,A企业,350200,2019,3,7
2019-07-07,上海市,B001,5,20995,MD冰箱,MD,冰箱,2500,4199,B,B企业,310000,2019,3,7
2019-07-07,深圳市,A002,2,6598,GL电视,GL,电视,1500,3299,A,A企业,440300,2019,3,7
2019-07-07,深圳市,C001,2,7198,HE冰箱,HE,冰箱,1800,3599,C,C企业,440300,2019,3,7
2019-07-07,金华市,A001,4,18676,GL冰箱,GL,冰箱,2200,4669,A,A企业,330700,2019,3,7
2019-07-07,深圳市,A001,5,23345,GL冰箱,GL,冰箱,2200,4669,A,A企业,440300,2019,3,7
2019-07-07,重庆市,C001,4,14396,HE冰箱,HE,冰箱,1800,3599,C,C企业,500000,2019,3,7
2019-07-07,金华市,B001,5,20995,MD冰箱,MD,冰箱,2500,4199,B,B企业,330700,2019,3,7
2019-07-07,厦门市,A002,7,23093,GL电视,GL,电视,1500,3299,A,A企业,350200,2019,3,7
2019-07-07,金华市,C001,5,17995,HE冰箱,HE,冰箱,1800,3599,C,C企业,330700,2019,3,7
2019-07-07,深圳市,B002,7,25193,MD电视,MD,电视,2000,4299,B,B企业,440300,2019,3,7
2019-07-07,重庆市,A002,7,23093,GL电视,GL,电视,1500,3299,A,A企业,500000,2019,3,7
2019-07-07,金华市,B002,3,10797,MD电视,MD,电视,2000,4299,B,B企业,330700,2019,3,7
2019-07-07,上海市,A002,8,26392,GL电视,GL,电视,1500,3299,A,A企业,310000,2019,3,7
2019-07-07,金华市,A002,7,23093,GL电视,GL,电视,1500,3299,A,A企业,330700,2019,3,7
2019-07-07,重庆市,B002,6,21594,MD电视,MD,电视,2000,4299,B,B企业,500000,2019,3,7
2019-07-07,深圳市,C003,6,28014,HE洗衣机,HE,洗衣机,2600,4699,C,C企业,440300,2019,3,7
2019-07-07,苏州市,B001,6,25194,MD冰箱,MD,冰箱,2500,4199,B,B企业,320500,2019,3,7
2019-07-07,重庆市,A001,9,42021,GL冰箱,GL,冰箱,2200,4669,A,A企业,500000,2019,3,7
2019-07-07,重庆市,B001,5,20995,MD冰箱,MD,冰箱,2500,4199,B,B企业,500000,2019,3,7
2019-07-07,厦门市,B002,6,21594,MD电视,MD,电视,2000,4299,B,B企业,350200,2019,3,7
2019-07-07,厦门市,C001,5,17995,HE冰箱,HE,冰箱,1800,3599,C,C企业,350200,2019,3,7
2019-07-07,成都市,B002,7,25193,MD电视,MD,电视,2000,4299,B,B企业,510100,2019,3,7
2019-07-07,深圳市,B001,6,25194,MD冰箱,MD,冰箱,2500,4199,B,B企业,440300,2019,3,7
2019-07-07,厦门市,B001,5,20995,MD冰箱,MD,冰箱,2500,4199,B,B企业,350200,2019,3,7
2019-07-07,苏州市,B002,4,14396,MD电视,MD,电视,2000,4299,B,B企业,320500,2019,3,7
2019-07-07,长沙市,B002,5,17995,MD电视,MD,电视,2000,4299,B,B企业,430100,2019,3,7
2019-07-07,重庆市,A003,6,28014,GL洗衣机,GL,洗衣机,3200,4669,A,A企业,500000,2019,3,7
2019-07-07,苏州市,A001,7,32683,GL冰箱,GL,冰箱,2200,4669,A,A企业,320500,2019,3,7
2019-07-08,深圳市,B001,9,37791,MD冰箱,MD,冰箱,2500,4199,B,B企业,440300,2019,3,7
2019-07-08,金华市,A001,4,18676,GL冰箱,GL,冰箱,2200,4669,A,A企业,330700,2019,3,7
2019-07-08,长沙市,C001,5,17995,HE冰箱,HE,冰箱,1800,3599,C,C企业,430100,2019,3,7
2019-07-08,厦门市,A001,2,9338,GL冰箱,GL,冰箱,2200,4669,A,A企业,350200,2019,3,7
2019-07-08,厦门市,C001,7,25193,HE冰箱,HE,冰箱,1800,3599,C,C企业,350200,2019,3,7
2019-07-08,深圳市,A001,8,37352,GL冰箱,GL,冰箱,2200,4669,A,A企业,440300,2019,3,7
2019-07-08,厦门市,B002,2,7198,MD电视,MD,电视,2000,4299,B,B企业,350200,2019,3,7
2019-07-08,成都市,B002,4,14396,MD电视,MD,电视,2000,4299,B,B企业,510100,2019,3,7
2019-07-08,重庆市,B002,8,28792,MD电视,MD,电视,2000,4299,B,B企业,500000,2019,3,7
2019-07-08,厦门市,B001,6,25194,MD冰箱,MD,冰箱,2500,4199,B,B企业,350200,2019,3,7
2019-07-08,上海市,B001,5,20995,MD冰箱,MD,冰箱,2500,4199,B,B企业,310000,2019,3,7
2019-07-08,成都市,A001,5,23345,GL冰箱,GL,冰箱,2200,4669,A,A企业,510100,2019,3,7
2019-07-08,重庆市,B001,7,29393,MD冰箱,MD,冰箱,2500,4199,B,B企业,500000,2019,3,7
2019-07-08,重庆市,A001,2,9338,GL冰箱,GL,冰箱,2200,4669,A,A企业,500000,2019,3,7
2019-07-08,深圳市,A002,2,6598,GL电视,GL,电视,1500,3299,A,A企业,440300,2019,3,7
2019-07-08,上海市,A002,6,19794,GL电视,GL,电视,1500,3299,A,A企业,310000,2019,3,7
2019-07-08,重庆市,A003,6,28014,GL洗衣机,GL,洗衣机,3200,4669,A,A企业,500000,2019,3,7
2019-07-08,厦门市,A002,5,16495,GL电视,GL,电视,1500,3299,A,A企业,350200,2019,3,7
2019-07-08,深圳市,B002,3,10797,MD电视,MD,电视,2000,4299,B,B企业,440300,2019,3,7
2019-07-08,金华市,B001,2,8398,MD冰箱,MD,冰箱,2500,4199,B,B企业,330700,2019,3,7
2019-07-08,长沙市,A002,3,9897,GL电视,GL,电视,1500,3299,A,A企业,430100,2019,3,7
2019-07-08,长沙市,B001,5,20995,MD冰箱,MD,冰箱,2500,4199,B,B企业,430100,2019,3,7
2019-07-08,苏州市,B001,2,8398,MD冰箱,MD,冰箱,2500,4199,B,B企业,320500,2019,3,7
2019-07-08,上海市,A001,9,42021,GL冰箱,GL,冰箱,2200,4669,A,A企业,310000,2019,3,7
2019-07-08,厦门市,A003,4,18676,GL洗衣机,GL,洗衣机,3200,4669,A,A企业,350200,2019,3,7
2019-07-08,成都市,A003,6,28014,GL洗衣机,GL,洗衣机,3200,4669,A,A企业,510100,2019,3,7
2019-07-08,上海市,A003,2,9338,GL洗衣机,GL,洗衣机,3200,4669,A,A企业,310000,2019,3,7
2019-07-08,上海市,C001,4,14396,HE冰箱,HE,冰箱,1800,3599,C,C企业,310000,2019,3,7
2019-07-09,金华市,A001,6,28014,GL冰箱,GL,冰箱,2200,4669,A,A企业,330700,2019,3,7
2019-07-09,深圳市,A003,5,23345,GL洗衣机,GL,洗衣机,3200,4669,A,A企业,440300,2019,3,7
2019-07-09,金华市,A003,5,23345,GL洗衣机,GL,洗衣机,3200,4669,A,A企业,330700,2019,3,7
2019-07-09,厦门市,A001,2,9338,GL冰箱,GL,冰箱,2200,4669,A,A企业,350200,2019,3,7
2019-07-09,长沙市,A001,3,14007,GL冰箱,GL,冰箱,2200,4669,A,A企业,430100,2019,3,7
2019-07-09,重庆市,A003,3,14007,GL洗衣机,GL,洗衣机,3200,4669,A,A企业,500000,2019,3,7
2019-07-09,厦门市,A003,7,32683,GL洗衣机,GL,洗衣机,3200,4669,A,A企业,350200,2019,3,7
2019-07-09,长沙市,B003,7,39893,MD洗衣机,MD,洗衣机,3100,5699,B,B企业,430100,2019,3,7
2019-07-09,深圳市,C001,6,21594,HE冰箱,HE,冰箱,1800,3599,C,C企业,440300,2019,3,7
2019-07-09,上海市,B003,6,34194,MD洗衣机,MD,洗衣机,3100,5699,B,B企业,310000,2019,3,7
2019-07-09,重庆市,B003,4,22796,MD洗衣机,MD,洗衣机,3100,5699,B,B企业,500000,2019,3,7
2019-07-09,上海市,C001,4,14396,HE冰箱,HE,冰箱,1800,3599,C,C企业,310000,2019,3,7
2019-07-09,深圳市,B002,2,7198,MD电视,MD,电视,2000,4299,B,B企业,440300,2019,3,7
2019-07-09,金华市,B002,2,7198,MD电视,MD,电视,2000,4299,B,B企业,330700,2019,3,7
2019-07-09,厦门市,B003,3,17097,MD洗衣机,MD,洗衣机,3100,5699,B,B企业,350200,2019,3,7
2019-07-09,重庆市,A001,4,18676,GL冰箱,GL,冰箱,2200,4669,A,A企业,500000,2019,3,7
2019-07-09,重庆市,B002,8,28792,MD电视,MD,电视,2000,4299,B,B企业,500000,2019,3,7
2019-07-09,深圳市,A001,5,23345,GL冰箱,GL,冰箱,2200,4669,A,A企业,440300,2019,3,7
2019-07-09,苏州市,A001,7,32683,GL冰箱,GL,冰箱,2200,4669,A,A企业,320500,2019,3,7
2019-07-09,重庆市,C001,6,21594,HE冰箱,HE,冰箱,1800,3599,C,C企业,500000,2019,3,7
2019-07-09,成都市,B002,7,25193,MD电视,MD,电视,2000,4299,B,B企业,510100,2019,3,7
2019-07-09,金华市,C001,3,10797,HE冰箱,HE,冰箱,1800,3599,C,C企业,330700,2019,3,7
2019-07-09,厦门市,B002,4,14396,MD电视,MD,电视,2000,4299,B,B企业,350200,2019,3,7
2019-07-09,上海市,B002,8,28792,MD电视,MD,电视,2000,4299,B,B企业,310000,2019,3,7
2019-07-09,苏州市,B002,3,10797,MD电视,MD,电视,2000,4299,B,B企业,320500,2019,3,7
2019-07-09,苏州市,A003,9,42021,GL洗衣机,GL,洗衣机,3200,4669,A,A企业,320500,2019,3,7
2019-07-09,上海市,A002,5,16495,GL电视,GL,电视,1500,3299,A,A企业,310000,2019,3,7
2019-07-09,厦门市,A002,4,13196,GL电视,GL,电视,1500,3299,A,A企业,350200,2019,3,7
2019-07-09,成都市,B003,8,45592,MD洗衣机,MD,洗衣机,3100,5699,B,B企业,510100,2019,3,7
2019-07-09,金华市,B003,5,28495,MD洗衣机,MD,洗衣机,3100,5699,B,B企业,330700,2019,3,7
2019-07-09,金华市,B001,7,29393,MD冰箱,MD,冰箱,2500,4199,B,B企业,330700,2019,3,7
2019-07-10,苏州市,A001,2,9338,GL冰箱,GL,冰箱,2200,4669,A,A企业,320500,2019,3,7
2019-07-10,重庆市,C001,5,17995,HE冰箱,HE,冰箱,1800,3599,C,C企业,500000,2019,3,7
2019-07-10,上海市,A001,7,32683,GL冰箱,GL,冰箱,2200,4669,A,A企业,310000,2019,3,7
2019-07-10,长沙市,A001,6,28014,GL冰箱,GL,冰箱,2200,4669,A,A企业,430100,2019,3,7
2019-07-10,金华市,A002,5,16495,GL电视,GL,电视,1500,3299,A,A企业,330700,2019,3,7
2019-07-10,金华市,A001,5,23345,GL冰箱,GL,冰箱,2200,4669,A,A企业,330700,2019,3,7
2019-07-10,厦门市,A001,6,28014,GL冰箱,GL,冰箱,2200,4669,A,A企业,350200,2019,3,7
2019-07-10,重庆市,B001,3,12597,MD冰箱,MD,冰箱,2500,4199,B,B企业,500000,2019,3,7
2019-07-10,金华市,B001,4,16796,MD冰箱,MD,冰箱,2500,4199,B,B企业,330700,2019,3,7
2019-07-10,厦门市,A002,5,16495,GL电视,GL,电视,1500,3299,A,A企业,350200,2019,3,7
2019-07-10,深圳市,A002,7,23093,GL电视,GL,电视,1500,3299,A,A企业,440300,2019,3,7
2019-07-10,深圳市,B001,6,25194,MD冰箱,MD,冰箱,2500,4199,B,B企业,440300,2019,3,7
2019-07-10,苏州市,B001,6,25194,MD冰箱,MD,冰箱,2500,4199,B,B企业,320500,2019,3,7
2019-07-10,上海市,B001,8,33592,MD冰箱,MD,冰箱,2500,4199,B,B企业,310000,2019,3,7
2019-07-10,厦门市,B001,3,12597,MD冰箱,MD,冰箱,2500,4199,B,B企业,350200,2019,3,7
2019-07-10,成都市,A001,6,28014,GL冰箱,GL,冰箱,2200,4669,A,A企业,510100,2019,3,7
2019-07-10,重庆市,A001,6,28014,GL冰箱,GL,冰箱,2200,4669,A,A企业,500000,2019,3,7
2019-07-10,上海市,B002,5,17995,MD电视,MD,电视,2000,4299,B,B企业,310000,2019,3,7
2019-07-10,厦门市,B002,4,14396,MD电视,MD,电视,2000,4299,B,B企业,350200,2019,3,7
2019-07-10,重庆市,B002,8,28792,MD电视,MD,电视,2000,4299,B,B企业,500000,2019,3,7
2019-07-10,深圳市,A001,5,23345,GL冰箱,GL,冰箱,2200,4669,A,A企业,440300,2019,3,7
2019-07-10,深圳市,B002,2,7198,MD电视,MD,电视,2000,4299,B,B企业,440300,2019,3,7
2019-07-10,金华市,C001,3,10797,HE冰箱,HE,冰箱,1800,3599,C,C企业,330700,2019,3,7
2019-07-10,成都市,B001,8,33592,MD冰箱,MD,冰箱,2500,4199,B,B企业,510100,2019,3,7
2019-07-10,金华市,B002,7,25193,MD电视,MD,电视,2000,4299,B,B企业,330700,2019,3,7
2019-07-10,上海市,A002,6,19794,GL电视,GL,电视,1500,3299,A,A企业,310000,2019,3,7
2019-07-10,金华市,C003,8,37352,HE洗衣机,HE,洗衣机,2600,4699,C,C企业,330700,2019,3,7
2019-07-10,深圳市,C001,7,25193,HE冰箱,HE,冰箱,1800,3599,C,C企业,440300,2019,3,7
2019-07-10,成都市,B002,8,28792,MD电视,MD,电视,2000,4299,B,B企业,510100,2019,3,7
2019-07-10,上海市,C001,5,17995,HE冰箱,HE,冰箱,1800,3599,C,C企业,310000,2019,3,7
2019-07-11,上海市,A001,4,18676,GL冰箱,GL,冰箱,2200,4669,A,A企业,310000,2019,3,7
2019-07-11,重庆市,B001,2,8398,MD冰箱,MD,冰箱,2500,4199,B,B企业,500000,2019,3,7
2019-07-11,金华市,A001,6,28014,GL冰箱,GL,冰箱,2200,4669,A,A企业,330700,2019,3,7
2019-07-11,厦门市,A001,7,32683,GL冰箱,GL,冰箱,2200,4669,A,A企业,350200,2019,3,7
2019-07-11,金华市,A002,4,13196,GL电视,GL,电视,1500,3299,A,A企业,330700,2019,3,7
2019-07-11,深圳市,A002,4,13196,GL电视,GL,电视,1500,3299,A,A企业,440300,2019,3,7
2019-07-11,金华市,C001,4,14396,HE冰箱,HE,冰箱,1800,3599,C,C企业,330700,2019,3,7
2019-07-11,上海市,B001,9,37791,MD冰箱,MD,冰箱,2500,4199,B,B企业,310000,2019,3,7
2019-07-11,金华市,B002,3,10797,MD电视,MD,电视,2000,4299,B,B企业,330700,2019,3,7
2019-07-11,重庆市,C001,5,17995,HE冰箱,HE,冰箱,1800,3599,C,C企业,500000,2019,3,7
2019-07-11,深圳市,B001,8,33592,MD冰箱,MD,冰箱,2500,4199,B,B企业,440300,2019,3,7
2019-07-11,成都市,B001,3,12597,MD冰箱,MD,冰箱,2500,4199,B,B企业,510100,2019,3,7
2019-07-11,重庆市,B002,3,10797,MD电视,MD,电视,2000,4299,B,B企业,500000,2019,3,7
2019-07-11,上海市,B002,6,21594,MD电视,MD,电视,2000,4299,B,B企业,310000,2019,3,7
2019-07-11,长沙市,B001,9,37791,MD冰箱,MD,冰箱,2500,4199,B,B企业,430100,2019,3,7
2019-07-11,厦门市,B001,2,8398,MD冰箱,MD,冰箱,2500,4199,B,B企业,350200,2019,3,7
2019-07-11,厦门市,C001,5,17995,HE冰箱,HE,冰箱,1800,3599,C,C企业,350200,2019,3,7
2019-07-11,厦门市,B002,6,21594,MD电视,MD,电视,2000,4299,B,B企业,350200,2019,3,7
2019-07-11,深圳市,C001,3,10797,HE冰箱,HE,冰箱,1800,3599,C,C企业,440300,2019,3,7
2019-07-11,金华市,B001,4,16796,MD冰箱,MD,冰箱,2500,4199,B,B企业,330700,2019,3,7
2019-07-11,重庆市,A001,4,18676,GL冰箱,GL,冰箱,2200,4669,A,A企业,500000,2019,3,7
2019-07-11,长沙市,C003,4,18676,HE洗衣机,HE,洗衣机,2600,4699,C,C企业,430100,2019,3,7
2019-07-11,深圳市,B003,5,28495,MD洗衣机,MD,洗衣机,3100,5699,B,B企业,440300,2019,3,7
2019-07-11,金华市,B003,7,39893,MD洗衣机,MD,洗衣机,3100,5699,B,B企业,330700,2019,3,7
2019-07-11,重庆市,B003,7,39893,MD洗衣机,MD,洗衣机,3100,5699,B,B企业,500000,2019,3,7
2019-07-11,成都市,A001,6,28014,GL冰箱,GL,冰箱,2200,4669,A,A企业,510100,2019,3,7
2019-07-11,上海市,B003,7,39893,MD洗衣机,MD,洗衣机,3100,5699,B,B企业,310000,2019,3,7
2019-07-11,上海市,A002,6,19794,GL电视,GL,电视,1500,3299,A,A企业,310000,2019,3,7
2019-07-11,厦门市,A002,4,13196,GL电视,GL,电视,1500,3299,A,A企业,350200,2019,3,7
2019-07-11,长沙市,A003,3,14007,GL洗衣机,GL,洗衣机,3200,4669,A,A企业,430100,2019,3,7
2019-07-11,成都市,B002,5,17995,MD电视,MD,电视,2000,4299,B,B企业,510100,2019,3,7
2019-07-11,金华市,A003,5,23345,GL洗衣机,GL,洗衣机,3200,4669,A,A企业,330700,2019,3,7
2019-07-11,长沙市,A001,6,28014,GL冰箱,GL,冰箱,2200,4669,A,A企业,430100,2019,3,7
2019-07-11,深圳市,B002,6,21594,MD电视,MD,电视,2000,4299,B,B企业,440300,2019,3,7
2019-07-11,苏州市,A001,4,18676,GL冰箱,GL,冰箱,2200,4669,A,A企业,320500,2019,3,7
2019-07-11,苏州市,A003,3,14007,GL洗衣机,GL,洗衣机,3200,4669,A,A企业,320500,2019,3,7
2019-07-11,上海市,A003,6,28014,GL洗衣机,GL,洗衣机,3200,4669,A,A企业,310000,2019,3,7
2019-07-12,上海市,A003,6,28014,GL洗衣机,GL,洗衣机,3200,4669,A,A企业,310000,2019,3,7
2019-07-12,深圳市,A003,3,14007,GL洗衣机,GL,洗衣机,3200,4669,A,A企业,440300,2019,3,7
2019-07-12,上海市,A001,5,23345,GL冰箱,GL,冰箱,2200,4669,A,A企业,310000,2019,3,7
2019-07-12,金华市,B002,3,10797,MD电视,MD,电视,2000,4299,B,B企业,330700,2019,3,7
2019-07-12,厦门市,A003,3,14007,GL洗衣机,GL,洗衣机,3200,4669,A,A企业,350200,2019,3,7
2019-07-12,苏州市,A001,3,14007,GL冰箱,GL,冰箱,2200,4669,A,A企业,320500,2019,3,7
2019-07-12,重庆市,A002,4,13196,GL电视,GL,电视,1500,3299,A,A企业,500000,2019,3,7
2019-07-12,深圳市,A001,7,32683,GL冰箱,GL,冰箱,2200,4669,A,A企业,440300,2019,3,7
2019-07-12,成都市,A001,9,42021,GL冰箱,GL,冰箱,2200,4669,A,A企业,510100,2019,3,7
2019-07-12,重庆市,C001,3,10797,HE冰箱,HE,冰箱,1800,3599,C,C企业,500000,2019,3,7
2019-07-12,深圳市,A002,8,26392,GL电视,GL,电视,1500,3299,A,A企业,440300,2019,3,7
2019-07-12,厦门市,A001,4,18676,GL冰箱,GL,冰箱,2200,4669,A,A企业,350200,2019,3,7
2019-07-12,长沙市,B001,4,16796,MD冰箱,MD,冰箱,2500,4199,B,B企业,430100,2019,3,7
2019-07-12,上海市,B003,3,17097,MD洗衣机,MD,洗衣机,3100,5699,B,B企业,310000,2019,3,7
2019-07-12,深圳市,B003,2,11398,MD洗衣机,MD,洗衣机,3100,5699,B,B企业,440300,2019,3,7
2019-07-12,金华市,A001,5,23345,GL冰箱,GL,冰箱,2200,4669,A,A企业,330700,2019,3,7
2019-07-12,上海市,A002,6,19794,GL电视,GL,电视,1500,3299,A,A企业,310000,2019,3,7
2019-07-12,成都市,A002,3,9897,GL电视,GL,电视,1500,3299,A,A企业,510100,2019,3,7
2019-07-12,金华市,C001,6,21594,HE冰箱,HE,冰箱,1800,3599,C,C企业,330700,2019,3,7
2019-07-12,厦门市,B003,6,34194,MD洗衣机,MD,洗衣机,3100,5699,B,B企业,350200,2019,3,7
2019-07-12,长沙市,A001,7,32683,GL冰箱,GL,冰箱,2200,4669,A,A企业,430100,2019,3,7
2019-07-12,重庆市,A001,8,37352,GL冰箱,GL,冰箱,2200,4669,A,A企业,500000,2019,3,7
2019-07-12,成都市,B003,4,22796,MD洗衣机,MD,洗衣机,3100,5699,B,B企业,510100,2019,3,7
2019-07-12,苏州市,B001,5,20995,MD冰箱,MD,冰箱,2500,4199,B,B企业,320500,2019,3,7
2019-07-12,深圳市,B001,3,12597,MD冰箱,MD,冰箱,2500,4199,B,B企业,440300,2019,3,7
2019-07-12,厦门市,B001,3,12597,MD冰箱,MD,冰箱,2500,4199,B,B企业,350200,2019,3,7
2019-07-12,重庆市,B001,3,12597,MD冰箱,MD,冰箱,2500,4199,B,B企业,500000,2019,3,7
2019-07-12,厦门市,B002,2,7198,MD电视,MD,电视,2000,4299,B,B企业,350200,2019,3,7
2019-07-12,重庆市,B002,6,21594,MD电视,MD,电视,2000,4299,B,B企业,500000,2019,3,7
2019-07-12,金华市,B001,6,25194,MD冰箱,MD,冰箱,2500,4199,B,B企业,330700,2019,3,7
2019-07-13,厦门市,C001,8,28792,HE冰箱,HE,冰箱,1800,3599,C,C企业,350200,2019,3,7
2019-07-13,厦门市,A001,9,42021,GL冰箱,GL,冰箱,2200,4669,A,A企业,350200,2019,3,7
2019-07-13,深圳市,A001,6,28014,GL冰箱,GL,冰箱,2200,4669,A,A企业,440300,2019,3,7
2019-07-13,厦门市,B001,6,25194,MD冰箱,MD,冰箱,2500,4199,B,B企业,350200,2019,3,7
2019-07-13,深圳市,B001,5,20995,MD冰箱,MD,冰箱,2500,4199,B,B企业,440300,2019,3,7
2019-07-13,深圳市,B002,6,21594,MD电视,MD,电视,2000,4299,B,B企业,440300,2019,3,7
2019-07-13,金华市,B001,5,20995,MD冰箱,MD,冰箱,2500,4199,B,B企业,330700,2019,3,7
2019-07-13,成都市,B002,5,17995,MD电视,MD,电视,2000,4299,B,B企业,510100,2019,3,7
2019-07-13,金华市,B002,3,10797,MD电视,MD,电视,2000,4299,B,B企业,330700,2019,3,7
2019-07-13,成都市,A001,6,28014,GL冰箱,GL,冰箱,2200,4669,A,A企业,510100,2019,3,7
2019-07-13,重庆市,B002,4,14396,MD电视,MD,电视,2000,4299,B,B企业,500000,2019,3,7
2019-07-13,金华市,C001,7,25193,HE冰箱,HE,冰箱,1800,3599,C,C企业,330700,2019,3,7
2019-07-13,重庆市,B001,4,16796,MD冰箱,MD,冰箱,2500,4199,B,B企业,500000,2019,3,7
2019-07-13,苏州市,B001,4,16796,MD冰箱,MD,冰箱,2500,4199,B,B企业,320500,2019,3,7
2019-07-13,成都市,B001,7,29393,MD冰箱,MD,冰箱,2500,4199,B,B企业,510100,2019,3,7
2019-07-13,金华市,A001,4,18676,GL冰箱,GL,冰箱,2200,4669,A,A企业,330700,2019,3,7
2019-07-13,苏州市,A001,6,28014,GL冰箱,GL,冰箱,2200,4669,A,A企业,320500,2019,3,7
2019-07-13,长沙市,C003,6,28014,HE洗衣机,HE,洗衣机,2600,4699,C,C企业,430100,2019,3,7
2019-07-13,重庆市,A001,4,18676,GL冰箱,GL,冰箱,2200,4669,A,A企业,500000,2019,3,7
2019-07-13,重庆市,A003,7,32683,GL洗衣机,GL,洗衣机,3200,4669,A,A企业,500000,2019,3,7
2019-07-13,厦门市,B002,7,25193,MD电视,MD,电视,2000,4299,B,B企业,350200,2019,3,7
2019-07-13,上海市,B002,5,17995,MD电视,MD,电视,2000,4299,B,B企业,310000,2019,3,7
2019-07-13,苏州市,C002,5,20995,HE电视,HE,电视,2200,4199,C,C企业,320500,2019,3,7
2019-07-13,上海市,C001,5,17995,HE冰箱,HE,冰箱,1800,3599,C,C企业,310000,2019,3,7
2019-07-13,上海市,A002,8,26392,GL电视,GL,电视,1500,3299,A,A企业,310000,2019,3,7
2019-07-13,深圳市,C002,2,8398,HE电视,HE,电视,2200,4199,C,C企业,440300,2019,3,7
2019-07-14,成都市,B001,6,25194,MD冰箱,MD,冰箱,2500,4199,B,B企业,510100,2019,3,7
2019-07-14,厦门市,A002,5,16495,GL电视,GL,电视,1500,3299,A,A企业,350200,2019,3,7
2019-07-14,重庆市,A002,6,19794,GL电视,GL,电视,1500,3299,A,A企业,500000,2019,3,7
2019-07-14,重庆市,B001,6,25194,MD冰箱,MD,冰箱,2500,4199,B,B企业,500000,2019,3,7
2019-07-14,厦门市,B001,2,8398,MD冰箱,MD,冰箱,2500,4199,B,B企业,350200,2019,3,7
2019-07-14,上海市,B001,6,25194,MD冰箱,MD,冰箱,2500,4199,B,B企业,310000,2019,3,7
2019-07-14,长沙市,A001,5,23345,GL冰箱,GL,冰箱,2200,4669,A,A企业,430100,2019,3,7
2019-07-14,上海市,B003,5,28495,MD洗衣机,MD,洗衣机,3100,5699,B,B企业,310000,2019,3,7
2019-07-14,金华市,A001,6,28014,GL冰箱,GL,冰箱,2200,4669,A,A企业,330700,2019,3,7
2019-07-14,上海市,C002,8,33592,HE电视,HE,电视,2200,4199,C,C企业,310000,2019,3,7
2019-07-14,苏州市,A003,6,28014,GL洗衣机,GL,洗衣机,3200,4669,A,A企业,320500,2019,3,7
2019-07-14,重庆市,C002,3,12597,HE电视,HE,电视,2200,4199,C,C企业,500000,2019,3,7
2019-07-14,上海市,A003,7,32683,GL洗衣机,GL,洗衣机,3200,4669,A,A企业,310000,2019,3,7
2019-07-14,成都市,C002,5,20995,HE电视,HE,电视,2200,4199,C,C企业,510100,2019,3,7
2019-07-14,重庆市,A003,7,32683,GL洗衣机,GL,洗衣机,3200,4669,A,A企业,500000,2019,3,7
2019-07-14,深圳市,A001,5,23345,GL冰箱,GL,冰箱,2200,4669,A,A企业,440300,2019,3,7
2019-07-14,厦门市,A003,7,32683,GL洗衣机,GL,洗衣机,3200,4669,A,A企业,350200,2019,3,7
2019-07-14,厦门市,C001,4,14396,HE冰箱,HE,冰箱,1800,3599,C,C企业,350200,2019,3,7
2019-07-14,成都市,A002,6,19794,GL电视,GL,电视,1500,3299,A,A企业,510100,2019,3,7
2019-07-14,厦门市,B003,6,34194,MD洗衣机,MD,洗衣机,3100,5699,B,B企业,350200,2019,3,7
2019-07-14,上海市,A001,5,23345,GL冰箱,GL,冰箱,2200,4669,A,A企业,310000,2019,3,7
2019-07-14,苏州市,B003,4,22796,MD洗衣机,MD,洗衣机,3100,5699,B,B企业,320500,2019,3,7
2019-07-14,重庆市,A001,5,23345,GL冰箱,GL,冰箱,2200,4669,A,A企业,500000,2019,3,7
2019-07-14,重庆市,B003,8,45592,MD洗衣机,MD,洗衣机,3100,5699,B,B企业,500000,2019,3,7
2019-07-14,深圳市,A002,8,26392,GL电视,GL,电视,1500,3299,A,A企业,440300,2019,3,7
2019-07-14,长沙市,B001,5,20995,MD冰箱,MD,冰箱,2500,4199,B,B企业,430100,2019,3,7
2019-07-14,成都市,C001,4,14396,HE冰箱,HE,冰箱,1800,3599,C,C企业,510100,2019,3,7
2019-07-14,深圳市,C002,3,12597,HE电视,HE,电视,2200,4199,C,C企业,440300,2019,3,7
2019-07-14,金华市,B001,7,29393,MD冰箱,MD,冰箱,2500,4199,B,B企业,330700,2019,3,7
2019-07-14,金华市,B003,4,22796,MD洗衣机,MD,洗衣机,3100,5699,B,B企业,330700,2019,3,7
2019-07-14,成都市,B003,7,39893,MD洗衣机,MD,洗衣机,3100,5699,B,B企业,510100,2019,3,7
2019-07-14,金华市,A003,4,18676,GL洗衣机,GL,洗衣机,3200,4669,A,A企业,330700,2019,3,7
2019-07-14,金华市,A002,7,23093,GL电视,GL,电视,1500,3299,A,A企业,330700,2019,3,7
2019-07-14,厦门市,A001,3,14007,GL冰箱,GL,冰箱,2200,4669,A,A企业,350200,2019,3,7
2019-07-14,上海市,C001,4,14396,HE冰箱,HE,冰箱,1800,3599,C,C企业,310000,2019,3,7
2019-07-14,金华市,B002,2,7198,MD电视,MD,电视,2000,4299,B,B企业,330700,2019,3,7
2019-07-14,厦门市,B002,5,17995,MD电视,MD,电视,2000,4299,B,B企业,350200,2019,3,7
2019-07-14,苏州市,B001,4,16796,MD冰箱,MD,冰箱,2500,4199,B,B企业,320500,2019,3,7
2019-07-14,深圳市,A003,6,28014,GL洗衣机,GL,洗衣机,3200,4669,A,A企业,440300,2019,3,7
2019-07-15,深圳市,A001,2,9338,GL冰箱,GL,冰箱,2200,4669,A,A企业,440300,2019,3,7
2019-07-15,重庆市,A001,6,28014,GL冰箱,GL,冰箱,2200,4669,A,A企业,500000,2019,3,7
2019-07-15,厦门市,A003,5,23345,GL洗衣机,GL,洗衣机,3200,4669,A,A企业,350200,2019,3,7
2019-07-15,成都市,C002,6,25194,HE电视,HE,电视,2200,4199,C,C企业,510100,2019,3,7
2019-07-15,金华市,A001,4,18676,GL冰箱,GL,冰箱,2200,4669,A,A企业,330700,2019,3,7
2019-07-15,重庆市,B002,3,10797,MD电视,MD,电视,2000,4299,B,B企业,500000,2019,3,7
2019-07-15,重庆市,A003,8,37352,GL洗衣机,GL,洗衣机,3200,4669,A,A企业,500000,2019,3,7
2019-07-15,厦门市,B002,3,10797,MD电视,MD,电视,2000,4299,B,B企业,350200,2019,3,7
2019-07-15,苏州市,A001,3,14007,GL冰箱,GL,冰箱,2200,4669,A,A企业,320500,2019,3,7
2019-07-15,厦门市,C002,8,33592,HE电视,HE,电视,2200,4199,C,C企业,350200,2019,3,7
2019-07-15,厦门市,A001,3,14007,GL冰箱,GL,冰箱,2200,4669,A,A企业,350200,2019,3,7
2019-07-15,金华市,A003,5,23345,GL洗衣机,GL,洗衣机,3200,4669,A,A企业,330700,2019,3,7
2019-07-15,厦门市,B003,4,22796,MD洗衣机,MD,洗衣机,3100,5699,B,B企业,350200,2019,3,7
2019-07-15,金华市,C002,6,25194,HE电视,HE,电视,2200,4199,C,C企业,330700,2019,3,7
2019-07-15,金华市,B002,8,28792,MD电视,MD,电视,2000,4299,B,B企业,330700,2019,3,7
2019-07-15,深圳市,B003,3,17097,MD洗衣机,MD,洗衣机,3100,5699,B,B企业,440300,2019,3,7
2019-07-15,深圳市,B001,4,16796,MD冰箱,MD,冰箱,2500,4199,B,B企业,440300,2019,3,7
2019-07-15,重庆市,B001,2,8398,MD冰箱,MD,冰箱,2500,4199,B,B企业,500000,2019,3,7
2019-07-15,重庆市,C002,8,33592,HE电视,HE,电视,2200,4199,C,C企业,500000,2019,3,7
2019-07-15,厦门市,B001,6,25194,MD冰箱,MD,冰箱,2500,4199,B,B企业,350200,2019,3,7
2019-07-15,金华市,B001,5,20995,MD冰箱,MD,冰箱,2500,4199,B,B企业,330700,2019,3,7
2019-07-15,深圳市,C002,7,29393,HE电视,HE,电视,2200,4199,C,C企业,440300,2019,3,7
2019-07-15,金华市,C001,6,21594,HE冰箱,HE,冰箱,1800,3599,C,C企业,330700,2019,3,7
2019-07-15,厦门市,A002,4,13196,GL电视,GL,电视,1500,3299,A,A企业,350200,2019,3,7
2019-07-15,上海市,A001,6,28014,GL冰箱,GL,冰箱,2200,4669,A,A企业,310000,2019,3,7
2019-07-15,重庆市,A002,4,13196,GL电视,GL,电视,1500,3299,A,A企业,500000,2019,3,7
2019-07-15,金华市,A002,3,9897,GL电视,GL,电视,1500,3299,A,A企业,330700,2019,3,7
2019-07-15,上海市,B001,4,16796,MD冰箱,MD,冰箱,2500,4199,B,B企业,310000,2019,3,7
2019-07-15,成都市,A001,4,18676,GL冰箱,GL,冰箱,2200,4669,A,A企业,510100,2019,3,7
2019-07-15,长沙市,B001,5,20995,MD冰箱,MD,冰箱,2500,4199,B,B企业,430100,2019,3,7
2019-07-15,上海市,C001,4,14396,HE冰箱,HE,冰箱,1800,3599,C,C企业,310000,2019,3,7
2019-07-16,上海市,B001,6,25194,MD冰箱,MD,冰箱,2500,4199,B,B企业,310000,2019,3,7
2019-07-16,上海市,C002,3,12597,HE电视,HE,电视,2200,4199,C,C企业,310000,2019,3,7
2019-07-16,金华市,A002,4,13196,GL电视,GL,电视,1500,3299,A,A企业,330700,2019,3,7
2019-07-16,厦门市,C002,4,16796,HE电视,HE,电视,2200,4199,C,C企业,350200,2019,3,7
2019-07-16,上海市,C001,7,25193,HE冰箱,HE,冰箱,1800,3599,C,C企业,310000,2019,3,7
2019-07-16,上海市,A001,3,14007,GL冰箱,GL,冰箱,2200,4669,A,A企业,310000,2019,3,7
2019-07-16,苏州市,C001,2,7198,HE冰箱,HE,冰箱,1800,3599,C,C企业,320500,2019,3,7
2019-07-16,苏州市,A001,4,18676,GL冰箱,GL,冰箱,2200,4669,A,A企业,320500,2019,3,7
2019-07-16,金华市,C001,2,7198,HE冰箱,HE,冰箱,1800,3599,C,C企业,330700,2019,3,7
2019-07-16,金华市,A001,5,23345,GL冰箱,GL,冰箱,2200,4669,A,A企业,330700,2019,3,7
2019-07-16,成都市,C002,8,33592,HE电视,HE,电视,2200,4199,C,C企业,510100,2019,3,7
2019-07-16,厦门市,C001,4,14396,HE冰箱,HE,冰箱,1800,3599,C,C企业,350200,2019,3,7
2019-07-16,重庆市,C002,9,37791,HE电视,HE,电视,2200,4199,C,C企业,500000,2019,3,7
2019-07-16,重庆市,A001,3,14007,GL冰箱,GL,冰箱,2200,4669,A,A企业,500000,2019,3,7
2019-07-16,长沙市,B001,3,12597,MD冰箱,MD,冰箱,2500,4199,B,B企业,430100,2019,3,7
2019-07-16,厦门市,B001,3,12597,MD冰箱,MD,冰箱,2500,4199,B,B企业,350200,2019,3,7
2019-07-16,深圳市,B001,3,12597,MD冰箱,MD,冰箱,2500,4199,B,B企业,440300,2019,3,7
2019-07-16,苏州市,B001,5,20995,MD冰箱,MD,冰箱,2500,4199,B,B企业,320500,2019,3,7
2019-07-16,成都市,A001,2,9338,GL冰箱,GL,冰箱,2200,4669,A,A企业,510100,2019,3,7
2019-07-16,重庆市,A002,7,23093,GL电视,GL,电视,1500,3299,A,A企业,500000,2019,3,7
2019-07-16,上海市,A002,3,9897,GL电视,GL,电视,1500,3299,A,A企业,310000,2019,3,7
2019-07-16,成都市,B002,6,21594,MD电视,MD,电视,2000,4299,B,B企业,510100,2019,3,7
2019-07-16,深圳市,C003,9,42021,HE洗衣机,HE,洗衣机,2600,4699,C,C企业,440300,2019,3,7
2019-07-16,金华市,B001,7,29393,MD冰箱,MD,冰箱,2500,4199,B,B企业,330700,2019,3,7
2019-07-16,重庆市,B001,2,8398,MD冰箱,MD,冰箱,2500,4199,B,B企业,500000,2019,3,7
2019-07-16,深圳市,A002,2,6598,GL电视,GL,电视,1500,3299,A,A企业,440300,2019,3,7
2019-07-16,金华市,A003,3,14007,GL洗衣机,GL,洗衣机,3200,4669,A,A企业,330700,2019,3,7
2019-07-17,重庆市,A002,6,19794,GL电视,GL,电视,1500,3299,A,A企业,500000,2019,3,7
2019-07-17,厦门市,A001,9,42021,GL冰箱,GL,冰箱,2200,4669,A,A企业,350200,2019,3,7
2019-07-17,厦门市,B001,5,20995,MD冰箱,MD,冰箱,2500,4199,B,B企业,350200,2019,3,7
2019-07-17,重庆市,A001,9,42021,GL冰箱,GL,冰箱,2200,4669,A,A企业,500000,2019,3,7
2019-07-17,深圳市,A001,4,18676,GL冰箱,GL,冰箱,2200,4669,A,A企业,440300,2019,3,7
2019-07-17,成都市,B001,6,25194,MD冰箱,MD,冰箱,2500,4199,B,B企业,510100,2019,3,7
2019-07-17,厦门市,C001,4,14396,HE冰箱,HE,冰箱,1800,3599,C,C企业,350200,2019,3,7
2019-07-17,厦门市,A003,3,14007,GL洗衣机,GL,洗衣机,3200,4669,A,A企业,350200,2019,3,7
2019-07-17,成都市,A001,5,23345,GL冰箱,GL,冰箱,2200,4669,A,A企业,510100,2019,3,7
2019-07-17,厦门市,B002,6,21594,MD电视,MD,电视,2000,4299,B,B企业,350200,2019,3,7
2019-07-17,金华市,A002,9,29691,GL电视,GL,电视,1500,3299,A,A企业,330700,2019,3,7
2019-07-17,深圳市,B001,4,16796,MD冰箱,MD,冰箱,2500,4199,B,B企业,440300,2019,3,7
2019-07-17,重庆市,B002,3,10797,MD电视,MD,电视,2000,4299,B,B企业,500000,2019,3,7
2019-07-17,金华市,A001,5,23345,GL冰箱,GL,冰箱,2200,4669,A,A企业,330700,2019,3,7
2019-07-17,上海市,A001,3,14007,GL冰箱,GL,冰箱,2200,4669,A,A企业,310000,2019,3,7
2019-07-17,金华市,B001,5,20995,MD冰箱,MD,冰箱,2500,4199,B,B企业,330700,2019,3,7
2019-07-17,金华市,B003,6,34194,MD洗衣机,MD,洗衣机,3100,5699,B,B企业,330700,2019,3,7
2019-07-17,苏州市,A001,5,23345,GL冰箱,GL,冰箱,2200,4669,A,A企业,320500,2019,3,7
2019-07-17,上海市,B002,3,10797,MD电视,MD,电视,2000,4299,B,B企业,310000,2019,3,7
2019-07-17,成都市,B003,4,22796,MD洗衣机,MD,洗衣机,3100,5699,B,B企业,510100,2019,3,7
2019-07-17,深圳市,B003,6,34194,MD洗衣机,MD,洗衣机,3100,5699,B,B企业,440300,2019,3,7
2019-07-17,成都市,B002,7,25193,MD电视,MD,电视,2000,4299,B,B企业,510100,2019,3,7
2019-07-17,长沙市,C001,6,21594,HE冰箱,HE,冰箱,1800,3599,C,C企业,430100,2019,3,7
2019-07-17,苏州市,B001,5,20995,MD冰箱,MD,冰箱,2500,4199,B,B企业,320500,2019,3,7
2019-07-17,长沙市,A001,6,28014,GL冰箱,GL,冰箱,2200,4669,A,A企业,430100,2019,3,7
2019-07-17,上海市,B003,7,39893,MD洗衣机,MD,洗衣机,3100,5699,B,B企业,310000,2019,3,7
2019-07-17,金华市,C001,6,21594,HE冰箱,HE,冰箱,1800,3599,C,C企业,330700,2019,3,7
2019-07-17,长沙市,B002,6,21594,MD电视,MD,电视,2000,4299,B,B企业,430100,2019,3,7
2019-07-17,金华市,B002,7,25193,MD电视,MD,电视,2000,4299,B,B企业,330700,2019,3,7
2019-07-17,深圳市,B002,5,17995,MD电视,MD,电视,2000,4299,B,B企业,440300,2019,3,7
2019-07-17,厦门市,B003,7,39893,MD洗衣机,MD,洗衣机,3100,5699,B,B企业,350200,2019,3,7
2019-07-18,厦门市,A003,5,23345,GL洗衣机,GL,洗衣机,3200,4669,A,A企业,350200,2019,3,7
2019-07-18,成都市,A001,5,23345,GL冰箱,GL,冰箱,2200,4669,A,A企业,510100,2019,3,7
2019-07-18,深圳市,B003,5,28495,MD洗衣机,MD,洗衣机,3100,5699,B,B企业,440300,2019,3,7
2019-07-18,厦门市,B003,6,34194,MD洗衣机,MD,洗衣机,3100,5699,B,B企业,350200,2019,3,7
2019-07-18,深圳市,B002,4,14396,MD电视,MD,电视,2000,4299,B,B企业,440300,2019,3,7
2019-07-18,成都市,B002,4,14396,MD电视,MD,电视,2000,4299,B,B企业,510100,2019,3,7
2019-07-18,上海市,C001,8,28792,HE冰箱,HE,冰箱,1800,3599,C,C企业,310000,2019,3,7
2019-07-18,厦门市,C001,3,10797,HE冰箱,HE,冰箱,1800,3599,C,C企业,350200,2019,3,7
2019-07-18,金华市,A001,6,28014,GL冰箱,GL,冰箱,2200,4669,A,A企业,330700,2019,3,7
2019-07-18,深圳市,A003,7,32683,GL洗衣机,GL,洗衣机,3200,4669,A,A企业,440300,2019,3,7
2019-07-18,金华市,B001,6,25194,MD冰箱,MD,冰箱,2500,4199,B,B企业,330700,2019,3,7
2019-07-18,长沙市,B001,6,25194,MD冰箱,MD,冰箱,2500,4199,B,B企业,430100,2019,3,7
2019-07-18,重庆市,A001,2,9338,GL冰箱,GL,冰箱,2200,4669,A,A企业,500000,2019,3,7
2019-07-18,深圳市,B001,5,20995,MD冰箱,MD,冰箱,2500,4199,B,B企业,440300,2019,3,7
2019-07-18,重庆市,B001,6,25194,MD冰箱,MD,冰箱,2500,4199,B,B企业,500000,2019,3,7
2019-07-18,长沙市,B002,9,32391,MD电视,MD,电视,2000,4299,B,B企业,430100,2019,3,7
2019-07-18,金华市,B002,2,7198,MD电视,MD,电视,2000,4299,B,B企业,330700,2019,3,7
2019-07-18,厦门市,A001,6,28014,GL冰箱,GL,冰箱,2200,4669,A,A企业,350200,2019,3,7
2019-07-18,上海市,B001,9,37791,MD冰箱,MD,冰箱,2500,4199,B,B企业,310000,2019,3,7
2019-07-18,深圳市,A001,2,9338,GL冰箱,GL,冰箱,2200,4669,A,A企业,440300,2019,3,7
2019-07-18,上海市,A002,4,13196,GL电视,GL,电视,1500,3299,A,A企业,310000,2019,3,7
2019-07-18,长沙市,A002,6,19794,GL电视,GL,电视,1500,3299,A,A企业,430100,2019,3,7
2019-07-18,厦门市,B002,4,14396,MD电视,MD,电视,2000,4299,B,B企业,350200,2019,3,7
2019-07-18,成都市,B001,5,20995,MD冰箱,MD,冰箱,2500,4199,B,B企业,510100,2019,3,7
2019-07-18,深圳市,A002,4,13196,GL电视,GL,电视,1500,3299,A,A企业,440300,2019,3,7
2019-07-18,重庆市,C001,4,14396,HE冰箱,HE,冰箱,1800,3599,C,C企业,500000,2019,3,7
2019-07-18,上海市,A001,2,9338,GL冰箱,GL,冰箱,2200,4669,A,A企业,310000,2019,3,7
2019-07-18,苏州市,A001,7,32683,GL冰箱,GL,冰箱,2200,4669,A,A企业,320500,2019,3,7
2019-07-18,厦门市,B001,6,25194,MD冰箱,MD,冰箱,2500,4199,B,B企业,350200,2019,3,7
2019-07-19,厦门市,A001,5,23345,GL冰箱,GL,冰箱,2200,4669,A,A企业,350200,2019,3,7
2019-07-19,深圳市,A001,5,23345,GL冰箱,GL,冰箱,2200,4669,A,A企业,440300,2019,3,7
2019-07-19,金华市,A002,4,13196,GL电视,GL,电视,1500,3299,A,A企业,330700,2019,3,7
2019-07-19,厦门市,B002,5,17995,MD电视,MD,电视,2000,4299,B,B企业,350200,2019,3,7
2019-07-19,重庆市,B001,3,12597,MD冰箱,MD,冰箱,2500,4199,B,B企业,500000,2019,3,7
2019-07-19,重庆市,A001,3,14007,GL冰箱,GL,冰箱,2200,4669,A,A企业,500000,2019,3,7
2019-07-19,成都市,B001,6,25194,MD冰箱,MD,冰箱,2500,4199,B,B企业,510100,2019,3,7
2019-07-19,上海市,A001,5,23345,GL冰箱,GL,冰箱,2200,4669,A,A企业,310000,2019,3,7
2019-07-19,长沙市,B001,3,12597,MD冰箱,MD,冰箱,2500,4199,B,B企业,430100,2019,3,7
2019-07-19,金华市,A001,3,14007,GL冰箱,GL,冰箱,2200,4669,A,A企业,330700,2019,3,7
2019-07-19,上海市,B001,8,33592,MD冰箱,MD,冰箱,2500,4199,B,B企业,310000,2019,3,7
2019-07-19,厦门市,C001,9,32391,HE冰箱,HE,冰箱,1800,3599,C,C企业,350200,2019,3,7
2019-07-19,金华市,B001,5,20995,MD冰箱,MD,冰箱,2500,4199,B,B企业,330700,2019,3,7
2019-07-19,厦门市,A002,5,16495,GL电视,GL,电视,1500,3299,A,A企业,350200,2019,3,7
2019-07-19,金华市,C001,6,21594,HE冰箱,HE,冰箱,1800,3599,C,C企业,330700,2019,3,7
2019-07-19,上海市,B002,6,21594,MD电视,MD,电视,2000,4299,B,B企业,310000,2019,3,7
2019-07-19,成都市,C001,7,25193,HE冰箱,HE,冰箱,1800,3599,C,C企业,510100,2019,3,7
2019-07-19,厦门市,B001,9,37791,MD冰箱,MD,冰箱,2500,4199,B,B企业,350200,2019,3,7
2019-07-19,深圳市,A003,7,32683,GL洗衣机,GL,洗衣机,3200,4669,A,A企业,440300,2019,3,7
2019-07-19,金华市,A003,5,23345,GL洗衣机,GL,洗衣机,3200,4669,A,A企业,330700,2019,3,7
2019-07-19,上海市,A002,3,9897,GL电视,GL,电视,1500,3299,A,A企业,310000,2019,3,7
2019-07-19,上海市,A003,5,23345,GL洗衣机,GL,洗衣机,3200,4669,A,A企业,310000,2019,3,7
2019-07-19,重庆市,A003,5,23345,GL洗衣机,GL,洗衣机,3200,4669,A,A企业,500000,2019,3,7
2019-07-19,重庆市,C001,9,32391,HE冰箱,HE,冰箱,1800,3599,C,C企业,500000,2019,3,7
2019-07-19,上海市,B003,6,34194,MD洗衣机,MD,洗衣机,3100,5699,B,B企业,310000,2019,3,7
2019-07-19,厦门市,B003,5,28495,MD洗衣机,MD,洗衣机,3100,5699,B,B企业,350200,2019,3,7
2019-07-19,苏州市,A001,5,23345,GL冰箱,GL,冰箱,2200,4669,A,A企业,320500,2019,3,7
2019-07-19,重庆市,B003,6,34194,MD洗衣机,MD,洗衣机,3100,5699,B,B企业,500000,2019,3,7
2019-07-19,成都市,A001,6,28014,GL冰箱,GL,冰箱,2200,4669,A,A企业,510100,2019,3,7
2019-07-19,金华市,B002,3,10797,MD电视,MD,电视,2000,4299,B,B企业,330700,2019,3,7
2019-07-19,上海市,C001,5,17995,HE冰箱,HE,冰箱,1800,3599,C,C企业,310000,2019,3,7
2019-07-20,成都市,B003,7,39893,MD洗衣机,MD,洗衣机,3100,5699,B,B企业,510100,2019,3,7
2019-07-20,厦门市,B003,4,22796,MD洗衣机,MD,洗衣机,3100,5699,B,B企业,350200,2019,3,7
2019-07-20,长沙市,B001,2,8398,MD冰箱,MD,冰箱,2500,4199,B,B企业,430100,2019,3,7
2019-07-20,厦门市,A001,5,23345,GL冰箱,GL,冰箱,2200,4669,A,A企业,350200,2019,3,7
2019-07-20,重庆市,B002,7,25193,MD电视,MD,电视,2000,4299,B,B企业,500000,2019,3,7
2019-07-20,金华市,B002,7,25193,MD电视,MD,电视,2000,4299,B,B企业,330700,2019,3,7
2019-07-20,长沙市,A001,8,37352,GL冰箱,GL,冰箱,2200,4669,A,A企业,430100,2019,3,7
2019-07-20,深圳市,B002,7,25193,MD电视,MD,电视,2000,4299,B,B企业,440300,2019,3,7
2019-07-20,深圳市,B001,6,25194,MD冰箱,MD,冰箱,2500,4199,B,B企业,440300,2019,3,7
2019-07-20,金华市,A001,6,28014,GL冰箱,GL,冰箱,2200,4669,A,A企业,330700,2019,3,7
2019-07-20,重庆市,B001,3,12597,MD冰箱,MD,冰箱,2500,4199,B,B企业,500000,2019,3,7
2019-07-20,重庆市,A001,6,28014,GL冰箱,GL,冰箱,2200,4669,A,A企业,500000,2019,3,7
2019-07-20,苏州市,B001,2,8398,MD冰箱,MD,冰箱,2500,4199,B,B企业,320500,2019,3,7
2019-07-20,金华市,B001,4,16796,MD冰箱,MD,冰箱,2500,4199,B,B企业,330700,2019,3,7
2019-07-20,厦门市,B001,7,29393,MD冰箱,MD,冰箱,2500,4199,B,B企业,350200,2019,3,7
2019-07-20,深圳市,A001,5,23345,GL冰箱,GL,冰箱,2200,4669,A,A企业,440300,2019,3,7
2019-07-20,成都市,A001,3,14007,GL冰箱,GL,冰箱,2200,4669,A,A企业,510100,2019,3,7
2019-07-20,重庆市,C001,4,14396,HE冰箱,HE,冰箱,1800,3599,C,C企业,500000,2019,3,7
2019-07-20,长沙市,B002,4,14396,MD电视,MD,电视,2000,4299,B,B企业,430100,2019,3,7
2019-07-20,厦门市,C001,2,7198,HE冰箱,HE,冰箱,1800,3599,C,C企业,350200,2019,3,7
2019-07-20,厦门市,C002,2,8398,HE电视,HE,电视,2200,4199,C,C企业,350200,2019,3,7
2019-07-20,金华市,C001,2,7198,HE冰箱,HE,冰箱,1800,3599,C,C企业,330700,2019,3,7
2019-07-20,上海市,B001,3,12597,MD冰箱,MD,冰箱,2500,4199,B,B企业,310000,2019,3,7
2019-07-20,成都市,C001,7,25193,HE冰箱,HE,冰箱,1800,3599,C,C企业,510100,2019,3,7
2019-07-20,深圳市,C001,9,32391,HE冰箱,HE,冰箱,1800,3599,C,C企业,440300,2019,3,7
2019-07-20,上海市,A001,3,14007,GL冰箱,GL,冰箱,2200,4669,A,A企业,310000,2019,3,7
2019-07-20,厦门市,A003,6,28014,GL洗衣机,GL,洗衣机,3200,4669,A,A企业,350200,2019,3,7
2019-07-20,上海市,C002,6,25194,HE电视,HE,电视,2200,4199,C,C企业,310000,2019,3,7
2019-07-21,上海市,B002,3,10797,MD电视,MD,电视,2000,4299,B,B企业,310000,2019,3,7
2019-07-21,金华市,A001,2,9338,GL冰箱,GL,冰箱,2200,4669,A,A企业,330700,2019,3,7
2019-07-21,厦门市,A001,5,23345,GL冰箱,GL,冰箱,2200,4669,A,A企业,350200,2019,3,7
2019-07-21,上海市,A001,7,32683,GL冰箱,GL,冰箱,2200,4669,A,A企业,310000,2019,3,7
2019-07-21,上海市,C003,2,9338,HE洗衣机,HE,洗衣机,2600,4699,C,C企业,310000,2019,3,7
2019-07-21,长沙市,A001,2,9338,GL冰箱,GL,冰箱,2200,4669,A,A企业,430100,2019,3,7
2019-07-21,厦门市,B002,4,14396,MD电视,MD,电视,2000,4299,B,B企业,350200,2019,3,7
2019-07-21,重庆市,C001,5,17995,HE冰箱,HE,冰箱,1800,3599,C,C企业,500000,2019,3,7
2019-07-21,厦门市,C002,4,16796,HE电视,HE,电视,2200,4199,C,C企业,350200,2019,3,7
2019-07-21,成都市,A001,7,32683,GL冰箱,GL,冰箱,2200,4669,A,A企业,510100,2019,3,7
2019-07-21,金华市,B001,4,16796,MD冰箱,MD,冰箱,2500,4199,B,B企业,330700,2019,3,7
2019-07-21,成都市,C002,8,33592,HE电视,HE,电视,2200,4199,C,C企业,510100,2019,3,7
2019-07-21,长沙市,C001,8,28792,HE冰箱,HE,冰箱,1800,3599,C,C企业,430100,2019,3,7
2019-07-21,重庆市,A001,3,14007,GL冰箱,GL,冰箱,2200,4669,A,A企业,500000,2019,3,7
2019-07-21,厦门市,B001,7,29393,MD冰箱,MD,冰箱,2500,4199,B,B企业,350200,2019,3,7
2019-07-21,金华市,C001,5,17995,HE冰箱,HE,冰箱,1800,3599,C,C企业,330700,2019,3,7
2019-07-21,成都市,B001,5,20995,MD冰箱,MD,冰箱,2500,4199,B,B企业,510100,2019,3,7
2019-07-21,苏州市,A001,2,9338,GL冰箱,GL,冰箱,2200,4669,A,A企业,320500,2019,3,7
2019-07-21,深圳市,A001,8,37352,GL冰箱,GL,冰箱,2200,4669,A,A企业,440300,2019,3,7
2019-07-21,重庆市,A002,8,26392,GL电视,GL,电视,1500,3299,A,A企业,500000,2019,3,7
2019-07-21,重庆市,B001,8,33592,MD冰箱,MD,冰箱,2500,4199,B,B企业,500000,2019,3,7
2019-07-21,深圳市,B001,6,25194,MD冰箱,MD,冰箱,2500,4199,B,B企业,440300,2019,3,7
2019-07-21,苏州市,B001,3,12597,MD冰箱,MD,冰箱,2500,4199,B,B企业,320500,2019,3,7
2019-07-21,重庆市,A003,4,18676,GL洗衣机,GL,洗衣机,3200,4669,A,A企业,500000,2019,3,7
2019-07-21,金华市,C002,2,8398,HE电视,HE,电视,2200,4199,C,C企业,330700,2019,3,7
2019-07-22,上海市,C003,4,18676,HE洗衣机,HE,洗衣机,2600,4699,C,C企业,310000,2019,3,7
2019-07-22,上海市,A001,6,28014,GL冰箱,GL,冰箱,2200,4669,A,A企业,310000,2019,3,7
2019-07-22,重庆市,B001,6,25194,MD冰箱,MD,冰箱,2500,4199,B,B企业,500000,2019,3,7
2019-07-22,重庆市,A002,3,9897,GL电视,GL,电视,1500,3299,A,A企业,500000,2019,3,7
2019-07-22,深圳市,A002,3,9897,GL电视,GL,电视,1500,3299,A,A企业,440300,2019,3,7
2019-07-22,重庆市,A001,5,23345,GL冰箱,GL,冰箱,2200,4669,A,A企业,500000,2019,3,7
2019-07-22,深圳市,A001,7,32683,GL冰箱,GL,冰箱,2200,4669,A,A企业,440300,2019,3,7
2019-07-22,金华市,A001,5,23345,GL冰箱,GL,冰箱,2200,4669,A,A企业,330700,2019,3,7
2019-07-22,苏州市,A001,6,28014,GL冰箱,GL,冰箱,2200,4669,A,A企业,320500,2019,3,7
2019-07-22,长沙市,A001,4,18676,GL冰箱,GL,冰箱,2200,4669,A,A企业,430100,2019,3,7
2019-07-22,上海市,C001,3,10797,HE冰箱,HE,冰箱,1800,3599,C,C企业,310000,2019,3,7
2019-07-22,金华市,A002,8,26392,GL电视,GL,电视,1500,3299,A,A企业,330700,2019,3,7
2019-07-22,重庆市,C002,4,16796,HE电视,HE,电视,2200,4199,C,C企业,500000,2019,3,7
2019-07-22,上海市,C002,5,20995,HE电视,HE,电视,2200,4199,C,C企业,310000,2019,3,7
2019-07-22,深圳市,C002,6,25194,HE电视,HE,电视,2200,4199,C,C企业,440300,2019,3,7
2019-07-22,厦门市,A001,6,28014,GL冰箱,GL,冰箱,2200,4669,A,A企业,350200,2019,3,7
2019-07-22,成都市,B002,8,28792,MD电视,MD,电视,2000,4299,B,B企业,510100,2019,3,7
2019-07-22,深圳市,C001,2,7198,HE冰箱,HE,冰箱,1800,3599,C,C企业,440300,2019,3,7
2019-07-22,成都市,A001,3,14007,GL冰箱,GL,冰箱,2200,4669,A,A企业,510100,2019,3,7
2019-07-22,长沙市,C002,8,33592,HE电视,HE,电视,2200,4199,C,C企业,430100,2019,3,7
2019-07-22,金华市,B001,4,16796,MD冰箱,MD,冰箱,2500,4199,B,B企业,330700,2019,3,7
2019-07-22,厦门市,B002,6,21594,MD电视,MD,电视,2000,4299,B,B企业,350200,2019,3,7
2019-07-22,长沙市,B002,4,14396,MD电视,MD,电视,2000,4299,B,B企业,430100,2019,3,7
2019-07-22,苏州市,C002,5,20995,HE电视,HE,电视,2200,4199,C,C企业,320500,2019,3,7
2019-07-22,成都市,C002,9,37791,HE电视,HE,电视,2200,4199,C,C企业,510100,2019,3,7
2019-07-22,厦门市,B001,4,16796,MD冰箱,MD,冰箱,2500,4199,B,B企业,350200,2019,3,7
2019-07-22,金华市,B002,6,21594,MD电视,MD,电视,2000,4299,B,B企业,330700,2019,3,7
2019-07-22,长沙市,B001,9,37791,MD冰箱,MD,冰箱,2500,4199,B,B企业,430100,2019,3,7
2019-07-23,厦门市,A001,4,18676,GL冰箱,GL,冰箱,2200,4669,A,A企业,350200,2019,3,7
2019-07-23,金华市,B001,2,8398,MD冰箱,MD,冰箱,2500,4199,B,B企业,330700,2019,3,7
2019-07-23,深圳市,C002,6,25194,HE电视,HE,电视,2200,4199,C,C企业,440300,2019,3,7
2019-07-23,长沙市,A002,6,19794,GL电视,GL,电视,1500,3299,A,A企业,430100,2019,3,7
2019-07-23,金华市,A001,6,28014,GL冰箱,GL,冰箱,2200,4669,A,A企业,330700,2019,3,7
2019-07-23,重庆市,B001,4,16796,MD冰箱,MD,冰箱,2500,4199,B,B企业,500000,2019,3,7
2019-07-23,长沙市,A001,6,28014,GL冰箱,GL,冰箱,2200,4669,A,A企业,430100,2019,3,7
2019-07-23,苏州市,C002,2,8398,HE电视,HE,电视,2200,4199,C,C企业,320500,2019,3,7
2019-07-23,重庆市,C002,7,29393,HE电视,HE,电视,2200,4199,C,C企业,500000,2019,3,7
2019-07-23,长沙市,C002,8,33592,HE电视,HE,电视,2200,4199,C,C企业,430100,2019,3,7
2019-07-23,厦门市,B001,6,25194,MD冰箱,MD,冰箱,2500,4199,B,B企业,350200,2019,3,7
2019-07-23,深圳市,A001,5,23345,GL冰箱,GL,冰箱,2200,4669,A,A企业,440300,2019,3,7
2019-07-23,长沙市,B001,2,8398,MD冰箱,MD,冰箱,2500,4199,B,B企业,430100,2019,3,7
2019-07-23,深圳市,C001,6,21594,HE冰箱,HE,冰箱,1800,3599,C,C企业,440300,2019,3,7
2019-07-23,成都市,A001,3,14007,GL冰箱,GL,冰箱,2200,4669,A,A企业,510100,2019,3,7
2019-07-23,金华市,C002,3,12597,HE电视,HE,电视,2200,4199,C,C企业,330700,2019,3,7
2019-07-23,厦门市,A002,6,19794,GL电视,GL,电视,1500,3299,A,A企业,350200,2019,3,7
2019-07-23,金华市,A002,4,13196,GL电视,GL,电视,1500,3299,A,A企业,330700,2019,3,7
2019-07-23,成都市,C001,4,14396,HE冰箱,HE,冰箱,1800,3599,C,C企业,510100,2019,3,7
2019-07-23,重庆市,A002,6,19794,GL电视,GL,电视,1500,3299,A,A企业,500000,2019,3,7
2019-07-23,成都市,B001,2,8398,MD冰箱,MD,冰箱,2500,4199,B,B企业,510100,2019,3,7
2019-07-23,重庆市,A001,4,18676,GL冰箱,GL,冰箱,2200,4669,A,A企业,500000,2019,3,7
2019-07-23,厦门市,A003,6,28014,GL洗衣机,GL,洗衣机,3200,4669,A,A企业,350200,2019,3,7
2019-07-23,厦门市,C002,6,25194,HE电视,HE,电视,2200,4199,C,C企业,350200,2019,3,7
2019-07-23,上海市,A002,3,9897,GL电视,GL,电视,1500,3299,A,A企业,310000,2019,3,7
2019-07-23,上海市,A001,6,28014,GL冰箱,GL,冰箱,2200,4669,A,A企业,310000,2019,3,7
2019-07-23,上海市,B001,6,25194,MD冰箱,MD,冰箱,2500,4199,B,B企业,310000,2019,3,7
2019-07-23,深圳市,A003,5,23345,GL洗衣机,GL,洗衣机,3200,4669,A,A企业,440300,2019,3,7
2019-07-23,重庆市,C001,6,21594,HE冰箱,HE,冰箱,1800,3599,C,C企业,500000,2019,3,7
2019-07-23,金华市,C001,3,10797,HE冰箱,HE,冰箱,1800,3599,C,C企业,330700,2019,3,7
2019-07-23,长沙市,B002,4,14396,MD电视,MD,电视,2000,4299,B,B企业,430100,2019,3,7
2019-07-23,上海市,C002,4,16796,HE电视,HE,电视,2200,4199,C,C企业,310000,2019,3,7
2019-07-23,深圳市,B001,4,16796,MD冰箱,MD,冰箱,2500,4199,B,B企业,440300,2019,3,7
2019-07-23,厦门市,B002,6,21594,MD电视,MD,电视,2000,4299,B,B企业,350200,2019,3,7
2019-07-24,重庆市,B002,6,21594,MD电视,MD,电视,2000,4299,B,B企业,500000,2019,3,7
2019-07-24,金华市,B001,8,33592,MD冰箱,MD,冰箱,2500,4199,B,B企业,330700,2019,3,7
2019-07-24,厦门市,B001,6,25194,MD冰箱,MD,冰箱,2500,4199,B,B企业,350200,2019,3,7
2019-07-24,厦门市,A001,6,28014,GL冰箱,GL,冰箱,2200,4669,A,A企业,350200,2019,3,7
2019-07-24,金华市,A001,4,18676,GL冰箱,GL,冰箱,2200,4669,A,A企业,330700,2019,3,7
2019-07-24,成都市,B001,6,25194,MD冰箱,MD,冰箱,2500,4199,B,B企业,510100,2019,3,7
2019-07-24,重庆市,A001,3,14007,GL冰箱,GL,冰箱,2200,4669,A,A企业,500000,2019,3,7
2019-07-24,长沙市,A001,7,32683,GL冰箱,GL,冰箱,2200,4669,A,A企业,430100,2019,3,7
2019-07-24,重庆市,B001,9,37791,MD冰箱,MD,冰箱,2500,4199,B,B企业,500000,2019,3,7
2019-07-24,深圳市,B001,5,20995,MD冰箱,MD,冰箱,2500,4199,B,B企业,440300,2019,3,7
2019-07-24,深圳市,B002,6,21594,MD电视,MD,电视,2000,4299,B,B企业,440300,2019,3,7
2019-07-24,长沙市,B001,7,29393,MD冰箱,MD,冰箱,2500,4199,B,B企业,430100,2019,3,7
2019-07-24,深圳市,A001,7,32683,GL冰箱,GL,冰箱,2200,4669,A,A企业,440300,2019,3,7
2019-07-24,重庆市,C001,5,17995,HE冰箱,HE,冰箱,1800,3599,C,C企业,500000,2019,3,7
2019-07-24,苏州市,C002,7,29393,HE电视,HE,电视,2200,4199,C,C企业,320500,2019,3,7
2019-07-24,金华市,C002,8,33592,HE电视,HE,电视,2200,4199,C,C企业,330700,2019,3,7
2019-07-24,金华市,C001,5,17995,HE冰箱,HE,冰箱,1800,3599,C,C企业,330700,2019,3,7
2019-07-24,金华市,B002,5,17995,MD电视,MD,电视,2000,4299,B,B企业,330700,2019,3,7
2019-07-24,上海市,B002,6,21594,MD电视,MD,电视,2000,4299,B,B企业,310000,2019,3,7
2019-07-24,厦门市,B002,3,10797,MD电视,MD,电视,2000,4299,B,B企业,350200,2019,3,7
2019-07-24,成都市,A001,4,18676,GL冰箱,GL,冰箱,2200,4669,A,A企业,510100,2019,3,7
2019-07-24,上海市,B001,6,25194,MD冰箱,MD,冰箱,2500,4199,B,B企业,310000,2019,3,7
2019-07-24,厦门市,A003,6,28014,GL洗衣机,GL,洗衣机,3200,4669,A,A企业,350200,2019,3,7
2019-07-24,重庆市,B003,5,28495,MD洗衣机,MD,洗衣机,3100,5699,B,B企业,500000,2019,3,7
2019-07-24,金华市,A003,5,23345,GL洗衣机,GL,洗衣机,3200,4669,A,A企业,330700,2019,3,7
2019-07-24,成都市,C001,4,14396,HE冰箱,HE,冰箱,1800,3599,C,C企业,510100,2019,3,7
2019-07-24,深圳市,C003,7,32683,HE洗衣机,HE,洗衣机,2600,4699,C,C企业,440300,2019,3,7
2019-07-24,上海市,A001,2,9338,GL冰箱,GL,冰箱,2200,4669,A,A企业,310000,2019,3,7
2019-07-24,深圳市,C002,2,8398,HE电视,HE,电视,2200,4199,C,C企业,440300,2019,3,7
2019-07-24,上海市,A003,6,28014,GL洗衣机,GL,洗衣机,3200,4669,A,A企业,310000,2019,3,7
2019-07-24,深圳市,A003,6,28014,GL洗衣机,GL,洗衣机,3200,4669,A,A企业,440300,2019,3,7
2019-07-25,金华市,B002,6,21594,MD电视,MD,电视,2000,4299,B,B企业,330700,2019,3,7
2019-07-25,上海市,B002,2,7198,MD电视,MD,电视,2000,4299,B,B企业,310000,2019,3,7
2019-07-25,金华市,A001,5,23345,GL冰箱,GL,冰箱,2200,4669,A,A企业,330700,2019,3,7
2019-07-25,重庆市,A001,7,32683,GL冰箱,GL,冰箱,2200,4669,A,A企业,500000,2019,3,7
2019-07-25,厦门市,B001,3,12597,MD冰箱,MD,冰箱,2500,4199,B,B企业,350200,2019,3,7
2019-07-25,重庆市,A003,2,9338,GL洗衣机,GL,洗衣机,3200,4669,A,A企业,500000,2019,3,7
2019-07-25,厦门市,A001,8,37352,GL冰箱,GL,冰箱,2200,4669,A,A企业,350200,2019,3,7
2019-07-25,长沙市,A002,6,19794,GL电视,GL,电视,1500,3299,A,A企业,430100,2019,3,7
2019-07-25,深圳市,A001,3,14007,GL冰箱,GL,冰箱,2200,4669,A,A企业,440300,2019,3,7
2019-07-25,成都市,A003,4,18676,GL洗衣机,GL,洗衣机,3200,4669,A,A企业,510100,2019,3,7
2019-07-25,厦门市,A002,5,16495,GL电视,GL,电视,1500,3299,A,A企业,350200,2019,3,7
2019-07-25,成都市,A001,5,23345,GL冰箱,GL,冰箱,2200,4669,A,A企业,510100,2019,3,7
2019-07-25,重庆市,A002,6,19794,GL电视,GL,电视,1500,3299,A,A企业,500000,2019,3,7
2019-07-25,金华市,A003,5,23345,GL洗衣机,GL,洗衣机,3200,4669,A,A企业,330700,2019,3,7
2019-07-25,厦门市,C002,3,12597,HE电视,HE,电视,2200,4199,C,C企业,350200,2019,3,7
2019-07-25,苏州市,B001,2,8398,MD冰箱,MD,冰箱,2500,4199,B,B企业,320500,2019,3,7
2019-07-25,金华市,A002,4,13196,GL电视,GL,电视,1500,3299,A,A企业,330700,2019,3,7
2019-07-25,深圳市,A002,6,19794,GL电视,GL,电视,1500,3299,A,A企业,440300,2019,3,7
2019-07-25,长沙市,C003,6,28014,HE洗衣机,HE,洗衣机,2600,4699,C,C企业,430100,2019,3,7
2019-07-25,成都市,C002,7,29393,HE电视,HE,电视,2200,4199,C,C企业,510100,2019,3,7
2019-07-25,上海市,C002,2,8398,HE电视,HE,电视,2200,4199,C,C企业,310000,2019,3,7
2019-07-25,上海市,A001,5,23345,GL冰箱,GL,冰箱,2200,4669,A,A企业,310000,2019,3,7
2019-07-25,重庆市,B001,4,16796,MD冰箱,MD,冰箱,2500,4199,B,B企业,500000,2019,3,7
2019-07-25,长沙市,A001,3,14007,GL冰箱,GL,冰箱,2200,4669,A,A企业,430100,2019,3,7
2019-07-25,重庆市,B002,3,10797,MD电视,MD,电视,2000,4299,B,B企业,500000,2019,3,7
2019-07-25,深圳市,B001,3,12597,MD冰箱,MD,冰箱,2500,4199,B,B企业,440300,2019,3,7
2019-07-25,深圳市,B002,5,17995,MD电视,MD,电视,2000,4299,B,B企业,440300,2019,3,7
2019-07-25,金华市,B001,3,12597,MD冰箱,MD,冰箱,2500,4199,B,B企业,330700,2019,3,7
2019-07-25,金华市,C002,8,33592,HE电视,HE,电视,2200,4199,C,C企业,330700,2019,3,7
2019-07-25,长沙市,C001,6,21594,HE冰箱,HE,冰箱,1800,3599,C,C企业,430100,2019,3,7
2019-07-25,上海市,B001,3,12597,MD冰箱,MD,冰箱,2500,4199,B,B企业,310000,2019,3,7
2019-07-26,厦门市,C001,7,25193,HE冰箱,HE,冰箱,1800,3599,C,C企业,350200,2019,3,7
2019-07-26,上海市,B001,5,20995,MD冰箱,MD,冰箱,2500,4199,B,B企业,310000,2019,3,7
2019-07-26,厦门市,B001,5,20995,MD冰箱,MD,冰箱,2500,4199,B,B企业,350200,2019,3,7
2019-07-26,金华市,A003,4,18676,GL洗衣机,GL,洗衣机,3200,4669,A,A企业,330700,2019,3,7
2019-07-26,长沙市,B001,4,16796,MD冰箱,MD,冰箱,2500,4199,B,B企业,430100,2019,3,7
2019-07-26,重庆市,B001,6,25194,MD冰箱,MD,冰箱,2500,4199,B,B企业,500000,2019,3,7
2019-07-26,长沙市,A003,5,23345,GL洗衣机,GL,洗衣机,3200,4669,A,A企业,430100,2019,3,7
2019-07-26,金华市,C002,4,16796,HE电视,HE,电视,2200,4199,C,C企业,330700,2019,3,7
2019-07-26,深圳市,A001,5,23345,GL冰箱,GL,冰箱,2200,4669,A,A企业,440300,2019,3,7
2019-07-26,长沙市,B003,3,17097,MD洗衣机,MD,洗衣机,3100,5699,B,B企业,430100,2019,3,7
2019-07-26,深圳市,B003,5,28495,MD洗衣机,MD,洗衣机,3100,5699,B,B企业,440300,2019,3,7
2019-07-26,上海市,A001,6,28014,GL冰箱,GL,冰箱,2200,4669,A,A企业,310000,2019,3,7
2019-07-26,金华市,B003,3,17097,MD洗衣机,MD,洗衣机,3100,5699,B,B企业,330700,2019,3,7
2019-07-26,上海市,B003,3,17097,MD洗衣机,MD,洗衣机,3100,5699,B,B企业,310000,2019,3,7
2019-07-26,金华市,A001,7,32683,GL冰箱,GL,冰箱,2200,4669,A,A企业,330700,2019,3,7
2019-07-26,苏州市,A001,3,14007,GL冰箱,GL,冰箱,2200,4669,A,A企业,320500,2019,3,7
2019-07-26,厦门市,A001,3,14007,GL冰箱,GL,冰箱,2200,4669,A,A企业,350200,2019,3,7
2019-07-26,成都市,A001,5,23345,GL冰箱,GL,冰箱,2200,4669,A,A企业,510100,2019,3,7
2019-07-26,深圳市,C001,6,21594,HE冰箱,HE,冰箱,1800,3599,C,C企业,440300,2019,3,7
2019-07-26,成都市,B001,9,37791,MD冰箱,MD,冰箱,2500,4199,B,B企业,510100,2019,3,7
2019-07-26,长沙市,A001,3,14007,GL冰箱,GL,冰箱,2200,4669,A,A企业,430100,2019,3,7
2019-07-26,重庆市,C002,5,20995,HE电视,HE,电视,2200,4199,C,C企业,500000,2019,3,7
2019-07-26,金华市,B001,8,33592,MD冰箱,MD,冰箱,2500,4199,B,B企业,330700,2019,3,7
2019-07-26,重庆市,A001,2,9338,GL冰箱,GL,冰箱,2200,4669,A,A企业,500000,2019,3,7
2019-07-26,厦门市,B002,5,17995,MD电视,MD,电视,2000,4299,B,B企业,350200,2019,3,7
2019-07-26,深圳市,B001,8,33592,MD冰箱,MD,冰箱,2500,4199,B,B企业,440300,2019,3,7
2019-07-26,深圳市,B002,2,7198,MD电视,MD,电视,2000,4299,B,B企业,440300,2019,3,7
2019-07-26,厦门市,C002,4,16796,HE电视,HE,电视,2200,4199,C,C企业,350200,2019,3,7
2019-07-26,苏州市,C001,5,17995,HE冰箱,HE,冰箱,1800,3599,C,C企业,320500,2019,3,7
2019-07-26,上海市,C002,6,25194,HE电视,HE,电视,2200,4199,C,C企业,310000,2019,3,7
2019-07-26,金华市,B002,8,28792,MD电视,MD,电视,2000,4299,B,B企业,330700,2019,3,7
2019-07-26,金华市,C001,5,17995,HE冰箱,HE,冰箱,1800,3599,C,C企业,330700,2019,3,7
2019-07-26,上海市,C001,2,7198,HE冰箱,HE,冰箱,1800,3599,C,C企业,310000,2019,3,7
2019-07-27,厦门市,B001,4,16796,MD冰箱,MD,冰箱,2500,4199,B,B企业,350200,2019,3,7
2019-07-27,苏州市,A001,2,9338,GL冰箱,GL,冰箱,2200,4669,A,A企业,320500,2019,3,7
2019-07-27,厦门市,A002,2,6598,GL电视,GL,电视,1500,3299,A,A企业,350200,2019,3,7
2019-07-27,长沙市,B001,5,20995,MD冰箱,MD,冰箱,2500,4199,B,B企业,430100,2019,3,7
2019-07-27,厦门市,A003,9,42021,GL洗衣机,GL,洗衣机,3200,4669,A,A企业,350200,2019,3,7
2019-07-27,金华市,A001,2,9338,GL冰箱,GL,冰箱,2200,4669,A,A企业,330700,2019,3,7
2019-07-27,厦门市,A001,4,18676,GL冰箱,GL,冰箱,2200,4669,A,A企业,350200,2019,3,7
2019-07-27,深圳市,A001,6,28014,GL冰箱,GL,冰箱,2200,4669,A,A企业,440300,2019,3,7
2019-07-27,重庆市,A002,3,9897,GL电视,GL,电视,1500,3299,A,A企业,500000,2019,3,7
2019-07-27,深圳市,B001,6,25194,MD冰箱,MD,冰箱,2500,4199,B,B企业,440300,2019,3,7
2019-07-27,金华市,B001,3,12597,MD冰箱,MD,冰箱,2500,4199,B,B企业,330700,2019,3,7
2019-07-27,成都市,A001,2,9338,GL冰箱,GL,冰箱,2200,4669,A,A企业,510100,2019,3,7
2019-07-27,重庆市,C002,6,25194,HE电视,HE,电视,2200,4199,C,C企业,500000,2019,3,7
2019-07-27,深圳市,A002,6,19794,GL电视,GL,电视,1500,3299,A,A企业,440300,2019,3,7
2019-07-27,长沙市,A001,5,23345,GL冰箱,GL,冰箱,2200,4669,A,A企业,430100,2019,3,7
2019-07-27,厦门市,C001,5,17995,HE冰箱,HE,冰箱,1800,3599,C,C企业,350200,2019,3,7
2019-07-27,长沙市,C001,5,17995,HE冰箱,HE,冰箱,1800,3599,C,C企业,430100,2019,3,7
2019-07-27,重庆市,A001,4,18676,GL冰箱,GL,冰箱,2200,4669,A,A企业,500000,2019,3,7
2019-07-27,上海市,B001,6,25194,MD冰箱,MD,冰箱,2500,4199,B,B企业,310000,2019,3,7
2019-07-27,成都市,C002,6,25194,HE电视,HE,电视,2200,4199,C,C企业,510100,2019,3,7
2019-07-27,深圳市,B003,5,28495,MD洗衣机,MD,洗衣机,3100,5699,B,B企业,440300,2019,3,7
2019-07-27,金华市,A002,5,16495,GL电视,GL,电视,1500,3299,A,A企业,330700,2019,3,7
2019-07-27,上海市,C002,5,20995,HE电视,HE,电视,2200,4199,C,C企业,310000,2019,3,7
2019-07-27,上海市,B003,3,17097,MD洗衣机,MD,洗衣机,3100,5699,B,B企业,310000,2019,3,7
2019-07-27,苏州市,C001,6,21594,HE冰箱,HE,冰箱,1800,3599,C,C企业,320500,2019,3,7
2019-07-27,上海市,C001,4,14396,HE冰箱,HE,冰箱,1800,3599,C,C企业,310000,2019,3,7
2019-07-27,重庆市,B003,4,22796,MD洗衣机,MD,洗衣机,3100,5699,B,B企业,500000,2019,3,7
2019-07-27,上海市,A001,8,37352,GL冰箱,GL,冰箱,2200,4669,A,A企业,310000,2019,3,7
2019-07-27,长沙市,B002,5,17995,MD电视,MD,电视,2000,4299,B,B企业,430100,2019,3,7
2019-07-27,上海市,B002,8,28792,MD电视,MD,电视,2000,4299,B,B企业,310000,2019,3,7
2019-07-27,重庆市,C001,7,25193,HE冰箱,HE,冰箱,1800,3599,C,C企业,500000,2019,3,7
2019-07-27,金华市,C001,2,7198,HE冰箱,HE,冰箱,1800,3599,C,C企业,330700,2019,3,7
2019-07-27,金华市,A003,8,37352,GL洗衣机,GL,洗衣机,3200,4669,A,A企业,330700,2019,3,7
2019-07-27,长沙市,A003,5,23345,GL洗衣机,GL,洗衣机,3200,4669,A,A企业,430100,2019,3,7
2019-07-27,成都市,A003,5,23345,GL洗衣机,GL,洗衣机,3200,4669,A,A企业,510100,2019,3,7
2019-07-27,重庆市,B002,4,14396,MD电视,MD,电视,2000,4299,B,B企业,500000,2019,3,7
2019-07-27,成都市,B002,4,14396,MD电视,MD,电视,2000,4299,B,B企业,510100,2019,3,7
2019-07-27,成都市,C001,4,14396,HE冰箱,HE,冰箱,1800,3599,C,C企业,510100,2019,3,7
2019-07-27,重庆市,A003,5,23345,GL洗衣机,GL,洗衣机,3200,4669,A,A企业,500000,2019,3,7
2019-07-27,金华市,C002,3,12597,HE电视,HE,电视,2200,4199,C,C企业,330700,2019,3,7
2019-07-28,金华市,A003,6,28014,GL洗衣机,GL,洗衣机,3200,4669,A,A企业,330700,2019,3,7
2019-07-28,苏州市,B001,6,25194,MD冰箱,MD,冰箱,2500,4199,B,B企业,320500,2019,3,7
2019-07-28,长沙市,C001,8,28792,HE冰箱,HE,冰箱,1800,3599,C,C企业,430100,2019,3,7
2019-07-28,厦门市,B001,7,29393,MD冰箱,MD,冰箱,2500,4199,B,B企业,350200,2019,3,7
2019-07-28,厦门市,C001,6,21594,HE冰箱,HE,冰箱,1800,3599,C,C企业,350200,2019,3,7
2019-07-28,上海市,A003,2,9338,GL洗衣机,GL,洗衣机,3200,4669,A,A企业,310000,2019,3,7
2019-07-28,重庆市,C002,5,20995,HE电视,HE,电视,2200,4199,C,C企业,500000,2019,3,7
2019-07-28,上海市,C001,5,17995,HE冰箱,HE,冰箱,1800,3599,C,C企业,310000,2019,3,7
2019-07-28,金华市,B001,7,29393,MD冰箱,MD,冰箱,2500,4199,B,B企业,330700,2019,3,7
2019-07-28,上海市,B001,6,25194,MD冰箱,MD,冰箱,2500,4199,B,B企业,310000,2019,3,7
2019-07-28,长沙市,B001,2,8398,MD冰箱,MD,冰箱,2500,4199,B,B企业,430100,2019,3,7
2019-07-28,重庆市,B001,6,25194,MD冰箱,MD,冰箱,2500,4199,B,B企业,500000,2019,3,7
2019-07-28,金华市,A001,3,14007,GL冰箱,GL,冰箱,2200,4669,A,A企业,330700,2019,3,7
2019-07-28,重庆市,B002,7,25193,MD电视,MD,电视,2000,4299,B,B企业,500000,2019,3,7
2019-07-28,苏州市,A001,2,9338,GL冰箱,GL,冰箱,2200,4669,A,A企业,320500,2019,3,7
2019-07-28,重庆市,C001,5,17995,HE冰箱,HE,冰箱,1800,3599,C,C企业,500000,2019,3,7
2019-07-28,厦门市,C002,6,25194,HE电视,HE,电视,2200,4199,C,C企业,350200,2019,3,7
2019-07-28,成都市,C001,7,25193,HE冰箱,HE,冰箱,1800,3599,C,C企业,510100,2019,3,7
2019-07-28,金华市,B002,5,17995,MD电视,MD,电视,2000,4299,B,B企业,330700,2019,3,7
2019-07-28,上海市,A001,3,14007,GL冰箱,GL,冰箱,2200,4669,A,A企业,310000,2019,3,7
2019-07-28,金华市,C002,8,33592,HE电视,HE,电视,2200,4199,C,C企业,330700,2019,3,7
2019-07-28,厦门市,A002,6,19794,GL电视,GL,电视,1500,3299,A,A企业,350200,2019,3,7
2019-07-28,长沙市,A003,5,23345,GL洗衣机,GL,洗衣机,3200,4669,A,A企业,430100,2019,3,7
2019-07-28,厦门市,A003,3,14007,GL洗衣机,GL,洗衣机,3200,4669,A,A企业,350200,2019,3,7
2019-07-28,重庆市,A002,4,13196,GL电视,GL,电视,1500,3299,A,A企业,500000,2019,3,7
2019-07-28,重庆市,A001,6,28014,GL冰箱,GL,冰箱,2200,4669,A,A企业,500000,2019,3,7
2019-07-28,成都市,A003,5,23345,GL洗衣机,GL,洗衣机,3200,4669,A,A企业,510100,2019,3,7
2019-07-28,厦门市,A001,4,18676,GL冰箱,GL,冰箱,2200,4669,A,A企业,350200,2019,3,7
2019-07-28,金华市,B003,4,22796,MD洗衣机,MD,洗衣机,3100,5699,B,B企业,330700,2019,3,7
2019-07-28,深圳市,A002,6,19794,GL电视,GL,电视,1500,3299,A,A企业,440300,2019,3,7
2019-07-28,长沙市,A002,3,9897,GL电视,GL,电视,1500,3299,A,A企业,430100,2019,3,7
2019-07-28,厦门市,B003,6,34194,MD洗衣机,MD,洗衣机,3100,5699,B,B企业,350200,2019,3,7
2019-07-28,深圳市,B003,7,39893,MD洗衣机,MD,洗衣机,3100,5699,B,B企业,440300,2019,3,7
2019-07-28,重庆市,B003,5,28495,MD洗衣机,MD,洗衣机,3100,5699,B,B企业,500000,2019,3,7
2019-07-28,深圳市,A001,6,28014,GL冰箱,GL,冰箱,2200,4669,A,A企业,440300,2019,3,7
2019-07-28,上海市,B003,2,11398,MD洗衣机,MD,洗衣机,3100,5699,B,B企业,310000,2019,3,7
2019-07-28,成都市,A001,8,37352,GL冰箱,GL,冰箱,2200,4669,A,A企业,510100,2019,3,7
2019-07-29,成都市,B001,4,16796,MD冰箱,MD,冰箱,2500,4199,B,B企业,510100,2019,3,7
2019-07-29,金华市,B003,7,39893,MD洗衣机,MD,洗衣机,3100,5699,B,B企业,330700,2019,3,7
2019-07-29,厦门市,B001,7,29393,MD冰箱,MD,冰箱,2500,4199,B,B企业,350200,2019,3,7
2019-07-29,厦门市,B003,7,39893,MD洗衣机,MD,洗衣机,3100,5699,B,B企业,350200,2019,3,7
2019-07-29,长沙市,C003,2,9338,HE洗衣机,HE,洗衣机,2600,4699,C,C企业,430100,2019,3,7
2019-07-29,重庆市,B001,6,25194,MD冰箱,MD,冰箱,2500,4199,B,B企业,500000,2019,3,7
2019-07-29,重庆市,A001,8,37352,GL冰箱,GL,冰箱,2200,4669,A,A企业,500000,2019,3,7
2019-07-29,重庆市,B003,8,45592,MD洗衣机,MD,洗衣机,3100,5699,B,B企业,500000,2019,3,7
2019-07-29,成都市,A001,6,28014,GL冰箱,GL,冰箱,2200,4669,A,A企业,510100,2019,3,7
2019-07-29,成都市,B003,4,22796,MD洗衣机,MD,洗衣机,3100,5699,B,B企业,510100,2019,3,7
2019-07-29,深圳市,A002,3,9897,GL电视,GL,电视,1500,3299,A,A企业,440300,2019,3,7
2019-07-29,厦门市,C002,3,12597,HE电视,HE,电视,2200,4199,C,C企业,350200,2019,3,7
2019-07-29,重庆市,A003,6,28014,GL洗衣机,GL,洗衣机,3200,4669,A,A企业,500000,2019,3,7
2019-07-29,金华市,A001,2,9338,GL冰箱,GL,冰箱,2200,4669,A,A企业,330700,2019,3,7
2019-07-29,厦门市,A003,2,9338,GL洗衣机,GL,洗衣机,3200,4669,A,A企业,350200,2019,3,7
2019-07-29,金华市,A003,2,9338,GL洗衣机,GL,洗衣机,3200,4669,A,A企业,330700,2019,3,7
2019-07-29,厦门市,A002,4,13196,GL电视,GL,电视,1500,3299,A,A企业,350200,2019,3,7
2019-07-29,成都市,A003,6,28014,GL洗衣机,GL,洗衣机,3200,4669,A,A企业,510100,2019,3,7
2019-07-29,厦门市,C001,5,17995,HE冰箱,HE,冰箱,1800,3599,C,C企业,350200,2019,3,7
2019-07-29,深圳市,A001,8,37352,GL冰箱,GL,冰箱,2200,4669,A,A企业,440300,2019,3,7
2019-07-29,深圳市,A003,4,18676,GL洗衣机,GL,洗衣机,3200,4669,A,A企业,440300,2019,3,7
2019-07-29,厦门市,A001,7,32683,GL冰箱,GL,冰箱,2200,4669,A,A企业,350200,2019,3,7
2019-07-29,深圳市,B003,6,34194,MD洗衣机,MD,洗衣机,3100,5699,B,B企业,440300,2019,3,7
2019-07-29,长沙市,C001,5,17995,HE冰箱,HE,冰箱,1800,3599,C,C企业,430100,2019,3,7
2019-07-29,金华市,B001,7,29393,MD冰箱,MD,冰箱,2500,4199,B,B企业,330700,2019,3,7
2019-07-29,深圳市,B001,9,37791,MD冰箱,MD,冰箱,2500,4199,B,B企业,440300,2019,3,7
2019-07-29,金华市,C001,2,7198,HE冰箱,HE,冰箱,1800,3599,C,C企业,330700,2019,3,7
2019-07-29,苏州市,C002,7,29393,HE电视,HE,电视,2200,4199,C,C企业,320500,2019,3,7
2019-07-29,成都市,C002,6,25194,HE电视,HE,电视,2200,4199,C,C企业,510100,2019,3,7
2019-07-29,苏州市,B001,7,29393,MD冰箱,MD,冰箱,2500,4199,B,B企业,320500,2019,3,7
2019-07-29,厦门市,B002,7,25193,MD电视,MD,电视,2000,4299,B,B企业,350200,2019,3,7
2019-07-29,上海市,A001,8,37352,GL冰箱,GL,冰箱,2200,4669,A,A企业,310000,2019,3,7
2019-07-29,上海市,B001,6,25194,MD冰箱,MD,冰箱,2500,4199,B,B企业,310000,2019,3,7
2019-07-29,金华市,B002,5,17995,MD电视,MD,电视,2000,4299,B,B企业,330700,2019,3,7
2019-07-30,苏州市,A001,5,23345,GL冰箱,GL,冰箱,2200,4669,A,A企业,320500,2019,3,7
2019-07-30,厦门市,B001,6,25194,MD冰箱,MD,冰箱,2500,4199,B,B企业,350200,2019,3,7
2019-07-30,金华市,A001,2,9338,GL冰箱,GL,冰箱,2200,4669,A,A企业,330700,2019,3,7
2019-07-30,长沙市,B001,4,16796,MD冰箱,MD,冰箱,2500,4199,B,B企业,430100,2019,3,7
2019-07-30,金华市,B001,4,16796,MD冰箱,MD,冰箱,2500,4199,B,B企业,330700,2019,3,7
2019-07-30,上海市,B001,6,25194,MD冰箱,MD,冰箱,2500,4199,B,B企业,310000,2019,3,7
2019-07-30,上海市,A001,7,32683,GL冰箱,GL,冰箱,2200,4669,A,A企业,310000,2019,3,7
2019-07-30,成都市,C001,2,7198,HE冰箱,HE,冰箱,1800,3599,C,C企业,510100,2019,3,7
2019-07-30,长沙市,B003,6,34194,MD洗衣机,MD,洗衣机,3100,5699,B,B企业,430100,2019,3,7
2019-07-30,金华市,C002,9,37791,HE电视,HE,电视,2200,4199,C,C企业,330700,2019,3,7
2019-07-30,厦门市,B003,7,39893,MD洗衣机,MD,洗衣机,3100,5699,B,B企业,350200,2019,3,7
2019-07-30,上海市,B003,6,34194,MD洗衣机,MD,洗衣机,3100,5699,B,B企业,310000,2019,3,7
2019-07-30,成都市,B003,5,28495,MD洗衣机,MD,洗衣机,3100,5699,B,B企业,510100,2019,3,7
2019-07-30,金华市,B003,8,45592,MD洗衣机,MD,洗衣机,3100,5699,B,B企业,330700,2019,3,7
2019-07-30,重庆市,B003,9,51291,MD洗衣机,MD,洗衣机,3100,5699,B,B企业,500000,2019,3,7
2019-07-30,深圳市,B002,3,10797,MD电视,MD,电视,2000,4299,B,B企业,440300,2019,3,7
2019-07-30,成都市,A003,6,28014,GL洗衣机,GL,洗衣机,3200,4669,A,A企业,510100,2019,3,7
2019-07-30,上海市,A003,4,18676,GL洗衣机,GL,洗衣机,3200,4669,A,A企业,310000,2019,3,7
2019-07-30,厦门市,C002,3,12597,HE电视,HE,电视,2200,4199,C,C企业,350200,2019,3,7
2019-07-30,成都市,A001,7,32683,GL冰箱,GL,冰箱,2200,4669,A,A企业,510100,2019,3,7
2019-07-30,重庆市,A002,6,19794,GL电视,GL,电视,1500,3299,A,A企业,500000,2019,3,7
2019-07-30,长沙市,A003,7,32683,GL洗衣机,GL,洗衣机,3200,4669,A,A企业,430100,2019,3,7
2019-07-30,重庆市,A001,2,9338,GL冰箱,GL,冰箱,2200,4669,A,A企业,500000,2019,3,7
2019-07-30,深圳市,A001,4,18676,GL冰箱,GL,冰箱,2200,4669,A,A企业,440300,2019,3,7
2019-07-30,金华市,A002,6,19794,GL电视,GL,电视,1500,3299,A,A企业,330700,2019,3,7
2019-07-30,金华市,A003,6,28014,GL洗衣机,GL,洗衣机,3200,4669,A,A企业,330700,2019,3,7
2019-07-30,深圳市,A003,5,23345,GL洗衣机,GL,洗衣机,3200,4669,A,A企业,440300,2019,3,7
2019-07-30,厦门市,A003,7,32683,GL洗衣机,GL,洗衣机,3200,4669,A,A企业,350200,2019,3,7
2019-07-30,厦门市,A002,3,9897,GL电视,GL,电视,1500,3299,A,A企业,350200,2019,3,7
2019-07-30,厦门市,A001,5,23345,GL冰箱,GL,冰箱,2200,4669,A,A企业,350200,2019,3,7
2019-07-30,苏州市,A003,6,28014,GL洗衣机,GL,洗衣机,3200,4669,A,A企业,320500,2019,3,7
2019-07-30,金华市,B002,8,28792,MD电视,MD,电视,2000,4299,B,B企业,330700,2019,3,7
2019-07-30,成都市,B002,2,7198,MD电视,MD,电视,2000,4299,B,B企业,510100,2019,3,7
2019-07-30,长沙市,C003,5,23345,HE洗衣机,HE,洗衣机,2600,4699,C,C企业,430100,2019,3,7
2019-07-30,重庆市,A003,4,18676,GL洗衣机,GL,洗衣机,3200,4669,A,A企业,500000,2019,3,7
2019-07-31,长沙市,B002,6,21594,MD电视,MD,电视,2000,4299,B,B企业,430100,2019,3,7
2019-07-31,苏州市,B001,7,29393,MD冰箱,MD,冰箱,2500,4199,B,B企业,320500,2019,3,7
2019-07-31,厦门市,A001,2,9338,GL冰箱,GL,冰箱,2200,4669,A,A企业,350200,2019,3,7
2019-07-31,深圳市,B002,3,10797,MD电视,MD,电视,2000,4299,B,B企业,440300,2019,3,7
2019-07-31,深圳市,A001,4,18676,GL冰箱,GL,冰箱,2200,4669,A,A企业,440300,2019,3,7
2019-07-31,金华市,A001,4,18676,GL冰箱,GL,冰箱,2200,4669,A,A企业,330700,2019,3,7
2019-07-31,厦门市,B001,6,25194,MD冰箱,MD,冰箱,2500,4199,B,B企业,350200,2019,3,7
2019-07-31,金华市,B001,7,29393,MD冰箱,MD,冰箱,2500,4199,B,B企业,330700,2019,3,7
2019-07-31,厦门市,B003,7,39893,MD洗衣机,MD,洗衣机,3100,5699,B,B企业,350200,2019,3,7
2019-07-31,重庆市,B003,6,34194,MD洗衣机,MD,洗衣机,3100,5699,B,B企业,500000,2019,3,7
2019-07-31,苏州市,A001,7,32683,GL冰箱,GL,冰箱,2200,4669,A,A企业,320500,2019,3,7
2019-07-31,金华市,B003,6,34194,MD洗衣机,MD,洗衣机,3100,5699,B,B企业,330700,2019,3,7
2019-07-31,深圳市,C001,6,21594,HE冰箱,HE,冰箱,1800,3599,C,C企业,440300,2019,3,7
2019-07-31,长沙市,A003,5,23345,GL洗衣机,GL,洗衣机,3200,4669,A,A企业,430100,2019,3,7
2019-07-31,厦门市,A003,4,18676,GL洗衣机,GL,洗衣机,3200,4669,A,A企业,350200,2019,3,7
2019-07-31,重庆市,A003,8,37352,GL洗衣机,GL,洗衣机,3200,4669,A,A企业,500000,2019,3,7
2019-07-31,长沙市,B001,7,29393,MD冰箱,MD,冰箱,2500,4199,B,B企业,430100,2019,3,7
2019-07-31,深圳市,B001,3,12597,MD冰箱,MD,冰箱,2500,4199,B,B企业,440300,2019,3,7
2019-07-31,成都市,B001,8,33592,MD冰箱,MD,冰箱,2500,4199,B,B企业,510100,2019,3,7
2019-07-31,重庆市,B002,3,10797,MD电视,MD,电视,2000,4299,B,B企业,500000,2019,3,7
2019-07-31,厦门市,B002,7,25193,MD电视,MD,电视,2000,4299,B,B企业,350200,2019,3,7
2019-07-31,金华市,B002,8,28792,MD电视,MD,电视,2000,4299,B,B企业,330700,2019,3,7
2019-07-31,金华市,C001,6,21594,HE冰箱,HE,冰箱,1800,3599,C,C企业,330700,2019,3,7
2019-07-31,重庆市,A001,3,14007,GL冰箱,GL,冰箱,2200,4669,A,A企业,500000,2019,3,7
2019-07-31,上海市,A001,8,37352,GL冰箱,GL,冰箱,2200,4669,A,A企业,310000,2019,3,7
2019-07-31,重庆市,B001,2,8398,MD冰箱,MD,冰箱,2500,4199,B,B企业,500000,2019,3,7
2019-07-31,长沙市,C001,7,25193,HE冰箱,HE,冰箱,1800,3599,C,C企业,430100,2019,3,7
2019-07-31,成都市,C001,6,21594,HE冰箱,HE,冰箱,1800,3599,C,C企业,510100,2019,3,7
2019-07-31,上海市,B001,5,20995,MD冰箱,MD,冰箱,2500,4199,B,B企业,310000,2019,3,7
2019-08-01,深圳市,B002,3,10797,MD电视,MD,电视,2000,4299,B,B企业,440300,2019,3,8
2019-08-01,长沙市,B001,5,20995,MD冰箱,MD,冰箱,2500,4199,B,B企业,430100,2019,3,8
2019-08-01,重庆市,B001,5,20995,MD冰箱,MD,冰箱,2500,4199,B,B企业,500000,2019,3,8
2019-08-01,厦门市,A001,4,18676,GL冰箱,GL,冰箱,2200,4669,A,A企业,350200,2019,3,8
2019-08-01,上海市,A002,5,16495,GL电视,GL,电视,1500,3299,A,A企业,310000,2019,3,8
2019-08-01,深圳市,A001,6,28014,GL冰箱,GL,冰箱,2200,4669,A,A企业,440300,2019,3,8
2019-08-01,重庆市,A001,6,28014,GL冰箱,GL,冰箱,2200,4669,A,A企业,500000,2019,3,8
2019-08-01,金华市,A001,5,23345,GL冰箱,GL,冰箱,2200,4669,A,A企业,330700,2019,3,8
2019-08-01,重庆市,A002,2,6598,GL电视,GL,电视,1500,3299,A,A企业,500000,2019,3,8
2019-08-01,长沙市,A001,5,23345,GL冰箱,GL,冰箱,2200,4669,A,A企业,430100,2019,3,8
2019-08-01,重庆市,C001,5,17995,HE冰箱,HE,冰箱,1800,3599,C,C企业,500000,2019,3,8
2019-08-01,上海市,B001,3,12597,MD冰箱,MD,冰箱,2500,4199,B,B企业,310000,2019,3,8
2019-08-01,厦门市,A002,7,23093,GL电视,GL,电视,1500,3299,A,A企业,350200,2019,3,8
2019-08-01,上海市,A003,3,14007,GL洗衣机,GL,洗衣机,3200,4669,A,A企业,310000,2019,3,8
2019-08-01,厦门市,A003,4,18676,GL洗衣机,GL,洗衣机,3200,4669,A,A企业,350200,2019,3,8
2019-08-01,成都市,B001,4,16796,MD冰箱,MD,冰箱,2500,4199,B,B企业,510100,2019,3,8
2019-08-01,金华市,B001,8,33592,MD冰箱,MD,冰箱,2500,4199,B,B企业,330700,2019,3,8
2019-08-01,深圳市,B001,4,16796,MD冰箱,MD,冰箱,2500,4199,B,B企业,440300,2019,3,8
2019-08-01,金华市,A002,3,9897,GL电视,GL,电视,1500,3299,A,A企业,330700,2019,3,8
2019-08-01,成都市,A001,8,37352,GL冰箱,GL,冰箱,2200,4669,A,A企业,510100,2019,3,8
2019-08-01,上海市,A001,7,32683,GL冰箱,GL,冰箱,2200,4669,A,A企业,310000,2019,3,8
2019-08-01,上海市,B002,4,14396,MD电视,MD,电视,2000,4299,B,B企业,310000,2019,3,8
2019-08-01,厦门市,B001,4,16796,MD冰箱,MD,冰箱,2500,4199,B,B企业,350200,2019,3,8
2019-08-01,成都市,A002,8,26392,GL电视,GL,电视,1500,3299,A,A企业,510100,2019,3,8
2019-08-01,苏州市,A002,9,29691,GL电视,GL,电视,1500,3299,A,A企业,320500,2019,3,8
2019-08-01,成都市,C001,8,28792,HE冰箱,HE,冰箱,1800,3599,C,C企业,510100,2019,3,8
2019-08-01,上海市,C001,2,7198,HE冰箱,HE,冰箱,1800,3599,C,C企业,310000,2019,3,8
2019-08-01,深圳市,A002,7,23093,GL电视,GL,电视,1500,3299,A,A企业,440300,2019,3,8
2019-08-01,苏州市,A001,7,32683,GL冰箱,GL,冰箱,2200,4669,A,A企业,320500,2019,3,8
2019-08-01,苏州市,B001,2,8398,MD冰箱,MD,冰箱,2500,4199,B,B企业,320500,2019,3,8
2019-08-01,成都市,B002,5,17995,MD电视,MD,电视,2000,4299,B,B企业,510100,2019,3,8
2019-08-01,金华市,A003,3,14007,GL洗衣机,GL,洗衣机,3200,4669,A,A企业,330700,2019,3,8
2019-08-01,厦门市,B002,6,21594,MD电视,MD,电视,2000,4299,B,B企业,350200,2019,3,8
2019-08-01,深圳市,A003,6,28014,GL洗衣机,GL,洗衣机,3200,4669,A,A企业,440300,2019,3,8
2019-08-01,重庆市,A003,6,28014,GL洗衣机,GL,洗衣机,3200,4669,A,A企业,500000,2019,3,8
2019-08-02,重庆市,A001,5,23345,GL冰箱,GL,冰箱,2200,4669,A,A企业,500000,2019,3,8
2019-08-02,深圳市,B002,4,14396,MD电视,MD,电视,2000,4299,B,B企业,440300,2019,3,8
2019-08-02,深圳市,A003,5,23345,GL洗衣机,GL,洗衣机,3200,4669,A,A企业,440300,2019,3,8
2019-08-02,厦门市,A001,6,28014,GL冰箱,GL,冰箱,2200,4669,A,A企业,350200,2019,3,8
2019-08-02,厦门市,A003,5,23345,GL洗衣机,GL,洗衣机,3200,4669,A,A企业,350200,2019,3,8
2019-08-02,深圳市,B001,7,29393,MD冰箱,MD,冰箱,2500,4199,B,B企业,440300,2019,3,8
2019-08-02,金华市,C001,2,7198,HE冰箱,HE,冰箱,1800,3599,C,C企业,330700,2019,3,8
2019-08-02,厦门市,B002,3,10797,MD电视,MD,电视,2000,4299,B,B企业,350200,2019,3,8
2019-08-02,深圳市,A001,9,42021,GL冰箱,GL,冰箱,2200,4669,A,A企业,440300,2019,3,8
2019-08-02,金华市,A001,5,23345,GL冰箱,GL,冰箱,2200,4669,A,A企业,330700,2019,3,8
2019-08-02,苏州市,C001,4,14396,HE冰箱,HE,冰箱,1800,3599,C,C企业,320500,2019,3,8
2019-08-02,厦门市,B003,6,34194,MD洗衣机,MD,洗衣机,3100,5699,B,B企业,350200,2019,3,8
2019-08-02,重庆市,B001,8,33592,MD冰箱,MD,冰箱,2500,4199,B,B企业,500000,2019,3,8
2019-08-02,厦门市,B001,3,12597,MD冰箱,MD,冰箱,2500,4199,B,B企业,350200,2019,3,8
2019-08-02,金华市,B002,7,25193,MD电视,MD,电视,2000,4299,B,B企业,330700,2019,3,8
2019-08-02,长沙市,B001,6,25194,MD冰箱,MD,冰箱,2500,4199,B,B企业,430100,2019,3,8
2019-08-02,成都市,B001,5,20995,MD冰箱,MD,冰箱,2500,4199,B,B企业,510100,2019,3,8
2019-08-02,成都市,C001,4,14396,HE冰箱,HE,冰箱,1800,3599,C,C企业,510100,2019,3,8
2019-08-02,重庆市,C001,5,17995,HE冰箱,HE,冰箱,1800,3599,C,C企业,500000,2019,3,8
2019-08-02,重庆市,B002,7,25193,MD电视,MD,电视,2000,4299,B,B企业,500000,2019,3,8
2019-08-02,金华市,B001,8,33592,MD冰箱,MD,冰箱,2500,4199,B,B企业,330700,2019,3,8
2019-08-02,上海市,B001,4,16796,MD冰箱,MD,冰箱,2500,4199,B,B企业,310000,2019,3,8
2019-08-02,金华市,A003,6,28014,GL洗衣机,GL,洗衣机,3200,4669,A,A企业,330700,2019,3,8
2019-08-02,苏州市,B001,5,20995,MD冰箱,MD,冰箱,2500,4199,B,B企业,320500,2019,3,8
2019-08-02,上海市,A002,4,13196,GL电视,GL,电视,1500,3299,A,A企业,310000,2019,3,8
2019-08-02,成都市,A001,2,9338,GL冰箱,GL,冰箱,2200,4669,A,A企业,510100,2019,3,8
2019-08-02,上海市,A001,6,28014,GL冰箱,GL,冰箱,2200,4669,A,A企业,310000,2019,3,8
2019-08-02,长沙市,A001,5,23345,GL冰箱,GL,冰箱,2200,4669,A,A企业,430100,2019,3,8
2019-08-02,金华市,A002,9,29691,GL电视,GL,电视,1500,3299,A,A企业,330700,2019,3,8
2019-08-03,厦门市,B001,5,20995,MD冰箱,MD,冰箱,2500,4199,B,B企业,350200,2019,3,8
2019-08-03,金华市,B002,6,21594,MD电视,MD,电视,2000,4299,B,B企业,330700,2019,3,8
2019-08-03,厦门市,A001,3,14007,GL冰箱,GL,冰箱,2200,4669,A,A企业,350200,2019,3,8
2019-08-03,重庆市,B001,6,25194,MD冰箱,MD,冰箱,2500,4199,B,B企业,500000,2019,3,8
2019-08-03,重庆市,A001,4,18676,GL冰箱,GL,冰箱,2200,4669,A,A企业,500000,2019,3,8
2019-08-03,深圳市,A001,6,28014,GL冰箱,GL,冰箱,2200,4669,A,A企业,440300,2019,3,8
2019-08-03,金华市,A002,4,13196,GL电视,GL,电视,1500,3299,A,A企业,330700,2019,3,8
2019-08-03,深圳市,B002,2,7198,MD电视,MD,电视,2000,4299,B,B企业,440300,2019,3,8
2019-08-03,金华市,C001,6,21594,HE冰箱,HE,冰箱,1800,3599,C,C企业,330700,2019,3,8
2019-08-03,成都市,C001,6,21594,HE冰箱,HE,冰箱,1800,3599,C,C企业,510100,2019,3,8
2019-08-03,金华市,B001,5,20995,MD冰箱,MD,冰箱,2500,4199,B,B企业,330700,2019,3,8
2019-08-03,厦门市,A002,7,23093,GL电视,GL,电视,1500,3299,A,A企业,350200,2019,3,8
2019-08-03,上海市,A001,6,28014,GL冰箱,GL,冰箱,2200,4669,A,A企业,310000,2019,3,8
2019-08-03,金华市,A001,3,14007,GL冰箱,GL,冰箱,2200,4669,A,A企业,330700,2019,3,8
2019-08-03,深圳市,C001,2,7198,HE冰箱,HE,冰箱,1800,3599,C,C企业,440300,2019,3,8
2019-08-03,深圳市,B001,4,16796,MD冰箱,MD,冰箱,2500,4199,B,B企业,440300,2019,3,8
2019-08-03,成都市,B001,5,20995,MD冰箱,MD,冰箱,2500,4199,B,B企业,510100,2019,3,8
2019-08-03,长沙市,A002,2,6598,GL电视,GL,电视,1500,3299,A,A企业,430100,2019,3,8
2019-08-03,重庆市,A002,3,9897,GL电视,GL,电视,1500,3299,A,A企业,500000,2019,3,8
2019-08-03,厦门市,C001,4,14396,HE冰箱,HE,冰箱,1800,3599,C,C企业,350200,2019,3,8
2019-08-03,长沙市,A001,5,23345,GL冰箱,GL,冰箱,2200,4669,A,A企业,430100,2019,3,8
2019-08-03,成都市,A002,2,6598,GL电视,GL,电视,1500,3299,A,A企业,510100,2019,3,8
2019-08-03,重庆市,C001,5,17995,HE冰箱,HE,冰箱,1800,3599,C,C企业,500000,2019,3,8
2019-08-03,长沙市,B001,5,20995,MD冰箱,MD,冰箱,2500,4199,B,B企业,430100,2019,3,8
2019-08-03,深圳市,A002,6,19794,GL电视,GL,电视,1500,3299,A,A企业,440300,2019,3,8
2019-08-03,重庆市,B002,3,10797,MD电视,MD,电视,2000,4299,B,B企业,500000,2019,3,8
2019-08-03,厦门市,B002,2,7198,MD电视,MD,电视,2000,4299,B,B企业,350200,2019,3,8
2019-08-03,苏州市,A001,5,23345,GL冰箱,GL,冰箱,2200,4669,A,A企业,320500,2019,3,8
2019-08-03,成都市,B002,8,28792,MD电视,MD,电视,2000,4299,B,B企业,510100,2019,3,8
2019-08-03,上海市,B001,2,8398,MD冰箱,MD,冰箱,2500,4199,B,B企业,310000,2019,3,8
2019-08-03,上海市,B002,7,25193,MD电视,MD,电视,2000,4299,B,B企业,310000,2019,3,8
2019-08-04,金华市,B002,6,21594,MD电视,MD,电视,2000,4299,B,B企业,330700,2019,3,8
2019-08-04,长沙市,B001,4,16796,MD冰箱,MD,冰箱,2500,4199,B,B企业,430100,2019,3,8
2019-08-04,成都市,B001,9,37791,MD冰箱,MD,冰箱,2500,4199,B,B企业,510100,2019,3,8
2019-08-04,重庆市,B002,3,10797,MD电视,MD,电视,2000,4299,B,B企业,500000,2019,3,8
2019-08-04,重庆市,B001,5,20995,MD冰箱,MD,冰箱,2500,4199,B,B企业,500000,2019,3,8
2019-08-04,金华市,A001,2,9338,GL冰箱,GL,冰箱,2200,4669,A,A企业,330700,2019,3,8
2019-08-04,深圳市,B001,2,8398,MD冰箱,MD,冰箱,2500,4199,B,B企业,440300,2019,3,8
2019-08-04,上海市,B001,5,20995,MD冰箱,MD,冰箱,2500,4199,B,B企业,310000,2019,3,8
2019-08-04,深圳市,C001,6,21594,HE冰箱,HE,冰箱,1800,3599,C,C企业,440300,2019,3,8
2019-08-04,金华市,B001,4,16796,MD冰箱,MD,冰箱,2500,4199,B,B企业,330700,2019,3,8
2019-08-04,厦门市,B001,2,8398,MD冰箱,MD,冰箱,2500,4199,B,B企业,350200,2019,3,8
2019-08-04,上海市,B002,3,10797,MD电视,MD,电视,2000,4299,B,B企业,310000,2019,3,8
2019-08-04,成都市,B002,3,10797,MD电视,MD,电视,2000,4299,B,B企业,510100,2019,3,8
2019-08-04,上海市,A001,5,23345,GL冰箱,GL,冰箱,2200,4669,A,A企业,310000,2019,3,8
2019-08-04,厦门市,B002,5,17995,MD电视,MD,电视,2000,4299,B,B企业,350200,2019,3,8
2019-08-04,金华市,C001,2,7198,HE冰箱,HE,冰箱,1800,3599,C,C企业,330700,2019,3,8
2019-08-04,重庆市,B003,3,17097,MD洗衣机,MD,洗衣机,3100,5699,B,B企业,500000,2019,3,8
2019-08-04,重庆市,C001,2,7198,HE冰箱,HE,冰箱,1800,3599,C,C企业,500000,2019,3,8
2019-08-04,长沙市,A003,4,18676,GL洗衣机,GL,洗衣机,3200,4669,A,A企业,430100,2019,3,8
2019-08-04,厦门市,B003,3,17097,MD洗衣机,MD,洗衣机,3100,5699,B,B企业,350200,2019,3,8
2019-08-04,重庆市,A001,5,23345,GL冰箱,GL,冰箱,2200,4669,A,A企业,500000,2019,3,8
2019-08-04,厦门市,A001,2,9338,GL冰箱,GL,冰箱,2200,4669,A,A企业,350200,2019,3,8
2019-08-04,金华市,B003,9,51291,MD洗衣机,MD,洗衣机,3100,5699,B,B企业,330700,2019,3,8
2019-08-04,成都市,B003,4,22796,MD洗衣机,MD,洗衣机,3100,5699,B,B企业,510100,2019,3,8
2019-08-04,成都市,A001,7,32683,GL冰箱,GL,冰箱,2200,4669,A,A企业,510100,2019,3,8
2019-08-04,长沙市,C001,5,17995,HE冰箱,HE,冰箱,1800,3599,C,C企业,430100,2019,3,8
2019-08-04,深圳市,A001,9,42021,GL冰箱,GL,冰箱,2200,4669,A,A企业,440300,2019,3,8
2019-08-05,金华市,B002,5,17995,MD电视,MD,电视,2000,4299,B,B企业,330700,2019,3,8
2019-08-05,厦门市,A001,2,9338,GL冰箱,GL,冰箱,2200,4669,A,A企业,350200,2019,3,8
2019-08-05,厦门市,B001,5,20995,MD冰箱,MD,冰箱,2500,4199,B,B企业,350200,2019,3,8
2019-08-05,成都市,B002,3,10797,MD电视,MD,电视,2000,4299,B,B企业,510100,2019,3,8
2019-08-05,上海市,A001,6,28014,GL冰箱,GL,冰箱,2200,4669,A,A企业,310000,2019,3,8
2019-08-05,深圳市,B002,5,17995,MD电视,MD,电视,2000,4299,B,B企业,440300,2019,3,8
2019-08-05,金华市,C001,7,25193,HE冰箱,HE,冰箱,1800,3599,C,C企业,330700,2019,3,8
2019-08-05,成都市,A001,5,23345,GL冰箱,GL,冰箱,2200,4669,A,A企业,510100,2019,3,8
2019-08-05,金华市,A001,7,32683,GL冰箱,GL,冰箱,2200,4669,A,A企业,330700,2019,3,8
2019-08-05,厦门市,B002,6,21594,MD电视,MD,电视,2000,4299,B,B企业,350200,2019,3,8
2019-08-05,上海市,C002,7,29393,HE电视,HE,电视,2200,4199,C,C企业,310000,2019,3,8
2019-08-05,长沙市,A001,5,23345,GL冰箱,GL,冰箱,2200,4669,A,A企业,430100,2019,3,8
2019-08-05,重庆市,B001,7,29393,MD冰箱,MD,冰箱,2500,4199,B,B企业,500000,2019,3,8
2019-08-05,重庆市,B002,3,10797,MD电视,MD,电视,2000,4299,B,B企业,500000,2019,3,8
2019-08-05,深圳市,B001,2,8398,MD冰箱,MD,冰箱,2500,4199,B,B企业,440300,2019,3,8
2019-08-05,深圳市,C002,5,20995,HE电视,HE,电视,2200,4199,C,C企业,440300,2019,3,8
2019-08-05,金华市,B001,6,25194,MD冰箱,MD,冰箱,2500,4199,B,B企业,330700,2019,3,8
2019-08-05,重庆市,C002,5,20995,HE电视,HE,电视,2200,4199,C,C企业,500000,2019,3,8
2019-08-05,上海市,B001,4,16796,MD冰箱,MD,冰箱,2500,4199,B,B企业,310000,2019,3,8
2019-08-05,深圳市,A001,3,14007,GL冰箱,GL,冰箱,2200,4669,A,A企业,440300,2019,3,8
2019-08-05,上海市,C001,5,17995,HE冰箱,HE,冰箱,1800,3599,C,C企业,310000,2019,3,8
2019-08-05,苏州市,B001,3,12597,MD冰箱,MD,冰箱,2500,4199,B,B企业,320500,2019,3,8
2019-08-05,成都市,C001,5,17995,HE冰箱,HE,冰箱,1800,3599,C,C企业,510100,2019,3,8
2019-08-05,成都市,B001,7,29393,MD冰箱,MD,冰箱,2500,4199,B,B企业,510100,2019,3,8
2019-08-05,重庆市,A001,6,28014,GL冰箱,GL,冰箱,2200,4669,A,A企业,500000,2019,3,8
2019-08-06,重庆市,A001,3,14007,GL冰箱,GL,冰箱,2200,4669,A,A企业,500000,2019,3,8
2019-08-06,成都市,B002,4,14396,MD电视,MD,电视,2000,4299,B,B企业,510100,2019,3,8
2019-08-06,长沙市,B001,8,33592,MD冰箱,MD,冰箱,2500,4199,B,B企业,430100,2019,3,8
2019-08-06,深圳市,A001,3,14007,GL冰箱,GL,冰箱,2200,4669,A,A企业,440300,2019,3,8
2019-08-06,厦门市,C001,6,21594,HE冰箱,HE,冰箱,1800,3599,C,C企业,350200,2019,3,8
2019-08-06,深圳市,B001,6,25194,MD冰箱,MD,冰箱,2500,4199,B,B企业,440300,2019,3,8
2019-08-06,厦门市,B001,3,12597,MD冰箱,MD,冰箱,2500,4199,B,B企业,350200,2019,3,8
2019-08-06,重庆市,B001,5,20995,MD冰箱,MD,冰箱,2500,4199,B,B企业,500000,2019,3,8
2019-08-06,重庆市,C002,5,20995,HE电视,HE,电视,2200,4199,C,C企业,500000,2019,3,8
2019-08-06,金华市,A002,3,9897,GL电视,GL,电视,1500,3299,A,A企业,330700,2019,3,8
2019-08-06,厦门市,A001,2,9338,GL冰箱,GL,冰箱,2200,4669,A,A企业,350200,2019,3,8
2019-08-06,厦门市,A002,4,13196,GL电视,GL,电视,1500,3299,A,A企业,350200,2019,3,8
2019-08-06,成都市,C002,3,12597,HE电视,HE,电视,2200,4199,C,C企业,510100,2019,3,8
2019-08-06,长沙市,C001,3,10797,HE冰箱,HE,冰箱,1800,3599,C,C企业,430100,2019,3,8
2019-08-06,金华市,C001,3,10797,HE冰箱,HE,冰箱,1800,3599,C,C企业,330700,2019,3,8
2019-08-06,长沙市,A001,2,9338,GL冰箱,GL,冰箱,2200,4669,A,A企业,430100,2019,3,8
2019-08-06,金华市,C002,6,25194,HE电视,HE,电视,2200,4199,C,C企业,330700,2019,3,8
2019-08-06,金华市,A001,3,14007,GL冰箱,GL,冰箱,2200,4669,A,A企业,330700,2019,3,8
2019-08-06,金华市,B001,3,12597,MD冰箱,MD,冰箱,2500,4199,B,B企业,330700,2019,3,8
2019-08-06,成都市,B001,2,8398,MD冰箱,MD,冰箱,2500,4199,B,B企业,510100,2019,3,8
2019-08-06,厦门市,C002,5,20995,HE电视,HE,电视,2200,4199,C,C企业,350200,2019,3,8
2019-08-06,重庆市,B003,2,11398,MD洗衣机,MD,洗衣机,3100,5699,B,B企业,500000,2019,3,8
2019-08-06,成都市,B003,7,39893,MD洗衣机,MD,洗衣机,3100,5699,B,B企业,510100,2019,3,8
2019-08-06,苏州市,A003,5,23345,GL洗衣机,GL,洗衣机,3200,4669,A,A企业,320500,2019,3,8
2019-08-06,厦门市,A003,4,18676,GL洗衣机,GL,洗衣机,3200,4669,A,A企业,350200,2019,3,8
2019-08-06,苏州市,B001,3,12597,MD冰箱,MD,冰箱,2500,4199,B,B企业,320500,2019,3,8
2019-08-06,重庆市,A003,3,14007,GL洗衣机,GL,洗衣机,3200,4669,A,A企业,500000,2019,3,8
2019-08-06,上海市,A001,7,32683,GL冰箱,GL,冰箱,2200,4669,A,A企业,310000,2019,3,8
2019-08-06,深圳市,A002,2,6598,GL电视,GL,电视,1500,3299,A,A企业,440300,2019,3,8
2019-08-06,金华市,A003,8,37352,GL洗衣机,GL,洗衣机,3200,4669,A,A企业,330700,2019,3,8
2019-08-06,成都市,A001,2,9338,GL冰箱,GL,冰箱,2200,4669,A,A企业,510100,2019,3,8
2019-08-06,苏州市,A001,2,9338,GL冰箱,GL,冰箱,2200,4669,A,A企业,320500,2019,3,8
2019-08-06,上海市,C001,5,17995,HE冰箱,HE,冰箱,1800,3599,C,C企业,310000,2019,3,8
2019-08-06,上海市,A002,4,13196,GL电视,GL,电视,1500,3299,A,A企业,310000,2019,3,8
2019-08-06,金华市,B002,2,7198,MD电视,MD,电视,2000,4299,B,B企业,330700,2019,3,8
2019-08-07,金华市,A001,8,37352,GL冰箱,GL,冰箱,2200,4669,A,A企业,330700,2019,3,8
2019-08-07,上海市,A001,8,37352,GL冰箱,GL,冰箱,2200,4669,A,A企业,310000,2019,3,8
2019-08-07,金华市,B002,2,7198,MD电视,MD,电视,2000,4299,B,B企业,330700,2019,3,8
2019-08-07,金华市,A003,5,23345,GL洗衣机,GL,洗衣机,3200,4669,A,A企业,330700,2019,3,8
2019-08-07,厦门市,A003,5,23345,GL洗衣机,GL,洗衣机,3200,4669,A,A企业,350200,2019,3,8
2019-08-07,上海市,C001,6,21594,HE冰箱,HE,冰箱,1800,3599,C,C企业,310000,2019,3,8
2019-08-07,成都市,C001,4,14396,HE冰箱,HE,冰箱,1800,3599,C,C企业,510100,2019,3,8
2019-08-07,厦门市,A001,5,23345,GL冰箱,GL,冰箱,2200,4669,A,A企业,350200,2019,3,8
2019-08-07,长沙市,B002,5,17995,MD电视,MD,电视,2000,4299,B,B企业,430100,2019,3,8
2019-08-07,重庆市,A001,6,28014,GL冰箱,GL,冰箱,2200,4669,A,A企业,500000,2019,3,8
2019-08-07,厦门市,B003,5,28495,MD洗衣机,MD,洗衣机,3100,5699,B,B企业,350200,2019,3,8
2019-08-07,深圳市,B003,3,17097,MD洗衣机,MD,洗衣机,3100,5699,B,B企业,440300,2019,3,8
2019-08-07,成都市,B002,6,21594,MD电视,MD,电视,2000,4299,B,B企业,510100,2019,3,8
2019-08-07,苏州市,A001,6,28014,GL冰箱,GL,冰箱,2200,4669,A,A企业,320500,2019,3,8
2019-08-07,长沙市,A001,3,14007,GL冰箱,GL,冰箱,2200,4669,A,A企业,430100,2019,3,8
2019-08-07,金华市,C003,6,28014,HE洗衣机,HE,洗衣机,2600,4699,C,C企业,330700,2019,3,8
2019-08-07,厦门市,B002,5,17995,MD电视,MD,电视,2000,4299,B,B企业,350200,2019,3,8
2019-08-07,深圳市,A001,4,18676,GL冰箱,GL,冰箱,2200,4669,A,A企业,440300,2019,3,8
2019-08-07,金华市,C002,2,8398,HE电视,HE,电视,2200,4199,C,C企业,330700,2019,3,8
2019-08-07,成都市,B001,4,16796,MD冰箱,MD,冰箱,2500,4199,B,B企业,510100,2019,3,8
2019-08-07,长沙市,C001,3,10797,HE冰箱,HE,冰箱,1800,3599,C,C企业,430100,2019,3,8
2019-08-07,深圳市,A002,3,9897,GL电视,GL,电视,1500,3299,A,A企业,440300,2019,3,8
2019-08-07,金华市,B003,2,11398,MD洗衣机,MD,洗衣机,3100,5699,B,B企业,330700,2019,3,8
2019-08-07,厦门市,C001,2,7198,HE冰箱,HE,冰箱,1800,3599,C,C企业,350200,2019,3,8
2019-08-07,长沙市,B001,6,25194,MD冰箱,MD,冰箱,2500,4199,B,B企业,430100,2019,3,8
2019-08-07,厦门市,B001,4,16796,MD冰箱,MD,冰箱,2500,4199,B,B企业,350200,2019,3,8
2019-08-07,厦门市,C002,4,16796,HE电视,HE,电视,2200,4199,C,C企业,350200,2019,3,8
2019-08-07,深圳市,B001,9,37791,MD冰箱,MD,冰箱,2500,4199,B,B企业,440300,2019,3,8
2019-08-07,金华市,A002,3,9897,GL电视,GL,电视,1500,3299,A,A企业,330700,2019,3,8
2019-08-07,长沙市,C002,3,12597,HE电视,HE,电视,2200,4199,C,C企业,430100,2019,3,8
2019-08-07,成都市,A002,6,19794,GL电视,GL,电视,1500,3299,A,A企业,510100,2019,3,8
2019-08-07,重庆市,A002,7,23093,GL电视,GL,电视,1500,3299,A,A企业,500000,2019,3,8
2019-08-07,重庆市,C001,4,14396,HE冰箱,HE,冰箱,1800,3599,C,C企业,500000,2019,3,8
2019-08-07,成都市,A001,4,18676,GL冰箱,GL,冰箱,2200,4669,A,A企业,510100,2019,3,8
2019-08-07,重庆市,B001,2,8398,MD冰箱,MD,冰箱,2500,4199,B,B企业,500000,2019,3,8
2019-08-08,金华市,A001,7,32683,GL冰箱,GL,冰箱,2200,4669,A,A企业,330700,2019,3,8
2019-08-08,长沙市,A001,3,14007,GL冰箱,GL,冰箱,2200,4669,A,A企业,430100,2019,3,8
2019-08-08,成都市,B001,5,20995,MD冰箱,MD,冰箱,2500,4199,B,B企业,510100,2019,3,8
2019-08-08,长沙市,C002,9,37791,HE电视,HE,电视,2200,4199,C,C企业,430100,2019,3,8
2019-08-08,深圳市,C001,7,25193,HE冰箱,HE,冰箱,1800,3599,C,C企业,440300,2019,3,8
2019-08-08,厦门市,A001,6,28014,GL冰箱,GL,冰箱,2200,4669,A,A企业,350200,2019,3,8
2019-08-08,厦门市,B001,8,33592,MD冰箱,MD,冰箱,2500,4199,B,B企业,350200,2019,3,8
2019-08-08,深圳市,B001,6,25194,MD冰箱,MD,冰箱,2500,4199,B,B企业,440300,2019,3,8
2019-08-08,成都市,C002,4,16796,HE电视,HE,电视,2200,4199,C,C企业,510100,2019,3,8
2019-08-08,成都市,B002,5,17995,MD电视,MD,电视,2000,4299,B,B企业,510100,2019,3,8
2019-08-08,重庆市,B001,5,20995,MD冰箱,MD,冰箱,2500,4199,B,B企业,500000,2019,3,8
2019-08-08,金华市,B001,7,29393,MD冰箱,MD,冰箱,2500,4199,B,B企业,330700,2019,3,8
2019-08-08,厦门市,B002,5,17995,MD电视,MD,电视,2000,4299,B,B企业,350200,2019,3,8
2019-08-08,重庆市,A001,4,18676,GL冰箱,GL,冰箱,2200,4669,A,A企业,500000,2019,3,8
2019-08-08,金华市,B002,6,21594,MD电视,MD,电视,2000,4299,B,B企业,330700,2019,3,8
2019-08-08,重庆市,B002,6,21594,MD电视,MD,电视,2000,4299,B,B企业,500000,2019,3,8
2019-08-08,上海市,C001,6,21594,HE冰箱,HE,冰箱,1800,3599,C,C企业,310000,2019,3,8
2019-08-08,长沙市,B001,4,16796,MD冰箱,MD,冰箱,2500,4199,B,B企业,430100,2019,3,8
2019-08-08,苏州市,A001,3,14007,GL冰箱,GL,冰箱,2200,4669,A,A企业,320500,2019,3,8
2019-08-08,上海市,B001,3,12597,MD冰箱,MD,冰箱,2500,4199,B,B企业,310000,2019,3,8
2019-08-08,成都市,A001,3,14007,GL冰箱,GL,冰箱,2200,4669,A,A企业,510100,2019,3,8
2019-08-08,深圳市,B002,2,7198,MD电视,MD,电视,2000,4299,B,B企业,440300,2019,3,8
2019-08-08,深圳市,A002,6,19794,GL电视,GL,电视,1500,3299,A,A企业,440300,2019,3,8
2019-08-08,重庆市,A002,7,23093,GL电视,GL,电视,1500,3299,A,A企业,500000,2019,3,8
2019-08-08,深圳市,A001,6,28014,GL冰箱,GL,冰箱,2200,4669,A,A企业,440300,2019,3,8
2019-08-08,厦门市,C003,6,28014,HE洗衣机,HE,洗衣机,2600,4699,C,C企业,350200,2019,3,8
2019-08-08,金华市,C001,2,7198,HE冰箱,HE,冰箱,1800,3599,C,C企业,330700,2019,3,8
2019-08-08,上海市,A001,3,14007,GL冰箱,GL,冰箱,2200,4669,A,A企业,310000,2019,3,8
2019-08-08,厦门市,C002,6,25194,HE电视,HE,电视,2200,4199,C,C企业,350200,2019,3,8
2019-08-08,长沙市,A002,7,23093,GL电视,GL,电视,1500,3299,A,A企业,430100,2019,3,8
2019-08-08,长沙市,B002,9,32391,MD电视,MD,电视,2000,4299,B,B企业,430100,2019,3,8
2019-08-08,深圳市,C002,6,25194,HE电视,HE,电视,2200,4199,C,C企业,440300,2019,3,8
2019-08-08,成都市,A003,9,42021,GL洗衣机,GL,洗衣机,3200,4669,A,A企业,510100,2019,3,8
2019-08-09,上海市,A001,8,37352,GL冰箱,GL,冰箱,2200,4669,A,A企业,310000,2019,3,8
2019-08-09,金华市,B002,4,14396,MD电视,MD,电视,2000,4299,B,B企业,330700,2019,3,8
2019-08-09,长沙市,A001,2,9338,GL冰箱,GL,冰箱,2200,4669,A,A企业,430100,2019,3,8
2019-08-09,金华市,A001,3,14007,GL冰箱,GL,冰箱,2200,4669,A,A企业,330700,2019,3,8
2019-08-09,金华市,B001,6,25194,MD冰箱,MD,冰箱,2500,4199,B,B企业,330700,2019,3,8
2019-08-09,重庆市,B001,5,20995,MD冰箱,MD,冰箱,2500,4199,B,B企业,500000,2019,3,8
2019-08-09,重庆市,A001,4,18676,GL冰箱,GL,冰箱,2200,4669,A,A企业,500000,2019,3,8
2019-08-09,厦门市,B001,5,20995,MD冰箱,MD,冰箱,2500,4199,B,B企业,350200,2019,3,8
2019-08-09,金华市,C002,5,20995,HE电视,HE,电视,2200,4199,C,C企业,330700,2019,3,8
2019-08-09,深圳市,B001,4,16796,MD冰箱,MD,冰箱,2500,4199,B,B企业,440300,2019,3,8
2019-08-09,成都市,C001,3,10797,HE冰箱,HE,冰箱,1800,3599,C,C企业,510100,2019,3,8
2019-08-09,上海市,C002,6,25194,HE电视,HE,电视,2200,4199,C,C企业,310000,2019,3,8
2019-08-09,厦门市,A001,5,23345,GL冰箱,GL,冰箱,2200,4669,A,A企业,350200,2019,3,8
2019-08-09,重庆市,B002,6,21594,MD电视,MD,电视,2000,4299,B,B企业,500000,2019,3,8
2019-08-09,苏州市,B001,4,16796,MD冰箱,MD,冰箱,2500,4199,B,B企业,320500,2019,3,8
2019-08-09,深圳市,A002,5,16495,GL电视,GL,电视,1500,3299,A,A企业,440300,2019,3,8
2019-08-09,上海市,C001,8,28792,HE冰箱,HE,冰箱,1800,3599,C,C企业,310000,2019,3,8
2019-08-09,深圳市,A001,6,28014,GL冰箱,GL,冰箱,2200,4669,A,A企业,440300,2019,3,8
2019-08-09,金华市,A002,4,13196,GL电视,GL,电视,1500,3299,A,A企业,330700,2019,3,8
2019-08-09,成都市,A001,5,23345,GL冰箱,GL,冰箱,2200,4669,A,A企业,510100,2019,3,8
2019-08-09,厦门市,B002,2,7198,MD电视,MD,电视,2000,4299,B,B企业,350200,2019,3,8
2019-08-09,厦门市,C001,6,21594,HE冰箱,HE,冰箱,1800,3599,C,C企业,350200,2019,3,8
2019-08-09,重庆市,A003,8,37352,GL洗衣机,GL,洗衣机,3200,4669,A,A企业,500000,2019,3,8
2019-08-09,厦门市,C002,5,20995,HE电视,HE,电视,2200,4199,C,C企业,350200,2019,3,8
2019-08-09,金华市,C003,8,37352,HE洗衣机,HE,洗衣机,2600,4699,C,C企业,330700,2019,3,8
2019-08-09,长沙市,B001,6,25194,MD冰箱,MD,冰箱,2500,4199,B,B企业,430100,2019,3,8
2019-08-09,深圳市,C003,7,32683,HE洗衣机,HE,洗衣机,2600,4699,C,C企业,440300,2019,3,8
2019-08-10,重庆市,A001,9,42021,GL冰箱,GL,冰箱,2200,4669,A,A企业,500000,2019,3,8
2019-08-10,厦门市,C001,6,21594,HE冰箱,HE,冰箱,1800,3599,C,C企业,350200,2019,3,8
2019-08-10,重庆市,C001,5,17995,HE冰箱,HE,冰箱,1800,3599,C,C企业,500000,2019,3,8
2019-08-10,长沙市,C002,5,20995,HE电视,HE,电视,2200,4199,C,C企业,430100,2019,3,8
2019-08-10,长沙市,B001,2,8398,MD冰箱,MD,冰箱,2500,4199,B,B企业,430100,2019,3,8
2019-08-10,深圳市,B001,6,25194,MD冰箱,MD,冰箱,2500,4199,B,B企业,440300,2019,3,8
2019-08-10,金华市,B001,6,25194,MD冰箱,MD,冰箱,2500,4199,B,B企业,330700,2019,3,8
2019-08-10,厦门市,A001,6,28014,GL冰箱,GL,冰箱,2200,4669,A,A企业,350200,2019,3,8
2019-08-10,深圳市,B002,9,32391,MD电视,MD,电视,2000,4299,B,B企业,440300,2019,3,8
2019-08-10,厦门市,C002,5,20995,HE电视,HE,电视,2200,4199,C,C企业,350200,2019,3,8
2019-08-10,深圳市,A001,5,23345,GL冰箱,GL,冰箱,2200,4669,A,A企业,440300,2019,3,8
2019-08-10,重庆市,B001,6,25194,MD冰箱,MD,冰箱,2500,4199,B,B企业,500000,2019,3,8
2019-08-10,成都市,C001,7,25193,HE冰箱,HE,冰箱,1800,3599,C,C企业,510100,2019,3,8
2019-08-10,金华市,B002,4,14396,MD电视,MD,电视,2000,4299,B,B企业,330700,2019,3,8
2019-08-10,苏州市,B001,8,33592,MD冰箱,MD,冰箱,2500,4199,B,B企业,320500,2019,3,8
2019-08-10,厦门市,A003,4,18676,GL洗衣机,GL,洗衣机,3200,4669,A,A企业,350200,2019,3,8
2019-08-10,厦门市,B001,3,12597,MD冰箱,MD,冰箱,2500,4199,B,B企业,350200,2019,3,8
2019-08-10,苏州市,A001,3,14007,GL冰箱,GL,冰箱,2200,4669,A,A企业,320500,2019,3,8
2019-08-10,金华市,A001,5,23345,GL冰箱,GL,冰箱,2200,4669,A,A企业,330700,2019,3,8
2019-08-10,长沙市,B002,7,25193,MD电视,MD,电视,2000,4299,B,B企业,430100,2019,3,8
2019-08-10,苏州市,C001,4,14396,HE冰箱,HE,冰箱,1800,3599,C,C企业,320500,2019,3,8
2019-08-10,上海市,B002,5,17995,MD电视,MD,电视,2000,4299,B,B企业,310000,2019,3,8
2019-08-10,上海市,B001,7,29393,MD冰箱,MD,冰箱,2500,4199,B,B企业,310000,2019,3,8
2019-08-10,金华市,A002,4,13196,GL电视,GL,电视,1500,3299,A,A企业,330700,2019,3,8
2019-08-10,长沙市,C001,7,25193,HE冰箱,HE,冰箱,1800,3599,C,C企业,430100,2019,3,8
2019-08-10,成都市,B001,5,20995,MD冰箱,MD,冰箱,2500,4199,B,B企业,510100,2019,3,8
2019-08-10,重庆市,A002,6,19794,GL电视,GL,电视,1500,3299,A,A企业,500000,2019,3,8
2019-08-10,重庆市,A003,4,18676,GL洗衣机,GL,洗衣机,3200,4669,A,A企业,500000,2019,3,8
2019-08-11,重庆市,B001,7,29393,MD冰箱,MD,冰箱,2500,4199,B,B企业,500000,2019,3,8
2019-08-11,上海市,A002,6,19794,GL电视,GL,电视,1500,3299,A,A企业,310000,2019,3,8
2019-08-11,重庆市,C002,4,16796,HE电视,HE,电视,2200,4199,C,C企业,500000,2019,3,8
2019-08-11,金华市,B001,6,25194,MD冰箱,MD,冰箱,2500,4199,B,B企业,330700,2019,3,8
2019-08-11,上海市,A001,6,28014,GL冰箱,GL,冰箱,2200,4669,A,A企业,310000,2019,3,8
2019-08-11,上海市,B001,7,29393,MD冰箱,MD,冰箱,2500,4199,B,B企业,310000,2019,3,8
2019-08-11,长沙市,B001,4,16796,MD冰箱,MD,冰箱,2500,4199,B,B企业,430100,2019,3,8
2019-08-11,厦门市,C001,6,21594,HE冰箱,HE,冰箱,1800,3599,C,C企业,350200,2019,3,8
2019-08-11,厦门市,A001,7,32683,GL冰箱,GL,冰箱,2200,4669,A,A企业,350200,2019,3,8
2019-08-11,厦门市,B001,3,12597,MD冰箱,MD,冰箱,2500,4199,B,B企业,350200,2019,3,8
2019-08-11,苏州市,B001,3,12597,MD冰箱,MD,冰箱,2500,4199,B,B企业,320500,2019,3,8
2019-08-11,深圳市,B001,5,20995,MD冰箱,MD,冰箱,2500,4199,B,B企业,440300,2019,3,8
2019-08-11,成都市,C001,5,17995,HE冰箱,HE,冰箱,1800,3599,C,C企业,510100,2019,3,8
2019-08-11,长沙市,C002,8,33592,HE电视,HE,电视,2200,4199,C,C企业,430100,2019,3,8
2019-08-11,金华市,C002,5,20995,HE电视,HE,电视,2200,4199,C,C企业,330700,2019,3,8
2019-08-11,重庆市,C001,6,21594,HE冰箱,HE,冰箱,1800,3599,C,C企业,500000,2019,3,8
2019-08-11,厦门市,A002,2,6598,GL电视,GL,电视,1500,3299,A,A企业,350200,2019,3,8
2019-08-11,金华市,C001,5,17995,HE冰箱,HE,冰箱,1800,3599,C,C企业,330700,2019,3,8
2019-08-11,长沙市,A001,4,18676,GL冰箱,GL,冰箱,2200,4669,A,A企业,430100,2019,3,8
2019-08-11,金华市,A001,6,28014,GL冰箱,GL,冰箱,2200,4669,A,A企业,330700,2019,3,8
2019-08-11,深圳市,B002,6,21594,MD电视,MD,电视,2000,4299,B,B企业,440300,2019,3,8
2019-08-11,重庆市,A001,6,28014,GL冰箱,GL,冰箱,2200,4669,A,A企业,500000,2019,3,8
2019-08-11,重庆市,B002,3,10797,MD电视,MD,电视,2000,4299,B,B企业,500000,2019,3,8
2019-08-11,深圳市,C002,5,20995,HE电视,HE,电视,2200,4199,C,C企业,440300,2019,3,8
2019-08-11,厦门市,C002,4,16796,HE电视,HE,电视,2200,4199,C,C企业,350200,2019,3,8
2019-08-11,成都市,A001,7,32683,GL冰箱,GL,冰箱,2200,4669,A,A企业,510100,2019,3,8
2019-08-11,金华市,B002,9,32391,MD电视,MD,电视,2000,4299,B,B企业,330700,2019,3,8
2019-08-11,深圳市,C001,4,14396,HE冰箱,HE,冰箱,1800,3599,C,C企业,440300,2019,3,8
2019-08-12,金华市,A001,3,14007,GL冰箱,GL,冰箱,2200,4669,A,A企业,330700,2019,3,8
2019-08-12,厦门市,B001,6,25194,MD冰箱,MD,冰箱,2500,4199,B,B企业,350200,2019,3,8
2019-08-12,重庆市,B002,2,7198,MD电视,MD,电视,2000,4299,B,B企业,500000,2019,3,8
2019-08-12,成都市,B001,3,12597,MD冰箱,MD,冰箱,2500,4199,B,B企业,510100,2019,3,8
2019-08-12,深圳市,B001,5,20995,MD冰箱,MD,冰箱,2500,4199,B,B企业,440300,2019,3,8
2019-08-12,重庆市,A002,6,19794,GL电视,GL,电视,1500,3299,A,A企业,500000,2019,3,8
2019-08-12,长沙市,A001,4,18676,GL冰箱,GL,冰箱,2200,4669,A,A企业,430100,2019,3,8
2019-08-12,金华市,A002,3,9897,GL电视,GL,电视,1500,3299,A,A企业,330700,2019,3,8
2019-08-12,厦门市,A001,7,32683,GL冰箱,GL,冰箱,2200,4669,A,A企业,350200,2019,3,8
2019-08-12,厦门市,A002,7,23093,GL电视,GL,电视,1500,3299,A,A企业,350200,2019,3,8
2019-08-12,苏州市,B001,6,25194,MD冰箱,MD,冰箱,2500,4199,B,B企业,320500,2019,3,8
2019-08-12,长沙市,B001,5,20995,MD冰箱,MD,冰箱,2500,4199,B,B企业,430100,2019,3,8
2019-08-12,金华市,B001,2,8398,MD冰箱,MD,冰箱,2500,4199,B,B企业,330700,2019,3,8
2019-08-12,成都市,A001,3,14007,GL冰箱,GL,冰箱,2200,4669,A,A企业,510100,2019,3,8
2019-08-12,金华市,C002,6,25194,HE电视,HE,电视,2200,4199,C,C企业,330700,2019,3,8
2019-08-12,重庆市,B001,6,25194,MD冰箱,MD,冰箱,2500,4199,B,B企业,500000,2019,3,8
2019-08-12,上海市,A001,5,23345,GL冰箱,GL,冰箱,2200,4669,A,A企业,310000,2019,3,8
2019-08-12,长沙市,C003,6,28014,HE洗衣机,HE,洗衣机,2600,4699,C,C企业,430100,2019,3,8
2019-08-12,厦门市,A003,5,23345,GL洗衣机,GL,洗衣机,3200,4669,A,A企业,350200,2019,3,8
2019-08-12,成都市,C001,5,17995,HE冰箱,HE,冰箱,1800,3599,C,C企业,510100,2019,3,8
2019-08-12,重庆市,A001,5,23345,GL冰箱,GL,冰箱,2200,4669,A,A企业,500000,2019,3,8
2019-08-12,上海市,B001,4,16796,MD冰箱,MD,冰箱,2500,4199,B,B企业,310000,2019,3,8
2019-08-12,成都市,C002,7,29393,HE电视,HE,电视,2200,4199,C,C企业,510100,2019,3,8
2019-08-12,厦门市,C002,8,33592,HE电视,HE,电视,2200,4199,C,C企业,350200,2019,3,8
2019-08-12,成都市,A002,6,19794,GL电视,GL,电视,1500,3299,A,A企业,510100,2019,3,8
2019-08-12,重庆市,C002,5,20995,HE电视,HE,电视,2200,4199,C,C企业,500000,2019,3,8
2019-08-12,深圳市,A001,3,14007,GL冰箱,GL,冰箱,2200,4669,A,A企业,440300,2019,3,8
2019-08-13,厦门市,C001,3,10797,HE冰箱,HE,冰箱,1800,3599,C,C企业,350200,2019,3,8
2019-08-13,金华市,A001,9,42021,GL冰箱,GL,冰箱,2200,4669,A,A企业,330700,2019,3,8
2019-08-13,重庆市,A001,9,42021,GL冰箱,GL,冰箱,2200,4669,A,A企业,500000,2019,3,8
2019-08-13,重庆市,B001,7,29393,MD冰箱,MD,冰箱,2500,4199,B,B企业,500000,2019,3,8
2019-08-13,上海市,B001,3,12597,MD冰箱,MD,冰箱,2500,4199,B,B企业,310000,2019,3,8
2019-08-13,厦门市,A001,3,14007,GL冰箱,GL,冰箱,2200,4669,A,A企业,350200,2019,3,8
2019-08-13,成都市,B001,4,16796,MD冰箱,MD,冰箱,2500,4199,B,B企业,510100,2019,3,8
2019-08-13,重庆市,B002,3,10797,MD电视,MD,电视,2000,4299,B,B企业,500000,2019,3,8
2019-08-13,厦门市,B001,7,29393,MD冰箱,MD,冰箱,2500,4199,B,B企业,350200,2019,3,8
2019-08-13,长沙市,B001,7,29393,MD冰箱,MD,冰箱,2500,4199,B,B企业,430100,2019,3,8
2019-08-13,金华市,B001,8,33592,MD冰箱,MD,冰箱,2500,4199,B,B企业,330700,2019,3,8
2019-08-13,长沙市,A001,3,14007,GL冰箱,GL,冰箱,2200,4669,A,A企业,430100,2019,3,8
2019-08-13,金华市,C001,5,17995,HE冰箱,HE,冰箱,1800,3599,C,C企业,330700,2019,3,8
2019-08-13,成都市,A001,8,37352,GL冰箱,GL,冰箱,2200,4669,A,A企业,510100,2019,3,8
2019-08-13,厦门市,C002,5,20995,HE电视,HE,电视,2200,4199,C,C企业,350200,2019,3,8
2019-08-13,厦门市,B002,6,21594,MD电视,MD,电视,2000,4299,B,B企业,350200,2019,3,8
2019-08-13,深圳市,B002,4,14396,MD电视,MD,电视,2000,4299,B,B企业,440300,2019,3,8
2019-08-13,重庆市,C002,6,25194,HE电视,HE,电视,2200,4199,C,C企业,500000,2019,3,8
2019-08-13,长沙市,A003,2,9338,GL洗衣机,GL,洗衣机,3200,4669,A,A企业,430100,2019,3,8
2019-08-13,苏州市,B001,7,29393,MD冰箱,MD,冰箱,2500,4199,B,B企业,320500,2019,3,8
2019-08-13,深圳市,A001,3,14007,GL冰箱,GL,冰箱,2200,4669,A,A企业,440300,2019,3,8
2019-08-13,深圳市,C001,4,14396,HE冰箱,HE,冰箱,1800,3599,C,C企业,440300,2019,3,8
2019-08-13,深圳市,C002,4,16796,HE电视,HE,电视,2200,4199,C,C企业,440300,2019,3,8
2019-08-14,厦门市,A001,2,9338,GL冰箱,GL,冰箱,2200,4669,A,A企业,350200,2019,3,8
2019-08-14,长沙市,A001,2,9338,GL冰箱,GL,冰箱,2200,4669,A,A企业,430100,2019,3,8
2019-08-14,重庆市,C002,8,33592,HE电视,HE,电视,2200,4199,C,C企业,500000,2019,3,8
2019-08-14,厦门市,B002,5,17995,MD电视,MD,电视,2000,4299,B,B企业,350200,2019,3,8
2019-08-14,厦门市,B001,4,16796,MD冰箱,MD,冰箱,2500,4199,B,B企业,350200,2019,3,8
2019-08-14,金华市,A001,6,28014,GL冰箱,GL,冰箱,2200,4669,A,A企业,330700,2019,3,8
2019-08-14,重庆市,B002,6,21594,MD电视,MD,电视,2000,4299,B,B企业,500000,2019,3,8
2019-08-14,金华市,B001,8,33592,MD冰箱,MD,冰箱,2500,4199,B,B企业,330700,2019,3,8
2019-08-14,成都市,B001,5,20995,MD冰箱,MD,冰箱,2500,4199,B,B企业,510100,2019,3,8
2019-08-14,金华市,A003,2,9338,GL洗衣机,GL,洗衣机,3200,4669,A,A企业,330700,2019,3,8
2019-08-14,重庆市,A001,4,18676,GL冰箱,GL,冰箱,2200,4669,A,A企业,500000,2019,3,8
2019-08-14,上海市,C002,2,8398,HE电视,HE,电视,2200,4199,C,C企业,310000,2019,3,8
2019-08-14,重庆市,B001,8,33592,MD冰箱,MD,冰箱,2500,4199,B,B企业,500000,2019,3,8
2019-08-14,金华市,A002,6,19794,GL电视,GL,电视,1500,3299,A,A企业,330700,2019,3,8
2019-08-14,深圳市,B001,6,25194,MD冰箱,MD,冰箱,2500,4199,B,B企业,440300,2019,3,8
2019-08-14,上海市,A001,7,32683,GL冰箱,GL,冰箱,2200,4669,A,A企业,310000,2019,3,8
2019-08-14,长沙市,B001,7,29393,MD冰箱,MD,冰箱,2500,4199,B,B企业,430100,2019,3,8
2019-08-14,厦门市,A002,6,19794,GL电视,GL,电视,1500,3299,A,A企业,350200,2019,3,8
2019-08-14,成都市,A001,6,28014,GL冰箱,GL,冰箱,2200,4669,A,A企业,510100,2019,3,8
2019-08-14,深圳市,A002,6,19794,GL电视,GL,电视,1500,3299,A,A企业,440300,2019,3,8
2019-08-14,上海市,B001,4,16796,MD冰箱,MD,冰箱,2500,4199,B,B企业,310000,2019,3,8
2019-08-14,厦门市,A003,5,23345,GL洗衣机,GL,洗衣机,3200,4669,A,A企业,350200,2019,3,8
2019-08-14,深圳市,A001,6,28014,GL冰箱,GL,冰箱,2200,4669,A,A企业,440300,2019,3,8
2019-08-14,成都市,C003,6,28014,HE洗衣机,HE,洗衣机,2600,4699,C,C企业,510100,2019,3,8
2019-08-14,重庆市,A002,5,16495,GL电视,GL,电视,1500,3299,A,A企业,500000,2019,3,8
2019-08-14,厦门市,C002,5,20995,HE电视,HE,电视,2200,4199,C,C企业,350200,2019,3,8
2019-08-14,苏州市,B002,5,17995,MD电视,MD,电视,2000,4299,B,B企业,320500,2019,3,8
2019-08-14,成都市,C002,5,20995,HE电视,HE,电视,2200,4199,C,C企业,510100,2019,3,8
2019-08-14,金华市,C001,7,25193,HE冰箱,HE,冰箱,1800,3599,C,C企业,330700,2019,3,8
2019-08-14,金华市,C002,5,20995,HE电视,HE,电视,2200,4199,C,C企业,330700,2019,3,8
2019-08-14,长沙市,C001,6,21594,HE冰箱,HE,冰箱,1800,3599,C,C企业,430100,2019,3,8
2019-08-14,重庆市,C001,5,17995,HE冰箱,HE,冰箱,1800,3599,C,C企业,500000,2019,3,8
2019-08-15,深圳市,B001,5,20995,MD冰箱,MD,冰箱,2500,4199,B,B企业,440300,2019,3,8
2019-08-15,厦门市,A001,4,18676,GL冰箱,GL,冰箱,2200,4669,A,A企业,350200,2019,3,8
2019-08-15,上海市,C002,7,29393,HE电视,HE,电视,2200,4199,C,C企业,310000,2019,3,8
2019-08-15,重庆市,A001,4,18676,GL冰箱,GL,冰箱,2200,4669,A,A企业,500000,2019,3,8
2019-08-15,上海市,A001,6,28014,GL冰箱,GL,冰箱,2200,4669,A,A企业,310000,2019,3,8
2019-08-15,金华市,B002,3,10797,MD电视,MD,电视,2000,4299,B,B企业,330700,2019,3,8
2019-08-15,厦门市,B001,5,20995,MD冰箱,MD,冰箱,2500,4199,B,B企业,350200,2019,3,8
2019-08-15,金华市,B001,4,16796,MD冰箱,MD,冰箱,2500,4199,B,B企业,330700,2019,3,8
2019-08-15,重庆市,B001,4,16796,MD冰箱,MD,冰箱,2500,4199,B,B企业,500000,2019,3,8
2019-08-15,长沙市,A001,3,14007,GL冰箱,GL,冰箱,2200,4669,A,A企业,430100,2019,3,8
2019-08-15,长沙市,B001,9,37791,MD冰箱,MD,冰箱,2500,4199,B,B企业,430100,2019,3,8
2019-08-15,厦门市,B002,8,28792,MD电视,MD,电视,2000,4299,B,B企业,350200,2019,3,8
2019-08-15,金华市,A001,7,32683,GL冰箱,GL,冰箱,2200,4669,A,A企业,330700,2019,3,8
2019-08-15,成都市,C001,7,25193,HE冰箱,HE,冰箱,1800,3599,C,C企业,510100,2019,3,8
2019-08-15,金华市,C001,7,25193,HE冰箱,HE,冰箱,1800,3599,C,C企业,330700,2019,3,8
2019-08-15,成都市,B001,6,25194,MD冰箱,MD,冰箱,2500,4199,B,B企业,510100,2019,3,8
2019-08-15,成都市,C002,5,20995,HE电视,HE,电视,2200,4199,C,C企业,510100,2019,3,8
2019-08-15,厦门市,C001,3,10797,HE冰箱,HE,冰箱,1800,3599,C,C企业,350200,2019,3,8
2019-08-15,重庆市,C002,7,29393,HE电视,HE,电视,2200,4199,C,C企业,500000,2019,3,8
2019-08-15,深圳市,B002,5,17995,MD电视,MD,电视,2000,4299,B,B企业,440300,2019,3,8
2019-08-15,厦门市,A002,2,6598,GL电视,GL,电视,1500,3299,A,A企业,350200,2019,3,8
2019-08-15,深圳市,A001,6,28014,GL冰箱,GL,冰箱,2200,4669,A,A企业,440300,2019,3,8
2019-08-15,长沙市,C001,5,17995,HE冰箱,HE,冰箱,1800,3599,C,C企业,430100,2019,3,8
2019-08-15,深圳市,C001,2,7198,HE冰箱,HE,冰箱,1800,3599,C,C企业,440300,2019,3,8
2019-08-15,深圳市,A002,4,13196,GL电视,GL,电视,1500,3299,A,A企业,440300,2019,3,8
2019-08-15,深圳市,C002,4,16796,HE电视,HE,电视,2200,4199,C,C企业,440300,2019,3,8
2019-08-15,厦门市,C002,9,37791,HE电视,HE,电视,2200,4199,C,C企业,350200,2019,3,8
2019-08-15,上海市,B001,4,16796,MD冰箱,MD,冰箱,2500,4199,B,B企业,310000,2019,3,8
2019-08-16,金华市,A001,5,23345,GL冰箱,GL,冰箱,2200,4669,A,A企业,330700,2019,3,8
2019-08-16,厦门市,B001,4,16796,MD冰箱,MD,冰箱,2500,4199,B,B企业,350200,2019,3,8
2019-08-16,上海市,C002,4,16796,HE电视,HE,电视,2200,4199,C,C企业,310000,2019,3,8
2019-08-16,金华市,C001,6,21594,HE冰箱,HE,冰箱,1800,3599,C,C企业,330700,2019,3,8
2019-08-16,厦门市,C002,4,16796,HE电视,HE,电视,2200,4199,C,C企业,350200,2019,3,8
2019-08-16,上海市,B001,4,16796,MD冰箱,MD,冰箱,2500,4199,B,B企业,310000,2019,3,8
2019-08-16,重庆市,B001,2,8398,MD冰箱,MD,冰箱,2500,4199,B,B企业,500000,2019,3,8
2019-08-16,成都市,B002,5,17995,MD电视,MD,电视,2000,4299,B,B企业,510100,2019,3,8
2019-08-16,苏州市,B001,6,25194,MD冰箱,MD,冰箱,2500,4199,B,B企业,320500,2019,3,8
2019-08-16,厦门市,C001,5,17995,HE冰箱,HE,冰箱,1800,3599,C,C企业,350200,2019,3,8
2019-08-16,金华市,B003,7,39893,MD洗衣机,MD,洗衣机,3100,5699,B,B企业,330700,2019,3,8
2019-08-16,重庆市,B002,4,14396,MD电视,MD,电视,2000,4299,B,B企业,500000,2019,3,8
2019-08-16,厦门市,A001,2,9338,GL冰箱,GL,冰箱,2200,4669,A,A企业,350200,2019,3,8
2019-08-16,厦门市,B003,5,28495,MD洗衣机,MD,洗衣机,3100,5699,B,B企业,350200,2019,3,8
2019-08-16,深圳市,B002,4,14396,MD电视,MD,电视,2000,4299,B,B企业,440300,2019,3,8
2019-08-16,重庆市,C002,6,25194,HE电视,HE,电视,2200,4199,C,C企业,500000,2019,3,8
2019-08-16,长沙市,A001,5,23345,GL冰箱,GL,冰箱,2200,4669,A,A企业,430100,2019,3,8
2019-08-16,厦门市,B002,6,21594,MD电视,MD,电视,2000,4299,B,B企业,350200,2019,3,8
2019-08-16,金华市,B002,5,17995,MD电视,MD,电视,2000,4299,B,B企业,330700,2019,3,8
2019-08-16,长沙市,B003,8,45592,MD洗衣机,MD,洗衣机,3100,5699,B,B企业,430100,2019,3,8
2019-08-16,深圳市,A001,3,14007,GL冰箱,GL,冰箱,2200,4669,A,A企业,440300,2019,3,8
2019-08-16,长沙市,A003,6,28014,GL洗衣机,GL,洗衣机,3200,4669,A,A企业,430100,2019,3,8
2019-08-16,深圳市,A003,7,32683,GL洗衣机,GL,洗衣机,3200,4669,A,A企业,440300,2019,3,8
2019-08-16,重庆市,A003,5,23345,GL洗衣机,GL,洗衣机,3200,4669,A,A企业,500000,2019,3,8
2019-08-16,苏州市,A001,5,23345,GL冰箱,GL,冰箱,2200,4669,A,A企业,320500,2019,3,8
2019-08-16,长沙市,B001,2,8398,MD冰箱,MD,冰箱,2500,4199,B,B企业,430100,2019,3,8
2019-08-16,深圳市,C001,3,10797,HE冰箱,HE,冰箱,1800,3599,C,C企业,440300,2019,3,8
2019-08-16,厦门市,A002,6,19794,GL电视,GL,电视,1500,3299,A,A企业,350200,2019,3,8
2019-08-16,深圳市,A002,5,16495,GL电视,GL,电视,1500,3299,A,A企业,440300,2019,3,8
2019-08-16,长沙市,C002,3,12597,HE电视,HE,电视,2200,4199,C,C企业,430100,2019,3,8
2019-08-16,金华市,A002,6,19794,GL电视,GL,电视,1500,3299,A,A企业,330700,2019,3,8
2019-08-16,重庆市,C001,4,14396,HE冰箱,HE,冰箱,1800,3599,C,C企业,500000,2019,3,8
2019-08-16,金华市,C002,2,8398,HE电视,HE,电视,2200,4199,C,C企业,330700,2019,3,8
2019-08-16,金华市,B001,6,25194,MD冰箱,MD,冰箱,2500,4199,B,B企业,330700,2019,3,8
2019-08-16,重庆市,A001,6,28014,GL冰箱,GL,冰箱,2200,4669,A,A企业,500000,2019,3,8
2019-08-16,长沙市,C001,4,14396,HE冰箱,HE,冰箱,1800,3599,C,C企业,430100,2019,3,8
2019-08-16,成都市,A002,4,13196,GL电视,GL,电视,1500,3299,A,A企业,510100,2019,3,8
2019-08-17,重庆市,A001,3,14007,GL冰箱,GL,冰箱,2200,4669,A,A企业,500000,2019,3,8
2019-08-17,厦门市,A002,3,9897,GL电视,GL,电视,1500,3299,A,A企业,350200,2019,3,8
2019-08-17,成都市,B001,6,25194,MD冰箱,MD,冰箱,2500,4199,B,B企业,510100,2019,3,8
2019-08-17,深圳市,A001,2,9338,GL冰箱,GL,冰箱,2200,4669,A,A企业,440300,2019,3,8
2019-08-17,深圳市,C002,3,12597,HE电视,HE,电视,2200,4199,C,C企业,440300,2019,3,8
2019-08-17,金华市,A002,2,6598,GL电视,GL,电视,1500,3299,A,A企业,330700,2019,3,8
2019-08-17,厦门市,A001,2,9338,GL冰箱,GL,冰箱,2200,4669,A,A企业,350200,2019,3,8
2019-08-17,厦门市,C001,5,17995,HE冰箱,HE,冰箱,1800,3599,C,C企业,350200,2019,3,8
2019-08-17,厦门市,B002,5,17995,MD电视,MD,电视,2000,4299,B,B企业,350200,2019,3,8
2019-08-17,深圳市,C001,6,21594,HE冰箱,HE,冰箱,1800,3599,C,C企业,440300,2019,3,8
2019-08-17,重庆市,B002,4,14396,MD电视,MD,电视,2000,4299,B,B企业,500000,2019,3,8
2019-08-17,深圳市,B001,3,12597,MD冰箱,MD,冰箱,2500,4199,B,B企业,440300,2019,3,8
2019-08-17,厦门市,B001,8,33592,MD冰箱,MD,冰箱,2500,4199,B,B企业,350200,2019,3,8
2019-08-17,重庆市,B001,6,25194,MD冰箱,MD,冰箱,2500,4199,B,B企业,500000,2019,3,8
2019-08-17,成都市,A001,6,28014,GL冰箱,GL,冰箱,2200,4669,A,A企业,510100,2019,3,8
2019-08-17,成都市,C001,5,17995,HE冰箱,HE,冰箱,1800,3599,C,C企业,510100,2019,3,8
2019-08-17,上海市,B001,6,25194,MD冰箱,MD,冰箱,2500,4199,B,B企业,310000,2019,3,8
2019-08-17,金华市,C001,5,17995,HE冰箱,HE,冰箱,1800,3599,C,C企业,330700,2019,3,8
2019-08-17,上海市,B002,5,17995,MD电视,MD,电视,2000,4299,B,B企业,310000,2019,3,8
2019-08-17,金华市,B002,6,21594,MD电视,MD,电视,2000,4299,B,B企业,330700,2019,3,8
2019-08-17,金华市,B001,6,25194,MD冰箱,MD,冰箱,2500,4199,B,B企业,330700,2019,3,8
2019-08-17,厦门市,C002,3,12597,HE电视,HE,电视,2200,4199,C,C企业,350200,2019,3,8
2019-08-17,上海市,A001,5,23345,GL冰箱,GL,冰箱,2200,4669,A,A企业,310000,2019,3,8
2019-08-17,成都市,B002,2,7198,MD电视,MD,电视,2000,4299,B,B企业,510100,2019,3,8
2019-08-17,上海市,C001,8,28792,HE冰箱,HE,冰箱,1800,3599,C,C企业,310000,2019,3,8
2019-08-17,金华市,A001,4,18676,GL冰箱,GL,冰箱,2200,4669,A,A企业,330700,2019,3,8
2019-08-18,厦门市,B001,8,33592,MD冰箱,MD,冰箱,2500,4199,B,B企业,350200,2019,3,8
2019-08-18,厦门市,B002,8,28792,MD电视,MD,电视,2000,4299,B,B企业,350200,2019,3,8
2019-08-18,上海市,A001,8,37352,GL冰箱,GL,冰箱,2200,4669,A,A企业,310000,2019,3,8
2019-08-18,重庆市,B001,4,16796,MD冰箱,MD,冰箱,2500,4199,B,B企业,500000,2019,3,8
2019-08-18,重庆市,B002,6,21594,MD电视,MD,电视,2000,4299,B,B企业,500000,2019,3,8
2019-08-18,金华市,B002,7,25193,MD电视,MD,电视,2000,4299,B,B企业,330700,2019,3,8
2019-08-18,重庆市,A001,8,37352,GL冰箱,GL,冰箱,2200,4669,A,A企业,500000,2019,3,8
2019-08-18,深圳市,B001,3,12597,MD冰箱,MD,冰箱,2500,4199,B,B企业,440300,2019,3,8
2019-08-18,厦门市,A001,7,32683,GL冰箱,GL,冰箱,2200,4669,A,A企业,350200,2019,3,8
2019-08-18,长沙市,B001,3,12597,MD冰箱,MD,冰箱,2500,4199,B,B企业,430100,2019,3,8
2019-08-18,厦门市,A003,4,18676,GL洗衣机,GL,洗衣机,3200,4669,A,A企业,350200,2019,3,8
2019-08-18,长沙市,C002,6,25194,HE电视,HE,电视,2200,4199,C,C企业,430100,2019,3,8
2019-08-18,厦门市,C002,4,16796,HE电视,HE,电视,2200,4199,C,C企业,350200,2019,3,8
2019-08-18,重庆市,A003,9,42021,GL洗衣机,GL,洗衣机,3200,4669,A,A企业,500000,2019,3,8
2019-08-18,金华市,B003,4,22796,MD洗衣机,MD,洗衣机,3100,5699,B,B企业,330700,2019,3,8
2019-08-18,厦门市,B003,8,45592,MD洗衣机,MD,洗衣机,3100,5699,B,B企业,350200,2019,3,8
2019-08-18,金华市,B001,6,25194,MD冰箱,MD,冰箱,2500,4199,B,B企业,330700,2019,3,8
2019-08-18,苏州市,C002,6,25194,HE电视,HE,电视,2200,4199,C,C企业,320500,2019,3,8
2019-08-18,长沙市,A001,3,14007,GL冰箱,GL,冰箱,2200,4669,A,A企业,430100,2019,3,8
2019-08-18,厦门市,C001,4,14396,HE冰箱,HE,冰箱,1800,3599,C,C企业,350200,2019,3,8
2019-08-18,成都市,B003,5,28495,MD洗衣机,MD,洗衣机,3100,5699,B,B企业,510100,2019,3,8
2019-08-18,深圳市,A001,5,23345,GL冰箱,GL,冰箱,2200,4669,A,A企业,440300,2019,3,8
2019-08-18,深圳市,C001,6,21594,HE冰箱,HE,冰箱,1800,3599,C,C企业,440300,2019,3,8
2019-08-18,重庆市,B003,4,22796,MD洗衣机,MD,洗衣机,3100,5699,B,B企业,500000,2019,3,8
2019-08-18,苏州市,B003,3,17097,MD洗衣机,MD,洗衣机,3100,5699,B,B企业,320500,2019,3,8
2019-08-18,成都市,A001,3,14007,GL冰箱,GL,冰箱,2200,4669,A,A企业,510100,2019,3,8
2019-08-18,金华市,A002,3,9897,GL电视,GL,电视,1500,3299,A,A企业,330700,2019,3,8
2019-08-18,苏州市,A002,3,9897,GL电视,GL,电视,1500,3299,A,A企业,320500,2019,3,8
2019-08-18,厦门市,A002,6,19794,GL电视,GL,电视,1500,3299,A,A企业,350200,2019,3,8
2019-08-18,金华市,A001,2,9338,GL冰箱,GL,冰箱,2200,4669,A,A企业,330700,2019,3,8
2019-08-18,长沙市,A003,4,18676,GL洗衣机,GL,洗衣机,3200,4669,A,A企业,430100,2019,3,8
2019-08-18,上海市,B001,5,20995,MD冰箱,MD,冰箱,2500,4199,B,B企业,310000,2019,3,8
2019-08-18,金华市,A003,5,23345,GL洗衣机,GL,洗衣机,3200,4669,A,A企业,330700,2019,3,8
2019-08-18,重庆市,A002,5,16495,GL电视,GL,电视,1500,3299,A,A企业,500000,2019,3,8
2019-08-18,苏州市,A003,6,28014,GL洗衣机,GL,洗衣机,3200,4669,A,A企业,320500,2019,3,8
2019-08-18,成都市,C001,5,17995,HE冰箱,HE,冰箱,1800,3599,C,C企业,510100,2019,3,8
2019-08-18,上海市,A003,3,14007,GL洗衣机,GL,洗衣机,3200,4669,A,A企业,310000,2019,3,8
2019-08-18,成都市,A003,9,42021,GL洗衣机,GL,洗衣机,3200,4669,A,A企业,510100,2019,3,8
2019-08-18,重庆市,C002,7,29393,HE电视,HE,电视,2200,4199,C,C企业,500000,2019,3,8
2019-08-18,深圳市,A002,3,9897,GL电视,GL,电视,1500,3299,A,A企业,440300,2019,3,8
2019-08-18,长沙市,A002,8,26392,GL电视,GL,电视,1500,3299,A,A企业,430100,2019,3,8
2019-08-19,金华市,A001,2,9338,GL冰箱,GL,冰箱,2200,4669,A,A企业,330700,2019,3,8
2019-08-19,深圳市,C001,4,14396,HE冰箱,HE,冰箱,1800,3599,C,C企业,440300,2019,3,8
2019-08-19,金华市,A003,7,32683,GL洗衣机,GL,洗衣机,3200,4669,A,A企业,330700,2019,3,8
2019-08-19,重庆市,C001,4,14396,HE冰箱,HE,冰箱,1800,3599,C,C企业,500000,2019,3,8
2019-08-19,金华市,B002,6,21594,MD电视,MD,电视,2000,4299,B,B企业,330700,2019,3,8
2019-08-19,苏州市,B001,6,25194,MD冰箱,MD,冰箱,2500,4199,B,B企业,320500,2019,3,8
2019-08-19,长沙市,C002,6,25194,HE电视,HE,电视,2200,4199,C,C企业,430100,2019,3,8
2019-08-19,深圳市,B003,9,51291,MD洗衣机,MD,洗衣机,3100,5699,B,B企业,440300,2019,3,8
2019-08-19,长沙市,B003,5,28495,MD洗衣机,MD,洗衣机,3100,5699,B,B企业,430100,2019,3,8
2019-08-19,金华市,B001,6,25194,MD冰箱,MD,冰箱,2500,4199,B,B企业,330700,2019,3,8
2019-08-19,重庆市,B003,4,22796,MD洗衣机,MD,洗衣机,3100,5699,B,B企业,500000,2019,3,8
2019-08-19,长沙市,A001,7,32683,GL冰箱,GL,冰箱,2200,4669,A,A企业,430100,2019,3,8
2019-08-19,成都市,A001,4,18676,GL冰箱,GL,冰箱,2200,4669,A,A企业,510100,2019,3,8
2019-08-19,长沙市,C001,6,21594,HE冰箱,HE,冰箱,1800,3599,C,C企业,430100,2019,3,8
2019-08-19,厦门市,B003,6,34194,MD洗衣机,MD,洗衣机,3100,5699,B,B企业,350200,2019,3,8
2019-08-19,重庆市,A001,5,23345,GL冰箱,GL,冰箱,2200,4669,A,A企业,500000,2019,3,8
2019-08-19,上海市,B003,2,11398,MD洗衣机,MD,洗衣机,3100,5699,B,B企业,310000,2019,3,8
2019-08-19,深圳市,A001,6,28014,GL冰箱,GL,冰箱,2200,4669,A,A企业,440300,2019,3,8
2019-08-19,苏州市,B002,5,17995,MD电视,MD,电视,2000,4299,B,B企业,320500,2019,3,8
2019-08-19,成都市,B001,5,20995,MD冰箱,MD,冰箱,2500,4199,B,B企业,510100,2019,3,8
2019-08-19,上海市,B001,8,33592,MD冰箱,MD,冰箱,2500,4199,B,B企业,310000,2019,3,8
2019-08-19,上海市,C001,7,25193,HE冰箱,HE,冰箱,1800,3599,C,C企业,310000,2019,3,8
2019-08-19,厦门市,B001,6,25194,MD冰箱,MD,冰箱,2500,4199,B,B企业,350200,2019,3,8
2019-08-19,上海市,A001,8,37352,GL冰箱,GL,冰箱,2200,4669,A,A企业,310000,2019,3,8
2019-08-19,成都市,B002,3,10797,MD电视,MD,电视,2000,4299,B,B企业,510100,2019,3,8
2019-08-19,成都市,C002,2,8398,HE电视,HE,电视,2200,4199,C,C企业,510100,2019,3,8
2019-08-19,深圳市,B002,6,21594,MD电视,MD,电视,2000,4299,B,B企业,440300,2019,3,8
2019-08-19,上海市,A002,6,19794,GL电视,GL,电视,1500,3299,A,A企业,310000,2019,3,8
2019-08-19,厦门市,A001,6,28014,GL冰箱,GL,冰箱,2200,4669,A,A企业,350200,2019,3,8
2019-08-20,重庆市,A002,3,9897,GL电视,GL,电视,1500,3299,A,A企业,500000,2019,3,8
2019-08-20,厦门市,C001,5,17995,HE冰箱,HE,冰箱,1800,3599,C,C企业,350200,2019,3,8
2019-08-20,金华市,A001,2,9338,GL冰箱,GL,冰箱,2200,4669,A,A企业,330700,2019,3,8
2019-08-20,上海市,B001,4,16796,MD冰箱,MD,冰箱,2500,4199,B,B企业,310000,2019,3,8
2019-08-20,长沙市,A003,8,37352,GL洗衣机,GL,洗衣机,3200,4669,A,A企业,430100,2019,3,8
2019-08-20,金华市,C003,2,9338,HE洗衣机,HE,洗衣机,2600,4699,C,C企业,330700,2019,3,8
2019-08-20,厦门市,B001,7,29393,MD冰箱,MD,冰箱,2500,4199,B,B企业,350200,2019,3,8
2019-08-20,成都市,C002,5,20995,HE电视,HE,电视,2200,4199,C,C企业,510100,2019,3,8
2019-08-20,长沙市,B001,6,25194,MD冰箱,MD,冰箱,2500,4199,B,B企业,430100,2019,3,8
2019-08-20,金华市,B001,7,29393,MD冰箱,MD,冰箱,2500,4199,B,B企业,330700,2019,3,8
2019-08-20,重庆市,B001,2,8398,MD冰箱,MD,冰箱,2500,4199,B,B企业,500000,2019,3,8
2019-08-20,成都市,C001,3,10797,HE冰箱,HE,冰箱,1800,3599,C,C企业,510100,2019,3,8
2019-08-20,厦门市,C002,6,25194,HE电视,HE,电视,2200,4199,C,C企业,350200,2019,3,8
2019-08-20,重庆市,A001,5,23345,GL冰箱,GL,冰箱,2200,4669,A,A企业,500000,2019,3,8
2019-08-20,深圳市,A001,4,18676,GL冰箱,GL,冰箱,2200,4669,A,A企业,440300,2019,3,8
2019-08-20,深圳市,B001,4,16796,MD冰箱,MD,冰箱,2500,4199,B,B企业,440300,2019,3,8
2019-08-20,长沙市,A002,5,16495,GL电视,GL,电视,1500,3299,A,A企业,430100,2019,3,8
2019-08-20,上海市,A001,9,42021,GL冰箱,GL,冰箱,2200,4669,A,A企业,310000,2019,3,8
2019-08-20,成都市,A001,6,28014,GL冰箱,GL,冰箱,2200,4669,A,A企业,510100,2019,3,8
2019-08-20,长沙市,C001,4,14396,HE冰箱,HE,冰箱,1800,3599,C,C企业,430100,2019,3,8
2019-08-20,上海市,C002,3,12597,HE电视,HE,电视,2200,4199,C,C企业,310000,2019,3,8
2019-08-20,厦门市,A001,6,28014,GL冰箱,GL,冰箱,2200,4669,A,A企业,350200,2019,3,8
2019-08-20,金华市,A002,2,6598,GL电视,GL,电视,1500,3299,A,A企业,330700,2019,3,8
2019-08-20,成都市,B001,7,29393,MD冰箱,MD,冰箱,2500,4199,B,B企业,510100,2019,3,8
2019-08-20,金华市,C001,5,17995,HE冰箱,HE,冰箱,1800,3599,C,C企业,330700,2019,3,8
2019-08-20,厦门市,B002,3,10797,MD电视,MD,电视,2000,4299,B,B企业,350200,2019,3,8
2019-08-20,苏州市,B001,3,12597,MD冰箱,MD,冰箱,2500,4199,B,B企业,320500,2019,3,8
2019-08-20,苏州市,A001,3,14007,GL冰箱,GL,冰箱,2200,4669,A,A企业,320500,2019,3,8
2019-08-20,长沙市,C002,6,25194,HE电视,HE,电视,2200,4199,C,C企业,430100,2019,3,8
2019-08-20,深圳市,C002,5,20995,HE电视,HE,电视,2200,4199,C,C企业,440300,2019,3,8
2019-08-20,厦门市,B003,7,39893,MD洗衣机,MD,洗衣机,3100,5699,B,B企业,350200,2019,3,8
2019-08-20,重庆市,B002,5,17995,MD电视,MD,电视,2000,4299,B,B企业,500000,2019,3,8
2019-08-21,重庆市,A001,4,18676,GL冰箱,GL,冰箱,2200,4669,A,A企业,500000,2019,3,8
2019-08-21,金华市,B002,6,21594,MD电视,MD,电视,2000,4299,B,B企业,330700,2019,3,8
2019-08-21,重庆市,B003,5,28495,MD洗衣机,MD,洗衣机,3100,5699,B,B企业,500000,2019,3,8
2019-08-21,厦门市,B003,5,28495,MD洗衣机,MD,洗衣机,3100,5699,B,B企业,350200,2019,3,8
2019-08-21,金华市,B003,4,22796,MD洗衣机,MD,洗衣机,3100,5699,B,B企业,330700,2019,3,8
2019-08-21,长沙市,B003,6,34194,MD洗衣机,MD,洗衣机,3100,5699,B,B企业,430100,2019,3,8
2019-08-21,重庆市,B002,7,25193,MD电视,MD,电视,2000,4299,B,B企业,500000,2019,3,8
2019-08-21,金华市,C001,9,32391,HE冰箱,HE,冰箱,1800,3599,C,C企业,330700,2019,3,8
2019-08-21,厦门市,B002,6,21594,MD电视,MD,电视,2000,4299,B,B企业,350200,2019,3,8
2019-08-21,厦门市,A001,7,32683,GL冰箱,GL,冰箱,2200,4669,A,A企业,350200,2019,3,8
2019-08-21,苏州市,B003,5,28495,MD洗衣机,MD,洗衣机,3100,5699,B,B企业,320500,2019,3,8
2019-08-21,成都市,B003,6,34194,MD洗衣机,MD,洗衣机,3100,5699,B,B企业,510100,2019,3,8
2019-08-21,厦门市,A003,5,23345,GL洗衣机,GL,洗衣机,3200,4669,A,A企业,350200,2019,3,8
2019-08-21,上海市,A003,5,23345,GL洗衣机,GL,洗衣机,3200,4669,A,A企业,310000,2019,3,8
2019-08-21,重庆市,A003,8,37352,GL洗衣机,GL,洗衣机,3200,4669,A,A企业,500000,2019,3,8
2019-08-21,深圳市,A001,3,14007,GL冰箱,GL,冰箱,2200,4669,A,A企业,440300,2019,3,8
2019-08-21,金华市,A003,8,37352,GL洗衣机,GL,洗衣机,3200,4669,A,A企业,330700,2019,3,8
2019-08-21,上海市,C003,6,28014,HE洗衣机,HE,洗衣机,2600,4699,C,C企业,310000,2019,3,8
2019-08-21,金华市,A001,5,23345,GL冰箱,GL,冰箱,2200,4669,A,A企业,330700,2019,3,8
2019-08-21,金华市,B001,8,33592,MD冰箱,MD,冰箱,2500,4199,B,B企业,330700,2019,3,8
2019-08-21,重庆市,B001,6,25194,MD冰箱,MD,冰箱,2500,4199,B,B企业,500000,2019,3,8
2019-08-21,长沙市,C002,5,20995,HE电视,HE,电视,2200,4199,C,C企业,430100,2019,3,8
2019-08-21,重庆市,C001,5,17995,HE冰箱,HE,冰箱,1800,3599,C,C企业,500000,2019,3,8
2019-08-21,成都市,C002,5,20995,HE电视,HE,电视,2200,4199,C,C企业,510100,2019,3,8
2019-08-21,长沙市,C001,9,32391,HE冰箱,HE,冰箱,1800,3599,C,C企业,430100,2019,3,8
2019-08-21,上海市,A001,6,28014,GL冰箱,GL,冰箱,2200,4669,A,A企业,310000,2019,3,8
2019-08-21,上海市,C002,8,33592,HE电视,HE,电视,2200,4199,C,C企业,310000,2019,3,8
2019-08-21,长沙市,B001,9,37791,MD冰箱,MD,冰箱,2500,4199,B,B企业,430100,2019,3,8
2019-08-21,成都市,B001,5,20995,MD冰箱,MD,冰箱,2500,4199,B,B企业,510100,2019,3,8
2019-08-21,厦门市,B001,6,25194,MD冰箱,MD,冰箱,2500,4199,B,B企业,350200,2019,3,8
2019-08-21,深圳市,B002,4,14396,MD电视,MD,电视,2000,4299,B,B企业,440300,2019,3,8
2019-08-21,重庆市,C002,4,16796,HE电视,HE,电视,2200,4199,C,C企业,500000,2019,3,8
2019-08-21,上海市,B001,6,25194,MD冰箱,MD,冰箱,2500,4199,B,B企业,310000,2019,3,8
2019-08-21,深圳市,A002,3,9897,GL电视,GL,电视,1500,3299,A,A企业,440300,2019,3,8
2019-08-21,成都市,A001,7,32683,GL冰箱,GL,冰箱,2200,4669,A,A企业,510100,2019,3,8
2019-08-21,长沙市,A001,8,37352,GL冰箱,GL,冰箱,2200,4669,A,A企业,430100,2019,3,8
2019-08-21,厦门市,C002,6,25194,HE电视,HE,电视,2200,4199,C,C企业,350200,2019,3,8
2019-08-21,金华市,A002,5,16495,GL电视,GL,电视,1500,3299,A,A企业,330700,2019,3,8
2019-08-22,金华市,B001,8,33592,MD冰箱,MD,冰箱,2500,4199,B,B企业,330700,2019,3,8
2019-08-22,成都市,A001,4,18676,GL冰箱,GL,冰箱,2200,4669,A,A企业,510100,2019,3,8
2019-08-22,苏州市,A001,4,18676,GL冰箱,GL,冰箱,2200,4669,A,A企业,320500,2019,3,8
2019-08-22,厦门市,B001,4,16796,MD冰箱,MD,冰箱,2500,4199,B,B企业,350200,2019,3,8
2019-08-22,厦门市,A003,7,32683,GL洗衣机,GL,洗衣机,3200,4669,A,A企业,350200,2019,3,8
2019-08-22,重庆市,B001,5,20995,MD冰箱,MD,冰箱,2500,4199,B,B企业,500000,2019,3,8
2019-08-22,长沙市,A001,5,23345,GL冰箱,GL,冰箱,2200,4669,A,A企业,430100,2019,3,8
2019-08-22,金华市,C002,4,16796,HE电视,HE,电视,2200,4199,C,C企业,330700,2019,3,8
2019-08-22,深圳市,A002,5,16495,GL电视,GL,电视,1500,3299,A,A企业,440300,2019,3,8
2019-08-22,成都市,B001,6,25194,MD冰箱,MD,冰箱,2500,4199,B,B企业,510100,2019,3,8
2019-08-22,厦门市,C002,7,29393,HE电视,HE,电视,2200,4199,C,C企业,350200,2019,3,8
2019-08-22,长沙市,B001,7,29393,MD冰箱,MD,冰箱,2500,4199,B,B企业,430100,2019,3,8
2019-08-22,重庆市,A001,6,28014,GL冰箱,GL,冰箱,2200,4669,A,A企业,500000,2019,3,8
2019-08-22,深圳市,B001,7,29393,MD冰箱,MD,冰箱,2500,4199,B,B企业,440300,2019,3,8
2019-08-22,金华市,A002,8,26392,GL电视,GL,电视,1500,3299,A,A企业,330700,2019,3,8
2019-08-22,深圳市,A001,5,23345,GL冰箱,GL,冰箱,2200,4669,A,A企业,440300,2019,3,8
2019-08-22,苏州市,B001,4,16796,MD冰箱,MD,冰箱,2500,4199,B,B企业,320500,2019,3,8
2019-08-22,长沙市,C002,5,20995,HE电视,HE,电视,2200,4199,C,C企业,430100,2019,3,8
2019-08-22,厦门市,A001,4,18676,GL冰箱,GL,冰箱,2200,4669,A,A企业,350200,2019,3,8
2019-08-22,深圳市,C002,4,16796,HE电视,HE,电视,2200,4199,C,C企业,440300,2019,3,8
2019-08-22,成都市,A003,5,23345,GL洗衣机,GL,洗衣机,3200,4669,A,A企业,510100,2019,3,8
2019-08-22,成都市,C001,6,21594,HE冰箱,HE,冰箱,1800,3599,C,C企业,510100,2019,3,8
2019-08-22,苏州市,A002,3,9897,GL电视,GL,电视,1500,3299,A,A企业,320500,2019,3,8
2019-08-22,重庆市,A003,4,18676,GL洗衣机,GL,洗衣机,3200,4669,A,A企业,500000,2019,3,8
2019-08-22,深圳市,C001,6,21594,HE冰箱,HE,冰箱,1800,3599,C,C企业,440300,2019,3,8
2019-08-22,金华市,B002,5,17995,MD电视,MD,电视,2000,4299,B,B企业,330700,2019,3,8
2019-08-22,长沙市,A003,4,18676,GL洗衣机,GL,洗衣机,3200,4669,A,A企业,430100,2019,3,8
2019-08-22,重庆市,B002,5,17995,MD电视,MD,电视,2000,4299,B,B企业,500000,2019,3,8
2019-08-22,长沙市,B003,4,22796,MD洗衣机,MD,洗衣机,3100,5699,B,B企业,430100,2019,3,8
2019-08-22,厦门市,B003,5,28495,MD洗衣机,MD,洗衣机,3100,5699,B,B企业,350200,2019,3,8
2019-08-22,金华市,B003,6,34194,MD洗衣机,MD,洗衣机,3100,5699,B,B企业,330700,2019,3,8
2019-08-22,深圳市,B003,8,45592,MD洗衣机,MD,洗衣机,3100,5699,B,B企业,440300,2019,3,8
2019-08-22,上海市,B003,6,34194,MD洗衣机,MD,洗衣机,3100,5699,B,B企业,310000,2019,3,8
2019-08-22,上海市,A001,3,14007,GL冰箱,GL,冰箱,2200,4669,A,A企业,310000,2019,3,8
2019-08-22,金华市,A001,4,18676,GL冰箱,GL,冰箱,2200,4669,A,A企业,330700,2019,3,8
2019-08-22,长沙市,C001,8,28792,HE冰箱,HE,冰箱,1800,3599,C,C企业,430100,2019,3,8
2019-08-22,重庆市,C002,5,20995,HE电视,HE,电视,2200,4199,C,C企业,500000,2019,3,8
2019-08-23,重庆市,B002,8,28792,MD电视,MD,电视,2000,4299,B,B企业,500000,2019,3,8
2019-08-23,金华市,A001,3,14007,GL冰箱,GL,冰箱,2200,4669,A,A企业,330700,2019,3,8
2019-08-23,厦门市,A003,7,32683,GL洗衣机,GL,洗衣机,3200,4669,A,A企业,350200,2019,3,8
2019-08-23,深圳市,A003,5,23345,GL洗衣机,GL,洗衣机,3200,4669,A,A企业,440300,2019,3,8
2019-08-23,成都市,B001,6,25194,MD冰箱,MD,冰箱,2500,4199,B,B企业,510100,2019,3,8
2019-08-23,上海市,A003,6,28014,GL洗衣机,GL,洗衣机,3200,4669,A,A企业,310000,2019,3,8
2019-08-23,金华市,A003,7,32683,GL洗衣机,GL,洗衣机,3200,4669,A,A企业,330700,2019,3,8
2019-08-23,上海市,A002,6,19794,GL电视,GL,电视,1500,3299,A,A企业,310000,2019,3,8
2019-08-23,上海市,A001,5,23345,GL冰箱,GL,冰箱,2200,4669,A,A企业,310000,2019,3,8
2019-08-23,上海市,B001,6,25194,MD冰箱,MD,冰箱,2500,4199,B,B企业,310000,2019,3,8
2019-08-23,长沙市,A001,6,28014,GL冰箱,GL,冰箱,2200,4669,A,A企业,430100,2019,3,8
2019-08-23,厦门市,B001,4,16796,MD冰箱,MD,冰箱,2500,4199,B,B企业,350200,2019,3,8
2019-08-23,重庆市,B001,2,8398,MD冰箱,MD,冰箱,2500,4199,B,B企业,500000,2019,3,8
2019-08-23,成都市,A002,3,9897,GL电视,GL,电视,1500,3299,A,A企业,510100,2019,3,8
2019-08-23,金华市,B001,5,20995,MD冰箱,MD,冰箱,2500,4199,B,B企业,330700,2019,3,8
2019-08-23,重庆市,A001,3,14007,GL冰箱,GL,冰箱,2200,4669,A,A企业,500000,2019,3,8
2019-08-23,深圳市,A002,6,19794,GL电视,GL,电视,1500,3299,A,A企业,440300,2019,3,8
2019-08-23,厦门市,A001,3,14007,GL冰箱,GL,冰箱,2200,4669,A,A企业,350200,2019,3,8
2019-08-23,深圳市,C003,4,18676,HE洗衣机,HE,洗衣机,2600,4699,C,C企业,440300,2019,3,8
2019-08-23,上海市,B002,6,21594,MD电视,MD,电视,2000,4299,B,B企业,310000,2019,3,8
2019-08-23,厦门市,B002,5,17995,MD电视,MD,电视,2000,4299,B,B企业,350200,2019,3,8
2019-08-23,长沙市,B002,4,14396,MD电视,MD,电视,2000,4299,B,B企业,430100,2019,3,8
2019-08-23,深圳市,B002,3,10797,MD电视,MD,电视,2000,4299,B,B企业,440300,2019,3,8
2019-08-23,厦门市,C001,4,14396,HE冰箱,HE,冰箱,1800,3599,C,C企业,350200,2019,3,8
2019-08-23,深圳市,A001,6,28014,GL冰箱,GL,冰箱,2200,4669,A,A企业,440300,2019,3,8
2019-08-23,重庆市,C002,3,12597,HE电视,HE,电视,2200,4199,C,C企业,500000,2019,3,8
2019-08-23,金华市,B002,5,17995,MD电视,MD,电视,2000,4299,B,B企业,330700,2019,3,8
2019-08-23,成都市,C001,5,17995,HE冰箱,HE,冰箱,1800,3599,C,C企业,510100,2019,3,8
2019-08-23,苏州市,C001,6,21594,HE冰箱,HE,冰箱,1800,3599,C,C企业,320500,2019,3,8
2019-08-23,成都市,B002,7,25193,MD电视,MD,电视,2000,4299,B,B企业,510100,2019,3,8
2019-08-23,成都市,C002,7,29393,HE电视,HE,电视,2200,4199,C,C企业,510100,2019,3,8
2019-08-23,金华市,C002,4,16796,HE电视,HE,电视,2200,4199,C,C企业,330700,2019,3,8
2019-08-24,厦门市,C001,5,17995,HE冰箱,HE,冰箱,1800,3599,C,C企业,350200,2019,3,8
2019-08-24,深圳市,B001,5,20995,MD冰箱,MD,冰箱,2500,4199,B,B企业,440300,2019,3,8
2019-08-24,厦门市,A001,5,23345,GL冰箱,GL,冰箱,2200,4669,A,A企业,350200,2019,3,8
2019-08-24,重庆市,A001,5,23345,GL冰箱,GL,冰箱,2200,4669,A,A企业,500000,2019,3,8
2019-08-24,深圳市,A001,5,23345,GL冰箱,GL,冰箱,2200,4669,A,A企业,440300,2019,3,8
2019-08-24,厦门市,B001,7,29393,MD冰箱,MD,冰箱,2500,4199,B,B企业,350200,2019,3,8
2019-08-24,成都市,C001,4,14396,HE冰箱,HE,冰箱,1800,3599,C,C企业,510100,2019,3,8
2019-08-24,厦门市,B002,6,21594,MD电视,MD,电视,2000,4299,B,B企业,350200,2019,3,8
2019-08-24,成都市,B002,4,14396,MD电视,MD,电视,2000,4299,B,B企业,510100,2019,3,8
2019-08-24,金华市,C002,5,20995,HE电视,HE,电视,2200,4199,C,C企业,330700,2019,3,8
2019-08-24,重庆市,B002,6,21594,MD电视,MD,电视,2000,4299,B,B企业,500000,2019,3,8
2019-08-24,成都市,B001,8,33592,MD冰箱,MD,冰箱,2500,4199,B,B企业,510100,2019,3,8
2019-08-24,长沙市,B001,9,37791,MD冰箱,MD,冰箱,2500,4199,B,B企业,430100,2019,3,8
2019-08-24,金华市,B001,6,25194,MD冰箱,MD,冰箱,2500,4199,B,B企业,330700,2019,3,8
2019-08-24,苏州市,A001,2,9338,GL冰箱,GL,冰箱,2200,4669,A,A企业,320500,2019,3,8
2019-08-24,深圳市,A002,5,16495,GL电视,GL,电视,1500,3299,A,A企业,440300,2019,3,8
2019-08-24,厦门市,A002,4,13196,GL电视,GL,电视,1500,3299,A,A企业,350200,2019,3,8
2019-08-24,成都市,A001,5,23345,GL冰箱,GL,冰箱,2200,4669,A,A企业,510100,2019,3,8
2019-08-24,金华市,A002,6,19794,GL电视,GL,电视,1500,3299,A,A企业,330700,2019,3,8
2019-08-24,金华市,C001,3,10797,HE冰箱,HE,冰箱,1800,3599,C,C企业,330700,2019,3,8
2019-08-24,长沙市,C002,6,25194,HE电视,HE,电视,2200,4199,C,C企业,430100,2019,3,8
2019-08-24,重庆市,B001,4,16796,MD冰箱,MD,冰箱,2500,4199,B,B企业,500000,2019,3,8
2019-08-24,金华市,A001,4,18676,GL冰箱,GL,冰箱,2200,4669,A,A企业,330700,2019,3,8
2019-08-24,长沙市,A001,6,28014,GL冰箱,GL,冰箱,2200,4669,A,A企业,430100,2019,3,8
2019-08-24,厦门市,A003,7,32683,GL洗衣机,GL,洗衣机,3200,4669,A,A企业,350200,2019,3,8
2019-08-24,深圳市,A003,8,37352,GL洗衣机,GL,洗衣机,3200,4669,A,A企业,440300,2019,3,8
2019-08-24,重庆市,A002,4,13196,GL电视,GL,电视,1500,3299,A,A企业,500000,2019,3,8
2019-08-24,成都市,A003,3,14007,GL洗衣机,GL,洗衣机,3200,4669,A,A企业,510100,2019,3,8
2019-08-24,厦门市,C002,9,37791,HE电视,HE,电视,2200,4199,C,C企业,350200,2019,3,8
2019-08-24,上海市,A003,8,37352,GL洗衣机,GL,洗衣机,3200,4669,A,A企业,310000,2019,3,8
2019-08-25,上海市,B003,7,39893,MD洗衣机,MD,洗衣机,3100,5699,B,B企业,310000,2019,3,8
2019-08-25,厦门市,B003,8,45592,MD洗衣机,MD,洗衣机,3100,5699,B,B企业,350200,2019,3,8
2019-08-25,厦门市,C001,4,14396,HE冰箱,HE,冰箱,1800,3599,C,C企业,350200,2019,3,8
2019-08-25,重庆市,B003,6,34194,MD洗衣机,MD,洗衣机,3100,5699,B,B企业,500000,2019,3,8
2019-08-25,上海市,A001,8,37352,GL冰箱,GL,冰箱,2200,4669,A,A企业,310000,2019,3,8
2019-08-25,长沙市,B001,7,29393,MD冰箱,MD,冰箱,2500,4199,B,B企业,430100,2019,3,8
2019-08-25,深圳市,A001,8,37352,GL冰箱,GL,冰箱,2200,4669,A,A企业,440300,2019,3,8
2019-08-25,长沙市,B003,5,28495,MD洗衣机,MD,洗衣机,3100,5699,B,B企业,430100,2019,3,8
2019-08-25,金华市,A002,4,13196,GL电视,GL,电视,1500,3299,A,A企业,330700,2019,3,8
2019-08-25,重庆市,A001,7,32683,GL冰箱,GL,冰箱,2200,4669,A,A企业,500000,2019,3,8
2019-08-25,厦门市,C002,2,8398,HE电视,HE,电视,2200,4199,C,C企业,350200,2019,3,8
2019-08-25,金华市,A001,8,37352,GL冰箱,GL,冰箱,2200,4669,A,A企业,330700,2019,3,8
2019-08-25,重庆市,B002,5,17995,MD电视,MD,电视,2000,4299,B,B企业,500000,2019,3,8
2019-08-25,长沙市,B002,3,10797,MD电视,MD,电视,2000,4299,B,B企业,430100,2019,3,8
2019-08-25,厦门市,A003,5,23345,GL洗衣机,GL,洗衣机,3200,4669,A,A企业,350200,2019,3,8
2019-08-25,上海市,C001,3,10797,HE冰箱,HE,冰箱,1800,3599,C,C企业,310000,2019,3,8
2019-08-25,上海市,C002,3,12597,HE电视,HE,电视,2200,4199,C,C企业,310000,2019,3,8
2019-08-25,厦门市,B002,9,32391,MD电视,MD,电视,2000,4299,B,B企业,350200,2019,3,8
2019-08-25,苏州市,A003,6,28014,GL洗衣机,GL,洗衣机,3200,4669,A,A企业,320500,2019,3,8
2019-08-25,金华市,B002,4,14396,MD电视,MD,电视,2000,4299,B,B企业,330700,2019,3,8
2019-08-25,重庆市,A003,5,23345,GL洗衣机,GL,洗衣机,3200,4669,A,A企业,500000,2019,3,8
2019-08-25,成都市,A003,5,23345,GL洗衣机,GL,洗衣机,3200,4669,A,A企业,510100,2019,3,8
2019-08-25,厦门市,A001,3,14007,GL冰箱,GL,冰箱,2200,4669,A,A企业,350200,2019,3,8
2019-08-25,长沙市,C001,4,14396,HE冰箱,HE,冰箱,1800,3599,C,C企业,430100,2019,3,8
2019-08-25,成都市,A002,3,9897,GL电视,GL,电视,1500,3299,A,A企业,510100,2019,3,8
2019-08-25,长沙市,C002,6,25194,HE电视,HE,电视,2200,4199,C,C企业,430100,2019,3,8
2019-08-25,成都市,B001,2,8398,MD冰箱,MD,冰箱,2500,4199,B,B企业,510100,2019,3,8
2019-08-25,厦门市,A002,6,19794,GL电视,GL,电视,1500,3299,A,A企业,350200,2019,3,8
2019-08-25,上海市,B001,6,25194,MD冰箱,MD,冰箱,2500,4199,B,B企业,310000,2019,3,8
2019-08-25,深圳市,B001,4,16796,MD冰箱,MD,冰箱,2500,4199,B,B企业,440300,2019,3,8
2019-08-25,成都市,A001,4,18676,GL冰箱,GL,冰箱,2200,4669,A,A企业,510100,2019,3,8
2019-08-25,长沙市,A001,9,42021,GL冰箱,GL,冰箱,2200,4669,A,A企业,430100,2019,3,8
2019-08-25,厦门市,B001,5,20995,MD冰箱,MD,冰箱,2500,4199,B,B企业,350200,2019,3,8
2019-08-25,成都市,C001,3,10797,HE冰箱,HE,冰箱,1800,3599,C,C企业,510100,2019,3,8
2019-08-25,苏州市,A001,6,28014,GL冰箱,GL,冰箱,2200,4669,A,A企业,320500,2019,3,8
2019-08-25,深圳市,A002,7,23093,GL电视,GL,电视,1500,3299,A,A企业,440300,2019,3,8
2019-08-25,金华市,B001,2,8398,MD冰箱,MD,冰箱,2500,4199,B,B企业,330700,2019,3,8
2019-08-25,重庆市,C001,5,17995,HE冰箱,HE,冰箱,1800,3599,C,C企业,500000,2019,3,8
2019-08-26,厦门市,A001,5,23345,GL冰箱,GL,冰箱,2200,4669,A,A企业,350200,2019,3,8
2019-08-26,重庆市,A001,7,32683,GL冰箱,GL,冰箱,2200,4669,A,A企业,500000,2019,3,8
2019-08-26,苏州市,B001,3,12597,MD冰箱,MD,冰箱,2500,4199,B,B企业,320500,2019,3,8
2019-08-26,厦门市,B001,9,37791,MD冰箱,MD,冰箱,2500,4199,B,B企业,350200,2019,3,8
2019-08-26,金华市,A001,3,14007,GL冰箱,GL,冰箱,2200,4669,A,A企业,330700,2019,3,8
2019-08-26,成都市,A002,3,9897,GL电视,GL,电视,1500,3299,A,A企业,510100,2019,3,8
2019-08-26,深圳市,A002,6,19794,GL电视,GL,电视,1500,3299,A,A企业,440300,2019,3,8
2019-08-26,重庆市,B001,3,12597,MD冰箱,MD,冰箱,2500,4199,B,B企业,500000,2019,3,8
2019-08-26,金华市,B002,2,7198,MD电视,MD,电视,2000,4299,B,B企业,330700,2019,3,8
2019-08-26,成都市,C002,6,25194,HE电视,HE,电视,2200,4199,C,C企业,510100,2019,3,8
2019-08-26,长沙市,B002,3,10797,MD电视,MD,电视,2000,4299,B,B企业,430100,2019,3,8
2019-08-26,金华市,B001,5,20995,MD冰箱,MD,冰箱,2500,4199,B,B企业,330700,2019,3,8
2019-08-26,深圳市,B001,3,12597,MD冰箱,MD,冰箱,2500,4199,B,B企业,440300,2019,3,8
2019-08-26,深圳市,A001,4,18676,GL冰箱,GL,冰箱,2200,4669,A,A企业,440300,2019,3,8
2019-08-26,重庆市,C001,5,17995,HE冰箱,HE,冰箱,1800,3599,C,C企业,500000,2019,3,8
2019-08-26,成都市,A001,5,23345,GL冰箱,GL,冰箱,2200,4669,A,A企业,510100,2019,3,8
2019-08-26,长沙市,B001,6,25194,MD冰箱,MD,冰箱,2500,4199,B,B企业,430100,2019,3,8
2019-08-26,成都市,B001,6,25194,MD冰箱,MD,冰箱,2500,4199,B,B企业,510100,2019,3,8
2019-08-26,厦门市,B002,4,14396,MD电视,MD,电视,2000,4299,B,B企业,350200,2019,3,8
2019-08-26,上海市,A001,4,18676,GL冰箱,GL,冰箱,2200,4669,A,A企业,310000,2019,3,8
2019-08-26,重庆市,B002,3,10797,MD电视,MD,电视,2000,4299,B,B企业,500000,2019,3,8
2019-08-26,长沙市,A001,5,23345,GL冰箱,GL,冰箱,2200,4669,A,A企业,430100,2019,3,8
2019-08-26,成都市,C001,2,7198,HE冰箱,HE,冰箱,1800,3599,C,C企业,510100,2019,3,8
2019-08-26,厦门市,C001,8,28792,HE冰箱,HE,冰箱,1800,3599,C,C企业,350200,2019,3,8
2019-08-26,成都市,B002,6,21594,MD电视,MD,电视,2000,4299,B,B企业,510100,2019,3,8
2019-08-26,深圳市,C001,5,17995,HE冰箱,HE,冰箱,1800,3599,C,C企业,440300,2019,3,8
2019-08-26,长沙市,C001,4,14396,HE冰箱,HE,冰箱,1800,3599,C,C企业,430100,2019,3,8
2019-08-26,上海市,B001,5,20995,MD冰箱,MD,冰箱,2500,4199,B,B企业,310000,2019,3,8
2019-08-27,上海市,B001,5,20995,MD冰箱,MD,冰箱,2500,4199,B,B企业,310000,2019,3,8
2019-08-27,金华市,A001,5,23345,GL冰箱,GL,冰箱,2200,4669,A,A企业,330700,2019,3,8
2019-08-27,长沙市,A001,5,23345,GL冰箱,GL,冰箱,2200,4669,A,A企业,430100,2019,3,8
2019-08-27,上海市,A001,4,18676,GL冰箱,GL,冰箱,2200,4669,A,A企业,310000,2019,3,8
2019-08-27,苏州市,B001,6,25194,MD冰箱,MD,冰箱,2500,4199,B,B企业,320500,2019,3,8
2019-08-27,长沙市,C001,6,21594,HE冰箱,HE,冰箱,1800,3599,C,C企业,430100,2019,3,8
2019-08-27,深圳市,B001,5,20995,MD冰箱,MD,冰箱,2500,4199,B,B企业,440300,2019,3,8
2019-08-27,上海市,B002,6,21594,MD电视,MD,电视,2000,4299,B,B企业,310000,2019,3,8
2019-08-27,重庆市,B002,5,17995,MD电视,MD,电视,2000,4299,B,B企业,500000,2019,3,8
2019-08-27,厦门市,A001,7,32683,GL冰箱,GL,冰箱,2200,4669,A,A企业,350200,2019,3,8
2019-08-27,重庆市,A002,4,13196,GL电视,GL,电视,1500,3299,A,A企业,500000,2019,3,8
2019-08-27,金华市,C001,7,25193,HE冰箱,HE,冰箱,1800,3599,C,C企业,330700,2019,3,8
2019-08-27,金华市,B001,4,16796,MD冰箱,MD,冰箱,2500,4199,B,B企业,330700,2019,3,8
2019-08-27,成都市,B001,4,16796,MD冰箱,MD,冰箱,2500,4199,B,B企业,510100,2019,3,8
2019-08-27,深圳市,A001,5,23345,GL冰箱,GL,冰箱,2200,4669,A,A企业,440300,2019,3,8
2019-08-27,重庆市,B001,8,33592,MD冰箱,MD,冰箱,2500,4199,B,B企业,500000,2019,3,8
2019-08-27,成都市,B002,5,17995,MD电视,MD,电视,2000,4299,B,B企业,510100,2019,3,8
2019-08-27,厦门市,B001,6,25194,MD冰箱,MD,冰箱,2500,4199,B,B企业,350200,2019,3,8
2019-08-27,成都市,A002,4,13196,GL电视,GL,电视,1500,3299,A,A企业,510100,2019,3,8
2019-08-27,重庆市,A001,6,28014,GL冰箱,GL,冰箱,2200,4669,A,A企业,500000,2019,3,8
2019-08-27,重庆市,C001,3,10797,HE冰箱,HE,冰箱,1800,3599,C,C企业,500000,2019,3,8
2019-08-27,长沙市,A003,4,18676,GL洗衣机,GL,洗衣机,3200,4669,A,A企业,430100,2019,3,8
2019-08-27,厦门市,A002,8,26392,GL电视,GL,电视,1500,3299,A,A企业,350200,2019,3,8
2019-08-27,深圳市,A002,7,23093,GL电视,GL,电视,1500,3299,A,A企业,440300,2019,3,8
2019-08-27,长沙市,B002,2,7198,MD电视,MD,电视,2000,4299,B,B企业,430100,2019,3,8
2019-08-27,重庆市,C003,4,18676,HE洗衣机,HE,洗衣机,2600,4699,C,C企业,500000,2019,3,8
2019-08-27,金华市,B002,6,21594,MD电视,MD,电视,2000,4299,B,B企业,330700,2019,3,8
2019-08-27,深圳市,A003,5,23345,GL洗衣机,GL,洗衣机,3200,4669,A,A企业,440300,2019,3,8
2019-08-27,上海市,A002,9,29691,GL电视,GL,电视,1500,3299,A,A企业,310000,2019,3,8
2019-08-27,厦门市,A003,7,32683,GL洗衣机,GL,洗衣机,3200,4669,A,A企业,350200,2019,3,8
2019-08-27,成都市,A003,4,18676,GL洗衣机,GL,洗衣机,3200,4669,A,A企业,510100,2019,3,8
2019-08-27,深圳市,B002,3,10797,MD电视,MD,电视,2000,4299,B,B企业,440300,2019,3,8
2019-08-27,厦门市,B002,4,14396,MD电视,MD,电视,2000,4299,B,B企业,350200,2019,3,8
2019-08-27,成都市,B003,3,17097,MD洗衣机,MD,洗衣机,3100,5699,B,B企业,510100,2019,3,8
2019-08-27,厦门市,B003,3,17097,MD洗衣机,MD,洗衣机,3100,5699,B,B企业,350200,2019,3,8
2019-08-27,长沙市,B003,6,34194,MD洗衣机,MD,洗衣机,3100,5699,B,B企业,430100,2019,3,8
2019-08-28,深圳市,B003,9,51291,MD洗衣机,MD,洗衣机,3100,5699,B,B企业,440300,2019,3,8
2019-08-28,深圳市,B002,7,25193,MD电视,MD,电视,2000,4299,B,B企业,440300,2019,3,8
2019-08-28,长沙市,A003,5,23345,GL洗衣机,GL,洗衣机,3200,4669,A,A企业,430100,2019,3,8
2019-08-28,厦门市,A001,6,28014,GL冰箱,GL,冰箱,2200,4669,A,A企业,350200,2019,3,8
2019-08-28,重庆市,B001,2,8398,MD冰箱,MD,冰箱,2500,4199,B,B企业,500000,2019,3,8
2019-08-28,重庆市,C001,8,28792,HE冰箱,HE,冰箱,1800,3599,C,C企业,500000,2019,3,8
2019-08-28,苏州市,B002,6,21594,MD电视,MD,电视,2000,4299,B,B企业,320500,2019,3,8
2019-08-28,深圳市,A001,4,18676,GL冰箱,GL,冰箱,2200,4669,A,A企业,440300,2019,3,8
2019-08-28,厦门市,B001,3,12597,MD冰箱,MD,冰箱,2500,4199,B,B企业,350200,2019,3,8
2019-08-28,成都市,B001,6,25194,MD冰箱,MD,冰箱,2500,4199,B,B企业,510100,2019,3,8
2019-08-28,长沙市,C001,6,21594,HE冰箱,HE,冰箱,1800,3599,C,C企业,430100,2019,3,8
2019-08-28,重庆市,A001,5,23345,GL冰箱,GL,冰箱,2200,4669,A,A企业,500000,2019,3,8
2019-08-28,金华市,B002,5,17995,MD电视,MD,电视,2000,4299,B,B企业,330700,2019,3,8
2019-08-28,长沙市,A001,3,14007,GL冰箱,GL,冰箱,2200,4669,A,A企业,430100,2019,3,8
2019-08-28,长沙市,B001,2,8398,MD冰箱,MD,冰箱,2500,4199,B,B企业,430100,2019,3,8
2019-08-28,上海市,B002,5,17995,MD电视,MD,电视,2000,4299,B,B企业,310000,2019,3,8
2019-08-28,上海市,A001,6,28014,GL冰箱,GL,冰箱,2200,4669,A,A企业,310000,2019,3,8
2019-08-28,金华市,B001,5,20995,MD冰箱,MD,冰箱,2500,4199,B,B企业,330700,2019,3,8
2019-08-28,重庆市,B002,3,10797,MD电视,MD,电视,2000,4299,B,B企业,500000,2019,3,8
2019-08-28,苏州市,B001,6,25194,MD冰箱,MD,冰箱,2500,4199,B,B企业,320500,2019,3,8
2019-08-28,深圳市,B001,4,16796,MD冰箱,MD,冰箱,2500,4199,B,B企业,440300,2019,3,8
2019-08-28,长沙市,B002,6,21594,MD电视,MD,电视,2000,4299,B,B企业,430100,2019,3,8
2019-08-28,金华市,A001,7,32683,GL冰箱,GL,冰箱,2200,4669,A,A企业,330700,2019,3,8
2019-08-28,深圳市,A002,2,6598,GL电视,GL,电视,1500,3299,A,A企业,440300,2019,3,8
2019-08-28,重庆市,A002,8,26392,GL电视,GL,电视,1500,3299,A,A企业,500000,2019,3,8
2019-08-28,上海市,B001,7,29393,MD冰箱,MD,冰箱,2500,4199,B,B企业,310000,2019,3,8
2019-08-28,厦门市,B002,3,10797,MD电视,MD,电视,2000,4299,B,B企业,350200,2019,3,8
2019-08-28,厦门市,A002,5,16495,GL电视,GL,电视,1500,3299,A,A企业,350200,2019,3,8
2019-08-28,金华市,A002,6,19794,GL电视,GL,电视,1500,3299,A,A企业,330700,2019,3,8
2019-08-28,成都市,C001,3,10797,HE冰箱,HE,冰箱,1800,3599,C,C企业,510100,2019,3,8
2019-08-28,成都市,C003,4,18676,HE洗衣机,HE,洗衣机,2600,4699,C,C企业,510100,2019,3,8
2019-08-29,金华市,A001,4,18676,GL冰箱,GL,冰箱,2200,4669,A,A企业,330700,2019,3,8
2019-08-29,厦门市,B002,2,7198,MD电视,MD,电视,2000,4299,B,B企业,350200,2019,3,8
2019-08-29,苏州市,B001,4,16796,MD冰箱,MD,冰箱,2500,4199,B,B企业,320500,2019,3,8
2019-08-29,金华市,B001,6,25194,MD冰箱,MD,冰箱,2500,4199,B,B企业,330700,2019,3,8
2019-08-29,长沙市,B001,3,12597,MD冰箱,MD,冰箱,2500,4199,B,B企业,430100,2019,3,8
2019-08-29,厦门市,B001,4,16796,MD冰箱,MD,冰箱,2500,4199,B,B企业,350200,2019,3,8
2019-08-29,长沙市,A001,4,18676,GL冰箱,GL,冰箱,2200,4669,A,A企业,430100,2019,3,8
2019-08-29,深圳市,C001,2,7198,HE冰箱,HE,冰箱,1800,3599,C,C企业,440300,2019,3,8
2019-08-29,成都市,B002,5,17995,MD电视,MD,电视,2000,4299,B,B企业,510100,2019,3,8
2019-08-29,成都市,C001,3,10797,HE冰箱,HE,冰箱,1800,3599,C,C企业,510100,2019,3,8
2019-08-29,深圳市,A001,7,32683,GL冰箱,GL,冰箱,2200,4669,A,A企业,440300,2019,3,8
2019-08-29,厦门市,A001,6,28014,GL冰箱,GL,冰箱,2200,4669,A,A企业,350200,2019,3,8
2019-08-29,金华市,C001,6,21594,HE冰箱,HE,冰箱,1800,3599,C,C企业,330700,2019,3,8
2019-08-29,深圳市,C003,2,9338,HE洗衣机,HE,洗衣机,2600,4699,C,C企业,440300,2019,3,8
2019-08-29,重庆市,B002,2,7198,MD电视,MD,电视,2000,4299,B,B企业,500000,2019,3,8
2019-08-29,上海市,B002,6,21594,MD电视,MD,电视,2000,4299,B,B企业,310000,2019,3,8
2019-08-29,金华市,B002,4,14396,MD电视,MD,电视,2000,4299,B,B企业,330700,2019,3,8
2019-08-29,厦门市,C001,8,28792,HE冰箱,HE,冰箱,1800,3599,C,C企业,350200,2019,3,8
2019-08-29,长沙市,B002,2,7198,MD电视,MD,电视,2000,4299,B,B企业,430100,2019,3,8
2019-08-29,成都市,B001,3,12597,MD冰箱,MD,冰箱,2500,4199,B,B企业,510100,2019,3,8
2019-08-29,重庆市,B001,7,29393,MD冰箱,MD,冰箱,2500,4199,B,B企业,500000,2019,3,8
2019-08-29,重庆市,A001,5,23345,GL冰箱,GL,冰箱,2200,4669,A,A企业,500000,2019,3,8
2019-08-29,成都市,A001,4,18676,GL冰箱,GL,冰箱,2200,4669,A,A企业,510100,2019,3,8
2019-08-29,上海市,C001,3,10797,HE冰箱,HE,冰箱,1800,3599,C,C企业,310000,2019,3,8
2019-08-29,厦门市,A003,8,37352,GL洗衣机,GL,洗衣机,3200,4669,A,A企业,350200,2019,3,8
2019-08-29,上海市,A001,5,23345,GL冰箱,GL,冰箱,2200,4669,A,A企业,310000,2019,3,8
2019-08-29,成都市,A002,4,13196,GL电视,GL,电视,1500,3299,A,A企业,510100,2019,3,8
2019-08-29,深圳市,B001,4,16796,MD冰箱,MD,冰箱,2500,4199,B,B企业,440300,2019,3,8
2019-08-29,上海市,B001,6,25194,MD冰箱,MD,冰箱,2500,4199,B,B企业,310000,2019,3,8
2019-08-29,重庆市,A002,5,16495,GL电视,GL,电视,1500,3299,A,A企业,500000,2019,3,8
2019-08-29,深圳市,A003,7,32683,GL洗衣机,GL,洗衣机,3200,4669,A,A企业,440300,2019,3,8
2019-08-29,厦门市,A002,3,9897,GL电视,GL,电视,1500,3299,A,A企业,350200,2019,3,8
2019-08-29,上海市,A003,6,28014,GL洗衣机,GL,洗衣机,3200,4669,A,A企业,310000,2019,3,8
2019-08-29,长沙市,A003,7,32683,GL洗衣机,GL,洗衣机,3200,4669,A,A企业,430100,2019,3,8
2019-08-29,金华市,A003,7,32683,GL洗衣机,GL,洗衣机,3200,4669,A,A企业,330700,2019,3,8
2019-08-29,成都市,A003,3,14007,GL洗衣机,GL,洗衣机,3200,4669,A,A企业,510100,2019,3,8
2019-08-29,上海市,A002,6,19794,GL电视,GL,电视,1500,3299,A,A企业,310000,2019,3,8
2019-08-29,厦门市,C003,9,42021,HE洗衣机,HE,洗衣机,2600,4699,C,C企业,350200,2019,3,8
2019-08-29,厦门市,B003,7,39893,MD洗衣机,MD,洗衣机,3100,5699,B,B企业,350200,2019,3,8
2019-08-29,深圳市,B002,8,28792,MD电视,MD,电视,2000,4299,B,B企业,440300,2019,3,8
2019-08-30,厦门市,A001,6,28014,GL冰箱,GL,冰箱,2200,4669,A,A企业,350200,2019,3,8
2019-08-30,苏州市,B003,6,34194,MD洗衣机,MD,洗衣机,3100,5699,B,B企业,320500,2019,3,8
2019-08-30,重庆市,B002,5,17995,MD电视,MD,电视,2000,4299,B,B企业,500000,2019,3,8
2019-08-30,厦门市,C001,9,32391,HE冰箱,HE,冰箱,1800,3599,C,C企业,350200,2019,3,8
2019-08-30,上海市,A001,6,28014,GL冰箱,GL,冰箱,2200,4669,A,A企业,310000,2019,3,8
2019-08-30,金华市,A003,7,32683,GL洗衣机,GL,洗衣机,3200,4669,A,A企业,330700,2019,3,8
2019-08-30,深圳市,B003,8,45592,MD洗衣机,MD,洗衣机,3100,5699,B,B企业,440300,2019,3,8
2019-08-30,金华市,A001,4,18676,GL冰箱,GL,冰箱,2200,4669,A,A企业,330700,2019,3,8
2019-08-30,厦门市,B002,4,14396,MD电视,MD,电视,2000,4299,B,B企业,350200,2019,3,8
2019-08-30,厦门市,B003,2,11398,MD洗衣机,MD,洗衣机,3100,5699,B,B企业,350200,2019,3,8
2019-08-30,苏州市,A001,5,23345,GL冰箱,GL,冰箱,2200,4669,A,A企业,320500,2019,3,8
2019-08-30,厦门市,A003,6,28014,GL洗衣机,GL,洗衣机,3200,4669,A,A企业,350200,2019,3,8
2019-08-30,成都市,A003,3,14007,GL洗衣机,GL,洗衣机,3200,4669,A,A企业,510100,2019,3,8
2019-08-30,长沙市,A001,2,9338,GL冰箱,GL,冰箱,2200,4669,A,A企业,430100,2019,3,8
2019-08-30,上海市,A003,7,32683,GL洗衣机,GL,洗衣机,3200,4669,A,A企业,310000,2019,3,8
2019-08-30,长沙市,C001,6,21594,HE冰箱,HE,冰箱,1800,3599,C,C企业,430100,2019,3,8
2019-08-30,深圳市,B002,3,10797,MD电视,MD,电视,2000,4299,B,B企业,440300,2019,3,8
2019-08-30,金华市,B003,4,22796,MD洗衣机,MD,洗衣机,3100,5699,B,B企业,330700,2019,3,8
2019-08-30,深圳市,C003,3,14007,HE洗衣机,HE,洗衣机,2600,4699,C,C企业,440300,2019,3,8
2019-08-30,上海市,B002,3,10797,MD电视,MD,电视,2000,4299,B,B企业,310000,2019,3,8
2019-08-30,深圳市,A001,5,23345,GL冰箱,GL,冰箱,2200,4669,A,A企业,440300,2019,3,8
2019-08-30,重庆市,B003,6,34194,MD洗衣机,MD,洗衣机,3100,5699,B,B企业,500000,2019,3,8
2019-08-30,上海市,B003,5,28495,MD洗衣机,MD,洗衣机,3100,5699,B,B企业,310000,2019,3,8
2019-08-30,重庆市,A001,5,23345,GL冰箱,GL,冰箱,2200,4669,A,A企业,500000,2019,3,8
2019-08-30,上海市,B001,5,20995,MD冰箱,MD,冰箱,2500,4199,B,B企业,310000,2019,3,8
2019-08-30,成都市,C001,3,10797,HE冰箱,HE,冰箱,1800,3599,C,C企业,510100,2019,3,8
2019-08-30,重庆市,B001,3,12597,MD冰箱,MD,冰箱,2500,4199,B,B企业,500000,2019,3,8
2019-08-30,成都市,B001,6,25194,MD冰箱,MD,冰箱,2500,4199,B,B企业,510100,2019,3,8
2019-08-30,金华市,B001,3,12597,MD冰箱,MD,冰箱,2500,4199,B,B企业,330700,2019,3,8
2019-08-30,上海市,C001,5,17995,HE冰箱,HE,冰箱,1800,3599,C,C企业,310000,2019,3,8
2019-08-30,成都市,B002,3,10797,MD电视,MD,电视,2000,4299,B,B企业,510100,2019,3,8
2019-08-30,厦门市,B001,8,33592,MD冰箱,MD,冰箱,2500,4199,B,B企业,350200,2019,3,8
2019-08-30,深圳市,B001,6,25194,MD冰箱,MD,冰箱,2500,4199,B,B企业,440300,2019,3,8
2019-08-30,成都市,A001,8,37352,GL冰箱,GL,冰箱,2200,4669,A,A企业,510100,2019,3,8
2019-08-31,厦门市,A001,5,23345,GL冰箱,GL,冰箱,2200,4669,A,A企业,350200,2019,3,8
2019-08-31,厦门市,C001,6,21594,HE冰箱,HE,冰箱,1800,3599,C,C企业,350200,2019,3,8
2019-08-31,成都市,B001,5,20995,MD冰箱,MD,冰箱,2500,4199,B,B企业,510100,2019,3,8
2019-08-31,长沙市,B002,6,21594,MD电视,MD,电视,2000,4299,B,B企业,430100,2019,3,8
2019-08-31,厦门市,B002,5,17995,MD电视,MD,电视,2000,4299,B,B企业,350200,2019,3,8
2019-08-31,长沙市,A001,3,14007,GL冰箱,GL,冰箱,2200,4669,A,A企业,430100,2019,3,8
2019-08-31,厦门市,B001,6,25194,MD冰箱,MD,冰箱,2500,4199,B,B企业,350200,2019,3,8
2019-08-31,重庆市,B002,3,10797,MD电视,MD,电视,2000,4299,B,B企业,500000,2019,3,8
2019-08-31,重庆市,B001,4,16796,MD冰箱,MD,冰箱,2500,4199,B,B企业,500000,2019,3,8
2019-08-31,金华市,C001,8,28792,HE冰箱,HE,冰箱,1800,3599,C,C企业,330700,2019,3,8
2019-08-31,重庆市,C001,6,21594,HE冰箱,HE,冰箱,1800,3599,C,C企业,500000,2019,3,8
2019-08-31,深圳市,B001,6,25194,MD冰箱,MD,冰箱,2500,4199,B,B企业,440300,2019,3,8
2019-08-31,长沙市,B001,5,20995,MD冰箱,MD,冰箱,2500,4199,B,B企业,430100,2019,3,8
2019-08-31,金华市,A001,8,37352,GL冰箱,GL,冰箱,2200,4669,A,A企业,330700,2019,3,8
2019-08-31,苏州市,B002,5,17995,MD电视,MD,电视,2000,4299,B,B企业,320500,2019,3,8
2019-08-31,金华市,B002,6,21594,MD电视,MD,电视,2000,4299,B,B企业,330700,2019,3,8
2019-08-31,上海市,C001,5,17995,HE冰箱,HE,冰箱,1800,3599,C,C企业,310000,2019,3,8
2019-08-31,上海市,B001,6,25194,MD冰箱,MD,冰箱,2500,4199,B,B企业,310000,2019,3,8
2019-08-31,深圳市,A001,6,28014,GL冰箱,GL,冰箱,2200,4669,A,A企业,440300,2019,3,8
2019-08-31,成都市,B002,8,28792,MD电视,MD,电视,2000,4299,B,B企业,510100,2019,3,8
2019-08-31,上海市,A001,4,18676,GL冰箱,GL,冰箱,2200,4669,A,A企业,310000,2019,3,8
2019-08-31,金华市,B001,2,8398,MD冰箱,MD,冰箱,2500,4199,B,B企业,330700,2019,3,8
2019-08-31,成都市,A001,4,18676,GL冰箱,GL,冰箱,2200,4669,A,A企业,510100,2019,3,8
2019-08-31,深圳市,A002,5,16495,GL电视,GL,电视,1500,3299,A,A企业,440300,2019,3,8
2019-08-31,重庆市,A001,8,37352,GL冰箱,GL,冰箱,2200,4669,A,A企业,500000,2019,3,8
2019-09-01,苏州市,B001,7,29393,MD冰箱,MD,冰箱,2500,4199,B,B企业,320500,2019,3,9
2019-09-01,重庆市,B001,6,25194,MD冰箱,MD,冰箱,2500,4199,B,B企业,500000,2019,3,9
2019-09-01,厦门市,A001,4,18676,GL冰箱,GL,冰箱,2200,4669,A,A企业,350200,2019,3,9
2019-09-01,成都市,A002,5,16495,GL电视,GL,电视,1500,3299,A,A企业,510100,2019,3,9
2019-09-01,成都市,C001,8,28792,HE冰箱,HE,冰箱,1800,3599,C,C企业,510100,2019,3,9
2019-09-01,成都市,A001,3,14007,GL冰箱,GL,冰箱,2200,4669,A,A企业,510100,2019,3,9
2019-09-01,上海市,B001,4,16796,MD冰箱,MD,冰箱,2500,4199,B,B企业,310000,2019,3,9
2019-09-01,深圳市,A002,7,23093,GL电视,GL,电视,1500,3299,A,A企业,440300,2019,3,9
2019-09-01,长沙市,C001,6,21594,HE冰箱,HE,冰箱,1800,3599,C,C企业,430100,2019,3,9
2019-09-01,深圳市,A001,8,37352,GL冰箱,GL,冰箱,2200,4669,A,A企业,440300,2019,3,9
2019-09-01,上海市,A001,3,14007,GL冰箱,GL,冰箱,2200,4669,A,A企业,310000,2019,3,9
2019-09-01,厦门市,B001,6,25194,MD冰箱,MD,冰箱,2500,4199,B,B企业,350200,2019,3,9
2019-09-01,成都市,B001,6,25194,MD冰箱,MD,冰箱,2500,4199,B,B企业,510100,2019,3,9
2019-09-01,上海市,A002,6,19794,GL电视,GL,电视,1500,3299,A,A企业,310000,2019,3,9
2019-09-01,苏州市,A001,6,28014,GL冰箱,GL,冰箱,2200,4669,A,A企业,320500,2019,3,9
2019-09-01,长沙市,A002,6,19794,GL电视,GL,电视,1500,3299,A,A企业,430100,2019,3,9
2019-09-01,厦门市,C001,5,17995,HE冰箱,HE,冰箱,1800,3599,C,C企业,350200,2019,3,9
2019-09-01,长沙市,A001,6,28014,GL冰箱,GL,冰箱,2200,4669,A,A企业,430100,2019,3,9
2019-09-01,厦门市,A002,4,13196,GL电视,GL,电视,1500,3299,A,A企业,350200,2019,3,9
2019-09-01,金华市,B001,5,20995,MD冰箱,MD,冰箱,2500,4199,B,B企业,330700,2019,3,9
2019-09-01,厦门市,B002,2,7198,MD电视,MD,电视,2000,4299,B,B企业,350200,2019,3,9
2019-09-01,金华市,B002,3,10797,MD电视,MD,电视,2000,4299,B,B企业,330700,2019,3,9
2019-09-01,金华市,A001,3,14007,GL冰箱,GL,冰箱,2200,4669,A,A企业,330700,2019,3,9
2019-09-01,重庆市,B002,5,17995,MD电视,MD,电视,2000,4299,B,B企业,500000,2019,3,9
2019-09-01,厦门市,C002,2,8398,HE电视,HE,电视,2200,4199,C,C企业,350200,2019,3,9
2019-09-01,长沙市,B001,5,20995,MD冰箱,MD,冰箱,2500,4199,B,B企业,430100,2019,3,9
2019-09-01,重庆市,A001,7,32683,GL冰箱,GL,冰箱,2200,4669,A,A企业,500000,2019,3,9
2019-09-01,上海市,C002,5,20995,HE电视,HE,电视,2200,4199,C,C企业,310000,2019,3,9
2019-09-01,深圳市,C003,5,23345,HE洗衣机,HE,洗衣机,2600,4699,C,C企业,440300,2019,3,9
2019-09-01,苏州市,C001,6,21594,HE冰箱,HE,冰箱,1800,3599,C,C企业,320500,2019,3,9
2019-09-01,长沙市,C002,2,8398,HE电视,HE,电视,2200,4199,C,C企业,430100,2019,3,9
2019-09-01,深圳市,B001,2,8398,MD冰箱,MD,冰箱,2500,4199,B,B企业,440300,2019,3,9
2019-09-01,成都市,C002,5,20995,HE电视,HE,电视,2200,4199,C,C企业,510100,2019,3,9
2019-09-02,重庆市,A001,5,23345,GL冰箱,GL,冰箱,2200,4669,A,A企业,500000,2019,3,9
2019-09-02,长沙市,C001,5,17995,HE冰箱,HE,冰箱,1800,3599,C,C企业,430100,2019,3,9
2019-09-02,厦门市,B001,8,33592,MD冰箱,MD,冰箱,2500,4199,B,B企业,350200,2019,3,9
2019-09-02,成都市,C002,4,16796,HE电视,HE,电视,2200,4199,C,C企业,510100,2019,3,9
2019-09-02,苏州市,B001,6,25194,MD冰箱,MD,冰箱,2500,4199,B,B企业,320500,2019,3,9
2019-09-02,成都市,C001,6,21594,HE冰箱,HE,冰箱,1800,3599,C,C企业,510100,2019,3,9
2019-09-02,长沙市,B001,5,20995,MD冰箱,MD,冰箱,2500,4199,B,B企业,430100,2019,3,9
2019-09-02,上海市,A001,6,28014,GL冰箱,GL,冰箱,2200,4669,A,A企业,310000,2019,3,9
2019-09-02,上海市,C001,4,14396,HE冰箱,HE,冰箱,1800,3599,C,C企业,310000,2019,3,9
2019-09-02,长沙市,A001,6,28014,GL冰箱,GL,冰箱,2200,4669,A,A企业,430100,2019,3,9
2019-09-02,成都市,A001,7,32683,GL冰箱,GL,冰箱,2200,4669,A,A企业,510100,2019,3,9
2019-09-02,成都市,B001,4,16796,MD冰箱,MD,冰箱,2500,4199,B,B企业,510100,2019,3,9
2019-09-02,金华市,B002,4,14396,MD电视,MD,电视,2000,4299,B,B企业,330700,2019,3,9
2019-09-02,深圳市,A001,3,14007,GL冰箱,GL,冰箱,2200,4669,A,A企业,440300,2019,3,9
2019-09-02,上海市,B002,6,21594,MD电视,MD,电视,2000,4299,B,B企业,310000,2019,3,9
2019-09-02,深圳市,A002,4,13196,GL电视,GL,电视,1500,3299,A,A企业,440300,2019,3,9
2019-09-02,深圳市,B001,6,25194,MD冰箱,MD,冰箱,2500,4199,B,B企业,440300,2019,3,9
2019-09-02,重庆市,C002,4,16796,HE电视,HE,电视,2200,4199,C,C企业,500000,2019,3,9
2019-09-02,厦门市,C002,6,25194,HE电视,HE,电视,2200,4199,C,C企业,350200,2019,3,9
2019-09-02,厦门市,A001,9,42021,GL冰箱,GL,冰箱,2200,4669,A,A企业,350200,2019,3,9
2019-09-02,重庆市,A002,5,16495,GL电视,GL,电视,1500,3299,A,A企业,500000,2019,3,9
2019-09-02,金华市,A001,6,28014,GL冰箱,GL,冰箱,2200,4669,A,A企业,330700,2019,3,9
2019-09-02,厦门市,A002,4,13196,GL电视,GL,电视,1500,3299,A,A企业,350200,2019,3,9
2019-09-02,金华市,A002,8,26392,GL电视,GL,电视,1500,3299,A,A企业,330700,2019,3,9
2019-09-02,上海市,A002,8,26392,GL电视,GL,电视,1500,3299,A,A企业,310000,2019,3,9
2019-09-02,金华市,B001,6,25194,MD冰箱,MD,冰箱,2500,4199,B,B企业,330700,2019,3,9
2019-09-02,深圳市,C003,4,18676,HE洗衣机,HE,洗衣机,2600,4699,C,C企业,440300,2019,3,9
2019-09-02,重庆市,B001,6,25194,MD冰箱,MD,冰箱,2500,4199,B,B企业,500000,2019,3,9
2019-09-02,金华市,C001,2,7198,HE冰箱,HE,冰箱,1800,3599,C,C企业,330700,2019,3,9
2019-09-02,成都市,B002,8,28792,MD电视,MD,电视,2000,4299,B,B企业,510100,2019,3,9
2019-09-02,金华市,C002,6,25194,HE电视,HE,电视,2200,4199,C,C企业,330700,2019,3,9
2019-09-02,厦门市,C001,5,17995,HE冰箱,HE,冰箱,1800,3599,C,C企业,350200,2019,3,9
2019-09-02,厦门市,B002,5,17995,MD电视,MD,电视,2000,4299,B,B企业,350200,2019,3,9
2019-09-02,长沙市,C002,3,12597,HE电视,HE,电视,2200,4199,C,C企业,430100,2019,3,9
2019-09-02,深圳市,C001,6,21594,HE冰箱,HE,冰箱,1800,3599,C,C企业,440300,2019,3,9
2019-09-02,长沙市,A003,3,14007,GL洗衣机,GL,洗衣机,3200,4669,A,A企业,430100,2019,3,9
2019-09-03,深圳市,A001,6,28014,GL冰箱,GL,冰箱,2200,4669,A,A企业,440300,2019,3,9
2019-09-03,厦门市,B002,7,25193,MD电视,MD,电视,2000,4299,B,B企业,350200,2019,3,9
2019-09-03,重庆市,B001,4,16796,MD冰箱,MD,冰箱,2500,4199,B,B企业,500000,2019,3,9
2019-09-03,厦门市,A001,5,23345,GL冰箱,GL,冰箱,2200,4669,A,A企业,350200,2019,3,9
2019-09-03,成都市,B001,8,33592,MD冰箱,MD,冰箱,2500,4199,B,B企业,510100,2019,3,9
2019-09-03,长沙市,B001,4,16796,MD冰箱,MD,冰箱,2500,4199,B,B企业,430100,2019,3,9
2019-09-03,厦门市,B001,3,12597,MD冰箱,MD,冰箱,2500,4199,B,B企业,350200,2019,3,9
2019-09-03,厦门市,C002,3,12597,HE电视,HE,电视,2200,4199,C,C企业,350200,2019,3,9
2019-09-03,厦门市,C001,6,21594,HE冰箱,HE,冰箱,1800,3599,C,C企业,350200,2019,3,9
2019-09-03,金华市,B002,5,17995,MD电视,MD,电视,2000,4299,B,B企业,330700,2019,3,9
2019-09-03,厦门市,B003,5,28495,MD洗衣机,MD,洗衣机,3100,5699,B,B企业,350200,2019,3,9
2019-09-03,重庆市,A001,5,23345,GL冰箱,GL,冰箱,2200,4669,A,A企业,500000,2019,3,9
2019-09-03,重庆市,A003,4,18676,GL洗衣机,GL,洗衣机,3200,4669,A,A企业,500000,2019,3,9
2019-09-03,金华市,A001,6,28014,GL冰箱,GL,冰箱,2200,4669,A,A企业,330700,2019,3,9
2019-09-03,厦门市,A003,7,32683,GL洗衣机,GL,洗衣机,3200,4669,A,A企业,350200,2019,3,9
2019-09-03,金华市,A003,4,18676,GL洗衣机,GL,洗衣机,3200,4669,A,A企业,330700,2019,3,9
2019-09-03,长沙市,A001,7,32683,GL冰箱,GL,冰箱,2200,4669,A,A企业,430100,2019,3,9
2019-09-03,苏州市,C001,3,10797,HE冰箱,HE,冰箱,1800,3599,C,C企业,320500,2019,3,9
2019-09-03,重庆市,A002,8,26392,GL电视,GL,电视,1500,3299,A,A企业,500000,2019,3,9
2019-09-03,金华市,A002,3,9897,GL电视,GL,电视,1500,3299,A,A企业,330700,2019,3,9
2019-09-03,金华市,C001,3,10797,HE冰箱,HE,冰箱,1800,3599,C,C企业,330700,2019,3,9
2019-09-03,长沙市,A003,9,42021,GL洗衣机,GL,洗衣机,3200,4669,A,A企业,430100,2019,3,9
2019-09-03,上海市,B001,8,33592,MD冰箱,MD,冰箱,2500,4199,B,B企业,310000,2019,3,9
2019-09-03,金华市,B001,5,20995,MD冰箱,MD,冰箱,2500,4199,B,B企业,330700,2019,3,9
2019-09-03,成都市,A001,2,9338,GL冰箱,GL,冰箱,2200,4669,A,A企业,510100,2019,3,9
2019-09-03,上海市,A002,2,6598,GL电视,GL,电视,1500,3299,A,A企业,310000,2019,3,9
2019-09-03,上海市,C002,6,25194,HE电视,HE,电视,2200,4199,C,C企业,310000,2019,3,9
2019-09-03,深圳市,B001,8,33592,MD冰箱,MD,冰箱,2500,4199,B,B企业,440300,2019,3,9
2019-09-03,成都市,C001,7,25193,HE冰箱,HE,冰箱,1800,3599,C,C企业,510100,2019,3,9
2019-09-03,上海市,A001,5,23345,GL冰箱,GL,冰箱,2200,4669,A,A企业,310000,2019,3,9
2019-09-03,深圳市,B002,3,10797,MD电视,MD,电视,2000,4299,B,B企业,440300,2019,3,9
2019-09-04,长沙市,B001,5,20995,MD冰箱,MD,冰箱,2500,4199,B,B企业,430100,2019,3,9
2019-09-04,重庆市,A001,5,23345,GL冰箱,GL,冰箱,2200,4669,A,A企业,500000,2019,3,9
2019-09-04,上海市,B001,3,12597,MD冰箱,MD,冰箱,2500,4199,B,B企业,310000,2019,3,9
2019-09-04,长沙市,C001,6,21594,HE冰箱,HE,冰箱,1800,3599,C,C企业,430100,2019,3,9
2019-09-04,上海市,B002,8,28792,MD电视,MD,电视,2000,4299,B,B企业,310000,2019,3,9
2019-09-04,重庆市,C002,6,25194,HE电视,HE,电视,2200,4199,C,C企业,500000,2019,3,9
2019-09-04,厦门市,B002,4,14396,MD电视,MD,电视,2000,4299,B,B企业,350200,2019,3,9
2019-09-04,厦门市,A001,6,28014,GL冰箱,GL,冰箱,2200,4669,A,A企业,350200,2019,3,9
2019-09-04,长沙市,A001,5,23345,GL冰箱,GL,冰箱,2200,4669,A,A企业,430100,2019,3,9
2019-09-04,苏州市,A001,6,28014,GL冰箱,GL,冰箱,2200,4669,A,A企业,320500,2019,3,9
2019-09-04,成都市,A001,6,28014,GL冰箱,GL,冰箱,2200,4669,A,A企业,510100,2019,3,9
2019-09-04,金华市,B002,6,21594,MD电视,MD,电视,2000,4299,B,B企业,330700,2019,3,9
2019-09-04,重庆市,B002,7,25193,MD电视,MD,电视,2000,4299,B,B企业,500000,2019,3,9
2019-09-04,长沙市,B002,6,21594,MD电视,MD,电视,2000,4299,B,B企业,430100,2019,3,9
2019-09-04,深圳市,B001,3,12597,MD冰箱,MD,冰箱,2500,4199,B,B企业,440300,2019,3,9
2019-09-04,上海市,A001,6,28014,GL冰箱,GL,冰箱,2200,4669,A,A企业,310000,2019,3,9
2019-09-04,金华市,A001,3,14007,GL冰箱,GL,冰箱,2200,4669,A,A企业,330700,2019,3,9
2019-09-04,重庆市,B001,8,33592,MD冰箱,MD,冰箱,2500,4199,B,B企业,500000,2019,3,9
2019-09-04,厦门市,B001,4,16796,MD冰箱,MD,冰箱,2500,4199,B,B企业,350200,2019,3,9
2019-09-04,成都市,C002,4,16796,HE电视,HE,电视,2200,4199,C,C企业,510100,2019,3,9
2019-09-04,上海市,A002,5,16495,GL电视,GL,电视,1500,3299,A,A企业,310000,2019,3,9
2019-09-04,重庆市,C003,3,14007,HE洗衣机,HE,洗衣机,2600,4699,C,C企业,500000,2019,3,9
2019-09-04,深圳市,A001,2,9338,GL冰箱,GL,冰箱,2200,4669,A,A企业,440300,2019,3,9
2019-09-04,深圳市,C002,2,8398,HE电视,HE,电视,2200,4199,C,C企业,440300,2019,3,9
2019-09-04,厦门市,A002,2,6598,GL电视,GL,电视,1500,3299,A,A企业,350200,2019,3,9
2019-09-04,成都市,B001,5,20995,MD冰箱,MD,冰箱,2500,4199,B,B企业,510100,2019,3,9
2019-09-04,厦门市,C002,4,16796,HE电视,HE,电视,2200,4199,C,C企业,350200,2019,3,9
2019-09-04,苏州市,B001,6,25194,MD冰箱,MD,冰箱,2500,4199,B,B企业,320500,2019,3,9
2019-09-04,重庆市,A002,6,19794,GL电视,GL,电视,1500,3299,A,A企业,500000,2019,3,9
2019-09-04,成都市,B002,6,21594,MD电视,MD,电视,2000,4299,B,B企业,510100,2019,3,9
2019-09-04,长沙市,A003,8,37352,GL洗衣机,GL,洗衣机,3200,4669,A,A企业,430100,2019,3,9
2019-09-04,深圳市,A003,9,42021,GL洗衣机,GL,洗衣机,3200,4669,A,A企业,440300,2019,3,9
2019-09-04,深圳市,A002,5,16495,GL电视,GL,电视,1500,3299,A,A企业,440300,2019,3,9
2019-09-04,厦门市,C001,6,21594,HE冰箱,HE,冰箱,1800,3599,C,C企业,350200,2019,3,9
2019-09-04,金华市,B001,8,33592,MD冰箱,MD,冰箱,2500,4199,B,B企业,330700,2019,3,9
2019-09-04,金华市,C001,5,17995,HE冰箱,HE,冰箱,1800,3599,C,C企业,330700,2019,3,9
2019-09-04,成都市,C001,6,21594,HE冰箱,HE,冰箱,1800,3599,C,C企业,510100,2019,3,9
2019-09-04,厦门市,A003,5,23345,GL洗衣机,GL,洗衣机,3200,4669,A,A企业,350200,2019,3,9
2019-09-05,金华市,A001,5,23345,GL冰箱,GL,冰箱,2200,4669,A,A企业,330700,2019,3,9
2019-09-05,成都市,A001,5,23345,GL冰箱,GL,冰箱,2200,4669,A,A企业,510100,2019,3,9
2019-09-05,重庆市,A001,4,18676,GL冰箱,GL,冰箱,2200,4669,A,A企业,500000,2019,3,9
2019-09-05,金华市,B001,7,29393,MD冰箱,MD,冰箱,2500,4199,B,B企业,330700,2019,3,9
2019-09-05,金华市,C001,6,21594,HE冰箱,HE,冰箱,1800,3599,C,C企业,330700,2019,3,9
2019-09-05,长沙市,B001,3,12597,MD冰箱,MD,冰箱,2500,4199,B,B企业,430100,2019,3,9
2019-09-05,厦门市,A001,6,28014,GL冰箱,GL,冰箱,2200,4669,A,A企业,350200,2019,3,9
2019-09-05,厦门市,B001,6,25194,MD冰箱,MD,冰箱,2500,4199,B,B企业,350200,2019,3,9
2019-09-05,厦门市,B002,2,7198,MD电视,MD,电视,2000,4299,B,B企业,350200,2019,3,9
2019-09-05,重庆市,C001,4,14396,HE冰箱,HE,冰箱,1800,3599,C,C企业,500000,2019,3,9
2019-09-05,深圳市,B001,6,25194,MD冰箱,MD,冰箱,2500,4199,B,B企业,440300,2019,3,9
2019-09-05,长沙市,A001,6,28014,GL冰箱,GL,冰箱,2200,4669,A,A企业,430100,2019,3,9
2019-09-05,重庆市,B001,5,20995,MD冰箱,MD,冰箱,2500,4199,B,B企业,500000,2019,3,9
2019-09-05,深圳市,A001,2,9338,GL冰箱,GL,冰箱,2200,4669,A,A企业,440300,2019,3,9
2019-09-05,苏州市,B002,6,21594,MD电视,MD,电视,2000,4299,B,B企业,320500,2019,3,9
2019-09-05,上海市,B001,4,16796,MD冰箱,MD,冰箱,2500,4199,B,B企业,310000,2019,3,9
2019-09-05,上海市,A001,3,14007,GL冰箱,GL,冰箱,2200,4669,A,A企业,310000,2019,3,9
2019-09-05,成都市,C001,9,32391,HE冰箱,HE,冰箱,1800,3599,C,C企业,510100,2019,3,9
2019-09-05,成都市,B001,5,20995,MD冰箱,MD,冰箱,2500,4199,B,B企业,510100,2019,3,9
2019-09-05,深圳市,A002,7,23093,GL电视,GL,电视,1500,3299,A,A企业,440300,2019,3,9
2019-09-05,上海市,B002,6,21594,MD电视,MD,电视,2000,4299,B,B企业,310000,2019,3,9
2019-09-05,上海市,A002,4,13196,GL电视,GL,电视,1500,3299,A,A企业,310000,2019,3,9
2019-09-05,上海市,C001,4,14396,HE冰箱,HE,冰箱,1800,3599,C,C企业,310000,2019,3,9
2019-09-05,重庆市,C003,6,28014,HE洗衣机,HE,洗衣机,2600,4699,C,C企业,500000,2019,3,9
2019-09-05,厦门市,A002,6,19794,GL电视,GL,电视,1500,3299,A,A企业,350200,2019,3,9
2019-09-05,金华市,A002,2,6598,GL电视,GL,电视,1500,3299,A,A企业,330700,2019,3,9
2019-09-05,成都市,B002,7,25193,MD电视,MD,电视,2000,4299,B,B企业,510100,2019,3,9
2019-09-05,金华市,B002,7,25193,MD电视,MD,电视,2000,4299,B,B企业,330700,2019,3,9
2019-09-05,长沙市,B002,5,17995,MD电视,MD,电视,2000,4299,B,B企业,430100,2019,3,9
2019-09-06,金华市,B002,4,14396,MD电视,MD,电视,2000,4299,B,B企业,330700,2019,3,9
2019-09-06,金华市,B001,4,16796,MD冰箱,MD,冰箱,2500,4199,B,B企业,330700,2019,3,9
2019-09-06,上海市,C001,7,25193,HE冰箱,HE,冰箱,1800,3599,C,C企业,310000,2019,3,9
2019-09-06,厦门市,B002,5,17995,MD电视,MD,电视,2000,4299,B,B企业,350200,2019,3,9
2019-09-06,厦门市,B001,3,12597,MD冰箱,MD,冰箱,2500,4199,B,B企业,350200,2019,3,9
2019-09-06,重庆市,B001,4,16796,MD冰箱,MD,冰箱,2500,4199,B,B企业,500000,2019,3,9
2019-09-06,厦门市,A001,3,14007,GL冰箱,GL,冰箱,2200,4669,A,A企业,350200,2019,3,9
2019-09-06,上海市,B001,7,29393,MD冰箱,MD,冰箱,2500,4199,B,B企业,310000,2019,3,9
2019-09-06,长沙市,A001,5,23345,GL冰箱,GL,冰箱,2200,4669,A,A企业,430100,2019,3,9
2019-09-06,上海市,A001,9,42021,GL冰箱,GL,冰箱,2200,4669,A,A企业,310000,2019,3,9
2019-09-06,深圳市,B001,7,29393,MD冰箱,MD,冰箱,2500,4199,B,B企业,440300,2019,3,9
2019-09-06,上海市,B002,4,14396,MD电视,MD,电视,2000,4299,B,B企业,310000,2019,3,9
2019-09-06,重庆市,B002,5,17995,MD电视,MD,电视,2000,4299,B,B企业,500000,2019,3,9
2019-09-06,金华市,A001,3,14007,GL冰箱,GL,冰箱,2200,4669,A,A企业,330700,2019,3,9
2019-09-06,长沙市,B002,6,21594,MD电视,MD,电视,2000,4299,B,B企业,430100,2019,3,9
2019-09-06,成都市,C001,6,21594,HE冰箱,HE,冰箱,1800,3599,C,C企业,510100,2019,3,9
2019-09-06,深圳市,A001,6,28014,GL冰箱,GL,冰箱,2200,4669,A,A企业,440300,2019,3,9
2019-09-06,苏州市,B001,5,20995,MD冰箱,MD,冰箱,2500,4199,B,B企业,320500,2019,3,9
2019-09-06,深圳市,A002,5,16495,GL电视,GL,电视,1500,3299,A,A企业,440300,2019,3,9
2019-09-06,苏州市,A001,4,18676,GL冰箱,GL,冰箱,2200,4669,A,A企业,320500,2019,3,9
2019-09-06,重庆市,A001,6,28014,GL冰箱,GL,冰箱,2200,4669,A,A企业,500000,2019,3,9
2019-09-06,成都市,A001,4,18676,GL冰箱,GL,冰箱,2200,4669,A,A企业,510100,2019,3,9
2019-09-06,金华市,A002,9,29691,GL电视,GL,电视,1500,3299,A,A企业,330700,2019,3,9
2019-09-06,上海市,A002,3,9897,GL电视,GL,电视,1500,3299,A,A企业,310000,2019,3,9
2019-09-06,深圳市,B002,2,7198,MD电视,MD,电视,2000,4299,B,B企业,440300,2019,3,9
2019-09-06,重庆市,C003,2,9338,HE洗衣机,HE,洗衣机,2600,4699,C,C企业,500000,2019,3,9
2019-09-06,成都市,A002,2,6598,GL电视,GL,电视,1500,3299,A,A企业,510100,2019,3,9
2019-09-06,重庆市,A002,4,13196,GL电视,GL,电视,1500,3299,A,A企业,500000,2019,3,9
2019-09-06,长沙市,B001,3,12597,MD冰箱,MD,冰箱,2500,4199,B,B企业,430100,2019,3,9
2019-09-06,成都市,B001,2,8398,MD冰箱,MD,冰箱,2500,4199,B,B企业,510100,2019,3,9
2019-09-06,厦门市,A002,9,29691,GL电视,GL,电视,1500,3299,A,A企业,350200,2019,3,9
2019-09-07,长沙市,B002,2,7198,MD电视,MD,电视,2000,4299,B,B企业,430100,2019,3,9
2019-09-07,厦门市,B002,4,14396,MD电视,MD,电视,2000,4299,B,B企业,350200,2019,3,9
2019-09-07,成都市,A003,5,23345,GL洗衣机,GL,洗衣机,3200,4669,A,A企业,510100,2019,3,9
2019-09-07,重庆市,B002,6,21594,MD电视,MD,电视,2000,4299,B,B企业,500000,2019,3,9
2019-09-07,深圳市,B002,6,21594,MD电视,MD,电视,2000,4299,B,B企业,440300,2019,3,9
2019-09-07,苏州市,B001,3,12597,MD冰箱,MD,冰箱,2500,4199,B,B企业,320500,2019,3,9
2019-09-07,成都市,C001,7,25193,HE冰箱,HE,冰箱,1800,3599,C,C企业,510100,2019,3,9
2019-09-07,长沙市,C001,6,21594,HE冰箱,HE,冰箱,1800,3599,C,C企业,430100,2019,3,9
2019-09-07,厦门市,A003,6,28014,GL洗衣机,GL,洗衣机,3200,4669,A,A企业,350200,2019,3,9
2019-09-07,重庆市,B003,4,22796,MD洗衣机,MD,洗衣机,3100,5699,B,B企业,500000,2019,3,9
2019-09-07,厦门市,A001,7,32683,GL冰箱,GL,冰箱,2200,4669,A,A企业,350200,2019,3,9
2019-09-07,深圳市,A001,5,23345,GL冰箱,GL,冰箱,2200,4669,A,A企业,440300,2019,3,9
2019-09-07,金华市,A001,6,28014,GL冰箱,GL,冰箱,2200,4669,A,A企业,330700,2019,3,9
2019-09-07,长沙市,A001,2,9338,GL冰箱,GL,冰箱,2200,4669,A,A企业,430100,2019,3,9
2019-09-07,厦门市,B003,8,45592,MD洗衣机,MD,洗衣机,3100,5699,B,B企业,350200,2019,3,9
2019-09-07,长沙市,B001,5,20995,MD冰箱,MD,冰箱,2500,4199,B,B企业,430100,2019,3,9
2019-09-07,重庆市,A001,7,32683,GL冰箱,GL,冰箱,2200,4669,A,A企业,500000,2019,3,9
2019-09-07,成都市,A002,4,13196,GL电视,GL,电视,1500,3299,A,A企业,510100,2019,3,9
2019-09-07,长沙市,B003,6,34194,MD洗衣机,MD,洗衣机,3100,5699,B,B企业,430100,2019,3,9
2019-09-07,苏州市,B003,4,22796,MD洗衣机,MD,洗衣机,3100,5699,B,B企业,320500,2019,3,9
2019-09-07,金华市,A002,7,23093,GL电视,GL,电视,1500,3299,A,A企业,330700,2019,3,9
2019-09-07,重庆市,A002,6,19794,GL电视,GL,电视,1500,3299,A,A企业,500000,2019,3,9
2019-09-07,深圳市,A002,6,19794,GL电视,GL,电视,1500,3299,A,A企业,440300,2019,3,9
2019-09-07,厦门市,B001,5,20995,MD冰箱,MD,冰箱,2500,4199,B,B企业,350200,2019,3,9
2019-09-07,苏州市,A001,4,18676,GL冰箱,GL,冰箱,2200,4669,A,A企业,320500,2019,3,9
2019-09-07,重庆市,B001,4,16796,MD冰箱,MD,冰箱,2500,4199,B,B企业,500000,2019,3,9
2019-09-07,金华市,B001,5,20995,MD冰箱,MD,冰箱,2500,4199,B,B企业,330700,2019,3,9
2019-09-07,成都市,A001,6,28014,GL冰箱,GL,冰箱,2200,4669,A,A企业,510100,2019,3,9
2019-09-07,上海市,B001,5,20995,MD冰箱,MD,冰箱,2500,4199,B,B企业,310000,2019,3,9
2019-09-07,金华市,B002,3,10797,MD电视,MD,电视,2000,4299,B,B企业,330700,2019,3,9
2019-09-07,上海市,A001,5,23345,GL冰箱,GL,冰箱,2200,4669,A,A企业,310000,2019,3,9
2019-09-07,上海市,B002,9,32391,MD电视,MD,电视,2000,4299,B,B企业,310000,2019,3,9
2019-09-07,成都市,B002,3,10797,MD电视,MD,电视,2000,4299,B,B企业,510100,2019,3,9
2019-09-08,重庆市,B002,6,21594,MD电视,MD,电视,2000,4299,B,B企业,500000,2019,3,9
2019-09-08,长沙市,B001,6,25194,MD冰箱,MD,冰箱,2500,4199,B,B企业,430100,2019,3,9
2019-09-08,上海市,A001,6,28014,GL冰箱,GL,冰箱,2200,4669,A,A企业,310000,2019,3,9
2019-09-08,金华市,B001,5,20995,MD冰箱,MD,冰箱,2500,4199,B,B企业,330700,2019,3,9
2019-09-08,重庆市,B001,8,33592,MD冰箱,MD,冰箱,2500,4199,B,B企业,500000,2019,3,9
2019-09-08,上海市,B001,4,16796,MD冰箱,MD,冰箱,2500,4199,B,B企业,310000,2019,3,9
2019-09-08,重庆市,A001,6,28014,GL冰箱,GL,冰箱,2200,4669,A,A企业,500000,2019,3,9
2019-09-08,深圳市,B002,3,10797,MD电视,MD,电视,2000,4299,B,B企业,440300,2019,3,9
2019-09-08,金华市,A002,6,19794,GL电视,GL,电视,1500,3299,A,A企业,330700,2019,3,9
2019-09-08,金华市,A001,4,18676,GL冰箱,GL,冰箱,2200,4669,A,A企业,330700,2019,3,9
2019-09-08,成都市,A001,5,23345,GL冰箱,GL,冰箱,2200,4669,A,A企业,510100,2019,3,9
2019-09-08,上海市,A002,7,23093,GL电视,GL,电视,1500,3299,A,A企业,310000,2019,3,9
2019-09-08,厦门市,B001,4,16796,MD冰箱,MD,冰箱,2500,4199,B,B企业,350200,2019,3,9
2019-09-08,成都市,B001,7,29393,MD冰箱,MD,冰箱,2500,4199,B,B企业,510100,2019,3,9
2019-09-08,厦门市,A003,7,32683,GL洗衣机,GL,洗衣机,3200,4669,A,A企业,350200,2019,3,9
2019-09-08,金华市,A003,3,14007,GL洗衣机,GL,洗衣机,3200,4669,A,A企业,330700,2019,3,9
2019-09-08,苏州市,B001,6,25194,MD冰箱,MD,冰箱,2500,4199,B,B企业,320500,2019,3,9
2019-09-08,重庆市,A002,7,23093,GL电视,GL,电视,1500,3299,A,A企业,500000,2019,3,9
2019-09-08,重庆市,C003,5,23345,HE洗衣机,HE,洗衣机,2600,4699,C,C企业,500000,2019,3,9
2019-09-08,长沙市,A001,5,23345,GL冰箱,GL,冰箱,2200,4669,A,A企业,430100,2019,3,9
2019-09-08,深圳市,A003,3,14007,GL洗衣机,GL,洗衣机,3200,4669,A,A企业,440300,2019,3,9
2019-09-08,成都市,B002,6,21594,MD电视,MD,电视,2000,4299,B,B企业,510100,2019,3,9
2019-09-08,深圳市,A001,5,23345,GL冰箱,GL,冰箱,2200,4669,A,A企业,440300,2019,3,9
2019-09-08,厦门市,A001,6,28014,GL冰箱,GL,冰箱,2200,4669,A,A企业,350200,2019,3,9
2019-09-08,深圳市,B003,3,17097,MD洗衣机,MD,洗衣机,3100,5699,B,B企业,440300,2019,3,9
2019-09-08,深圳市,A002,4,13196,GL电视,GL,电视,1500,3299,A,A企业,440300,2019,3,9
2019-09-08,厦门市,B003,5,28495,MD洗衣机,MD,洗衣机,3100,5699,B,B企业,350200,2019,3,9
2019-09-08,深圳市,B001,8,33592,MD冰箱,MD,冰箱,2500,4199,B,B企业,440300,2019,3,9
2019-09-08,长沙市,C003,8,37352,HE洗衣机,HE,洗衣机,2600,4699,C,C企业,430100,2019,3,9
2019-09-08,金华市,B003,2,11398,MD洗衣机,MD,洗衣机,3100,5699,B,B企业,330700,2019,3,9
2019-09-08,成都市,C001,6,21594,HE冰箱,HE,冰箱,1800,3599,C,C企业,510100,2019,3,9
2019-09-08,长沙市,B002,6,21594,MD电视,MD,电视,2000,4299,B,B企业,430100,2019,3,9
2019-09-08,上海市,B003,2,11398,MD洗衣机,MD,洗衣机,3100,5699,B,B企业,310000,2019,3,9
2019-09-08,金华市,B002,7,25193,MD电视,MD,电视,2000,4299,B,B企业,330700,2019,3,9
2019-09-09,上海市,A001,8,37352,GL冰箱,GL,冰箱,2200,4669,A,A企业,310000,2019,3,9
2019-09-09,厦门市,C001,5,17995,HE冰箱,HE,冰箱,1800,3599,C,C企业,350200,2019,3,9
2019-09-09,深圳市,B002,3,10797,MD电视,MD,电视,2000,4299,B,B企业,440300,2019,3,9
2019-09-09,重庆市,B003,5,28495,MD洗衣机,MD,洗衣机,3100,5699,B,B企业,500000,2019,3,9
2019-09-09,厦门市,B002,5,17995,MD电视,MD,电视,2000,4299,B,B企业,350200,2019,3,9
2019-09-09,重庆市,A001,3,14007,GL冰箱,GL,冰箱,2200,4669,A,A企业,500000,2019,3,9
2019-09-09,上海市,B003,3,17097,MD洗衣机,MD,洗衣机,3100,5699,B,B企业,310000,2019,3,9
2019-09-09,上海市,C001,5,17995,HE冰箱,HE,冰箱,1800,3599,C,C企业,310000,2019,3,9
2019-09-09,重庆市,B001,6,25194,MD冰箱,MD,冰箱,2500,4199,B,B企业,500000,2019,3,9
2019-09-09,金华市,B001,4,16796,MD冰箱,MD,冰箱,2500,4199,B,B企业,330700,2019,3,9
2019-09-09,上海市,B002,3,10797,MD电视,MD,电视,2000,4299,B,B企业,310000,2019,3,9
2019-09-09,重庆市,B002,5,17995,MD电视,MD,电视,2000,4299,B,B企业,500000,2019,3,9
2019-09-09,深圳市,B001,8,33592,MD冰箱,MD,冰箱,2500,4199,B,B企业,440300,2019,3,9
2019-09-09,金华市,B002,6,21594,MD电视,MD,电视,2000,4299,B,B企业,330700,2019,3,9
2019-09-09,成都市,A001,3,14007,GL冰箱,GL,冰箱,2200,4669,A,A企业,510100,2019,3,9
2019-09-09,苏州市,A001,3,14007,GL冰箱,GL,冰箱,2200,4669,A,A企业,320500,2019,3,9
2019-09-09,深圳市,A001,7,32683,GL冰箱,GL,冰箱,2200,4669,A,A企业,440300,2019,3,9
2019-09-09,厦门市,A002,5,16495,GL电视,GL,电视,1500,3299,A,A企业,350200,2019,3,9
2019-09-09,金华市,A002,5,16495,GL电视,GL,电视,1500,3299,A,A企业,330700,2019,3,9
2019-09-09,厦门市,A001,3,14007,GL冰箱,GL,冰箱,2200,4669,A,A企业,350200,2019,3,9
2019-09-09,厦门市,B001,8,33592,MD冰箱,MD,冰箱,2500,4199,B,B企业,350200,2019,3,9
2019-09-09,上海市,B001,3,12597,MD冰箱,MD,冰箱,2500,4199,B,B企业,310000,2019,3,9
2019-09-09,重庆市,C003,5,23345,HE洗衣机,HE,洗衣机,2600,4699,C,C企业,500000,2019,3,9
2019-09-09,金华市,A001,7,32683,GL冰箱,GL,冰箱,2200,4669,A,A企业,330700,2019,3,9
2019-09-09,深圳市,A002,6,19794,GL电视,GL,电视,1500,3299,A,A企业,440300,2019,3,9
2019-09-09,深圳市,C001,3,10797,HE冰箱,HE,冰箱,1800,3599,C,C企业,440300,2019,3,9
2019-09-09,重庆市,A002,4,13196,GL电视,GL,电视,1500,3299,A,A企业,500000,2019,3,9
2019-09-09,成都市,A002,2,6598,GL电视,GL,电视,1500,3299,A,A企业,510100,2019,3,9
2019-09-09,金华市,B003,8,45592,MD洗衣机,MD,洗衣机,3100,5699,B,B企业,330700,2019,3,9
2019-09-09,成都市,B002,3,10797,MD电视,MD,电视,2000,4299,B,B企业,510100,2019,3,9
2019-09-09,成都市,B003,6,34194,MD洗衣机,MD,洗衣机,3100,5699,B,B企业,510100,2019,3,9
2019-09-09,金华市,A003,3,14007,GL洗衣机,GL,洗衣机,3200,4669,A,A企业,330700,2019,3,9
2019-09-10,重庆市,B003,4,22796,MD洗衣机,MD,洗衣机,3100,5699,B,B企业,500000,2019,3,9
2019-09-10,金华市,B002,6,21594,MD电视,MD,电视,2000,4299,B,B企业,330700,2019,3,9
2019-09-10,厦门市,B003,7,39893,MD洗衣机,MD,洗衣机,3100,5699,B,B企业,350200,2019,3,9
2019-09-10,金华市,B003,6,34194,MD洗衣机,MD,洗衣机,3100,5699,B,B企业,330700,2019,3,9
2019-09-10,深圳市,B002,7,25193,MD电视,MD,电视,2000,4299,B,B企业,440300,2019,3,9
2019-09-10,深圳市,A001,2,9338,GL冰箱,GL,冰箱,2200,4669,A,A企业,440300,2019,3,9
2019-09-10,金华市,A001,8,37352,GL冰箱,GL,冰箱,2200,4669,A,A企业,330700,2019,3,9
2019-09-10,上海市,A003,8,37352,GL洗衣机,GL,洗衣机,3200,4669,A,A企业,310000,2019,3,9
2019-09-10,厦门市,A001,4,18676,GL冰箱,GL,冰箱,2200,4669,A,A企业,350200,2019,3,9
2019-09-10,重庆市,A003,7,32683,GL洗衣机,GL,洗衣机,3200,4669,A,A企业,500000,2019,3,9
2019-09-10,厦门市,B002,7,25193,MD电视,MD,电视,2000,4299,B,B企业,350200,2019,3,9
2019-09-10,厦门市,B001,5,20995,MD冰箱,MD,冰箱,2500,4199,B,B企业,350200,2019,3,9
2019-09-10,深圳市,A003,3,14007,GL洗衣机,GL,洗衣机,3200,4669,A,A企业,440300,2019,3,9
2019-09-10,长沙市,A001,2,9338,GL冰箱,GL,冰箱,2200,4669,A,A企业,430100,2019,3,9
2019-09-10,金华市,C001,8,28792,HE冰箱,HE,冰箱,1800,3599,C,C企业,330700,2019,3,9
2019-09-10,长沙市,B002,5,17995,MD电视,MD,电视,2000,4299,B,B企业,430100,2019,3,9
2019-09-10,成都市,A003,5,23345,GL洗衣机,GL,洗衣机,3200,4669,A,A企业,510100,2019,3,9
2019-09-10,成都市,B002,3,10797,MD电视,MD,电视,2000,4299,B,B企业,510100,2019,3,9
2019-09-10,长沙市,A003,7,32683,GL洗衣机,GL,洗衣机,3200,4669,A,A企业,430100,2019,3,9
2019-09-10,重庆市,A001,5,23345,GL冰箱,GL,冰箱,2200,4669,A,A企业,500000,2019,3,9
2019-09-10,成都市,B003,2,11398,MD洗衣机,MD,洗衣机,3100,5699,B,B企业,510100,2019,3,9
2019-09-10,苏州市,A001,5,23345,GL冰箱,GL,冰箱,2200,4669,A,A企业,320500,2019,3,9
2019-09-10,成都市,B001,6,25194,MD冰箱,MD,冰箱,2500,4199,B,B企业,510100,2019,3,9
2019-09-10,苏州市,C001,4,14396,HE冰箱,HE,冰箱,1800,3599,C,C企业,320500,2019,3,9
2019-09-10,重庆市,A002,2,6598,GL电视,GL,电视,1500,3299,A,A企业,500000,2019,3,9
2019-09-10,重庆市,C001,6,21594,HE冰箱,HE,冰箱,1800,3599,C,C企业,500000,2019,3,9
2019-09-10,深圳市,A002,4,13196,GL电视,GL,电视,1500,3299,A,A企业,440300,2019,3,9
2019-09-10,重庆市,B001,3,12597,MD冰箱,MD,冰箱,2500,4199,B,B企业,500000,2019,3,9
2019-09-10,苏州市,B001,5,20995,MD冰箱,MD,冰箱,2500,4199,B,B企业,320500,2019,3,9
2019-09-10,长沙市,A002,9,29691,GL电视,GL,电视,1500,3299,A,A企业,430100,2019,3,9
2019-09-10,厦门市,A002,6,19794,GL电视,GL,电视,1500,3299,A,A企业,350200,2019,3,9
2019-09-10,金华市,B001,6,25194,MD冰箱,MD,冰箱,2500,4199,B,B企业,330700,2019,3,9
2019-09-11,厦门市,A001,5,23345,GL冰箱,GL,冰箱,2200,4669,A,A企业,350200,2019,3,9
2019-09-11,长沙市,A002,3,9897,GL电视,GL,电视,1500,3299,A,A企业,430100,2019,3,9
2019-09-11,厦门市,B002,6,21594,MD电视,MD,电视,2000,4299,B,B企业,350200,2019,3,9
2019-09-11,金华市,A001,4,18676,GL冰箱,GL,冰箱,2200,4669,A,A企业,330700,2019,3,9
2019-09-11,金华市,B002,7,25193,MD电视,MD,电视,2000,4299,B,B企业,330700,2019,3,9
2019-09-11,成都市,B001,6,25194,MD冰箱,MD,冰箱,2500,4199,B,B企业,510100,2019,3,9
2019-09-11,重庆市,A001,6,28014,GL冰箱,GL,冰箱,2200,4669,A,A企业,500000,2019,3,9
2019-09-11,上海市,A001,7,32683,GL冰箱,GL,冰箱,2200,4669,A,A企业,310000,2019,3,9
2019-09-11,深圳市,A001,5,23345,GL冰箱,GL,冰箱,2200,4669,A,A企业,440300,2019,3,9
2019-09-11,上海市,A002,4,13196,GL电视,GL,电视,1500,3299,A,A企业,310000,2019,3,9
2019-09-11,长沙市,B001,5,20995,MD冰箱,MD,冰箱,2500,4199,B,B企业,430100,2019,3,9
2019-09-11,成都市,A001,2,9338,GL冰箱,GL,冰箱,2200,4669,A,A企业,510100,2019,3,9
2019-09-11,重庆市,B001,2,8398,MD冰箱,MD,冰箱,2500,4199,B,B企业,500000,2019,3,9
2019-09-11,深圳市,A002,6,19794,GL电视,GL,电视,1500,3299,A,A企业,440300,2019,3,9
2019-09-11,深圳市,B001,4,16796,MD冰箱,MD,冰箱,2500,4199,B,B企业,440300,2019,3,9
2019-09-11,上海市,B001,5,20995,MD冰箱,MD,冰箱,2500,4199,B,B企业,310000,2019,3,9
2019-09-11,上海市,B002,5,17995,MD电视,MD,电视,2000,4299,B,B企业,310000,2019,3,9
2019-09-11,重庆市,B002,8,28792,MD电视,MD,电视,2000,4299,B,B企业,500000,2019,3,9
2019-09-11,金华市,C001,5,17995,HE冰箱,HE,冰箱,1800,3599,C,C企业,330700,2019,3,9
2019-09-11,成都市,C001,9,32391,HE冰箱,HE,冰箱,1800,3599,C,C企业,510100,2019,3,9
2019-09-11,厦门市,B001,5,20995,MD冰箱,MD,冰箱,2500,4199,B,B企业,350200,2019,3,9
2019-09-11,深圳市,B002,6,21594,MD电视,MD,电视,2000,4299,B,B企业,440300,2019,3,9
2019-09-11,长沙市,B002,4,14396,MD电视,MD,电视,2000,4299,B,B企业,430100,2019,3,9
2019-09-11,深圳市,C001,4,14396,HE冰箱,HE,冰箱,1800,3599,C,C企业,440300,2019,3,9
2019-09-12,成都市,B001,2,8398,MD冰箱,MD,冰箱,2500,4199,B,B企业,510100,2019,3,9
2019-09-12,成都市,B002,4,14396,MD电视,MD,电视,2000,4299,B,B企业,510100,2019,3,9
2019-09-12,上海市,B001,6,25194,MD冰箱,MD,冰箱,2500,4199,B,B企业,310000,2019,3,9
2019-09-12,厦门市,A001,4,18676,GL冰箱,GL,冰箱,2200,4669,A,A企业,350200,2019,3,9
2019-09-12,深圳市,B002,6,21594,MD电视,MD,电视,2000,4299,B,B企业,440300,2019,3,9
2019-09-12,金华市,B001,2,8398,MD冰箱,MD,冰箱,2500,4199,B,B企业,330700,2019,3,9
2019-09-12,重庆市,B002,3,10797,MD电视,MD,电视,2000,4299,B,B企业,500000,2019,3,9
2019-09-12,重庆市,A001,3,14007,GL冰箱,GL,冰箱,2200,4669,A,A企业,500000,2019,3,9
2019-09-12,长沙市,A001,2,9338,GL冰箱,GL,冰箱,2200,4669,A,A企业,430100,2019,3,9
2019-09-12,厦门市,B002,6,21594,MD电视,MD,电视,2000,4299,B,B企业,350200,2019,3,9
2019-09-12,上海市,B002,4,14396,MD电视,MD,电视,2000,4299,B,B企业,310000,2019,3,9
2019-09-12,金华市,B002,3,10797,MD电视,MD,电视,2000,4299,B,B企业,330700,2019,3,9
2019-09-12,深圳市,A001,4,18676,GL冰箱,GL,冰箱,2200,4669,A,A企业,440300,2019,3,9
2019-09-12,金华市,A001,6,28014,GL冰箱,GL,冰箱,2200,4669,A,A企业,330700,2019,3,9
2019-09-12,厦门市,B001,5,20995,MD冰箱,MD,冰箱,2500,4199,B,B企业,350200,2019,3,9
2019-09-12,深圳市,B001,3,12597,MD冰箱,MD,冰箱,2500,4199,B,B企业,440300,2019,3,9
2019-09-12,成都市,A002,6,19794,GL电视,GL,电视,1500,3299,A,A企业,510100,2019,3,9
2019-09-12,厦门市,B003,4,22796,MD洗衣机,MD,洗衣机,3100,5699,B,B企业,350200,2019,3,9
2019-09-12,上海市,C001,4,14396,HE冰箱,HE,冰箱,1800,3599,C,C企业,310000,2019,3,9
2019-09-12,金华市,B003,4,22796,MD洗衣机,MD,洗衣机,3100,5699,B,B企业,330700,2019,3,9
2019-09-12,上海市,B003,6,34194,MD洗衣机,MD,洗衣机,3100,5699,B,B企业,310000,2019,3,9
2019-09-12,成都市,B003,2,11398,MD洗衣机,MD,洗衣机,3100,5699,B,B企业,510100,2019,3,9
2019-09-12,上海市,A001,9,42021,GL冰箱,GL,冰箱,2200,4669,A,A企业,310000,2019,3,9
2019-09-12,金华市,A002,3,9897,GL电视,GL,电视,1500,3299,A,A企业,330700,2019,3,9
2019-09-12,厦门市,A003,5,23345,GL洗衣机,GL,洗衣机,3200,4669,A,A企业,350200,2019,3,9
2019-09-12,金华市,A003,3,14007,GL洗衣机,GL,洗衣机,3200,4669,A,A企业,330700,2019,3,9
2019-09-12,成都市,A003,5,23345,GL洗衣机,GL,洗衣机,3200,4669,A,A企业,510100,2019,3,9
2019-09-12,重庆市,C001,5,17995,HE冰箱,HE,冰箱,1800,3599,C,C企业,500000,2019,3,9
2019-09-13,厦门市,A001,4,18676,GL冰箱,GL,冰箱,2200,4669,A,A企业,350200,2019,3,9
2019-09-13,成都市,A001,2,9338,GL冰箱,GL,冰箱,2200,4669,A,A企业,510100,2019,3,9
2019-09-13,金华市,A002,7,23093,GL电视,GL,电视,1500,3299,A,A企业,330700,2019,3,9
2019-09-13,重庆市,A003,5,23345,GL洗衣机,GL,洗衣机,3200,4669,A,A企业,500000,2019,3,9
2019-09-13,厦门市,C001,2,7198,HE冰箱,HE,冰箱,1800,3599,C,C企业,350200,2019,3,9
2019-09-13,重庆市,A001,5,23345,GL冰箱,GL,冰箱,2200,4669,A,A企业,500000,2019,3,9
2019-09-13,金华市,A001,6,28014,GL冰箱,GL,冰箱,2200,4669,A,A企业,330700,2019,3,9
2019-09-13,金华市,B001,5,20995,MD冰箱,MD,冰箱,2500,4199,B,B企业,330700,2019,3,9
2019-09-13,金华市,B002,5,17995,MD电视,MD,电视,2000,4299,B,B企业,330700,2019,3,9
2019-09-13,长沙市,A003,6,28014,GL洗衣机,GL,洗衣机,3200,4669,A,A企业,430100,2019,3,9
2019-09-13,厦门市,A003,2,9338,GL洗衣机,GL,洗衣机,3200,4669,A,A企业,350200,2019,3,9
2019-09-13,厦门市,B002,3,10797,MD电视,MD,电视,2000,4299,B,B企业,350200,2019,3,9
2019-09-13,成都市,B001,2,8398,MD冰箱,MD,冰箱,2500,4199,B,B企业,510100,2019,3,9
2019-09-13,成都市,B002,3,10797,MD电视,MD,电视,2000,4299,B,B企业,510100,2019,3,9
2019-09-13,厦门市,B003,5,28495,MD洗衣机,MD,洗衣机,3100,5699,B,B企业,350200,2019,3,9
2019-09-13,深圳市,A002,2,6598,GL电视,GL,电视,1500,3299,A,A企业,440300,2019,3,9
2019-09-13,长沙市,B003,6,34194,MD洗衣机,MD,洗衣机,3100,5699,B,B企业,430100,2019,3,9
2019-09-13,金华市,C001,6,21594,HE冰箱,HE,冰箱,1800,3599,C,C企业,330700,2019,3,9
2019-09-13,深圳市,A001,4,18676,GL冰箱,GL,冰箱,2200,4669,A,A企业,440300,2019,3,9
2019-09-13,长沙市,A001,2,9338,GL冰箱,GL,冰箱,2200,4669,A,A企业,430100,2019,3,9
2019-09-13,重庆市,B003,5,28495,MD洗衣机,MD,洗衣机,3100,5699,B,B企业,500000,2019,3,9
2019-09-13,深圳市,B003,7,39893,MD洗衣机,MD,洗衣机,3100,5699,B,B企业,440300,2019,3,9
2019-09-13,深圳市,C001,6,21594,HE冰箱,HE,冰箱,1800,3599,C,C企业,440300,2019,3,9
2019-09-13,长沙市,B001,6,25194,MD冰箱,MD,冰箱,2500,4199,B,B企业,430100,2019,3,9
2019-09-13,深圳市,B001,5,20995,MD冰箱,MD,冰箱,2500,4199,B,B企业,440300,2019,3,9
2019-09-13,长沙市,A002,4,13196,GL电视,GL,电视,1500,3299,A,A企业,430100,2019,3,9
2019-09-13,重庆市,C001,6,21594,HE冰箱,HE,冰箱,1800,3599,C,C企业,500000,2019,3,9
2019-09-13,厦门市,B001,5,20995,MD冰箱,MD,冰箱,2500,4199,B,B企业,350200,2019,3,9
2019-09-13,重庆市,B002,5,17995,MD电视,MD,电视,2000,4299,B,B企业,500000,2019,3,9
2019-09-13,苏州市,C001,4,14396,HE冰箱,HE,冰箱,1800,3599,C,C企业,320500,2019,3,9
2019-09-13,重庆市,B001,9,37791,MD冰箱,MD,冰箱,2500,4199,B,B企业,500000,2019,3,9
2019-09-14,苏州市,B001,2,8398,MD冰箱,MD,冰箱,2500,4199,B,B企业,320500,2019,3,9
2019-09-14,厦门市,C001,9,32391,HE冰箱,HE,冰箱,1800,3599,C,C企业,350200,2019,3,9
2019-09-14,厦门市,B002,6,21594,MD电视,MD,电视,2000,4299,B,B企业,350200,2019,3,9
2019-09-14,长沙市,A003,4,18676,GL洗衣机,GL,洗衣机,3200,4669,A,A企业,430100,2019,3,9
2019-09-14,金华市,A001,4,18676,GL冰箱,GL,冰箱,2200,4669,A,A企业,330700,2019,3,9
2019-09-14,金华市,C001,8,28792,HE冰箱,HE,冰箱,1800,3599,C,C企业,330700,2019,3,9
2019-09-14,金华市,B001,4,16796,MD冰箱,MD,冰箱,2500,4199,B,B企业,330700,2019,3,9
2019-09-14,成都市,A001,7,32683,GL冰箱,GL,冰箱,2200,4669,A,A企业,510100,2019,3,9
2019-09-14,重庆市,B001,6,25194,MD冰箱,MD,冰箱,2500,4199,B,B企业,500000,2019,3,9
2019-09-14,金华市,B002,7,25193,MD电视,MD,电视,2000,4299,B,B企业,330700,2019,3,9
2019-09-14,厦门市,B001,6,25194,MD冰箱,MD,冰箱,2500,4199,B,B企业,350200,2019,3,9
2019-09-14,重庆市,C001,3,10797,HE冰箱,HE,冰箱,1800,3599,C,C企业,500000,2019,3,9
2019-09-14,深圳市,B001,6,25194,MD冰箱,MD,冰箱,2500,4199,B,B企业,440300,2019,3,9
2019-09-14,厦门市,A001,2,9338,GL冰箱,GL,冰箱,2200,4669,A,A企业,350200,2019,3,9
2019-09-14,重庆市,A001,3,14007,GL冰箱,GL,冰箱,2200,4669,A,A企业,500000,2019,3,9
2019-09-14,成都市,B002,4,14396,MD电视,MD,电视,2000,4299,B,B企业,510100,2019,3,9
2019-09-14,上海市,A001,4,18676,GL冰箱,GL,冰箱,2200,4669,A,A企业,310000,2019,3,9
2019-09-14,成都市,B001,5,20995,MD冰箱,MD,冰箱,2500,4199,B,B企业,510100,2019,3,9
2019-09-14,重庆市,B002,2,7198,MD电视,MD,电视,2000,4299,B,B企业,500000,2019,3,9
2019-09-14,上海市,B001,7,29393,MD冰箱,MD,冰箱,2500,4199,B,B企业,310000,2019,3,9
2019-09-14,苏州市,B002,4,14396,MD电视,MD,电视,2000,4299,B,B企业,320500,2019,3,9
2019-09-14,深圳市,B002,5,17995,MD电视,MD,电视,2000,4299,B,B企业,440300,2019,3,9
2019-09-14,金华市,A003,6,28014,GL洗衣机,GL,洗衣机,3200,4669,A,A企业,330700,2019,3,9
2019-09-15,厦门市,A001,3,14007,GL冰箱,GL,冰箱,2200,4669,A,A企业,350200,2019,3,9
2019-09-15,金华市,B002,5,17995,MD电视,MD,电视,2000,4299,B,B企业,330700,2019,3,9
2019-09-15,上海市,B002,5,17995,MD电视,MD,电视,2000,4299,B,B企业,310000,2019,3,9
2019-09-15,上海市,C001,3,10797,HE冰箱,HE,冰箱,1800,3599,C,C企业,310000,2019,3,9
2019-09-15,重庆市,B001,4,16796,MD冰箱,MD,冰箱,2500,4199,B,B企业,500000,2019,3,9
2019-09-15,金华市,A001,5,23345,GL冰箱,GL,冰箱,2200,4669,A,A企业,330700,2019,3,9
2019-09-15,金华市,B001,6,25194,MD冰箱,MD,冰箱,2500,4199,B,B企业,330700,2019,3,9
2019-09-15,重庆市,A001,5,23345,GL冰箱,GL,冰箱,2200,4669,A,A企业,500000,2019,3,9
2019-09-15,重庆市,B002,3,10797,MD电视,MD,电视,2000,4299,B,B企业,500000,2019,3,9
2019-09-15,深圳市,B001,8,33592,MD冰箱,MD,冰箱,2500,4199,B,B企业,440300,2019,3,9
2019-09-15,苏州市,A001,4,18676,GL冰箱,GL,冰箱,2200,4669,A,A企业,320500,2019,3,9
2019-09-15,长沙市,B001,5,20995,MD冰箱,MD,冰箱,2500,4199,B,B企业,430100,2019,3,9
2019-09-15,厦门市,B001,6,25194,MD冰箱,MD,冰箱,2500,4199,B,B企业,350200,2019,3,9
2019-09-15,长沙市,A001,7,32683,GL冰箱,GL,冰箱,2200,4669,A,A企业,430100,2019,3,9
2019-09-15,长沙市,A002,6,19794,GL电视,GL,电视,1500,3299,A,A企业,430100,2019,3,9
2019-09-15,金华市,C001,4,14396,HE冰箱,HE,冰箱,1800,3599,C,C企业,330700,2019,3,9
2019-09-15,深圳市,A001,4,18676,GL冰箱,GL,冰箱,2200,4669,A,A企业,440300,2019,3,9
2019-09-15,上海市,A001,6,28014,GL冰箱,GL,冰箱,2200,4669,A,A企业,310000,2019,3,9
2019-09-15,成都市,A003,5,23345,GL洗衣机,GL,洗衣机,3200,4669,A,A企业,510100,2019,3,9
2019-09-15,深圳市,A002,8,26392,GL电视,GL,电视,1500,3299,A,A企业,440300,2019,3,9
2019-09-15,厦门市,A003,3,14007,GL洗衣机,GL,洗衣机,3200,4669,A,A企业,350200,2019,3,9
2019-09-15,金华市,A003,6,28014,GL洗衣机,GL,洗衣机,3200,4669,A,A企业,330700,2019,3,9
2019-09-15,长沙市,A003,3,14007,GL洗衣机,GL,洗衣机,3200,4669,A,A企业,430100,2019,3,9
2019-09-15,长沙市,B002,9,32391,MD电视,MD,电视,2000,4299,B,B企业,430100,2019,3,9
2019-09-15,厦门市,A002,3,9897,GL电视,GL,电视,1500,3299,A,A企业,350200,2019,3,9
2019-09-15,成都市,A001,6,28014,GL冰箱,GL,冰箱,2200,4669,A,A企业,510100,2019,3,9
2019-09-15,深圳市,A003,2,9338,GL洗衣机,GL,洗衣机,3200,4669,A,A企业,440300,2019,3,9
2019-09-16,厦门市,B003,5,28495,MD洗衣机,MD,洗衣机,3100,5699,B,B企业,350200,2019,3,9
2019-09-16,金华市,C001,7,25193,HE冰箱,HE,冰箱,1800,3599,C,C企业,330700,2019,3,9
2019-09-16,金华市,A001,5,23345,GL冰箱,GL,冰箱,2200,4669,A,A企业,330700,2019,3,9
2019-09-16,长沙市,A001,4,18676,GL冰箱,GL,冰箱,2200,4669,A,A企业,430100,2019,3,9
2019-09-16,深圳市,A002,4,13196,GL电视,GL,电视,1500,3299,A,A企业,440300,2019,3,9
2019-09-16,重庆市,A001,9,42021,GL冰箱,GL,冰箱,2200,4669,A,A企业,500000,2019,3,9
2019-09-16,金华市,B003,9,51291,MD洗衣机,MD,洗衣机,3100,5699,B,B企业,330700,2019,3,9
2019-09-16,苏州市,A001,3,14007,GL冰箱,GL,冰箱,2200,4669,A,A企业,320500,2019,3,9
2019-09-16,重庆市,B003,5,28495,MD洗衣机,MD,洗衣机,3100,5699,B,B企业,500000,2019,3,9
2019-09-16,成都市,B001,7,29393,MD冰箱,MD,冰箱,2500,4199,B,B企业,510100,2019,3,9
2019-09-16,金华市,B002,4,14396,MD电视,MD,电视,2000,4299,B,B企业,330700,2019,3,9
2019-09-16,成都市,B003,6,34194,MD洗衣机,MD,洗衣机,3100,5699,B,B企业,510100,2019,3,9
2019-09-16,厦门市,A001,4,18676,GL冰箱,GL,冰箱,2200,4669,A,A企业,350200,2019,3,9
2019-09-16,重庆市,A002,3,9897,GL电视,GL,电视,1500,3299,A,A企业,500000,2019,3,9
2019-09-16,苏州市,C001,5,17995,HE冰箱,HE,冰箱,1800,3599,C,C企业,320500,2019,3,9
2019-09-16,深圳市,B003,5,28495,MD洗衣机,MD,洗衣机,3100,5699,B,B企业,440300,2019,3,9
2019-09-16,长沙市,B001,2,8398,MD冰箱,MD,冰箱,2500,4199,B,B企业,430100,2019,3,9
2019-09-16,厦门市,A002,9,29691,GL电视,GL,电视,1500,3299,A,A企业,350200,2019,3,9
2019-09-16,厦门市,B001,7,29393,MD冰箱,MD,冰箱,2500,4199,B,B企业,350200,2019,3,9
2019-09-16,成都市,A001,4,18676,GL冰箱,GL,冰箱,2200,4669,A,A企业,510100,2019,3,9
2019-09-16,厦门市,B002,6,21594,MD电视,MD,电视,2000,4299,B,B企业,350200,2019,3,9
2019-09-16,金华市,B001,4,16796,MD冰箱,MD,冰箱,2500,4199,B,B企业,330700,2019,3,9
2019-09-16,长沙市,A002,4,13196,GL电视,GL,电视,1500,3299,A,A企业,430100,2019,3,9
2019-09-16,深圳市,B001,2,8398,MD冰箱,MD,冰箱,2500,4199,B,B企业,440300,2019,3,9
2019-09-16,重庆市,B001,6,25194,MD冰箱,MD,冰箱,2500,4199,B,B企业,500000,2019,3,9
2019-09-16,厦门市,C001,4,14396,HE冰箱,HE,冰箱,1800,3599,C,C企业,350200,2019,3,9
2019-09-16,重庆市,B002,3,10797,MD电视,MD,电视,2000,4299,B,B企业,500000,2019,3,9
2019-09-16,深圳市,A001,9,42021,GL冰箱,GL,冰箱,2200,4669,A,A企业,440300,2019,3,9
2019-09-16,长沙市,B002,4,14396,MD电视,MD,电视,2000,4299,B,B企业,430100,2019,3,9
2019-09-16,成都市,B002,6,21594,MD电视,MD,电视,2000,4299,B,B企业,510100,2019,3,9
2019-09-16,重庆市,C001,6,21594,HE冰箱,HE,冰箱,1800,3599,C,C企业,500000,2019,3,9
2019-09-16,成都市,A003,3,14007,GL洗衣机,GL,洗衣机,3200,4669,A,A企业,510100,2019,3,9
2019-09-16,上海市,B002,7,25193,MD电视,MD,电视,2000,4299,B,B企业,310000,2019,3,9
2019-09-16,上海市,A001,3,14007,GL冰箱,GL,冰箱,2200,4669,A,A企业,310000,2019,3,9
2019-09-17,厦门市,B002,7,25193,MD电视,MD,电视,2000,4299,B,B企业,350200,2019,3,9
2019-09-17,长沙市,A001,5,23345,GL冰箱,GL,冰箱,2200,4669,A,A企业,430100,2019,3,9
2019-09-17,重庆市,B001,6,25194,MD冰箱,MD,冰箱,2500,4199,B,B企业,500000,2019,3,9
2019-09-17,金华市,A001,6,28014,GL冰箱,GL,冰箱,2200,4669,A,A企业,330700,2019,3,9
2019-09-17,上海市,C001,8,28792,HE冰箱,HE,冰箱,1800,3599,C,C企业,310000,2019,3,9
2019-09-17,深圳市,C001,7,25193,HE冰箱,HE,冰箱,1800,3599,C,C企业,440300,2019,3,9
2019-09-17,厦门市,B001,6,25194,MD冰箱,MD,冰箱,2500,4199,B,B企业,350200,2019,3,9
2019-09-17,重庆市,A001,4,18676,GL冰箱,GL,冰箱,2200,4669,A,A企业,500000,2019,3,9
2019-09-17,重庆市,C001,3,10797,HE冰箱,HE,冰箱,1800,3599,C,C企业,500000,2019,3,9
2019-09-17,金华市,B001,2,8398,MD冰箱,MD,冰箱,2500,4199,B,B企业,330700,2019,3,9
2019-09-17,上海市,A001,7,32683,GL冰箱,GL,冰箱,2200,4669,A,A企业,310000,2019,3,9
2019-09-17,厦门市,A001,8,37352,GL冰箱,GL,冰箱,2200,4669,A,A企业,350200,2019,3,9
2019-09-17,苏州市,A001,2,9338,GL冰箱,GL,冰箱,2200,4669,A,A企业,320500,2019,3,9
2019-09-17,深圳市,B002,8,28792,MD电视,MD,电视,2000,4299,B,B企业,440300,2019,3,9
2019-09-17,长沙市,C001,3,10797,HE冰箱,HE,冰箱,1800,3599,C,C企业,430100,2019,3,9
2019-09-17,上海市,B001,3,12597,MD冰箱,MD,冰箱,2500,4199,B,B企业,310000,2019,3,9
2019-09-17,上海市,A002,5,16495,GL电视,GL,电视,1500,3299,A,A企业,310000,2019,3,9
2019-09-17,长沙市,B001,5,20995,MD冰箱,MD,冰箱,2500,4199,B,B企业,430100,2019,3,9
2019-09-17,金华市,A002,6,19794,GL电视,GL,电视,1500,3299,A,A企业,330700,2019,3,9
2019-09-17,重庆市,A002,6,19794,GL电视,GL,电视,1500,3299,A,A企业,500000,2019,3,9
2019-09-17,厦门市,A002,6,19794,GL电视,GL,电视,1500,3299,A,A企业,350200,2019,3,9
2019-09-17,成都市,A002,3,9897,GL电视,GL,电视,1500,3299,A,A企业,510100,2019,3,9
2019-09-17,成都市,A001,6,28014,GL冰箱,GL,冰箱,2200,4669,A,A企业,510100,2019,3,9
2019-09-17,厦门市,C001,8,28792,HE冰箱,HE,冰箱,1800,3599,C,C企业,350200,2019,3,9
2019-09-17,成都市,C001,6,21594,HE冰箱,HE,冰箱,1800,3599,C,C企业,510100,2019,3,9
2019-09-17,深圳市,B001,8,33592,MD冰箱,MD,冰箱,2500,4199,B,B企业,440300,2019,3,9
2019-09-17,长沙市,B002,4,14396,MD电视,MD,电视,2000,4299,B,B企业,430100,2019,3,9
2019-09-17,成都市,B001,2,8398,MD冰箱,MD,冰箱,2500,4199,B,B企业,510100,2019,3,9
2019-09-17,金华市,B002,5,17995,MD电视,MD,电视,2000,4299,B,B企业,330700,2019,3,9
2019-09-18,金华市,B002,5,17995,MD电视,MD,电视,2000,4299,B,B企业,330700,2019,3,9
2019-09-18,厦门市,A001,6,28014,GL冰箱,GL,冰箱,2200,4669,A,A企业,350200,2019,3,9
2019-09-18,深圳市,C001,8,28792,HE冰箱,HE,冰箱,1800,3599,C,C企业,440300,2019,3,9
2019-09-18,重庆市,B002,4,14396,MD电视,MD,电视,2000,4299,B,B企业,500000,2019,3,9
2019-09-18,厦门市,B002,6,21594,MD电视,MD,电视,2000,4299,B,B企业,350200,2019,3,9
2019-09-18,深圳市,A001,6,28014,GL冰箱,GL,冰箱,2200,4669,A,A企业,440300,2019,3,9
2019-09-18,厦门市,B001,3,12597,MD冰箱,MD,冰箱,2500,4199,B,B企业,350200,2019,3,9
2019-09-18,重庆市,A001,7,32683,GL冰箱,GL,冰箱,2200,4669,A,A企业,500000,2019,3,9
2019-09-18,金华市,A001,5,23345,GL冰箱,GL,冰箱,2200,4669,A,A企业,330700,2019,3,9
2019-09-18,苏州市,B002,5,17995,MD电视,MD,电视,2000,4299,B,B企业,320500,2019,3,9
2019-09-18,重庆市,C001,8,28792,HE冰箱,HE,冰箱,1800,3599,C,C企业,500000,2019,3,9
2019-09-18,长沙市,B002,3,10797,MD电视,MD,电视,2000,4299,B,B企业,430100,2019,3,9
2019-09-18,苏州市,B001,4,16796,MD冰箱,MD,冰箱,2500,4199,B,B企业,320500,2019,3,9
2019-09-18,深圳市,B001,3,12597,MD冰箱,MD,冰箱,2500,4199,B,B企业,440300,2019,3,9
2019-09-18,金华市,B001,2,8398,MD冰箱,MD,冰箱,2500,4199,B,B企业,330700,2019,3,9
2019-09-18,成都市,B001,5,20995,MD冰箱,MD,冰箱,2500,4199,B,B企业,510100,2019,3,9
2019-09-18,成都市,A002,4,13196,GL电视,GL,电视,1500,3299,A,A企业,510100,2019,3,9
2019-09-18,厦门市,A003,4,18676,GL洗衣机,GL,洗衣机,3200,4669,A,A企业,350200,2019,3,9
2019-09-18,金华市,A002,7,23093,GL电视,GL,电视,1500,3299,A,A企业,330700,2019,3,9
2019-09-18,深圳市,B002,6,21594,MD电视,MD,电视,2000,4299,B,B企业,440300,2019,3,9
2019-09-18,厦门市,A002,3,9897,GL电视,GL,电视,1500,3299,A,A企业,350200,2019,3,9
2019-09-18,重庆市,A002,2,6598,GL电视,GL,电视,1500,3299,A,A企业,500000,2019,3,9
2019-09-18,重庆市,B001,4,16796,MD冰箱,MD,冰箱,2500,4199,B,B企业,500000,2019,3,9
2019-09-18,上海市,A002,7,23093,GL电视,GL,电视,1500,3299,A,A企业,310000,2019,3,9
2019-09-18,苏州市,A001,2,9338,GL冰箱,GL,冰箱,2200,4669,A,A企业,320500,2019,3,9
2019-09-18,上海市,A003,5,23345,GL洗衣机,GL,洗衣机,3200,4669,A,A企业,310000,2019,3,9
2019-09-18,成都市,A001,4,18676,GL冰箱,GL,冰箱,2200,4669,A,A企业,510100,2019,3,9
2019-09-18,上海市,B001,5,20995,MD冰箱,MD,冰箱,2500,4199,B,B企业,310000,2019,3,9
2019-09-18,成都市,B002,5,17995,MD电视,MD,电视,2000,4299,B,B企业,510100,2019,3,9
2019-09-18,厦门市,C001,5,17995,HE冰箱,HE,冰箱,1800,3599,C,C企业,350200,2019,3,9
2019-09-18,金华市,C002,2,8398,HE电视,HE,电视,2200,4199,C,C企业,330700,2019,3,9
2019-09-18,成都市,C001,3,10797,HE冰箱,HE,冰箱,1800,3599,C,C企业,510100,2019,3,9
2019-09-18,上海市,C002,6,25194,HE电视,HE,电视,2200,4199,C,C企业,310000,2019,3,9
2019-09-18,金华市,C001,3,10797,HE冰箱,HE,冰箱,1800,3599,C,C企业,330700,2019,3,9
2019-09-18,深圳市,C002,9,37791,HE电视,HE,电视,2200,4199,C,C企业,440300,2019,3,9
2019-09-19,厦门市,C001,7,25193,HE冰箱,HE,冰箱,1800,3599,C,C企业,350200,2019,3,9
2019-09-19,金华市,A001,9,42021,GL冰箱,GL,冰箱,2200,4669,A,A企业,330700,2019,3,9
2019-09-19,深圳市,B001,5,20995,MD冰箱,MD,冰箱,2500,4199,B,B企业,440300,2019,3,9
2019-09-19,上海市,B001,2,8398,MD冰箱,MD,冰箱,2500,4199,B,B企业,310000,2019,3,9
2019-09-19,厦门市,B002,2,7198,MD电视,MD,电视,2000,4299,B,B企业,350200,2019,3,9
2019-09-19,厦门市,B001,4,16796,MD冰箱,MD,冰箱,2500,4199,B,B企业,350200,2019,3,9
2019-09-19,成都市,B001,3,12597,MD冰箱,MD,冰箱,2500,4199,B,B企业,510100,2019,3,9
2019-09-19,苏州市,A001,2,9338,GL冰箱,GL,冰箱,2200,4669,A,A企业,320500,2019,3,9
2019-09-19,成都市,A001,2,9338,GL冰箱,GL,冰箱,2200,4669,A,A企业,510100,2019,3,9
2019-09-19,重庆市,C001,6,21594,HE冰箱,HE,冰箱,1800,3599,C,C企业,500000,2019,3,9
2019-09-19,重庆市,A001,3,14007,GL冰箱,GL,冰箱,2200,4669,A,A企业,500000,2019,3,9
2019-09-19,重庆市,B001,8,33592,MD冰箱,MD,冰箱,2500,4199,B,B企业,500000,2019,3,9
2019-09-19,长沙市,B001,4,16796,MD冰箱,MD,冰箱,2500,4199,B,B企业,430100,2019,3,9
2019-09-19,长沙市,A001,5,23345,GL冰箱,GL,冰箱,2200,4669,A,A企业,430100,2019,3,9
2019-09-19,重庆市,C002,6,25194,HE电视,HE,电视,2200,4199,C,C企业,500000,2019,3,9
2019-09-19,苏州市,B001,3,12597,MD冰箱,MD,冰箱,2500,4199,B,B企业,320500,2019,3,9
2019-09-19,金华市,B002,6,21594,MD电视,MD,电视,2000,4299,B,B企业,330700,2019,3,9
2019-09-19,上海市,B002,5,17995,MD电视,MD,电视,2000,4299,B,B企业,310000,2019,3,9
2019-09-19,上海市,C002,3,12597,HE电视,HE,电视,2200,4199,C,C企业,310000,2019,3,9
2019-09-19,深圳市,A001,8,37352,GL冰箱,GL,冰箱,2200,4669,A,A企业,440300,2019,3,9
2019-09-19,上海市,A001,8,37352,GL冰箱,GL,冰箱,2200,4669,A,A企业,310000,2019,3,9
2019-09-19,厦门市,A001,4,18676,GL冰箱,GL,冰箱,2200,4669,A,A企业,350200,2019,3,9
2019-09-19,厦门市,A002,8,26392,GL电视,GL,电视,1500,3299,A,A企业,350200,2019,3,9
2019-09-19,长沙市,C003,3,14007,HE洗衣机,HE,洗衣机,2600,4699,C,C企业,430100,2019,3,9
2019-09-19,金华市,B001,3,12597,MD冰箱,MD,冰箱,2500,4199,B,B企业,330700,2019,3,9
2019-09-19,长沙市,A002,5,16495,GL电视,GL,电视,1500,3299,A,A企业,430100,2019,3,9
2019-09-19,长沙市,C001,4,14396,HE冰箱,HE,冰箱,1800,3599,C,C企业,430100,2019,3,9
2019-09-19,深圳市,A002,6,19794,GL电视,GL,电视,1500,3299,A,A企业,440300,2019,3,9
2019-09-19,厦门市,C002,3,12597,HE电视,HE,电视,2200,4199,C,C企业,350200,2019,3,9
2019-09-19,成都市,C001,8,28792,HE冰箱,HE,冰箱,1800,3599,C,C企业,510100,2019,3,9
2019-09-19,金华市,A003,5,23345,GL洗衣机,GL,洗衣机,3200,4669,A,A企业,330700,2019,3,9
2019-09-19,金华市,C003,5,23345,HE洗衣机,HE,洗衣机,2600,4699,C,C企业,330700,2019,3,9
2019-09-20,成都市,C002,6,25194,HE电视,HE,电视,2200,4199,C,C企业,510100,2019,3,9
2019-09-20,成都市,B002,3,10797,MD电视,MD,电视,2000,4299,B,B企业,510100,2019,3,9
2019-09-20,厦门市,C002,5,20995,HE电视,HE,电视,2200,4199,C,C企业,350200,2019,3,9
2019-09-20,苏州市,B001,5,20995,MD冰箱,MD,冰箱,2500,4199,B,B企业,320500,2019,3,9
2019-09-20,深圳市,A001,7,32683,GL冰箱,GL,冰箱,2200,4669,A,A企业,440300,2019,3,9
2019-09-20,重庆市,B001,5,20995,MD冰箱,MD,冰箱,2500,4199,B,B企业,500000,2019,3,9
2019-09-20,厦门市,B002,5,17995,MD电视,MD,电视,2000,4299,B,B企业,350200,2019,3,9
2019-09-20,厦门市,A001,4,18676,GL冰箱,GL,冰箱,2200,4669,A,A企业,350200,2019,3,9
2019-09-20,深圳市,C002,8,33592,HE电视,HE,电视,2200,4199,C,C企业,440300,2019,3,9
2019-09-20,金华市,A001,3,14007,GL冰箱,GL,冰箱,2200,4669,A,A企业,330700,2019,3,9
2019-09-20,厦门市,B001,3,12597,MD冰箱,MD,冰箱,2500,4199,B,B企业,350200,2019,3,9
2019-09-20,厦门市,C001,5,17995,HE冰箱,HE,冰箱,1800,3599,C,C企业,350200,2019,3,9
2019-09-20,金华市,B001,7,29393,MD冰箱,MD,冰箱,2500,4199,B,B企业,330700,2019,3,9
2019-09-20,深圳市,B002,5,17995,MD电视,MD,电视,2000,4299,B,B企业,440300,2019,3,9
2019-09-20,金华市,B002,5,17995,MD电视,MD,电视,2000,4299,B,B企业,330700,2019,3,9
2019-09-20,深圳市,B001,5,20995,MD冰箱,MD,冰箱,2500,4199,B,B企业,440300,2019,3,9
2019-09-20,厦门市,A002,5,16495,GL电视,GL,电视,1500,3299,A,A企业,350200,2019,3,9
2019-09-20,深圳市,A002,5,16495,GL电视,GL,电视,1500,3299,A,A企业,440300,2019,3,9
2019-09-20,重庆市,C003,7,32683,HE洗衣机,HE,洗衣机,2600,4699,C,C企业,500000,2019,3,9
2019-09-20,成都市,B001,6,25194,MD冰箱,MD,冰箱,2500,4199,B,B企业,510100,2019,3,9
2019-09-20,成都市,A001,7,32683,GL冰箱,GL,冰箱,2200,4669,A,A企业,510100,2019,3,9
2019-09-20,金华市,A002,6,19794,GL电视,GL,电视,1500,3299,A,A企业,330700,2019,3,9
2019-09-20,重庆市,C002,6,25194,HE电视,HE,电视,2200,4199,C,C企业,500000,2019,3,9
2019-09-20,长沙市,A001,9,42021,GL冰箱,GL,冰箱,2200,4669,A,A企业,430100,2019,3,9
2019-09-20,上海市,B001,6,25194,MD冰箱,MD,冰箱,2500,4199,B,B企业,310000,2019,3,9
2019-09-20,上海市,A002,4,13196,GL电视,GL,电视,1500,3299,A,A企业,310000,2019,3,9
2019-09-20,上海市,A001,3,14007,GL冰箱,GL,冰箱,2200,4669,A,A企业,310000,2019,3,9
2019-09-20,重庆市,C001,4,14396,HE冰箱,HE,冰箱,1800,3599,C,C企业,500000,2019,3,9
2019-09-20,上海市,B002,6,21594,MD电视,MD,电视,2000,4299,B,B企业,310000,2019,3,9
2019-09-20,深圳市,C001,5,17995,HE冰箱,HE,冰箱,1800,3599,C,C企业,440300,2019,3,9
2019-09-20,金华市,C001,3,10797,HE冰箱,HE,冰箱,1800,3599,C,C企业,330700,2019,3,9
2019-09-20,上海市,C001,5,17995,HE冰箱,HE,冰箱,1800,3599,C,C企业,310000,2019,3,9
2019-09-21,长沙市,B001,5,20995,MD冰箱,MD,冰箱,2500,4199,B,B企业,430100,2019,3,9
2019-09-21,深圳市,B002,3,10797,MD电视,MD,电视,2000,4299,B,B企业,440300,2019,3,9
2019-09-21,金华市,B001,7,29393,MD冰箱,MD,冰箱,2500,4199,B,B企业,330700,2019,3,9
2019-09-21,深圳市,B001,4,16796,MD冰箱,MD,冰箱,2500,4199,B,B企业,440300,2019,3,9
2019-09-21,深圳市,A001,8,37352,GL冰箱,GL,冰箱,2200,4669,A,A企业,440300,2019,3,9
2019-09-21,成都市,B001,2,8398,MD冰箱,MD,冰箱,2500,4199,B,B企业,510100,2019,3,9
2019-09-21,长沙市,A001,6,28014,GL冰箱,GL,冰箱,2200,4669,A,A企业,430100,2019,3,9
2019-09-21,重庆市,B002,5,17995,MD电视,MD,电视,2000,4299,B,B企业,500000,2019,3,9
2019-09-21,厦门市,C001,5,17995,HE冰箱,HE,冰箱,1800,3599,C,C企业,350200,2019,3,9
2019-09-21,重庆市,B001,5,20995,MD冰箱,MD,冰箱,2500,4199,B,B企业,500000,2019,3,9
2019-09-21,厦门市,C002,7,29393,HE电视,HE,电视,2200,4199,C,C企业,350200,2019,3,9
2019-09-21,长沙市,A003,3,14007,GL洗衣机,GL,洗衣机,3200,4669,A,A企业,430100,2019,3,9
2019-09-21,金华市,A001,5,23345,GL冰箱,GL,冰箱,2200,4669,A,A企业,330700,2019,3,9
2019-09-21,厦门市,B001,7,29393,MD冰箱,MD,冰箱,2500,4199,B,B企业,350200,2019,3,9
2019-09-21,重庆市,A001,5,23345,GL冰箱,GL,冰箱,2200,4669,A,A企业,500000,2019,3,9
2019-09-21,深圳市,C002,7,29393,HE电视,HE,电视,2200,4199,C,C企业,440300,2019,3,9
2019-09-21,深圳市,A002,5,16495,GL电视,GL,电视,1500,3299,A,A企业,440300,2019,3,9
2019-09-21,厦门市,A001,4,18676,GL冰箱,GL,冰箱,2200,4669,A,A企业,350200,2019,3,9
2019-09-21,成都市,C002,8,33592,HE电视,HE,电视,2200,4199,C,C企业,510100,2019,3,9
2019-09-21,成都市,A001,9,42021,GL冰箱,GL,冰箱,2200,4669,A,A企业,510100,2019,3,9
2019-09-21,苏州市,B001,6,25194,MD冰箱,MD,冰箱,2500,4199,B,B企业,320500,2019,3,9
2019-09-21,重庆市,C002,7,29393,HE电视,HE,电视,2200,4199,C,C企业,500000,2019,3,9
2019-09-21,金华市,C002,7,29393,HE电视,HE,电视,2200,4199,C,C企业,330700,2019,3,9
2019-09-21,上海市,A002,5,16495,GL电视,GL,电视,1500,3299,A,A企业,310000,2019,3,9
2019-09-21,上海市,C001,6,21594,HE冰箱,HE,冰箱,1800,3599,C,C企业,310000,2019,3,9
2019-09-21,重庆市,B003,4,22796,MD洗衣机,MD,洗衣机,3100,5699,B,B企业,500000,2019,3,9
2019-09-21,厦门市,A002,5,16495,GL电视,GL,电视,1500,3299,A,A企业,350200,2019,3,9
2019-09-21,苏州市,A001,6,28014,GL冰箱,GL,冰箱,2200,4669,A,A企业,320500,2019,3,9
2019-09-21,长沙市,C003,5,23345,HE洗衣机,HE,洗衣机,2600,4699,C,C企业,430100,2019,3,9
2019-09-21,重庆市,C001,8,28792,HE冰箱,HE,冰箱,1800,3599,C,C企业,500000,2019,3,9
2019-09-21,成都市,A002,4,13196,GL电视,GL,电视,1500,3299,A,A企业,510100,2019,3,9
2019-09-21,重庆市,A002,3,9897,GL电视,GL,电视,1500,3299,A,A企业,500000,2019,3,9
2019-09-21,上海市,A001,6,28014,GL冰箱,GL,冰箱,2200,4669,A,A企业,310000,2019,3,9
2019-09-22,厦门市,B003,4,22796,MD洗衣机,MD,洗衣机,3100,5699,B,B企业,350200,2019,3,9
2019-09-22,厦门市,A003,4,18676,GL洗衣机,GL,洗衣机,3200,4669,A,A企业,350200,2019,3,9
2019-09-22,厦门市,C001,3,10797,HE冰箱,HE,冰箱,1800,3599,C,C企业,350200,2019,3,9
2019-09-22,深圳市,A001,8,37352,GL冰箱,GL,冰箱,2200,4669,A,A企业,440300,2019,3,9
2019-09-22,重庆市,B002,4,14396,MD电视,MD,电视,2000,4299,B,B企业,500000,2019,3,9
2019-09-22,厦门市,A001,9,42021,GL冰箱,GL,冰箱,2200,4669,A,A企业,350200,2019,3,9
2019-09-22,上海市,A003,3,14007,GL洗衣机,GL,洗衣机,3200,4669,A,A企业,310000,2019,3,9
2019-09-22,深圳市,A003,2,9338,GL洗衣机,GL,洗衣机,3200,4669,A,A企业,440300,2019,3,9
2019-09-22,金华市,C002,6,25194,HE电视,HE,电视,2200,4199,C,C企业,330700,2019,3,9
2019-09-22,苏州市,B002,3,10797,MD电视,MD,电视,2000,4299,B,B企业,320500,2019,3,9
2019-09-22,上海市,A001,7,32683,GL冰箱,GL,冰箱,2200,4669,A,A企业,310000,2019,3,9
2019-09-22,长沙市,A003,3,14007,GL洗衣机,GL,洗衣机,3200,4669,A,A企业,430100,2019,3,9
2019-09-22,金华市,A001,4,18676,GL冰箱,GL,冰箱,2200,4669,A,A企业,330700,2019,3,9
2019-09-22,金华市,A003,3,14007,GL洗衣机,GL,洗衣机,3200,4669,A,A企业,330700,2019,3,9
2019-09-22,上海市,B001,6,25194,MD冰箱,MD,冰箱,2500,4199,B,B企业,310000,2019,3,9
2019-09-22,苏州市,B001,6,25194,MD冰箱,MD,冰箱,2500,4199,B,B企业,320500,2019,3,9
2019-09-22,厦门市,B001,6,25194,MD冰箱,MD,冰箱,2500,4199,B,B企业,350200,2019,3,9
2019-09-22,上海市,B002,6,21594,MD电视,MD,电视,2000,4299,B,B企业,310000,2019,3,9
2019-09-22,成都市,B001,4,16796,MD冰箱,MD,冰箱,2500,4199,B,B企业,510100,2019,3,9
2019-09-22,上海市,C001,4,14396,HE冰箱,HE,冰箱,1800,3599,C,C企业,310000,2019,3,9
2019-09-22,重庆市,A001,9,42021,GL冰箱,GL,冰箱,2200,4669,A,A企业,500000,2019,3,9
2019-09-22,金华市,B002,7,25193,MD电视,MD,电视,2000,4299,B,B企业,330700,2019,3,9
2019-09-22,成都市,B002,2,7198,MD电视,MD,电视,2000,4299,B,B企业,510100,2019,3,9
2019-09-22,成都市,A001,6,28014,GL冰箱,GL,冰箱,2200,4669,A,A企业,510100,2019,3,9
2019-09-22,深圳市,B002,6,21594,MD电视,MD,电视,2000,4299,B,B企业,440300,2019,3,9
2019-09-22,金华市,B001,6,25194,MD冰箱,MD,冰箱,2500,4199,B,B企业,330700,2019,3,9
2019-09-22,重庆市,B001,6,25194,MD冰箱,MD,冰箱,2500,4199,B,B企业,500000,2019,3,9
2019-09-22,厦门市,B002,4,14396,MD电视,MD,电视,2000,4299,B,B企业,350200,2019,3,9
2019-09-22,深圳市,B001,4,16796,MD冰箱,MD,冰箱,2500,4199,B,B企业,440300,2019,3,9
2019-09-22,成都市,C001,5,17995,HE冰箱,HE,冰箱,1800,3599,C,C企业,510100,2019,3,9
2019-09-22,金华市,A002,6,19794,GL电视,GL,电视,1500,3299,A,A企业,330700,2019,3,9
2019-09-23,金华市,A001,4,18676,GL冰箱,GL,冰箱,2200,4669,A,A企业,330700,2019,3,9
2019-09-23,成都市,B001,6,25194,MD冰箱,MD,冰箱,2500,4199,B,B企业,510100,2019,3,9
2019-09-23,深圳市,A002,8,26392,GL电视,GL,电视,1500,3299,A,A企业,440300,2019,3,9
2019-09-23,成都市,A001,6,28014,GL冰箱,GL,冰箱,2200,4669,A,A企业,510100,2019,3,9
2019-09-23,重庆市,A001,8,37352,GL冰箱,GL,冰箱,2200,4669,A,A企业,500000,2019,3,9
2019-09-23,长沙市,B001,6,25194,MD冰箱,MD,冰箱,2500,4199,B,B企业,430100,2019,3,9
2019-09-23,长沙市,C001,6,21594,HE冰箱,HE,冰箱,1800,3599,C,C企业,430100,2019,3,9
2019-09-23,长沙市,A001,6,28014,GL冰箱,GL,冰箱,2200,4669,A,A企业,430100,2019,3,9
2019-09-23,金华市,B001,7,29393,MD冰箱,MD,冰箱,2500,4199,B,B企业,330700,2019,3,9
2019-09-23,深圳市,B001,4,16796,MD冰箱,MD,冰箱,2500,4199,B,B企业,440300,2019,3,9
2019-09-23,厦门市,B001,6,25194,MD冰箱,MD,冰箱,2500,4199,B,B企业,350200,2019,3,9
2019-09-23,深圳市,A001,9,42021,GL冰箱,GL,冰箱,2200,4669,A,A企业,440300,2019,3,9
2019-09-23,厦门市,A001,5,23345,GL冰箱,GL,冰箱,2200,4669,A,A企业,350200,2019,3,9
2019-09-23,厦门市,C003,4,18676,HE洗衣机,HE,洗衣机,2600,4699,C,C企业,350200,2019,3,9
2019-09-23,厦门市,A002,6,19794,GL电视,GL,电视,1500,3299,A,A企业,350200,2019,3,9
2019-09-23,苏州市,A001,9,42021,GL冰箱,GL,冰箱,2200,4669,A,A企业,320500,2019,3,9
2019-09-23,成都市,B002,3,10797,MD电视,MD,电视,2000,4299,B,B企业,510100,2019,3,9
2019-09-23,上海市,A003,8,37352,GL洗衣机,GL,洗衣机,3200,4669,A,A企业,310000,2019,3,9
2019-09-23,深圳市,B002,6,21594,MD电视,MD,电视,2000,4299,B,B企业,440300,2019,3,9
2019-09-23,上海市,B001,3,12597,MD冰箱,MD,冰箱,2500,4199,B,B企业,310000,2019,3,9
2019-09-23,厦门市,B002,6,21594,MD电视,MD,电视,2000,4299,B,B企业,350200,2019,3,9
2019-09-23,金华市,C003,3,14007,HE洗衣机,HE,洗衣机,2600,4699,C,C企业,330700,2019,3,9
2019-09-23,重庆市,B002,7,25193,MD电视,MD,电视,2000,4299,B,B企业,500000,2019,3,9
2019-09-23,上海市,A001,7,32683,GL冰箱,GL,冰箱,2200,4669,A,A企业,310000,2019,3,9
2019-09-23,上海市,B002,6,21594,MD电视,MD,电视,2000,4299,B,B企业,310000,2019,3,9
2019-09-23,金华市,A002,2,6598,GL电视,GL,电视,1500,3299,A,A企业,330700,2019,3,9
2019-09-23,厦门市,A003,6,28014,GL洗衣机,GL,洗衣机,3200,4669,A,A企业,350200,2019,3,9
2019-09-23,苏州市,C001,5,17995,HE冰箱,HE,冰箱,1800,3599,C,C企业,320500,2019,3,9
2019-09-23,长沙市,A003,2,9338,GL洗衣机,GL,洗衣机,3200,4669,A,A企业,430100,2019,3,9
2019-09-23,厦门市,B003,4,22796,MD洗衣机,MD,洗衣机,3100,5699,B,B企业,350200,2019,3,9
2019-09-23,上海市,B003,7,39893,MD洗衣机,MD,洗衣机,3100,5699,B,B企业,310000,2019,3,9
2019-09-23,金华市,B002,7,25193,MD电视,MD,电视,2000,4299,B,B企业,330700,2019,3,9
2019-09-23,重庆市,B001,8,33592,MD冰箱,MD,冰箱,2500,4199,B,B企业,500000,2019,3,9
2019-09-23,金华市,B003,6,34194,MD洗衣机,MD,洗衣机,3100,5699,B,B企业,330700,2019,3,9
2019-09-23,上海市,C001,8,28792,HE冰箱,HE,冰箱,1800,3599,C,C企业,310000,2019,3,9
2019-09-23,重庆市,B003,3,17097,MD洗衣机,MD,洗衣机,3100,5699,B,B企业,500000,2019,3,9
2019-09-23,上海市,A002,8,26392,GL电视,GL,电视,1500,3299,A,A企业,310000,2019,3,9
2019-09-24,重庆市,A001,2,9338,GL冰箱,GL,冰箱,2200,4669,A,A企业,500000,2019,3,9
2019-09-24,深圳市,A001,3,14007,GL冰箱,GL,冰箱,2200,4669,A,A企业,440300,2019,3,9
2019-09-24,金华市,B001,6,25194,MD冰箱,MD,冰箱,2500,4199,B,B企业,330700,2019,3,9
2019-09-24,厦门市,B001,4,16796,MD冰箱,MD,冰箱,2500,4199,B,B企业,350200,2019,3,9
2019-09-24,苏州市,B001,4,16796,MD冰箱,MD,冰箱,2500,4199,B,B企业,320500,2019,3,9
2019-09-24,厦门市,B002,5,17995,MD电视,MD,电视,2000,4299,B,B企业,350200,2019,3,9
2019-09-24,金华市,A001,4,18676,GL冰箱,GL,冰箱,2200,4669,A,A企业,330700,2019,3,9
2019-09-24,成都市,A001,5,23345,GL冰箱,GL,冰箱,2200,4669,A,A企业,510100,2019,3,9
2019-09-24,金华市,B002,5,17995,MD电视,MD,电视,2000,4299,B,B企业,330700,2019,3,9
2019-09-24,重庆市,B001,7,29393,MD冰箱,MD,冰箱,2500,4199,B,B企业,500000,2019,3,9
2019-09-24,厦门市,C001,3,10797,HE冰箱,HE,冰箱,1800,3599,C,C企业,350200,2019,3,9
2019-09-24,金华市,A003,4,18676,GL洗衣机,GL,洗衣机,3200,4669,A,A企业,330700,2019,3,9
2019-09-24,深圳市,B001,5,20995,MD冰箱,MD,冰箱,2500,4199,B,B企业,440300,2019,3,9
2019-09-24,金华市,C001,6,21594,HE冰箱,HE,冰箱,1800,3599,C,C企业,330700,2019,3,9
2019-09-24,成都市,B001,3,12597,MD冰箱,MD,冰箱,2500,4199,B,B企业,510100,2019,3,9
2019-09-24,厦门市,A003,2,9338,GL洗衣机,GL,洗衣机,3200,4669,A,A企业,350200,2019,3,9
2019-09-24,厦门市,A001,2,9338,GL冰箱,GL,冰箱,2200,4669,A,A企业,350200,2019,3,9
2019-09-24,上海市,B002,2,7198,MD电视,MD,电视,2000,4299,B,B企业,310000,2019,3,9
2019-09-24,厦门市,C003,5,23345,HE洗衣机,HE,洗衣机,2600,4699,C,C企业,350200,2019,3,9
2019-09-24,苏州市,A001,8,37352,GL冰箱,GL,冰箱,2200,4669,A,A企业,320500,2019,3,9
2019-09-24,深圳市,B002,6,21594,MD电视,MD,电视,2000,4299,B,B企业,440300,2019,3,9
2019-09-24,上海市,A001,2,9338,GL冰箱,GL,冰箱,2200,4669,A,A企业,310000,2019,3,9
2019-09-24,上海市,B001,9,37791,MD冰箱,MD,冰箱,2500,4199,B,B企业,310000,2019,3,9
2019-09-24,成都市,C001,5,17995,HE冰箱,HE,冰箱,1800,3599,C,C企业,510100,2019,3,9
2019-09-24,上海市,C003,5,23345,HE洗衣机,HE,洗衣机,2600,4699,C,C企业,310000,2019,3,9
2019-09-24,金华市,C002,6,25194,HE电视,HE,电视,2200,4199,C,C企业,330700,2019,3,9
2019-09-24,重庆市,A002,6,19794,GL电视,GL,电视,1500,3299,A,A企业,500000,2019,3,9
2019-09-24,上海市,A002,5,16495,GL电视,GL,电视,1500,3299,A,A企业,310000,2019,3,9
2019-09-24,长沙市,B001,3,12597,MD冰箱,MD,冰箱,2500,4199,B,B企业,430100,2019,3,9
2019-09-24,金华市,A002,3,9897,GL电视,GL,电视,1500,3299,A,A企业,330700,2019,3,9
2019-09-25,重庆市,C002,2,8398,HE电视,HE,电视,2200,4199,C,C企业,500000,2019,3,9
2019-09-25,重庆市,A001,3,14007,GL冰箱,GL,冰箱,2200,4669,A,A企业,500000,2019,3,9
2019-09-25,重庆市,B001,6,25194,MD冰箱,MD,冰箱,2500,4199,B,B企业,500000,2019,3,9
2019-09-25,厦门市,A001,4,18676,GL冰箱,GL,冰箱,2200,4669,A,A企业,350200,2019,3,9
2019-09-25,金华市,A001,7,32683,GL冰箱,GL,冰箱,2200,4669,A,A企业,330700,2019,3,9
2019-09-25,金华市,B001,3,12597,MD冰箱,MD,冰箱,2500,4199,B,B企业,330700,2019,3,9
2019-09-25,厦门市,C002,6,25194,HE电视,HE,电视,2200,4199,C,C企业,350200,2019,3,9
2019-09-25,重庆市,A002,5,16495,GL电视,GL,电视,1500,3299,A,A企业,500000,2019,3,9
2019-09-25,金华市,C002,4,16796,HE电视,HE,电视,2200,4199,C,C企业,330700,2019,3,9
2019-09-25,成都市,B001,6,25194,MD冰箱,MD,冰箱,2500,4199,B,B企业,510100,2019,3,9
2019-09-25,上海市,A002,4,13196,GL电视,GL,电视,1500,3299,A,A企业,310000,2019,3,9
2019-09-25,深圳市,A001,5,23345,GL冰箱,GL,冰箱,2200,4669,A,A企业,440300,2019,3,9
2019-09-25,长沙市,B001,6,25194,MD冰箱,MD,冰箱,2500,4199,B,B企业,430100,2019,3,9
2019-09-25,长沙市,C003,2,9338,HE洗衣机,HE,洗衣机,2600,4699,C,C企业,430100,2019,3,9
2019-09-25,上海市,A001,4,18676,GL冰箱,GL,冰箱,2200,4669,A,A企业,310000,2019,3,9
2019-09-25,苏州市,B001,6,25194,MD冰箱,MD,冰箱,2500,4199,B,B企业,320500,2019,3,9
2019-09-25,厦门市,C003,6,28014,HE洗衣机,HE,洗衣机,2600,4699,C,C企业,350200,2019,3,9
2019-09-25,苏州市,B002,6,21594,MD电视,MD,电视,2000,4299,B,B企业,320500,2019,3,9
2019-09-25,重庆市,B002,5,17995,MD电视,MD,电视,2000,4299,B,B企业,500000,2019,3,9
2019-09-25,长沙市,B002,4,14396,MD电视,MD,电视,2000,4299,B,B企业,430100,2019,3,9
2019-09-25,深圳市,B001,3,12597,MD冰箱,MD,冰箱,2500,4199,B,B企业,440300,2019,3,9
2019-09-25,长沙市,A001,5,23345,GL冰箱,GL,冰箱,2200,4669,A,A企业,430100,2019,3,9
2019-09-25,深圳市,B002,6,21594,MD电视,MD,电视,2000,4299,B,B企业,440300,2019,3,9
2019-09-25,苏州市,C001,2,7198,HE冰箱,HE,冰箱,1800,3599,C,C企业,320500,2019,3,9
2019-09-25,深圳市,C002,5,20995,HE电视,HE,电视,2200,4199,C,C企业,440300,2019,3,9
2019-09-25,成都市,A002,3,9897,GL电视,GL,电视,1500,3299,A,A企业,510100,2019,3,9
2019-09-25,厦门市,B001,9,37791,MD冰箱,MD,冰箱,2500,4199,B,B企业,350200,2019,3,9
2019-09-25,成都市,C002,2,8398,HE电视,HE,电视,2200,4199,C,C企业,510100,2019,3,9
2019-09-25,上海市,C001,4,14396,HE冰箱,HE,冰箱,1800,3599,C,C企业,310000,2019,3,9
2019-09-25,金华市,B002,6,21594,MD电视,MD,电视,2000,4299,B,B企业,330700,2019,3,9
2019-09-25,重庆市,C001,4,14396,HE冰箱,HE,冰箱,1800,3599,C,C企业,500000,2019,3,9
2019-09-25,上海市,B001,7,29393,MD冰箱,MD,冰箱,2500,4199,B,B企业,310000,2019,3,9
2019-09-25,厦门市,C001,3,10797,HE冰箱,HE,冰箱,1800,3599,C,C企业,350200,2019,3,9
2019-09-25,深圳市,A003,6,28014,GL洗衣机,GL,洗衣机,3200,4669,A,A企业,440300,2019,3,9
2019-09-25,苏州市,C003,7,32683,HE洗衣机,HE,洗衣机,2600,4699,C,C企业,320500,2019,3,9
2019-09-25,厦门市,B002,5,17995,MD电视,MD,电视,2000,4299,B,B企业,350200,2019,3,9
2019-09-25,成都市,A003,7,32683,GL洗衣机,GL,洗衣机,3200,4669,A,A企业,510100,2019,3,9
2019-09-25,成都市,A001,6,28014,GL冰箱,GL,冰箱,2200,4669,A,A企业,510100,2019,3,9
2019-09-25,成都市,B002,8,28792,MD电视,MD,电视,2000,4299,B,B企业,510100,2019,3,9
2019-09-25,金华市,C001,2,7198,HE冰箱,HE,冰箱,1800,3599,C,C企业,330700,2019,3,9
2019-09-25,深圳市,C001,5,17995,HE冰箱,HE,冰箱,1800,3599,C,C企业,440300,2019,3,9
2019-09-25,成都市,C001,6,21594,HE冰箱,HE,冰箱,1800,3599,C,C企业,510100,2019,3,9
2019-09-26,深圳市,A001,5,23345,GL冰箱,GL,冰箱,2200,4669,A,A企业,440300,2019,3,9
2019-09-26,厦门市,A001,3,14007,GL冰箱,GL,冰箱,2200,4669,A,A企业,350200,2019,3,9
2019-09-26,金华市,A001,2,9338,GL冰箱,GL,冰箱,2200,4669,A,A企业,330700,2019,3,9
2019-09-26,金华市,A003,3,14007,GL洗衣机,GL,洗衣机,3200,4669,A,A企业,330700,2019,3,9
2019-09-26,厦门市,A002,5,16495,GL电视,GL,电视,1500,3299,A,A企业,350200,2019,3,9
2019-09-26,厦门市,B001,5,20995,MD冰箱,MD,冰箱,2500,4199,B,B企业,350200,2019,3,9
2019-09-26,深圳市,B001,6,25194,MD冰箱,MD,冰箱,2500,4199,B,B企业,440300,2019,3,9
2019-09-26,重庆市,A001,6,28014,GL冰箱,GL,冰箱,2200,4669,A,A企业,500000,2019,3,9
2019-09-26,金华市,B001,5,20995,MD冰箱,MD,冰箱,2500,4199,B,B企业,330700,2019,3,9
2019-09-26,苏州市,A001,5,23345,GL冰箱,GL,冰箱,2200,4669,A,A企业,320500,2019,3,9
2019-09-26,金华市,C001,7,25193,HE冰箱,HE,冰箱,1800,3599,C,C企业,330700,2019,3,9
2019-09-26,成都市,A001,4,18676,GL冰箱,GL,冰箱,2200,4669,A,A企业,510100,2019,3,9
2019-09-26,上海市,A001,2,9338,GL冰箱,GL,冰箱,2200,4669,A,A企业,310000,2019,3,9
2019-09-26,金华市,C003,3,14007,HE洗衣机,HE,洗衣机,2600,4699,C,C企业,330700,2019,3,9
2019-09-26,长沙市,A001,4,18676,GL冰箱,GL,冰箱,2200,4669,A,A企业,430100,2019,3,9
2019-09-26,深圳市,C001,3,10797,HE冰箱,HE,冰箱,1800,3599,C,C企业,440300,2019,3,9
2019-09-26,苏州市,C001,3,10797,HE冰箱,HE,冰箱,1800,3599,C,C企业,320500,2019,3,9
2019-09-26,厦门市,C001,2,7198,HE冰箱,HE,冰箱,1800,3599,C,C企业,350200,2019,3,9
2019-09-26,金华市,A002,4,13196,GL电视,GL,电视,1500,3299,A,A企业,330700,2019,3,9
2019-09-26,金华市,C002,3,12597,HE电视,HE,电视,2200,4199,C,C企业,330700,2019,3,9
2019-09-26,重庆市,A002,6,19794,GL电视,GL,电视,1500,3299,A,A企业,500000,2019,3,9
2019-09-26,上海市,C001,6,21594,HE冰箱,HE,冰箱,1800,3599,C,C企业,310000,2019,3,9
2019-09-26,长沙市,A002,7,23093,GL电视,GL,电视,1500,3299,A,A企业,430100,2019,3,9
2019-09-26,上海市,B001,7,29393,MD冰箱,MD,冰箱,2500,4199,B,B企业,310000,2019,3,9
2019-09-26,重庆市,B001,4,16796,MD冰箱,MD,冰箱,2500,4199,B,B企业,500000,2019,3,9
2019-09-26,成都市,B001,9,37791,MD冰箱,MD,冰箱,2500,4199,B,B企业,510100,2019,3,9
2019-09-26,上海市,C002,6,25194,HE电视,HE,电视,2200,4199,C,C企业,310000,2019,3,9
2019-09-26,重庆市,C001,5,17995,HE冰箱,HE,冰箱,1800,3599,C,C企业,500000,2019,3,9
2019-09-26,长沙市,B001,2,8398,MD冰箱,MD,冰箱,2500,4199,B,B企业,430100,2019,3,9
2019-09-26,深圳市,A002,3,9897,GL电视,GL,电视,1500,3299,A,A企业,440300,2019,3,9
2019-09-26,厦门市,B003,4,22796,MD洗衣机,MD,洗衣机,3100,5699,B,B企业,350200,2019,3,9
2019-09-26,长沙市,B002,5,17995,MD电视,MD,电视,2000,4299,B,B企业,430100,2019,3,9
2019-09-26,深圳市,A003,7,32683,GL洗衣机,GL,洗衣机,3200,4669,A,A企业,440300,2019,3,9
2019-09-26,深圳市,B002,4,14396,MD电视,MD,电视,2000,4299,B,B企业,440300,2019,3,9
2019-09-26,上海市,B003,3,17097,MD洗衣机,MD,洗衣机,3100,5699,B,B企业,310000,2019,3,9
2019-09-26,成都市,B002,7,25193,MD电视,MD,电视,2000,4299,B,B企业,510100,2019,3,9
2019-09-26,深圳市,B003,6,34194,MD洗衣机,MD,洗衣机,3100,5699,B,B企业,440300,2019,3,9
2019-09-26,上海市,B002,4,14396,MD电视,MD,电视,2000,4299,B,B企业,310000,2019,3,9
2019-09-26,厦门市,B002,6,21594,MD电视,MD,电视,2000,4299,B,B企业,350200,2019,3,9
2019-09-26,苏州市,B003,4,22796,MD洗衣机,MD,洗衣机,3100,5699,B,B企业,320500,2019,3,9
2019-09-26,重庆市,C002,6,25194,HE电视,HE,电视,2200,4199,C,C企业,500000,2019,3,9
2019-09-26,金华市,B002,3,10797,MD电视,MD,电视,2000,4299,B,B企业,330700,2019,3,9
2019-09-26,成都市,A003,6,28014,GL洗衣机,GL,洗衣机,3200,4669,A,A企业,510100,2019,3,9
2019-09-26,厦门市,A003,2,9338,GL洗衣机,GL,洗衣机,3200,4669,A,A企业,350200,2019,3,9
2019-09-26,重庆市,A003,5,23345,GL洗衣机,GL,洗衣机,3200,4669,A,A企业,500000,2019,3,9
2019-09-26,长沙市,A003,6,28014,GL洗衣机,GL,洗衣机,3200,4669,A,A企业,430100,2019,3,9
2019-09-26,长沙市,C001,6,21594,HE冰箱,HE,冰箱,1800,3599,C,C企业,430100,2019,3,9
2019-09-27,金华市,A003,7,32683,GL洗衣机,GL,洗衣机,3200,4669,A,A企业,330700,2019,3,9
2019-09-27,厦门市,A001,7,32683,GL冰箱,GL,冰箱,2200,4669,A,A企业,350200,2019,3,9
2019-09-27,上海市,A003,3,14007,GL洗衣机,GL,洗衣机,3200,4669,A,A企业,310000,2019,3,9
2019-09-27,厦门市,A003,5,23345,GL洗衣机,GL,洗衣机,3200,4669,A,A企业,350200,2019,3,9
2019-09-27,厦门市,B002,8,28792,MD电视,MD,电视,2000,4299,B,B企业,350200,2019,3,9
2019-09-27,成都市,A002,2,6598,GL电视,GL,电视,1500,3299,A,A企业,510100,2019,3,9
2019-09-27,成都市,C002,7,29393,HE电视,HE,电视,2200,4199,C,C企业,510100,2019,3,9
2019-09-27,厦门市,B001,7,29393,MD冰箱,MD,冰箱,2500,4199,B,B企业,350200,2019,3,9
2019-09-27,深圳市,A001,4,18676,GL冰箱,GL,冰箱,2200,4669,A,A企业,440300,2019,3,9
2019-09-27,上海市,C003,8,37352,HE洗衣机,HE,洗衣机,2600,4699,C,C企业,310000,2019,3,9
2019-09-27,重庆市,A001,5,23345,GL冰箱,GL,冰箱,2200,4669,A,A企业,500000,2019,3,9
2019-09-27,长沙市,A003,2,9338,GL洗衣机,GL,洗衣机,3200,4669,A,A企业,430100,2019,3,9
2019-09-27,金华市,A002,2,6598,GL电视,GL,电视,1500,3299,A,A企业,330700,2019,3,9
2019-09-27,金华市,A001,3,14007,GL冰箱,GL,冰箱,2200,4669,A,A企业,330700,2019,3,9
2019-09-27,重庆市,A003,4,18676,GL洗衣机,GL,洗衣机,3200,4669,A,A企业,500000,2019,3,9
2019-09-27,金华市,B001,2,8398,MD冰箱,MD,冰箱,2500,4199,B,B企业,330700,2019,3,9
2019-09-27,苏州市,A003,6,28014,GL洗衣机,GL,洗衣机,3200,4669,A,A企业,320500,2019,3,9
2019-09-27,厦门市,B003,2,11398,MD洗衣机,MD,洗衣机,3100,5699,B,B企业,350200,2019,3,9
2019-09-27,厦门市,C001,4,14396,HE冰箱,HE,冰箱,1800,3599,C,C企业,350200,2019,3,9
2019-09-27,深圳市,B003,6,34194,MD洗衣机,MD,洗衣机,3100,5699,B,B企业,440300,2019,3,9
2019-09-27,苏州市,B003,6,34194,MD洗衣机,MD,洗衣机,3100,5699,B,B企业,320500,2019,3,9
2019-09-27,上海市,B003,2,11398,MD洗衣机,MD,洗衣机,3100,5699,B,B企业,310000,2019,3,9
2019-09-27,重庆市,B001,6,25194,MD冰箱,MD,冰箱,2500,4199,B,B企业,500000,2019,3,9
2019-09-27,金华市,B003,7,39893,MD洗衣机,MD,洗衣机,3100,5699,B,B企业,330700,2019,3,9
2019-09-27,成都市,B003,6,34194,MD洗衣机,MD,洗衣机,3100,5699,B,B企业,510100,2019,3,9
2019-09-27,金华市,C001,6,21594,HE冰箱,HE,冰箱,1800,3599,C,C企业,330700,2019,3,9
2019-09-27,深圳市,A003,4,18676,GL洗衣机,GL,洗衣机,3200,4669,A,A企业,440300,2019,3,9
2019-09-27,苏州市,A001,9,42021,GL冰箱,GL,冰箱,2200,4669,A,A企业,320500,2019,3,9
2019-09-27,长沙市,B001,9,37791,MD冰箱,MD,冰箱,2500,4199,B,B企业,430100,2019,3,9
2019-09-27,上海市,C001,7,25193,HE冰箱,HE,冰箱,1800,3599,C,C企业,310000,2019,3,9
2019-09-27,长沙市,A001,8,37352,GL冰箱,GL,冰箱,2200,4669,A,A企业,430100,2019,3,9
2019-09-27,重庆市,B002,3,10797,MD电视,MD,电视,2000,4299,B,B企业,500000,2019,3,9
2019-09-27,苏州市,B001,9,37791,MD冰箱,MD,冰箱,2500,4199,B,B企业,320500,2019,3,9
2019-09-27,重庆市,C001,6,21594,HE冰箱,HE,冰箱,1800,3599,C,C企业,500000,2019,3,9
2019-09-27,上海市,B002,4,14396,MD电视,MD,电视,2000,4299,B,B企业,310000,2019,3,9
2019-09-27,上海市,A001,3,14007,GL冰箱,GL,冰箱,2200,4669,A,A企业,310000,2019,3,9
2019-09-27,苏州市,C002,5,20995,HE电视,HE,电视,2200,4199,C,C企业,320500,2019,3,9
2019-09-27,深圳市,B001,2,8398,MD冰箱,MD,冰箱,2500,4199,B,B企业,440300,2019,3,9
2019-09-27,金华市,B002,2,7198,MD电视,MD,电视,2000,4299,B,B企业,330700,2019,3,9
2019-09-28,成都市,A001,2,9338,GL冰箱,GL,冰箱,2200,4669,A,A企业,510100,2019,3,9
2019-09-28,长沙市,A001,6,28014,GL冰箱,GL,冰箱,2200,4669,A,A企业,430100,2019,3,9
2019-09-28,深圳市,A001,6,28014,GL冰箱,GL,冰箱,2200,4669,A,A企业,440300,2019,3,9
2019-09-28,重庆市,C001,8,28792,HE冰箱,HE,冰箱,1800,3599,C,C企业,500000,2019,3,9
2019-09-28,成都市,B002,2,7198,MD电视,MD,电视,2000,4299,B,B企业,510100,2019,3,9
2019-09-28,长沙市,B001,7,29393,MD冰箱,MD,冰箱,2500,4199,B,B企业,430100,2019,3,9
2019-09-28,深圳市,B002,3,10797,MD电视,MD,电视,2000,4299,B,B企业,440300,2019,3,9
2019-09-28,重庆市,A001,5,23345,GL冰箱,GL,冰箱,2200,4669,A,A企业,500000,2019,3,9
2019-09-28,金华市,C003,5,23345,HE洗衣机,HE,洗衣机,2600,4699,C,C企业,330700,2019,3,9
2019-09-28,成都市,C002,5,20995,HE电视,HE,电视,2200,4199,C,C企业,510100,2019,3,9
2019-09-28,成都市,B001,4,16796,MD冰箱,MD,冰箱,2500,4199,B,B企业,510100,2019,3,9
2019-09-28,深圳市,A002,4,13196,GL电视,GL,电视,1500,3299,A,A企业,440300,2019,3,9
2019-09-28,厦门市,A001,8,37352,GL冰箱,GL,冰箱,2200,4669,A,A企业,350200,2019,3,9
2019-09-28,上海市,B001,4,16796,MD冰箱,MD,冰箱,2500,4199,B,B企业,310000,2019,3,9
2019-09-28,深圳市,B001,6,25194,MD冰箱,MD,冰箱,2500,4199,B,B企业,440300,2019,3,9
2019-09-28,上海市,B002,3,10797,MD电视,MD,电视,2000,4299,B,B企业,310000,2019,3,9
2019-09-28,厦门市,B001,4,16796,MD冰箱,MD,冰箱,2500,4199,B,B企业,350200,2019,3,9
2019-09-28,重庆市,C002,7,29393,HE电视,HE,电视,2200,4199,C,C企业,500000,2019,3,9
2019-09-28,重庆市,B002,9,32391,MD电视,MD,电视,2000,4299,B,B企业,500000,2019,3,9
2019-09-28,上海市,C001,8,28792,HE冰箱,HE,冰箱,1800,3599,C,C企业,310000,2019,3,9
2019-09-28,上海市,A001,4,18676,GL冰箱,GL,冰箱,2200,4669,A,A企业,310000,2019,3,9
2019-09-28,苏州市,B001,4,16796,MD冰箱,MD,冰箱,2500,4199,B,B企业,320500,2019,3,9
2019-09-28,长沙市,C002,5,20995,HE电视,HE,电视,2200,4199,C,C企业,430100,2019,3,9
2019-09-28,深圳市,C001,6,21594,HE冰箱,HE,冰箱,1800,3599,C,C企业,440300,2019,3,9
2019-09-28,金华市,A001,8,37352,GL冰箱,GL,冰箱,2200,4669,A,A企业,330700,2019,3,9
2019-09-28,重庆市,B001,7,29393,MD冰箱,MD,冰箱,2500,4199,B,B企业,500000,2019,3,9
2019-09-28,苏州市,A001,3,14007,GL冰箱,GL,冰箱,2200,4669,A,A企业,320500,2019,3,9
2019-09-28,金华市,B002,5,17995,MD电视,MD,电视,2000,4299,B,B企业,330700,2019,3,9
2019-09-28,金华市,B001,6,25194,MD冰箱,MD,冰箱,2500,4199,B,B企业,330700,2019,3,9
2019-09-28,重庆市,A003,5,23345,GL洗衣机,GL,洗衣机,3200,4669,A,A企业,500000,2019,3,9
2019-09-28,长沙市,B003,5,28495,MD洗衣机,MD,洗衣机,3100,5699,B,B企业,430100,2019,3,9
2019-09-28,厦门市,B003,3,17097,MD洗衣机,MD,洗衣机,3100,5699,B,B企业,350200,2019,3,9
2019-09-28,金华市,B003,3,17097,MD洗衣机,MD,洗衣机,3100,5699,B,B企业,330700,2019,3,9
2019-09-28,成都市,B003,3,17097,MD洗衣机,MD,洗衣机,3100,5699,B,B企业,510100,2019,3,9
2019-09-28,厦门市,B002,6,21594,MD电视,MD,电视,2000,4299,B,B企业,350200,2019,3,9
2019-09-28,厦门市,A003,7,32683,GL洗衣机,GL,洗衣机,3200,4669,A,A企业,350200,2019,3,9
2019-09-28,重庆市,B003,8,45592,MD洗衣机,MD,洗衣机,3100,5699,B,B企业,500000,2019,3,9
2019-09-29,厦门市,C002,8,33592,HE电视,HE,电视,2200,4199,C,C企业,350200,2019,3,9
2019-09-29,深圳市,A001,5,23345,GL冰箱,GL,冰箱,2200,4669,A,A企业,440300,2019,3,9
2019-09-29,金华市,B002,7,25193,MD电视,MD,电视,2000,4299,B,B企业,330700,2019,3,9
2019-09-29,厦门市,B003,4,22796,MD洗衣机,MD,洗衣机,3100,5699,B,B企业,350200,2019,3,9
2019-09-29,深圳市,B003,4,22796,MD洗衣机,MD,洗衣机,3100,5699,B,B企业,440300,2019,3,9
2019-09-29,金华市,B003,6,34194,MD洗衣机,MD,洗衣机,3100,5699,B,B企业,330700,2019,3,9
2019-09-29,重庆市,A001,7,32683,GL冰箱,GL,冰箱,2200,4669,A,A企业,500000,2019,3,9
2019-09-29,苏州市,A001,6,28014,GL冰箱,GL,冰箱,2200,4669,A,A企业,320500,2019,3,9
2019-09-29,重庆市,C001,9,32391,HE冰箱,HE,冰箱,1800,3599,C,C企业,500000,2019,3,9
2019-09-29,厦门市,A002,5,16495,GL电视,GL,电视,1500,3299,A,A企业,350200,2019,3,9
2019-09-29,金华市,A001,2,9338,GL冰箱,GL,冰箱,2200,4669,A,A企业,330700,2019,3,9
2019-09-29,金华市,C002,2,8398,HE电视,HE,电视,2200,4199,C,C企业,330700,2019,3,9
2019-09-29,成都市,A001,3,14007,GL冰箱,GL,冰箱,2200,4669,A,A企业,510100,2019,3,9
2019-09-29,金华市,A003,3,14007,GL洗衣机,GL,洗衣机,3200,4669,A,A企业,330700,2019,3,9
2019-09-29,苏州市,A002,5,16495,GL电视,GL,电视,1500,3299,A,A企业,320500,2019,3,9
2019-09-29,成都市,A002,4,13196,GL电视,GL,电视,1500,3299,A,A企业,510100,2019,3,9
2019-09-29,金华市,B001,6,25194,MD冰箱,MD,冰箱,2500,4199,B,B企业,330700,2019,3,9
2019-09-29,重庆市,B002,5,17995,MD电视,MD,电视,2000,4299,B,B企业,500000,2019,3,9
2019-09-29,厦门市,A001,4,18676,GL冰箱,GL,冰箱,2200,4669,A,A企业,350200,2019,3,9
2019-09-29,厦门市,B001,2,8398,MD冰箱,MD,冰箱,2500,4199,B,B企业,350200,2019,3,9
2019-09-29,苏州市,B001,5,20995,MD冰箱,MD,冰箱,2500,4199,B,B企业,320500,2019,3,9
2019-09-29,成都市,B002,6,21594,MD电视,MD,电视,2000,4299,B,B企业,510100,2019,3,9
2019-09-29,深圳市,B001,5,20995,MD冰箱,MD,冰箱,2500,4199,B,B企业,440300,2019,3,9
2019-09-29,苏州市,C001,5,17995,HE冰箱,HE,冰箱,1800,3599,C,C企业,320500,2019,3,9
2019-09-29,苏州市,C002,4,16796,HE电视,HE,电视,2200,4199,C,C企业,320500,2019,3,9
2019-09-29,深圳市,B002,6,21594,MD电视,MD,电视,2000,4299,B,B企业,440300,2019,3,9
2019-09-29,厦门市,C001,7,25193,HE冰箱,HE,冰箱,1800,3599,C,C企业,350200,2019,3,9
2019-09-29,成都市,B001,3,12597,MD冰箱,MD,冰箱,2500,4199,B,B企业,510100,2019,3,9
2019-09-30,金华市,B001,3,12597,MD冰箱,MD,冰箱,2500,4199,B,B企业,330700,2019,3,9
2019-09-30,重庆市,B001,6,25194,MD冰箱,MD,冰箱,2500,4199,B,B企业,500000,2019,3,9
2019-09-30,深圳市,B001,6,25194,MD冰箱,MD,冰箱,2500,4199,B,B企业,440300,2019,3,9
2019-09-30,苏州市,A001,4,18676,GL冰箱,GL,冰箱,2200,4669,A,A企业,320500,2019,3,9
2019-09-30,厦门市,B001,8,33592,MD冰箱,MD,冰箱,2500,4199,B,B企业,350200,2019,3,9
2019-09-30,金华市,B002,4,14396,MD电视,MD,电视,2000,4299,B,B企业,330700,2019,3,9
2019-09-30,重庆市,A001,6,28014,GL冰箱,GL,冰箱,2200,4669,A,A企业,500000,2019,3,9
2019-09-30,上海市,A001,3,14007,GL冰箱,GL,冰箱,2200,4669,A,A企业,310000,2019,3,9
2019-09-30,深圳市,A001,3,14007,GL冰箱,GL,冰箱,2200,4669,A,A企业,440300,2019,3,9
2019-09-30,上海市,B001,2,8398,MD冰箱,MD,冰箱,2500,4199,B,B企业,310000,2019,3,9
2019-09-30,厦门市,A001,2,9338,GL冰箱,GL,冰箱,2200,4669,A,A企业,350200,2019,3,9
2019-09-30,成都市,A001,5,23345,GL冰箱,GL,冰箱,2200,4669,A,A企业,510100,2019,3,9
2019-09-30,长沙市,A001,7,32683,GL冰箱,GL,冰箱,2200,4669,A,A企业,430100,2019,3,9
2019-09-30,金华市,A001,2,9338,GL冰箱,GL,冰箱,2200,4669,A,A企业,330700,2019,3,9
2019-09-30,成都市,C002,7,29393,HE电视,HE,电视,2200,4199,C,C企业,510100,2019,3,9
2019-09-30,厦门市,A003,6,28014,GL洗衣机,GL,洗衣机,3200,4669,A,A企业,350200,2019,3,9
2019-10-03,深圳市,A001,5,23345,GL冰箱,GL,冰箱,2200,4669,A,A企业,440300,2019,4,10
2019-10-03,金华市,A003,9,42021,GL洗衣机,GL,洗衣机,3200,4669,A,A企业,330700,2019,4,10
2019-10-03,重庆市,C001,5,17995,HE冰箱,HE,冰箱,1800,3599,C,C企业,500000,2019,4,10
2019-10-03,金华市,A001,6,28014,GL冰箱,GL,冰箱,2200,4669,A,A企业,330700,2019,4,10
2019-10-03,上海市,A001,9,42021,GL冰箱,GL,冰箱,2200,4669,A,A企业,310000,2019,4,10
2019-10-03,重庆市,A001,6,28014,GL冰箱,GL,冰箱,2200,4669,A,A企业,500000,2019,4,10
2019-10-03,厦门市,A001,2,9338,GL冰箱,GL,冰箱,2200,4669,A,A企业,350200,2019,4,10
2019-10-04,金华市,A001,6,28014,GL冰箱,GL,冰箱,2200,4669,A,A企业,330700,2019,4,10
2019-10-04,金华市,C001,5,17995,HE冰箱,HE,冰箱,1800,3599,C,C企业,330700,2019,4,10
2019-10-04,金华市,B003,7,39893,MD洗衣机,MD,洗衣机,3100,5699,B,B企业,330700,2019,4,10
2019-10-04,上海市,B002,3,10797,MD电视,MD,电视,2000,4299,B,B企业,310000,2019,4,10
2019-10-04,长沙市,B003,7,39893,MD洗衣机,MD,洗衣机,3100,5699,B,B企业,430100,2019,4,10
2019-10-04,深圳市,B002,2,7198,MD电视,MD,电视,2000,4299,B,B企业,440300,2019,4,10
2019-10-04,厦门市,A001,5,23345,GL冰箱,GL,冰箱,2200,4669,A,A企业,350200,2019,4,10
2019-10-04,深圳市,A001,6,28014,GL冰箱,GL,冰箱,2200,4669,A,A企业,440300,2019,4,10
2019-10-04,重庆市,A002,3,9897,GL电视,GL,电视,1500,3299,A,A企业,500000,2019,4,10
2019-10-04,重庆市,C001,3,10797,HE冰箱,HE,冰箱,1800,3599,C,C企业,500000,2019,4,10
2019-10-04,苏州市,B001,3,12597,MD冰箱,MD,冰箱,2500,4199,B,B企业,320500,2019,4,10
2019-10-04,重庆市,B003,3,17097,MD洗衣机,MD,洗衣机,3100,5699,B,B企业,500000,2019,4,10
2019-10-04,上海市,C002,5,20995,HE电视,HE,电视,2200,4199,C,C企业,310000,2019,4,10
2019-10-04,成都市,A001,5,23345,GL冰箱,GL,冰箱,2200,4669,A,A企业,510100,2019,4,10
2019-10-04,长沙市,A001,5,23345,GL冰箱,GL,冰箱,2200,4669,A,A企业,430100,2019,4,10
2019-10-04,深圳市,B001,8,33592,MD冰箱,MD,冰箱,2500,4199,B,B企业,440300,2019,4,10
2019-10-04,成都市,B001,9,37791,MD冰箱,MD,冰箱,2500,4199,B,B企业,510100,2019,4,10
2019-10-04,长沙市,A002,4,13196,GL电视,GL,电视,1500,3299,A,A企业,430100,2019,4,10
2019-10-04,上海市,B001,8,33592,MD冰箱,MD,冰箱,2500,4199,B,B企业,310000,2019,4,10
2019-10-04,金华市,B001,3,12597,MD冰箱,MD,冰箱,2500,4199,B,B企业,330700,2019,4,10
2019-10-04,上海市,A001,4,18676,GL冰箱,GL,冰箱,2200,4669,A,A企业,310000,2019,4,10
2019-10-04,厦门市,C002,2,8398,HE电视,HE,电视,2200,4199,C,C企业,350200,2019,4,10
2019-10-04,厦门市,B001,4,16796,MD冰箱,MD,冰箱,2500,4199,B,B企业,350200,2019,4,10
2019-10-04,长沙市,B001,6,25194,MD冰箱,MD,冰箱,2500,4199,B,B企业,430100,2019,4,10
2019-10-05,长沙市,A002,6,19794,GL电视,GL,电视,1500,3299,A,A企业,430100,2019,4,10
2019-10-05,苏州市,B002,4,14396,MD电视,MD,电视,2000,4299,B,B企业,320500,2019,4,10
2019-10-05,重庆市,B001,6,25194,MD冰箱,MD,冰箱,2500,4199,B,B企业,500000,2019,4,10
2019-10-05,厦门市,B001,8,33592,MD冰箱,MD,冰箱,2500,4199,B,B企业,350200,2019,4,10
2019-10-05,厦门市,A001,2,9338,GL冰箱,GL,冰箱,2200,4669,A,A企业,350200,2019,4,10
2019-10-05,金华市,B001,6,25194,MD冰箱,MD,冰箱,2500,4199,B,B企业,330700,2019,4,10
2019-10-05,长沙市,B001,5,20995,MD冰箱,MD,冰箱,2500,4199,B,B企业,430100,2019,4,10
2019-10-05,重庆市,B002,3,10797,MD电视,MD,电视,2000,4299,B,B企业,500000,2019,4,10
2019-10-05,成都市,B001,4,16796,MD冰箱,MD,冰箱,2500,4199,B,B企业,510100,2019,4,10
2019-10-05,深圳市,A001,4,18676,GL冰箱,GL,冰箱,2200,4669,A,A企业,440300,2019,4,10
2019-10-05,重庆市,A001,5,23345,GL冰箱,GL,冰箱,2200,4669,A,A企业,500000,2019,4,10
2019-10-05,苏州市,B001,6,25194,MD冰箱,MD,冰箱,2500,4199,B,B企业,320500,2019,4,10
2019-10-05,深圳市,B001,2,8398,MD冰箱,MD,冰箱,2500,4199,B,B企业,440300,2019,4,10
2019-10-05,厦门市,B002,7,25193,MD电视,MD,电视,2000,4299,B,B企业,350200,2019,4,10
2019-10-05,长沙市,A001,8,37352,GL冰箱,GL,冰箱,2200,4669,A,A企业,430100,2019,4,10
2019-10-05,苏州市,A001,3,14007,GL冰箱,GL,冰箱,2200,4669,A,A企业,320500,2019,4,10
2019-10-05,厦门市,C001,3,10797,HE冰箱,HE,冰箱,1800,3599,C,C企业,350200,2019,4,10
2019-10-05,金华市,A001,3,14007,GL冰箱,GL,冰箱,2200,4669,A,A企业,330700,2019,4,10
2019-10-05,金华市,B002,5,17995,MD电视,MD,电视,2000,4299,B,B企业,330700,2019,4,10
2019-10-05,成都市,C001,8,28792,HE冰箱,HE,冰箱,1800,3599,C,C企业,510100,2019,4,10
2019-10-05,深圳市,C001,2,7198,HE冰箱,HE,冰箱,1800,3599,C,C企业,440300,2019,4,10
2019-10-05,金华市,C001,2,7198,HE冰箱,HE,冰箱,1800,3599,C,C企业,330700,2019,4,10
2019-10-05,成都市,A001,5,23345,GL冰箱,GL,冰箱,2200,4669,A,A企业,510100,2019,4,10
2019-10-05,成都市,B002,3,10797,MD电视,MD,电视,2000,4299,B,B企业,510100,2019,4,10
2019-10-06,金华市,A001,6,28014,GL冰箱,GL,冰箱,2200,4669,A,A企业,330700,2019,4,10
2019-10-06,金华市,B002,5,17995,MD电视,MD,电视,2000,4299,B,B企业,330700,2019,4,10
2019-10-06,金华市,A003,4,18676,GL洗衣机,GL,洗衣机,3200,4669,A,A企业,330700,2019,4,10
2019-10-06,金华市,B001,8,33592,MD冰箱,MD,冰箱,2500,4199,B,B企业,330700,2019,4,10
2019-10-06,重庆市,A001,4,18676,GL冰箱,GL,冰箱,2200,4669,A,A企业,500000,2019,4,10
2019-10-06,成都市,B002,4,14396,MD电视,MD,电视,2000,4299,B,B企业,510100,2019,4,10
2019-10-06,上海市,A001,4,18676,GL冰箱,GL,冰箱,2200,4669,A,A企业,310000,2019,4,10
2019-10-06,苏州市,B002,5,17995,MD电视,MD,电视,2000,4299,B,B企业,320500,2019,4,10
2019-10-06,厦门市,B002,5,17995,MD电视,MD,电视,2000,4299,B,B企业,350200,2019,4,10
2019-10-06,上海市,B001,6,25194,MD冰箱,MD,冰箱,2500,4199,B,B企业,310000,2019,4,10
2019-10-06,重庆市,B001,4,16796,MD冰箱,MD,冰箱,2500,4199,B,B企业,500000,2019,4,10
2019-10-06,深圳市,A001,2,9338,GL冰箱,GL,冰箱,2200,4669,A,A企业,440300,2019,4,10
2019-10-06,深圳市,B001,6,25194,MD冰箱,MD,冰箱,2500,4199,B,B企业,440300,2019,4,10
2019-10-06,成都市,A001,6,28014,GL冰箱,GL,冰箱,2200,4669,A,A企业,510100,2019,4,10
2019-10-06,苏州市,A002,3,9897,GL电视,GL,电视,1500,3299,A,A企业,320500,2019,4,10
2019-10-06,厦门市,A002,4,13196,GL电视,GL,电视,1500,3299,A,A企业,350200,2019,4,10
2019-10-06,金华市,A002,5,16495,GL电视,GL,电视,1500,3299,A,A企业,330700,2019,4,10
2019-10-06,厦门市,C001,6,21594,HE冰箱,HE,冰箱,1800,3599,C,C企业,350200,2019,4,10
2019-10-06,厦门市,A001,6,28014,GL冰箱,GL,冰箱,2200,4669,A,A企业,350200,2019,4,10
2019-10-06,重庆市,B002,4,14396,MD电视,MD,电视,2000,4299,B,B企业,500000,2019,4,10
2019-10-06,上海市,C001,3,10797,HE冰箱,HE,冰箱,1800,3599,C,C企业,310000,2019,4,10
2019-10-06,厦门市,C003,3,14007,HE洗衣机,HE,洗衣机,2600,4699,C,C企业,350200,2019,4,10
2019-10-06,深圳市,B002,5,17995,MD电视,MD,电视,2000,4299,B,B企业,440300,2019,4,10
2019-10-06,成都市,B001,4,16796,MD冰箱,MD,冰箱,2500,4199,B,B企业,510100,2019,4,10
2019-10-06,上海市,B002,4,14396,MD电视,MD,电视,2000,4299,B,B企业,310000,2019,4,10
2019-10-06,长沙市,A001,8,37352,GL冰箱,GL,冰箱,2200,4669,A,A企业,430100,2019,4,10
2019-10-06,上海市,B003,5,28495,MD洗衣机,MD,洗衣机,3100,5699,B,B企业,310000,2019,4,10
2019-10-06,厦门市,B003,6,34194,MD洗衣机,MD,洗衣机,3100,5699,B,B企业,350200,2019,4,10
2019-10-06,深圳市,B003,6,34194,MD洗衣机,MD,洗衣机,3100,5699,B,B企业,440300,2019,4,10
2019-10-06,金华市,B003,6,34194,MD洗衣机,MD,洗衣机,3100,5699,B,B企业,330700,2019,4,10
2019-10-06,苏州市,A001,7,32683,GL冰箱,GL,冰箱,2200,4669,A,A企业,320500,2019,4,10
2019-10-06,长沙市,B002,5,17995,MD电视,MD,电视,2000,4299,B,B企业,430100,2019,4,10
2019-10-07,深圳市,B001,4,16796,MD冰箱,MD,冰箱,2500,4199,B,B企业,440300,2019,4,10
2019-10-07,成都市,B001,6,25194,MD冰箱,MD,冰箱,2500,4199,B,B企业,510100,2019,4,10
2019-10-07,厦门市,A001,5,23345,GL冰箱,GL,冰箱,2200,4669,A,A企业,350200,2019,4,10
2019-10-07,深圳市,A001,2,9338,GL冰箱,GL,冰箱,2200,4669,A,A企业,440300,2019,4,10
2019-10-07,厦门市,B002,5,17995,MD电视,MD,电视,2000,4299,B,B企业,350200,2019,4,10
2019-10-07,金华市,A001,5,23345,GL冰箱,GL,冰箱,2200,4669,A,A企业,330700,2019,4,10
2019-10-07,金华市,A002,3,9897,GL电视,GL,电视,1500,3299,A,A企业,330700,2019,4,10
2019-10-07,金华市,B001,7,29393,MD冰箱,MD,冰箱,2500,4199,B,B企业,330700,2019,4,10
2019-10-07,重庆市,B001,6,25194,MD冰箱,MD,冰箱,2500,4199,B,B企业,500000,2019,4,10
2019-10-07,长沙市,B001,3,12597,MD冰箱,MD,冰箱,2500,4199,B,B企业,430100,2019,4,10
2019-10-07,上海市,A001,7,32683,GL冰箱,GL,冰箱,2200,4669,A,A企业,310000,2019,4,10
2019-10-07,长沙市,A001,2,9338,GL冰箱,GL,冰箱,2200,4669,A,A企业,430100,2019,4,10
2019-10-07,成都市,C001,4,14396,HE冰箱,HE,冰箱,1800,3599,C,C企业,510100,2019,4,10
2019-10-07,上海市,B001,5,20995,MD冰箱,MD,冰箱,2500,4199,B,B企业,310000,2019,4,10
2019-10-07,成都市,A001,6,28014,GL冰箱,GL,冰箱,2200,4669,A,A企业,510100,2019,4,10
2019-10-07,厦门市,A002,3,9897,GL电视,GL,电视,1500,3299,A,A企业,350200,2019,4,10
2019-10-07,金华市,B002,6,21594,MD电视,MD,电视,2000,4299,B,B企业,330700,2019,4,10
2019-10-07,厦门市,B001,6,25194,MD冰箱,MD,冰箱,2500,4199,B,B企业,350200,2019,4,10
2019-10-07,金华市,A003,4,18676,GL洗衣机,GL,洗衣机,3200,4669,A,A企业,330700,2019,4,10
2019-10-07,成都市,B002,6,21594,MD电视,MD,电视,2000,4299,B,B企业,510100,2019,4,10
2019-10-07,厦门市,C001,7,25193,HE冰箱,HE,冰箱,1800,3599,C,C企业,350200,2019,4,10
2019-10-07,金华市,C003,9,42021,HE洗衣机,HE,洗衣机,2600,4699,C,C企业,330700,2019,4,10
2019-10-07,深圳市,B002,4,14396,MD电视,MD,电视,2000,4299,B,B企业,440300,2019,4,10
2019-10-07,重庆市,A001,3,14007,GL冰箱,GL,冰箱,2200,4669,A,A企业,500000,2019,4,10
2019-10-07,重庆市,B002,6,21594,MD电视,MD,电视,2000,4299,B,B企业,500000,2019,4,10
2019-10-07,上海市,B003,5,28495,MD洗衣机,MD,洗衣机,3100,5699,B,B企业,310000,2019,4,10
2019-10-07,金华市,B003,5,28495,MD洗衣机,MD,洗衣机,3100,5699,B,B企业,330700,2019,4,10
2019-10-07,厦门市,A003,4,18676,GL洗衣机,GL,洗衣机,3200,4669,A,A企业,350200,2019,4,10
2019-10-07,苏州市,A003,6,28014,GL洗衣机,GL,洗衣机,3200,4669,A,A企业,320500,2019,4,10
2019-10-07,金华市,C001,5,17995,HE冰箱,HE,冰箱,1800,3599,C,C企业,330700,2019,4,10
2019-10-08,深圳市,A003,5,23345,GL洗衣机,GL,洗衣机,3200,4669,A,A企业,440300,2019,4,10
2019-10-08,金华市,A003,5,23345,GL洗衣机,GL,洗衣机,3200,4669,A,A企业,330700,2019,4,10
2019-10-08,重庆市,A001,5,23345,GL冰箱,GL,冰箱,2200,4669,A,A企业,500000,2019,4,10
2019-10-08,上海市,A003,5,23345,GL洗衣机,GL,洗衣机,3200,4669,A,A企业,310000,2019,4,10
2019-10-08,厦门市,A001,7,32683,GL冰箱,GL,冰箱,2200,4669,A,A企业,350200,2019,4,10
2019-10-08,成都市,A003,9,42021,GL洗衣机,GL,洗衣机,3200,4669,A,A企业,510100,2019,4,10
2019-10-08,重庆市,A002,7,23093,GL电视,GL,电视,1500,3299,A,A企业,500000,2019,4,10
2019-10-08,上海市,B002,8,28792,MD电视,MD,电视,2000,4299,B,B企业,310000,2019,4,10
2019-10-08,深圳市,B003,3,17097,MD洗衣机,MD,洗衣机,3100,5699,B,B企业,440300,2019,4,10
2019-10-08,金华市,B001,3,12597,MD冰箱,MD,冰箱,2500,4199,B,B企业,330700,2019,4,10
2019-10-08,金华市,A001,6,28014,GL冰箱,GL,冰箱,2200,4669,A,A企业,330700,2019,4,10
2019-10-08,成都市,B001,3,12597,MD冰箱,MD,冰箱,2500,4199,B,B企业,510100,2019,4,10
2019-10-08,苏州市,B002,4,14396,MD电视,MD,电视,2000,4299,B,B企业,320500,2019,4,10
2019-10-08,深圳市,A001,6,28014,GL冰箱,GL,冰箱,2200,4669,A,A企业,440300,2019,4,10
2019-10-08,上海市,A002,6,19794,GL电视,GL,电视,1500,3299,A,A企业,310000,2019,4,10
2019-10-08,苏州市,A001,7,32683,GL冰箱,GL,冰箱,2200,4669,A,A企业,320500,2019,4,10
2019-10-08,厦门市,B002,5,17995,MD电视,MD,电视,2000,4299,B,B企业,350200,2019,4,10
2019-10-08,上海市,A001,6,28014,GL冰箱,GL,冰箱,2200,4669,A,A企业,310000,2019,4,10
2019-10-08,厦门市,B001,9,37791,MD冰箱,MD,冰箱,2500,4199,B,B企业,350200,2019,4,10
2019-10-08,上海市,B001,6,25194,MD冰箱,MD,冰箱,2500,4199,B,B企业,310000,2019,4,10
2019-10-08,厦门市,A002,3,9897,GL电视,GL,电视,1500,3299,A,A企业,350200,2019,4,10
2019-10-08,成都市,C001,4,14396,HE冰箱,HE,冰箱,1800,3599,C,C企业,510100,2019,4,10
2019-10-08,成都市,A001,6,28014,GL冰箱,GL,冰箱,2200,4669,A,A企业,510100,2019,4,10
2019-10-08,金华市,C001,6,21594,HE冰箱,HE,冰箱,1800,3599,C,C企业,330700,2019,4,10
2019-10-08,苏州市,B001,4,16796,MD冰箱,MD,冰箱,2500,4199,B,B企业,320500,2019,4,10
2019-10-08,重庆市,B001,7,29393,MD冰箱,MD,冰箱,2500,4199,B,B企业,500000,2019,4,10
2019-10-08,深圳市,C001,2,7198,HE冰箱,HE,冰箱,1800,3599,C,C企业,440300,2019,4,10
2019-10-08,深圳市,B002,6,21594,MD电视,MD,电视,2000,4299,B,B企业,440300,2019,4,10
2019-10-08,金华市,A002,5,16495,GL电视,GL,电视,1500,3299,A,A企业,330700,2019,4,10
2019-10-08,深圳市,B001,5,20995,MD冰箱,MD,冰箱,2500,4199,B,B企业,440300,2019,4,10
2019-10-08,苏州市,C001,3,10797,HE冰箱,HE,冰箱,1800,3599,C,C企业,320500,2019,4,10
2019-10-08,重庆市,B002,4,14396,MD电视,MD,电视,2000,4299,B,B企业,500000,2019,4,10
2019-10-08,厦门市,C001,6,21594,HE冰箱,HE,冰箱,1800,3599,C,C企业,350200,2019,4,10
2019-10-08,长沙市,A001,3,14007,GL冰箱,GL,冰箱,2200,4669,A,A企业,430100,2019,4,10
2019-10-09,成都市,B002,2,7198,MD电视,MD,电视,2000,4299,B,B企业,510100,2019,4,10
2019-10-09,厦门市,A001,6,28014,GL冰箱,GL,冰箱,2200,4669,A,A企业,350200,2019,4,10
2019-10-09,深圳市,A001,3,14007,GL冰箱,GL,冰箱,2200,4669,A,A企业,440300,2019,4,10
2019-10-09,金华市,A001,6,28014,GL冰箱,GL,冰箱,2200,4669,A,A企业,330700,2019,4,10
2019-10-09,长沙市,B002,3,10797,MD电视,MD,电视,2000,4299,B,B企业,430100,2019,4,10
2019-10-09,厦门市,B002,5,17995,MD电视,MD,电视,2000,4299,B,B企业,350200,2019,4,10
2019-10-09,深圳市,C003,6,28014,HE洗衣机,HE,洗衣机,2600,4699,C,C企业,440300,2019,4,10
2019-10-09,厦门市,B001,3,12597,MD冰箱,MD,冰箱,2500,4199,B,B企业,350200,2019,4,10
2019-10-09,重庆市,A001,4,18676,GL冰箱,GL,冰箱,2200,4669,A,A企业,500000,2019,4,10
2019-10-09,重庆市,B001,5,20995,MD冰箱,MD,冰箱,2500,4199,B,B企业,500000,2019,4,10
2019-10-09,长沙市,A001,4,18676,GL冰箱,GL,冰箱,2200,4669,A,A企业,430100,2019,4,10
2019-10-09,成都市,A001,5,23345,GL冰箱,GL,冰箱,2200,4669,A,A企业,510100,2019,4,10
2019-10-09,苏州市,B002,4,14396,MD电视,MD,电视,2000,4299,B,B企业,320500,2019,4,10
2019-10-09,重庆市,A002,5,16495,GL电视,GL,电视,1500,3299,A,A企业,500000,2019,4,10
2019-10-09,金华市,B001,6,25194,MD冰箱,MD,冰箱,2500,4199,B,B企业,330700,2019,4,10
2019-10-09,苏州市,B001,5,20995,MD冰箱,MD,冰箱,2500,4199,B,B企业,320500,2019,4,10
2019-10-09,成都市,B001,6,25194,MD冰箱,MD,冰箱,2500,4199,B,B企业,510100,2019,4,10
2019-10-09,苏州市,A001,8,37352,GL冰箱,GL,冰箱,2200,4669,A,A企业,320500,2019,4,10
2019-10-09,长沙市,B001,3,12597,MD冰箱,MD,冰箱,2500,4199,B,B企业,430100,2019,4,10
2019-10-09,重庆市,B002,3,10797,MD电视,MD,电视,2000,4299,B,B企业,500000,2019,4,10
2019-10-09,上海市,B001,4,16796,MD冰箱,MD,冰箱,2500,4199,B,B企业,310000,2019,4,10
2019-10-09,金华市,A002,4,13196,GL电视,GL,电视,1500,3299,A,A企业,330700,2019,4,10
2019-10-09,长沙市,A002,6,19794,GL电视,GL,电视,1500,3299,A,A企业,430100,2019,4,10
2019-10-09,上海市,B002,6,21594,MD电视,MD,电视,2000,4299,B,B企业,310000,2019,4,10
2019-10-09,金华市,B002,5,17995,MD电视,MD,电视,2000,4299,B,B企业,330700,2019,4,10
2019-10-09,重庆市,C001,6,21594,HE冰箱,HE,冰箱,1800,3599,C,C企业,500000,2019,4,10
2019-10-09,深圳市,B001,4,16796,MD冰箱,MD,冰箱,2500,4199,B,B企业,440300,2019,4,10
2019-10-09,上海市,A001,3,14007,GL冰箱,GL,冰箱,2200,4669,A,A企业,310000,2019,4,10
2019-10-09,深圳市,A003,9,42021,GL洗衣机,GL,洗衣机,3200,4669,A,A企业,440300,2019,4,10
2019-10-09,苏州市,C001,7,25193,HE冰箱,HE,冰箱,1800,3599,C,C企业,320500,2019,4,10
2019-10-09,重庆市,C003,5,23345,HE洗衣机,HE,洗衣机,2600,4699,C,C企业,500000,2019,4,10
2019-10-09,成都市,B003,5,28495,MD洗衣机,MD,洗衣机,3100,5699,B,B企业,510100,2019,4,10
2019-10-09,厦门市,C001,6,21594,HE冰箱,HE,冰箱,1800,3599,C,C企业,350200,2019,4,10
2019-10-09,厦门市,B003,4,22796,MD洗衣机,MD,洗衣机,3100,5699,B,B企业,350200,2019,4,10
2019-10-09,金华市,B003,6,34194,MD洗衣机,MD,洗衣机,3100,5699,B,B企业,330700,2019,4,10
2019-10-09,成都市,C001,6,21594,HE冰箱,HE,冰箱,1800,3599,C,C企业,510100,2019,4,10
2019-10-09,深圳市,C001,6,21594,HE冰箱,HE,冰箱,1800,3599,C,C企业,440300,2019,4,10
2019-10-09,深圳市,B003,3,17097,MD洗衣机,MD,洗衣机,3100,5699,B,B企业,440300,2019,4,10
2019-10-09,深圳市,B002,3,10797,MD电视,MD,电视,2000,4299,B,B企业,440300,2019,4,10
2019-10-09,金华市,C001,6,21594,HE冰箱,HE,冰箱,1800,3599,C,C企业,330700,2019,4,10
2019-10-09,重庆市,A003,5,23345,GL洗衣机,GL,洗衣机,3200,4669,A,A企业,500000,2019,4,10
2019-10-09,金华市,A003,4,18676,GL洗衣机,GL,洗衣机,3200,4669,A,A企业,330700,2019,4,10
2019-10-10,厦门市,B001,3,12597,MD冰箱,MD,冰箱,2500,4199,B,B企业,350200,2019,4,10
2019-10-10,金华市,B002,6,21594,MD电视,MD,电视,2000,4299,B,B企业,330700,2019,4,10
2019-10-10,成都市,B001,7,29393,MD冰箱,MD,冰箱,2500,4199,B,B企业,510100,2019,4,10
2019-10-10,深圳市,B001,3,12597,MD冰箱,MD,冰箱,2500,4199,B,B企业,440300,2019,4,10
2019-10-10,金华市,A002,3,9897,GL电视,GL,电视,1500,3299,A,A企业,330700,2019,4,10
2019-10-10,苏州市,A001,5,23345,GL冰箱,GL,冰箱,2200,4669,A,A企业,320500,2019,4,10
2019-10-10,金华市,A001,3,14007,GL冰箱,GL,冰箱,2200,4669,A,A企业,330700,2019,4,10
2019-10-10,重庆市,A001,5,23345,GL冰箱,GL,冰箱,2200,4669,A,A企业,500000,2019,4,10
2019-10-10,厦门市,A002,9,29691,GL电视,GL,电视,1500,3299,A,A企业,350200,2019,4,10
2019-10-10,金华市,A003,5,23345,GL洗衣机,GL,洗衣机,3200,4669,A,A企业,330700,2019,4,10
2019-10-10,金华市,B001,2,8398,MD冰箱,MD,冰箱,2500,4199,B,B企业,330700,2019,4,10
2019-10-10,厦门市,A001,2,9338,GL冰箱,GL,冰箱,2200,4669,A,A企业,350200,2019,4,10
2019-10-10,金华市,C003,9,42021,HE洗衣机,HE,洗衣机,2600,4699,C,C企业,330700,2019,4,10
2019-10-10,重庆市,A002,2,6598,GL电视,GL,电视,1500,3299,A,A企业,500000,2019,4,10
2019-10-10,重庆市,B001,3,12597,MD冰箱,MD,冰箱,2500,4199,B,B企业,500000,2019,4,10
2019-10-10,厦门市,C001,7,25193,HE冰箱,HE,冰箱,1800,3599,C,C企业,350200,2019,4,10
2019-10-10,深圳市,C001,6,21594,HE冰箱,HE,冰箱,1800,3599,C,C企业,440300,2019,4,10
2019-10-10,重庆市,B002,4,14396,MD电视,MD,电视,2000,4299,B,B企业,500000,2019,4,10
2019-10-10,上海市,A001,6,28014,GL冰箱,GL,冰箱,2200,4669,A,A企业,310000,2019,4,10
2019-10-10,深圳市,A001,4,18676,GL冰箱,GL,冰箱,2200,4669,A,A企业,440300,2019,4,10
2019-10-10,上海市,B001,9,37791,MD冰箱,MD,冰箱,2500,4199,B,B企业,310000,2019,4,10
2019-10-10,成都市,C001,6,21594,HE冰箱,HE,冰箱,1800,3599,C,C企业,510100,2019,4,10
2019-10-10,金华市,C001,2,7198,HE冰箱,HE,冰箱,1800,3599,C,C企业,330700,2019,4,10
2019-10-10,成都市,B002,2,7198,MD电视,MD,电视,2000,4299,B,B企业,510100,2019,4,10
2019-10-10,长沙市,B003,4,22796,MD洗衣机,MD,洗衣机,3100,5699,B,B企业,430100,2019,4,10
2019-10-10,长沙市,B001,5,20995,MD冰箱,MD,冰箱,2500,4199,B,B企业,430100,2019,4,10
2019-10-10,厦门市,B003,2,11398,MD洗衣机,MD,洗衣机,3100,5699,B,B企业,350200,2019,4,10
2019-10-10,金华市,B003,6,34194,MD洗衣机,MD,洗衣机,3100,5699,B,B企业,330700,2019,4,10
2019-10-10,厦门市,B002,5,17995,MD电视,MD,电视,2000,4299,B,B企业,350200,2019,4,10
2019-10-10,长沙市,B002,9,32391,MD电视,MD,电视,2000,4299,B,B企业,430100,2019,4,10
2019-10-10,上海市,B002,2,7198,MD电视,MD,电视,2000,4299,B,B企业,310000,2019,4,10
2019-10-10,成都市,A001,3,14007,GL冰箱,GL,冰箱,2200,4669,A,A企业,510100,2019,4,10
2019-10-10,重庆市,A003,5,23345,GL洗衣机,GL,洗衣机,3200,4669,A,A企业,500000,2019,4,10
2019-10-10,重庆市,C001,5,17995,HE冰箱,HE,冰箱,1800,3599,C,C企业,500000,2019,4,10
2019-10-11,深圳市,A003,6,28014,GL洗衣机,GL,洗衣机,3200,4669,A,A企业,440300,2019,4,10
2019-10-11,金华市,A002,6,19794,GL电视,GL,电视,1500,3299,A,A企业,330700,2019,4,10
2019-10-11,金华市,A003,4,18676,GL洗衣机,GL,洗衣机,3200,4669,A,A企业,330700,2019,4,10
2019-10-11,厦门市,A002,6,19794,GL电视,GL,电视,1500,3299,A,A企业,350200,2019,4,10
2019-10-11,苏州市,A001,5,23345,GL冰箱,GL,冰箱,2200,4669,A,A企业,320500,2019,4,10
2019-10-11,厦门市,C001,6,21594,HE冰箱,HE,冰箱,1800,3599,C,C企业,350200,2019,4,10
2019-10-11,厦门市,A001,7,32683,GL冰箱,GL,冰箱,2200,4669,A,A企业,350200,2019,4,10
2019-10-11,上海市,C003,8,37352,HE洗衣机,HE,洗衣机,2600,4699,C,C企业,310000,2019,4,10
2019-10-11,长沙市,A002,2,6598,GL电视,GL,电视,1500,3299,A,A企业,430100,2019,4,10
2019-10-11,重庆市,A001,3,14007,GL冰箱,GL,冰箱,2200,4669,A,A企业,500000,2019,4,10
2019-10-11,成都市,A003,5,23345,GL洗衣机,GL,洗衣机,3200,4669,A,A企业,510100,2019,4,10
2019-10-11,长沙市,A001,6,28014,GL冰箱,GL,冰箱,2200,4669,A,A企业,430100,2019,4,10
2019-10-11,重庆市,A002,9,29691,GL电视,GL,电视,1500,3299,A,A企业,500000,2019,4,10
2019-10-11,上海市,A003,3,14007,GL洗衣机,GL,洗衣机,3200,4669,A,A企业,310000,2019,4,10
2019-10-11,苏州市,A003,6,28014,GL洗衣机,GL,洗衣机,3200,4669,A,A企业,320500,2019,4,10
2019-10-11,成都市,C001,6,21594,HE冰箱,HE,冰箱,1800,3599,C,C企业,510100,2019,4,10
2019-10-11,上海市,B002,3,10797,MD电视,MD,电视,2000,4299,B,B企业,310000,2019,4,10
2019-10-11,厦门市,B002,5,17995,MD电视,MD,电视,2000,4299,B,B企业,350200,2019,4,10
2019-10-11,长沙市,C001,8,28792,HE冰箱,HE,冰箱,1800,3599,C,C企业,430100,2019,4,10
2019-10-11,厦门市,A003,2,9338,GL洗衣机,GL,洗衣机,3200,4669,A,A企业,350200,2019,4,10
2019-10-11,深圳市,A001,6,28014,GL冰箱,GL,冰箱,2200,4669,A,A企业,440300,2019,4,10
2019-10-11,重庆市,B002,6,21594,MD电视,MD,电视,2000,4299,B,B企业,500000,2019,4,10
2019-10-11,金华市,A001,7,32683,GL冰箱,GL,冰箱,2200,4669,A,A企业,330700,2019,4,10
2019-10-11,长沙市,B003,6,34194,MD洗衣机,MD,洗衣机,3100,5699,B,B企业,430100,2019,4,10
2019-10-11,上海市,B003,3,17097,MD洗衣机,MD,洗衣机,3100,5699,B,B企业,310000,2019,4,10
2019-10-11,金华市,B002,3,10797,MD电视,MD,电视,2000,4299,B,B企业,330700,2019,4,10
2019-10-11,金华市,C001,3,10797,HE冰箱,HE,冰箱,1800,3599,C,C企业,330700,2019,4,10
2019-10-11,重庆市,B001,4,16796,MD冰箱,MD,冰箱,2500,4199,B,B企业,500000,2019,4,10
2019-10-11,成都市,B001,3,12597,MD冰箱,MD,冰箱,2500,4199,B,B企业,510100,2019,4,10
2019-10-11,金华市,B001,2,8398,MD冰箱,MD,冰箱,2500,4199,B,B企业,330700,2019,4,10
2019-10-11,苏州市,B001,6,25194,MD冰箱,MD,冰箱,2500,4199,B,B企业,320500,2019,4,10
2019-10-11,成都市,A001,6,28014,GL冰箱,GL,冰箱,2200,4669,A,A企业,510100,2019,4,10
2019-10-11,厦门市,B001,2,8398,MD冰箱,MD,冰箱,2500,4199,B,B企业,350200,2019,4,10
2019-10-11,成都市,A002,6,19794,GL电视,GL,电视,1500,3299,A,A企业,510100,2019,4,10
2019-10-11,上海市,A001,3,14007,GL冰箱,GL,冰箱,2200,4669,A,A企业,310000,2019,4,10
2019-10-11,成都市,B002,5,17995,MD电视,MD,电视,2000,4299,B,B企业,510100,2019,4,10
2019-10-11,深圳市,B002,9,32391,MD电视,MD,电视,2000,4299,B,B企业,440300,2019,4,10
2019-10-12,金华市,A001,7,32683,GL冰箱,GL,冰箱,2200,4669,A,A企业,330700,2019,4,10
2019-10-12,金华市,C001,8,28792,HE冰箱,HE,冰箱,1800,3599,C,C企业,330700,2019,4,10
2019-10-12,金华市,B001,2,8398,MD冰箱,MD,冰箱,2500,4199,B,B企业,330700,2019,4,10
2019-10-12,厦门市,B001,7,29393,MD冰箱,MD,冰箱,2500,4199,B,B企业,350200,2019,4,10
2019-10-12,厦门市,C001,2,7198,HE冰箱,HE,冰箱,1800,3599,C,C企业,350200,2019,4,10
2019-10-12,深圳市,A001,3,14007,GL冰箱,GL,冰箱,2200,4669,A,A企业,440300,2019,4,10
2019-10-12,厦门市,A001,8,37352,GL冰箱,GL,冰箱,2200,4669,A,A企业,350200,2019,4,10
2019-10-12,金华市,A002,6,19794,GL电视,GL,电视,1500,3299,A,A企业,330700,2019,4,10
2019-10-12,厦门市,A002,7,23093,GL电视,GL,电视,1500,3299,A,A企业,350200,2019,4,10
2019-10-12,厦门市,B002,6,21594,MD电视,MD,电视,2000,4299,B,B企业,350200,2019,4,10
2019-10-12,重庆市,B001,4,16796,MD冰箱,MD,冰箱,2500,4199,B,B企业,500000,2019,4,10
2019-10-12,成都市,B002,4,14396,MD电视,MD,电视,2000,4299,B,B企业,510100,2019,4,10
2019-10-12,重庆市,A002,3,9897,GL电视,GL,电视,1500,3299,A,A企业,500000,2019,4,10
2019-10-12,苏州市,A001,5,23345,GL冰箱,GL,冰箱,2200,4669,A,A企业,320500,2019,4,10
2019-10-12,成都市,A001,8,37352,GL冰箱,GL,冰箱,2200,4669,A,A企业,510100,2019,4,10
2019-10-12,深圳市,C001,5,17995,HE冰箱,HE,冰箱,1800,3599,C,C企业,440300,2019,4,10
2019-10-12,重庆市,A001,6,28014,GL冰箱,GL,冰箱,2200,4669,A,A企业,500000,2019,4,10
2019-10-12,成都市,C001,9,32391,HE冰箱,HE,冰箱,1800,3599,C,C企业,510100,2019,4,10
2019-10-12,深圳市,A002,8,26392,GL电视,GL,电视,1500,3299,A,A企业,440300,2019,4,10
2019-10-12,深圳市,B001,9,37791,MD冰箱,MD,冰箱,2500,4199,B,B企业,440300,2019,4,10
2019-10-12,金华市,B002,7,25193,MD电视,MD,电视,2000,4299,B,B企业,330700,2019,4,10
2019-10-12,长沙市,B002,3,10797,MD电视,MD,电视,2000,4299,B,B企业,430100,2019,4,10
2019-10-12,长沙市,B001,7,29393,MD冰箱,MD,冰箱,2500,4199,B,B企业,430100,2019,4,10
2019-10-12,苏州市,B002,6,21594,MD电视,MD,电视,2000,4299,B,B企业,320500,2019,4,10
2019-10-12,长沙市,A001,3,14007,GL冰箱,GL,冰箱,2200,4669,A,A企业,430100,2019,4,10
2019-10-12,重庆市,B002,2,7198,MD电视,MD,电视,2000,4299,B,B企业,500000,2019,4,10
2019-10-12,重庆市,C001,7,25193,HE冰箱,HE,冰箱,1800,3599,C,C企业,500000,2019,4,10
2019-10-12,成都市,A002,6,19794,GL电视,GL,电视,1500,3299,A,A企业,510100,2019,4,10
2019-10-12,苏州市,B001,7,29393,MD冰箱,MD,冰箱,2500,4199,B,B企业,320500,2019,4,10
2019-10-12,长沙市,A002,3,9897,GL电视,GL,电视,1500,3299,A,A企业,430100,2019,4,10
2019-10-13,深圳市,A001,7,32683,GL冰箱,GL,冰箱,2200,4669,A,A企业,440300,2019,4,10
2019-10-13,成都市,A001,2,9338,GL冰箱,GL,冰箱,2200,4669,A,A企业,510100,2019,4,10
2019-10-13,金华市,A002,4,13196,GL电视,GL,电视,1500,3299,A,A企业,330700,2019,4,10
2019-10-13,厦门市,B001,5,20995,MD冰箱,MD,冰箱,2500,4199,B,B企业,350200,2019,4,10
2019-10-13,重庆市,A001,5,23345,GL冰箱,GL,冰箱,2200,4669,A,A企业,500000,2019,4,10
2019-10-13,上海市,C001,5,17995,HE冰箱,HE,冰箱,1800,3599,C,C企业,310000,2019,4,10
2019-10-13,上海市,A002,3,9897,GL电视,GL,电视,1500,3299,A,A企业,310000,2019,4,10
2019-10-13,金华市,B003,7,39893,MD洗衣机,MD,洗衣机,3100,5699,B,B企业,330700,2019,4,10
2019-10-13,金华市,A001,3,14007,GL冰箱,GL,冰箱,2200,4669,A,A企业,330700,2019,4,10
2019-10-13,深圳市,B003,6,34194,MD洗衣机,MD,洗衣机,3100,5699,B,B企业,440300,2019,4,10
2019-10-13,金华市,A003,3,14007,GL洗衣机,GL,洗衣机,3200,4669,A,A企业,330700,2019,4,10
2019-10-13,上海市,C003,3,14007,HE洗衣机,HE,洗衣机,2600,4699,C,C企业,310000,2019,4,10
2019-10-13,苏州市,B002,9,32391,MD电视,MD,电视,2000,4299,B,B企业,320500,2019,4,10
2019-10-13,苏州市,A003,3,14007,GL洗衣机,GL,洗衣机,3200,4669,A,A企业,320500,2019,4,10
2019-10-13,金华市,B001,3,12597,MD冰箱,MD,冰箱,2500,4199,B,B企业,330700,2019,4,10
2019-10-13,深圳市,A003,7,32683,GL洗衣机,GL,洗衣机,3200,4669,A,A企业,440300,2019,4,10
2019-10-13,厦门市,B002,4,14396,MD电视,MD,电视,2000,4299,B,B企业,350200,2019,4,10
2019-10-13,上海市,A003,3,14007,GL洗衣机,GL,洗衣机,3200,4669,A,A企业,310000,2019,4,10
2019-10-13,厦门市,C001,4,14396,HE冰箱,HE,冰箱,1800,3599,C,C企业,350200,2019,4,10
2019-10-13,厦门市,A001,6,28014,GL冰箱,GL,冰箱,2200,4669,A,A企业,350200,2019,4,10
2019-10-13,金华市,B002,4,14396,MD电视,MD,电视,2000,4299,B,B企业,330700,2019,4,10
2019-10-13,重庆市,A003,5,23345,GL洗衣机,GL,洗衣机,3200,4669,A,A企业,500000,2019,4,10
2019-10-13,厦门市,A003,4,18676,GL洗衣机,GL,洗衣机,3200,4669,A,A企业,350200,2019,4,10
2019-10-13,上海市,B002,4,14396,MD电视,MD,电视,2000,4299,B,B企业,310000,2019,4,10
2019-10-13,上海市,B003,5,28495,MD洗衣机,MD,洗衣机,3100,5699,B,B企业,310000,2019,4,10
2019-10-13,金华市,C001,3,10797,HE冰箱,HE,冰箱,1800,3599,C,C企业,330700,2019,4,10
2019-10-13,深圳市,B002,8,28792,MD电视,MD,电视,2000,4299,B,B企业,440300,2019,4,10
2019-10-13,重庆市,B003,3,17097,MD洗衣机,MD,洗衣机,3100,5699,B,B企业,500000,2019,4,10
2019-10-13,深圳市,C001,9,32391,HE冰箱,HE,冰箱,1800,3599,C,C企业,440300,2019,4,10
2019-10-13,深圳市,B001,7,29393,MD冰箱,MD,冰箱,2500,4199,B,B企业,440300,2019,4,10
2019-10-13,上海市,B001,2,8398,MD冰箱,MD,冰箱,2500,4199,B,B企业,310000,2019,4,10
2019-10-13,苏州市,A001,3,14007,GL冰箱,GL,冰箱,2200,4669,A,A企业,320500,2019,4,10
2019-10-13,重庆市,B001,7,29393,MD冰箱,MD,冰箱,2500,4199,B,B企业,500000,2019,4,10
2019-10-13,苏州市,C001,5,17995,HE冰箱,HE,冰箱,1800,3599,C,C企业,320500,2019,4,10
2019-10-13,厦门市,C003,5,23345,HE洗衣机,HE,洗衣机,2600,4699,C,C企业,350200,2019,4,10
2019-10-13,金华市,C003,2,9338,HE洗衣机,HE,洗衣机,2600,4699,C,C企业,330700,2019,4,10
2019-10-13,重庆市,B002,2,7198,MD电视,MD,电视,2000,4299,B,B企业,500000,2019,4,10
2019-10-14,金华市,B001,6,25194,MD冰箱,MD,冰箱,2500,4199,B,B企业,330700,2019,4,10
2019-10-14,厦门市,B001,2,8398,MD冰箱,MD,冰箱,2500,4199,B,B企业,350200,2019,4,10
2019-10-14,重庆市,B001,5,20995,MD冰箱,MD,冰箱,2500,4199,B,B企业,500000,2019,4,10
2019-10-14,深圳市,B001,5,20995,MD冰箱,MD,冰箱,2500,4199,B,B企业,440300,2019,4,10
2019-10-14,深圳市,A001,5,23345,GL冰箱,GL,冰箱,2200,4669,A,A企业,440300,2019,4,10
2019-10-14,重庆市,B002,8,28792,MD电视,MD,电视,2000,4299,B,B企业,500000,2019,4,10
2019-10-14,金华市,A001,5,23345,GL冰箱,GL,冰箱,2200,4669,A,A企业,330700,2019,4,10
2019-10-14,金华市,B002,2,7198,MD电视,MD,电视,2000,4299,B,B企业,330700,2019,4,10
2019-10-14,重庆市,A002,9,29691,GL电视,GL,电视,1500,3299,A,A企业,500000,2019,4,10
2019-10-14,厦门市,A001,5,23345,GL冰箱,GL,冰箱,2200,4669,A,A企业,350200,2019,4,10
2019-10-14,成都市,B001,5,20995,MD冰箱,MD,冰箱,2500,4199,B,B企业,510100,2019,4,10
2019-10-14,成都市,A001,7,32683,GL冰箱,GL,冰箱,2200,4669,A,A企业,510100,2019,4,10
2019-10-14,金华市,A002,5,16495,GL电视,GL,电视,1500,3299,A,A企业,330700,2019,4,10
2019-10-14,成都市,A002,6,19794,GL电视,GL,电视,1500,3299,A,A企业,510100,2019,4,10
2019-10-14,厦门市,B002,4,14396,MD电视,MD,电视,2000,4299,B,B企业,350200,2019,4,10
2019-10-14,深圳市,C001,3,10797,HE冰箱,HE,冰箱,1800,3599,C,C企业,440300,2019,4,10
2019-10-14,苏州市,B002,4,14396,MD电视,MD,电视,2000,4299,B,B企业,320500,2019,4,10
2019-10-14,长沙市,A001,6,28014,GL冰箱,GL,冰箱,2200,4669,A,A企业,430100,2019,4,10
2019-10-14,重庆市,A001,5,23345,GL冰箱,GL,冰箱,2200,4669,A,A企业,500000,2019,4,10
2019-10-14,深圳市,B002,3,10797,MD电视,MD,电视,2000,4299,B,B企业,440300,2019,4,10
2019-10-14,长沙市,B002,4,14396,MD电视,MD,电视,2000,4299,B,B企业,430100,2019,4,10
2019-10-14,长沙市,B001,5,20995,MD冰箱,MD,冰箱,2500,4199,B,B企业,430100,2019,4,10
2019-10-14,厦门市,A002,6,19794,GL电视,GL,电视,1500,3299,A,A企业,350200,2019,4,10
2019-10-14,苏州市,A001,4,18676,GL冰箱,GL,冰箱,2200,4669,A,A企业,320500,2019,4,10
2019-10-14,重庆市,C001,7,25193,HE冰箱,HE,冰箱,1800,3599,C,C企业,500000,2019,4,10
2019-10-14,成都市,B002,6,21594,MD电视,MD,电视,2000,4299,B,B企业,510100,2019,4,10
2019-10-14,厦门市,C001,5,17995,HE冰箱,HE,冰箱,1800,3599,C,C企业,350200,2019,4,10
2019-10-14,上海市,B001,5,20995,MD冰箱,MD,冰箱,2500,4199,B,B企业,310000,2019,4,10
2019-10-14,上海市,C001,9,32391,HE冰箱,HE,冰箱,1800,3599,C,C企业,310000,2019,4,10
2019-10-15,厦门市,B001,4,16796,MD冰箱,MD,冰箱,2500,4199,B,B企业,350200,2019,4,10
2019-10-15,重庆市,A001,4,18676,GL冰箱,GL,冰箱,2200,4669,A,A企业,500000,2019,4,10
2019-10-15,重庆市,B002,4,14396,MD电视,MD,电视,2000,4299,B,B企业,500000,2019,4,10
2019-10-15,上海市,A001,5,23345,GL冰箱,GL,冰箱,2200,4669,A,A企业,310000,2019,4,10
2019-10-15,厦门市,B002,7,25193,MD电视,MD,电视,2000,4299,B,B企业,350200,2019,4,10
2019-10-15,成都市,A001,8,37352,GL冰箱,GL,冰箱,2200,4669,A,A企业,510100,2019,4,10
2019-10-15,苏州市,A001,6,28014,GL冰箱,GL,冰箱,2200,4669,A,A企业,320500,2019,4,10
2019-10-15,重庆市,A002,8,26392,GL电视,GL,电视,1500,3299,A,A企业,500000,2019,4,10
2019-10-15,长沙市,C001,6,21594,HE冰箱,HE,冰箱,1800,3599,C,C企业,430100,2019,4,10
2019-10-15,成都市,C001,3,10797,HE冰箱,HE,冰箱,1800,3599,C,C企业,510100,2019,4,10
2019-10-15,厦门市,A002,8,26392,GL电视,GL,电视,1500,3299,A,A企业,350200,2019,4,10
2019-10-15,厦门市,A001,4,18676,GL冰箱,GL,冰箱,2200,4669,A,A企业,350200,2019,4,10
2019-10-15,深圳市,A002,4,13196,GL电视,GL,电视,1500,3299,A,A企业,440300,2019,4,10
2019-10-15,长沙市,A001,5,23345,GL冰箱,GL,冰箱,2200,4669,A,A企业,430100,2019,4,10
2019-10-15,重庆市,B001,6,25194,MD冰箱,MD,冰箱,2500,4199,B,B企业,500000,2019,4,10
2019-10-15,苏州市,B001,4,16796,MD冰箱,MD,冰箱,2500,4199,B,B企业,320500,2019,4,10
2019-10-15,上海市,A002,2,6598,GL电视,GL,电视,1500,3299,A,A企业,310000,2019,4,10
2019-10-15,深圳市,A001,5,23345,GL冰箱,GL,冰箱,2200,4669,A,A企业,440300,2019,4,10
2019-10-15,上海市,B001,5,20995,MD冰箱,MD,冰箱,2500,4199,B,B企业,310000,2019,4,10
2019-10-15,厦门市,A003,2,9338,GL洗衣机,GL,洗衣机,3200,4669,A,A企业,350200,2019,4,10
2019-10-15,长沙市,B001,8,33592,MD冰箱,MD,冰箱,2500,4199,B,B企业,430100,2019,4,10
2019-10-15,深圳市,B002,5,17995,MD电视,MD,电视,2000,4299,B,B企业,440300,2019,4,10
2019-10-15,苏州市,B002,2,7198,MD电视,MD,电视,2000,4299,B,B企业,320500,2019,4,10
2019-10-15,深圳市,B001,4,16796,MD冰箱,MD,冰箱,2500,4199,B,B企业,440300,2019,4,10
2019-10-15,金华市,A001,2,9338,GL冰箱,GL,冰箱,2200,4669,A,A企业,330700,2019,4,10
2019-10-15,金华市,B001,5,20995,MD冰箱,MD,冰箱,2500,4199,B,B企业,330700,2019,4,10
2019-10-15,金华市,B002,6,21594,MD电视,MD,电视,2000,4299,B,B企业,330700,2019,4,10
2019-10-16,深圳市,B001,3,12597,MD冰箱,MD,冰箱,2500,4199,B,B企业,440300,2019,4,10
2019-10-16,深圳市,A001,5,23345,GL冰箱,GL,冰箱,2200,4669,A,A企业,440300,2019,4,10
2019-10-16,金华市,A001,2,9338,GL冰箱,GL,冰箱,2200,4669,A,A企业,330700,2019,4,10
2019-10-16,金华市,A003,2,9338,GL洗衣机,GL,洗衣机,3200,4669,A,A企业,330700,2019,4,10
2019-10-16,厦门市,B002,7,25193,MD电视,MD,电视,2000,4299,B,B企业,350200,2019,4,10
2019-10-16,成都市,B002,6,21594,MD电视,MD,电视,2000,4299,B,B企业,510100,2019,4,10
2019-10-16,上海市,A001,3,14007,GL冰箱,GL,冰箱,2200,4669,A,A企业,310000,2019,4,10
2019-10-16,厦门市,B001,4,16796,MD冰箱,MD,冰箱,2500,4199,B,B企业,350200,2019,4,10
2019-10-16,重庆市,B001,5,20995,MD冰箱,MD,冰箱,2500,4199,B,B企业,500000,2019,4,10
2019-10-16,重庆市,A001,5,23345,GL冰箱,GL,冰箱,2200,4669,A,A企业,500000,2019,4,10
2019-10-16,厦门市,C001,5,17995,HE冰箱,HE,冰箱,1800,3599,C,C企业,350200,2019,4,10
2019-10-16,金华市,C001,4,14396,HE冰箱,HE,冰箱,1800,3599,C,C企业,330700,2019,4,10
2019-10-16,上海市,C001,4,14396,HE冰箱,HE,冰箱,1800,3599,C,C企业,310000,2019,4,10
2019-10-16,重庆市,C001,4,14396,HE冰箱,HE,冰箱,1800,3599,C,C企业,500000,2019,4,10
2019-10-16,苏州市,B001,5,20995,MD冰箱,MD,冰箱,2500,4199,B,B企业,320500,2019,4,10
2019-10-16,苏州市,B003,4,22796,MD洗衣机,MD,洗衣机,3100,5699,B,B企业,320500,2019,4,10
2019-10-16,金华市,B002,5,17995,MD电视,MD,电视,2000,4299,B,B企业,330700,2019,4,10
2019-10-16,成都市,A001,6,28014,GL冰箱,GL,冰箱,2200,4669,A,A企业,510100,2019,4,10
2019-10-16,苏州市,A001,5,23345,GL冰箱,GL,冰箱,2200,4669,A,A企业,320500,2019,4,10
2019-10-16,苏州市,A003,8,37352,GL洗衣机,GL,洗衣机,3200,4669,A,A企业,320500,2019,4,10
2019-10-16,厦门市,A001,6,28014,GL冰箱,GL,冰箱,2200,4669,A,A企业,350200,2019,4,10
2019-10-16,深圳市,A003,5,23345,GL洗衣机,GL,洗衣机,3200,4669,A,A企业,440300,2019,4,10
2019-10-16,深圳市,B002,2,7198,MD电视,MD,电视,2000,4299,B,B企业,440300,2019,4,10
2019-10-16,金华市,A002,7,23093,GL电视,GL,电视,1500,3299,A,A企业,330700,2019,4,10
2019-10-16,成都市,A002,6,19794,GL电视,GL,电视,1500,3299,A,A企业,510100,2019,4,10
2019-10-16,上海市,A003,4,18676,GL洗衣机,GL,洗衣机,3200,4669,A,A企业,310000,2019,4,10
2019-10-16,重庆市,A003,4,18676,GL洗衣机,GL,洗衣机,3200,4669,A,A企业,500000,2019,4,10
2019-10-16,成都市,B001,4,16796,MD冰箱,MD,冰箱,2500,4199,B,B企业,510100,2019,4,10
2019-10-16,长沙市,A003,2,9338,GL洗衣机,GL,洗衣机,3200,4669,A,A企业,430100,2019,4,10
2019-10-16,重庆市,A002,6,19794,GL电视,GL,电视,1500,3299,A,A企业,500000,2019,4,10
2019-10-16,长沙市,B001,3,12597,MD冰箱,MD,冰箱,2500,4199,B,B企业,430100,2019,4,10
2019-10-16,厦门市,A002,4,13196,GL电视,GL,电视,1500,3299,A,A企业,350200,2019,4,10
2019-10-16,苏州市,C001,4,14396,HE冰箱,HE,冰箱,1800,3599,C,C企业,320500,2019,4,10
2019-10-16,长沙市,A001,4,18676,GL冰箱,GL,冰箱,2200,4669,A,A企业,430100,2019,4,10
2019-10-16,金华市,B001,4,16796,MD冰箱,MD,冰箱,2500,4199,B,B企业,330700,2019,4,10
2019-10-16,上海市,B001,4,16796,MD冰箱,MD,冰箱,2500,4199,B,B企业,310000,2019,4,10
2019-10-16,苏州市,A002,5,16495,GL电视,GL,电视,1500,3299,A,A企业,320500,2019,4,10
2019-10-16,长沙市,B002,5,17995,MD电视,MD,电视,2000,4299,B,B企业,430100,2019,4,10
2019-10-16,深圳市,A002,6,19794,GL电视,GL,电视,1500,3299,A,A企业,440300,2019,4,10
2019-10-17,厦门市,A001,7,32683,GL冰箱,GL,冰箱,2200,4669,A,A企业,350200,2019,4,10
2019-10-17,上海市,B001,7,29393,MD冰箱,MD,冰箱,2500,4199,B,B企业,310000,2019,4,10
2019-10-17,长沙市,B002,7,25193,MD电视,MD,电视,2000,4299,B,B企业,430100,2019,4,10
2019-10-17,长沙市,A001,6,28014,GL冰箱,GL,冰箱,2200,4669,A,A企业,430100,2019,4,10
2019-10-17,成都市,A001,5,23345,GL冰箱,GL,冰箱,2200,4669,A,A企业,510100,2019,4,10
2019-10-17,深圳市,B001,5,20995,MD冰箱,MD,冰箱,2500,4199,B,B企业,440300,2019,4,10
2019-10-17,苏州市,A001,5,23345,GL冰箱,GL,冰箱,2200,4669,A,A企业,320500,2019,4,10
2019-10-17,重庆市,B002,2,7198,MD电视,MD,电视,2000,4299,B,B企业,500000,2019,4,10
2019-10-17,深圳市,B002,3,10797,MD电视,MD,电视,2000,4299,B,B企业,440300,2019,4,10
2019-10-17,金华市,A001,7,32683,GL冰箱,GL,冰箱,2200,4669,A,A企业,330700,2019,4,10
2019-10-17,重庆市,A001,7,32683,GL冰箱,GL,冰箱,2200,4669,A,A企业,500000,2019,4,10
2019-10-17,厦门市,B001,4,16796,MD冰箱,MD,冰箱,2500,4199,B,B企业,350200,2019,4,10
2019-10-17,厦门市,A002,9,29691,GL电视,GL,电视,1500,3299,A,A企业,350200,2019,4,10
2019-10-17,厦门市,C001,5,17995,HE冰箱,HE,冰箱,1800,3599,C,C企业,350200,2019,4,10
2019-10-17,苏州市,B001,5,20995,MD冰箱,MD,冰箱,2500,4199,B,B企业,320500,2019,4,10
2019-10-17,金华市,B001,6,25194,MD冰箱,MD,冰箱,2500,4199,B,B企业,330700,2019,4,10
2019-10-17,深圳市,A001,3,14007,GL冰箱,GL,冰箱,2200,4669,A,A企业,440300,2019,4,10
2019-10-17,重庆市,A002,6,19794,GL电视,GL,电视,1500,3299,A,A企业,500000,2019,4,10
2019-10-17,成都市,A002,2,6598,GL电视,GL,电视,1500,3299,A,A企业,510100,2019,4,10
2019-10-17,厦门市,B002,5,17995,MD电视,MD,电视,2000,4299,B,B企业,350200,2019,4,10
2019-10-17,成都市,B001,6,25194,MD冰箱,MD,冰箱,2500,4199,B,B企业,510100,2019,4,10
2019-10-17,金华市,B002,3,10797,MD电视,MD,电视,2000,4299,B,B企业,330700,2019,4,10
2019-10-17,重庆市,B001,7,29393,MD冰箱,MD,冰箱,2500,4199,B,B企业,500000,2019,4,10
2019-10-17,上海市,A001,8,37352,GL冰箱,GL,冰箱,2200,4669,A,A企业,310000,2019,4,10
2019-10-17,长沙市,B001,3,12597,MD冰箱,MD,冰箱,2500,4199,B,B企业,430100,2019,4,10
2019-10-17,上海市,B002,3,10797,MD电视,MD,电视,2000,4299,B,B企业,310000,2019,4,10
2019-10-17,苏州市,C003,2,9338,HE洗衣机,HE,洗衣机,2600,4699,C,C企业,320500,2019,4,10
2019-10-17,长沙市,A003,7,32683,GL洗衣机,GL,洗衣机,3200,4669,A,A企业,430100,2019,4,10
2019-10-17,厦门市,A003,2,9338,GL洗衣机,GL,洗衣机,3200,4669,A,A企业,350200,2019,4,10
2019-10-17,金华市,C003,4,18676,HE洗衣机,HE,洗衣机,2600,4699,C,C企业,330700,2019,4,10
2019-10-17,金华市,A002,5,16495,GL电视,GL,电视,1500,3299,A,A企业,330700,2019,4,10
2019-10-17,苏州市,A003,5,23345,GL洗衣机,GL,洗衣机,3200,4669,A,A企业,320500,2019,4,10
2019-10-17,深圳市,A002,4,13196,GL电视,GL,电视,1500,3299,A,A企业,440300,2019,4,10
2019-10-18,上海市,A001,8,37352,GL冰箱,GL,冰箱,2200,4669,A,A企业,310000,2019,4,10
2019-10-18,厦门市,A001,4,18676,GL冰箱,GL,冰箱,2200,4669,A,A企业,350200,2019,4,10
2019-10-18,成都市,B002,3,10797,MD电视,MD,电视,2000,4299,B,B企业,510100,2019,4,10
2019-10-18,深圳市,B001,9,37791,MD冰箱,MD,冰箱,2500,4199,B,B企业,440300,2019,4,10
2019-10-18,金华市,A001,7,32683,GL冰箱,GL,冰箱,2200,4669,A,A企业,330700,2019,4,10
2019-10-18,金华市,C001,6,21594,HE冰箱,HE,冰箱,1800,3599,C,C企业,330700,2019,4,10
2019-10-18,厦门市,B001,5,20995,MD冰箱,MD,冰箱,2500,4199,B,B企业,350200,2019,4,10
2019-10-18,成都市,B001,4,16796,MD冰箱,MD,冰箱,2500,4199,B,B企业,510100,2019,4,10
2019-10-18,上海市,B001,5,20995,MD冰箱,MD,冰箱,2500,4199,B,B企业,310000,2019,4,10
2019-10-18,苏州市,B001,5,20995,MD冰箱,MD,冰箱,2500,4199,B,B企业,320500,2019,4,10
2019-10-18,金华市,B001,5,20995,MD冰箱,MD,冰箱,2500,4199,B,B企业,330700,2019,4,10
2019-10-18,重庆市,A001,3,14007,GL冰箱,GL,冰箱,2200,4669,A,A企业,500000,2019,4,10
2019-10-18,苏州市,A001,2,9338,GL冰箱,GL,冰箱,2200,4669,A,A企业,320500,2019,4,10
2019-10-18,重庆市,B001,6,25194,MD冰箱,MD,冰箱,2500,4199,B,B企业,500000,2019,4,10
2019-10-18,深圳市,A001,7,32683,GL冰箱,GL,冰箱,2200,4669,A,A企业,440300,2019,4,10
2019-10-18,厦门市,B002,4,14396,MD电视,MD,电视,2000,4299,B,B企业,350200,2019,4,10
2019-10-18,成都市,C002,3,12597,HE电视,HE,电视,2200,4199,C,C企业,510100,2019,4,10
2019-10-18,深圳市,A002,6,19794,GL电视,GL,电视,1500,3299,A,A企业,440300,2019,4,10
2019-10-18,成都市,A002,4,13196,GL电视,GL,电视,1500,3299,A,A企业,510100,2019,4,10
2019-10-18,金华市,A002,3,9897,GL电视,GL,电视,1500,3299,A,A企业,330700,2019,4,10
2019-10-18,深圳市,B002,5,17995,MD电视,MD,电视,2000,4299,B,B企业,440300,2019,4,10
2019-10-18,厦门市,A003,5,23345,GL洗衣机,GL,洗衣机,3200,4669,A,A企业,350200,2019,4,10
2019-10-18,成都市,A003,6,28014,GL洗衣机,GL,洗衣机,3200,4669,A,A企业,510100,2019,4,10
2019-10-18,厦门市,B003,6,34194,MD洗衣机,MD,洗衣机,3100,5699,B,B企业,350200,2019,4,10
2019-10-18,金华市,B002,2,7198,MD电视,MD,电视,2000,4299,B,B企业,330700,2019,4,10
2019-10-18,重庆市,C002,2,8398,HE电视,HE,电视,2200,4199,C,C企业,500000,2019,4,10
2019-10-18,金华市,B003,6,34194,MD洗衣机,MD,洗衣机,3100,5699,B,B企业,330700,2019,4,10
2019-10-18,重庆市,B002,6,21594,MD电视,MD,电视,2000,4299,B,B企业,500000,2019,4,10
2019-10-18,长沙市,A001,4,18676,GL冰箱,GL,冰箱,2200,4669,A,A企业,430100,2019,4,10
2019-10-18,苏州市,B002,8,28792,MD电视,MD,电视,2000,4299,B,B企业,320500,2019,4,10
2019-10-18,成都市,B003,7,39893,MD洗衣机,MD,洗衣机,3100,5699,B,B企业,510100,2019,4,10
2019-10-18,厦门市,C002,8,33592,HE电视,HE,电视,2200,4199,C,C企业,350200,2019,4,10
2019-10-18,长沙市,B003,2,11398,MD洗衣机,MD,洗衣机,3100,5699,B,B企业,430100,2019,4,10
2019-10-18,成都市,A001,5,23345,GL冰箱,GL,冰箱,2200,4669,A,A企业,510100,2019,4,10
2019-10-18,长沙市,A002,4,13196,GL电视,GL,电视,1500,3299,A,A企业,430100,2019,4,10
2019-10-18,长沙市,C002,2,8398,HE电视,HE,电视,2200,4199,C,C企业,430100,2019,4,10
2019-10-18,重庆市,C001,5,17995,HE冰箱,HE,冰箱,1800,3599,C,C企业,500000,2019,4,10
2019-10-19,厦门市,C002,2,8398,HE电视,HE,电视,2200,4199,C,C企业,350200,2019,4,10
2019-10-19,长沙市,A001,4,18676,GL冰箱,GL,冰箱,2200,4669,A,A企业,430100,2019,4,10
2019-10-19,成都市,B001,3,12597,MD冰箱,MD,冰箱,2500,4199,B,B企业,510100,2019,4,10
2019-10-19,金华市,C002,6,25194,HE电视,HE,电视,2200,4199,C,C企业,330700,2019,4,10
2019-10-19,深圳市,A003,3,14007,GL洗衣机,GL,洗衣机,3200,4669,A,A企业,440300,2019,4,10
2019-10-19,重庆市,B001,5,20995,MD冰箱,MD,冰箱,2500,4199,B,B企业,500000,2019,4,10
2019-10-19,深圳市,A002,4,13196,GL电视,GL,电视,1500,3299,A,A企业,440300,2019,4,10
2019-10-19,重庆市,C002,7,29393,HE电视,HE,电视,2200,4199,C,C企业,500000,2019,4,10
2019-10-19,长沙市,C001,3,10797,HE冰箱,HE,冰箱,1800,3599,C,C企业,430100,2019,4,10
2019-10-19,厦门市,A001,5,23345,GL冰箱,GL,冰箱,2200,4669,A,A企业,350200,2019,4,10
2019-10-19,苏州市,B001,2,8398,MD冰箱,MD,冰箱,2500,4199,B,B企业,320500,2019,4,10
2019-10-19,金华市,A001,2,9338,GL冰箱,GL,冰箱,2200,4669,A,A企业,330700,2019,4,10
2019-10-19,深圳市,A001,9,42021,GL冰箱,GL,冰箱,2200,4669,A,A企业,440300,2019,4,10
2019-10-19,厦门市,B001,6,25194,MD冰箱,MD,冰箱,2500,4199,B,B企业,350200,2019,4,10
2019-10-19,金华市,B001,5,20995,MD冰箱,MD,冰箱,2500,4199,B,B企业,330700,2019,4,10
2019-10-19,金华市,C001,9,32391,HE冰箱,HE,冰箱,1800,3599,C,C企业,330700,2019,4,10
2019-10-19,深圳市,B001,7,29393,MD冰箱,MD,冰箱,2500,4199,B,B企业,440300,2019,4,10
2019-10-19,长沙市,C002,5,20995,HE电视,HE,电视,2200,4199,C,C企业,430100,2019,4,10
2019-10-19,重庆市,A001,7,32683,GL冰箱,GL,冰箱,2200,4669,A,A企业,500000,2019,4,10
2019-10-19,成都市,C001,4,14396,HE冰箱,HE,冰箱,1800,3599,C,C企业,510100,2019,4,10
2019-10-19,长沙市,B001,5,20995,MD冰箱,MD,冰箱,2500,4199,B,B企业,430100,2019,4,10
2019-10-19,成都市,A001,4,18676,GL冰箱,GL,冰箱,2200,4669,A,A企业,510100,2019,4,10
2019-10-19,长沙市,B002,6,21594,MD电视,MD,电视,2000,4299,B,B企业,430100,2019,4,10
2019-10-19,金华市,A003,5,23345,GL洗衣机,GL,洗衣机,3200,4669,A,A企业,330700,2019,4,10
2019-10-19,重庆市,C001,2,7198,HE冰箱,HE,冰箱,1800,3599,C,C企业,500000,2019,4,10
2019-10-19,苏州市,A001,6,28014,GL冰箱,GL,冰箱,2200,4669,A,A企业,320500,2019,4,10
2019-10-19,苏州市,C002,4,16796,HE电视,HE,电视,2200,4199,C,C企业,320500,2019,4,10
2019-10-19,苏州市,A003,6,28014,GL洗衣机,GL,洗衣机,3200,4669,A,A企业,320500,2019,4,10
2019-10-19,金华市,B002,5,17995,MD电视,MD,电视,2000,4299,B,B企业,330700,2019,4,10
2019-10-19,深圳市,B002,8,28792,MD电视,MD,电视,2000,4299,B,B企业,440300,2019,4,10
2019-10-19,厦门市,B002,6,21594,MD电视,MD,电视,2000,4299,B,B企业,350200,2019,4,10
2019-10-19,重庆市,B002,7,25193,MD电视,MD,电视,2000,4299,B,B企业,500000,2019,4,10
2019-10-19,上海市,B001,7,29393,MD冰箱,MD,冰箱,2500,4199,B,B企业,310000,2019,4,10
2019-10-19,厦门市,C001,7,25193,HE冰箱,HE,冰箱,1800,3599,C,C企业,350200,2019,4,10
2019-10-19,金华市,A002,5,16495,GL电视,GL,电视,1500,3299,A,A企业,330700,2019,4,10
2019-10-19,上海市,A002,5,16495,GL电视,GL,电视,1500,3299,A,A企业,310000,2019,4,10
2019-10-20,金华市,A001,6,28014,GL冰箱,GL,冰箱,2200,4669,A,A企业,330700,2019,4,10
2019-10-20,金华市,B001,3,12597,MD冰箱,MD,冰箱,2500,4199,B,B企业,330700,2019,4,10
2019-10-20,苏州市,B001,6,25194,MD冰箱,MD,冰箱,2500,4199,B,B企业,320500,2019,4,10
2019-10-20,上海市,A001,6,28014,GL冰箱,GL,冰箱,2200,4669,A,A企业,310000,2019,4,10
2019-10-20,苏州市,A001,4,18676,GL冰箱,GL,冰箱,2200,4669,A,A企业,320500,2019,4,10
2019-10-20,苏州市,C002,8,33592,HE电视,HE,电视,2200,4199,C,C企业,320500,2019,4,10
2019-10-20,上海市,B001,3,12597,MD冰箱,MD,冰箱,2500,4199,B,B企业,310000,2019,4,10
2019-10-20,厦门市,B001,5,20995,MD冰箱,MD,冰箱,2500,4199,B,B企业,350200,2019,4,10
2019-10-20,金华市,A002,3,9897,GL电视,GL,电视,1500,3299,A,A企业,330700,2019,4,10
2019-10-20,深圳市,B001,5,20995,MD冰箱,MD,冰箱,2500,4199,B,B企业,440300,2019,4,10
2019-10-20,上海市,C002,5,20995,HE电视,HE,电视,2200,4199,C,C企业,310000,2019,4,10
2019-10-20,成都市,A002,3,9897,GL电视,GL,电视,1500,3299,A,A企业,510100,2019,4,10
2019-10-20,重庆市,A002,6,19794,GL电视,GL,电视,1500,3299,A,A企业,500000,2019,4,10
2019-10-20,深圳市,A002,2,6598,GL电视,GL,电视,1500,3299,A,A企业,440300,2019,4,10
2019-10-20,厦门市,A001,6,28014,GL冰箱,GL,冰箱,2200,4669,A,A企业,350200,2019,4,10
2019-10-20,成都市,B002,2,7198,MD电视,MD,电视,2000,4299,B,B企业,510100,2019,4,10
2019-10-20,深圳市,C002,3,12597,HE电视,HE,电视,2200,4199,C,C企业,440300,2019,4,10
2019-10-20,金华市,B002,3,10797,MD电视,MD,电视,2000,4299,B,B企业,330700,2019,4,10
2019-10-20,厦门市,B002,4,14396,MD电视,MD,电视,2000,4299,B,B企业,350200,2019,4,10
2019-10-20,成都市,B001,3,12597,MD冰箱,MD,冰箱,2500,4199,B,B企业,510100,2019,4,10
2019-10-20,重庆市,B002,8,28792,MD电视,MD,电视,2000,4299,B,B企业,500000,2019,4,10
2019-10-20,长沙市,B002,3,10797,MD电视,MD,电视,2000,4299,B,B企业,430100,2019,4,10
2019-10-20,成都市,A001,3,14007,GL冰箱,GL,冰箱,2200,4669,A,A企业,510100,2019,4,10
2019-10-20,深圳市,B002,4,14396,MD电视,MD,电视,2000,4299,B,B企业,440300,2019,4,10
2019-10-20,深圳市,A001,8,37352,GL冰箱,GL,冰箱,2200,4669,A,A企业,440300,2019,4,10
2019-10-20,金华市,C002,5,20995,HE电视,HE,电视,2200,4199,C,C企业,330700,2019,4,10
2019-10-20,长沙市,C002,6,25194,HE电视,HE,电视,2200,4199,C,C企业,430100,2019,4,10
2019-10-20,厦门市,C002,3,12597,HE电视,HE,电视,2200,4199,C,C企业,350200,2019,4,10
2019-10-20,重庆市,A001,3,14007,GL冰箱,GL,冰箱,2200,4669,A,A企业,500000,2019,4,10
2019-10-20,厦门市,C001,5,17995,HE冰箱,HE,冰箱,1800,3599,C,C企业,350200,2019,4,10
2019-10-20,深圳市,C001,2,7198,HE冰箱,HE,冰箱,1800,3599,C,C企业,440300,2019,4,10
2019-10-20,长沙市,B001,3,12597,MD冰箱,MD,冰箱,2500,4199,B,B企业,430100,2019,4,10
2019-10-20,长沙市,A001,7,32683,GL冰箱,GL,冰箱,2200,4669,A,A企业,430100,2019,4,10
2019-10-20,金华市,C001,6,21594,HE冰箱,HE,冰箱,1800,3599,C,C企业,330700,2019,4,10
2019-10-20,厦门市,A002,3,9897,GL电视,GL,电视,1500,3299,A,A企业,350200,2019,4,10
2019-10-21,重庆市,C001,3,10797,HE冰箱,HE,冰箱,1800,3599,C,C企业,500000,2019,4,10
2019-10-21,金华市,A001,5,23345,GL冰箱,GL,冰箱,2200,4669,A,A企业,330700,2019,4,10
2019-10-21,重庆市,A001,5,23345,GL冰箱,GL,冰箱,2200,4669,A,A企业,500000,2019,4,10
2019-10-21,厦门市,A001,5,23345,GL冰箱,GL,冰箱,2200,4669,A,A企业,350200,2019,4,10
2019-10-21,厦门市,A002,6,19794,GL电视,GL,电视,1500,3299,A,A企业,350200,2019,4,10
2019-10-21,重庆市,B001,6,25194,MD冰箱,MD,冰箱,2500,4199,B,B企业,500000,2019,4,10
2019-10-21,金华市,B001,8,33592,MD冰箱,MD,冰箱,2500,4199,B,B企业,330700,2019,4,10
2019-10-21,成都市,A001,5,23345,GL冰箱,GL,冰箱,2200,4669,A,A企业,510100,2019,4,10
2019-10-21,金华市,A003,5,23345,GL洗衣机,GL,洗衣机,3200,4669,A,A企业,330700,2019,4,10
2019-10-21,深圳市,A002,9,29691,GL电视,GL,电视,1500,3299,A,A企业,440300,2019,4,10
2019-10-21,深圳市,A001,4,18676,GL冰箱,GL,冰箱,2200,4669,A,A企业,440300,2019,4,10
2019-10-21,苏州市,C002,5,20995,HE电视,HE,电视,2200,4199,C,C企业,320500,2019,4,10
2019-10-21,深圳市,A003,5,23345,GL洗衣机,GL,洗衣机,3200,4669,A,A企业,440300,2019,4,10
2019-10-21,金华市,A002,8,26392,GL电视,GL,电视,1500,3299,A,A企业,330700,2019,4,10
2019-10-21,厦门市,A003,4,18676,GL洗衣机,GL,洗衣机,3200,4669,A,A企业,350200,2019,4,10
2019-10-21,上海市,B001,6,25194,MD冰箱,MD,冰箱,2500,4199,B,B企业,310000,2019,4,10
2019-10-21,上海市,A001,3,14007,GL冰箱,GL,冰箱,2200,4669,A,A企业,310000,2019,4,10
2019-10-21,重庆市,C002,5,20995,HE电视,HE,电视,2200,4199,C,C企业,500000,2019,4,10
2019-10-21,厦门市,C002,3,12597,HE电视,HE,电视,2200,4199,C,C企业,350200,2019,4,10
2019-10-21,重庆市,A003,4,18676,GL洗衣机,GL,洗衣机,3200,4669,A,A企业,500000,2019,4,10
2019-10-21,成都市,A003,6,28014,GL洗衣机,GL,洗衣机,3200,4669,A,A企业,510100,2019,4,10
2019-10-21,上海市,A003,5,23345,GL洗衣机,GL,洗衣机,3200,4669,A,A企业,310000,2019,4,10
2019-10-21,深圳市,C001,8,28792,HE冰箱,HE,冰箱,1800,3599,C,C企业,440300,2019,4,10
2019-10-21,上海市,C001,5,17995,HE冰箱,HE,冰箱,1800,3599,C,C企业,310000,2019,4,10
2019-10-21,金华市,C001,6,21594,HE冰箱,HE,冰箱,1800,3599,C,C企业,330700,2019,4,10
2019-10-21,上海市,A002,7,23093,GL电视,GL,电视,1500,3299,A,A企业,310000,2019,4,10
2019-10-21,上海市,B002,7,25193,MD电视,MD,电视,2000,4299,B,B企业,310000,2019,4,10
2019-10-21,重庆市,B002,5,17995,MD电视,MD,电视,2000,4299,B,B企业,500000,2019,4,10
2019-10-21,苏州市,A001,2,9338,GL冰箱,GL,冰箱,2200,4669,A,A企业,320500,2019,4,10
2019-10-21,苏州市,B002,7,25193,MD电视,MD,电视,2000,4299,B,B企业,320500,2019,4,10
2019-10-21,苏州市,C001,7,25193,HE冰箱,HE,冰箱,1800,3599,C,C企业,320500,2019,4,10
2019-10-21,长沙市,A001,5,23345,GL冰箱,GL,冰箱,2200,4669,A,A企业,430100,2019,4,10
2019-10-21,长沙市,C003,8,37352,HE洗衣机,HE,洗衣机,2600,4699,C,C企业,430100,2019,4,10
2019-10-21,重庆市,B003,4,22796,MD洗衣机,MD,洗衣机,3100,5699,B,B企业,500000,2019,4,10
2019-10-21,金华市,B003,5,28495,MD洗衣机,MD,洗衣机,3100,5699,B,B企业,330700,2019,4,10
2019-10-21,苏州市,B001,6,25194,MD冰箱,MD,冰箱,2500,4199,B,B企业,320500,2019,4,10
2019-10-21,厦门市,B002,4,14396,MD电视,MD,电视,2000,4299,B,B企业,350200,2019,4,10
2019-10-21,上海市,C002,4,16796,HE电视,HE,电视,2200,4199,C,C企业,310000,2019,4,10
2019-10-21,成都市,B001,2,8398,MD冰箱,MD,冰箱,2500,4199,B,B企业,510100,2019,4,10
2019-10-21,厦门市,C001,7,25193,HE冰箱,HE,冰箱,1800,3599,C,C企业,350200,2019,4,10
2019-10-21,长沙市,C001,5,17995,HE冰箱,HE,冰箱,1800,3599,C,C企业,430100,2019,4,10
2019-10-21,深圳市,B003,5,28495,MD洗衣机,MD,洗衣机,3100,5699,B,B企业,440300,2019,4,10
2019-10-21,深圳市,B002,4,14396,MD电视,MD,电视,2000,4299,B,B企业,440300,2019,4,10
2019-10-21,苏州市,A002,6,19794,GL电视,GL,电视,1500,3299,A,A企业,320500,2019,4,10
2019-10-21,厦门市,B001,5,20995,MD冰箱,MD,冰箱,2500,4199,B,B企业,350200,2019,4,10
2019-10-21,长沙市,B001,6,25194,MD冰箱,MD,冰箱,2500,4199,B,B企业,430100,2019,4,10
2019-10-22,厦门市,A001,4,18676,GL冰箱,GL,冰箱,2200,4669,A,A企业,350200,2019,4,10
2019-10-22,深圳市,B001,9,37791,MD冰箱,MD,冰箱,2500,4199,B,B企业,440300,2019,4,10
2019-10-22,成都市,A001,6,28014,GL冰箱,GL,冰箱,2200,4669,A,A企业,510100,2019,4,10
2019-10-22,长沙市,A002,4,13196,GL电视,GL,电视,1500,3299,A,A企业,430100,2019,4,10
2019-10-22,厦门市,B001,2,8398,MD冰箱,MD,冰箱,2500,4199,B,B企业,350200,2019,4,10
2019-10-22,深圳市,A001,4,18676,GL冰箱,GL,冰箱,2200,4669,A,A企业,440300,2019,4,10
2019-10-22,长沙市,A001,7,32683,GL冰箱,GL,冰箱,2200,4669,A,A企业,430100,2019,4,10
2019-10-22,重庆市,A001,3,14007,GL冰箱,GL,冰箱,2200,4669,A,A企业,500000,2019,4,10
2019-10-22,重庆市,C002,2,8398,HE电视,HE,电视,2200,4199,C,C企业,500000,2019,4,10
2019-10-22,厦门市,C001,7,25193,HE冰箱,HE,冰箱,1800,3599,C,C企业,350200,2019,4,10
2019-10-22,金华市,A002,9,29691,GL电视,GL,电视,1500,3299,A,A企业,330700,2019,4,10
2019-10-22,成都市,A002,7,23093,GL电视,GL,电视,1500,3299,A,A企业,510100,2019,4,10
2019-10-22,厦门市,B002,7,25193,MD电视,MD,电视,2000,4299,B,B企业,350200,2019,4,10
2019-10-22,金华市,A001,9,42021,GL冰箱,GL,冰箱,2200,4669,A,A企业,330700,2019,4,10
2019-10-22,苏州市,C002,2,8398,HE电视,HE,电视,2200,4199,C,C企业,320500,2019,4,10
2019-10-22,长沙市,C002,2,8398,HE电视,HE,电视,2200,4199,C,C企业,430100,2019,4,10
2019-10-22,厦门市,C002,5,20995,HE电视,HE,电视,2200,4199,C,C企业,350200,2019,4,10
2019-10-22,金华市,C002,4,16796,HE电视,HE,电视,2200,4199,C,C企业,330700,2019,4,10
2019-10-22,金华市,B001,3,12597,MD冰箱,MD,冰箱,2500,4199,B,B企业,330700,2019,4,10
2019-10-22,长沙市,B002,3,10797,MD电视,MD,电视,2000,4299,B,B企业,430100,2019,4,10
2019-10-22,成都市,C001,6,21594,HE冰箱,HE,冰箱,1800,3599,C,C企业,510100,2019,4,10
2019-10-22,成都市,B001,5,20995,MD冰箱,MD,冰箱,2500,4199,B,B企业,510100,2019,4,10
2019-10-22,金华市,B002,3,10797,MD电视,MD,电视,2000,4299,B,B企业,330700,2019,4,10
2019-10-22,重庆市,B001,4,16796,MD冰箱,MD,冰箱,2500,4199,B,B企业,500000,2019,4,10
2019-10-22,苏州市,A001,4,18676,GL冰箱,GL,冰箱,2200,4669,A,A企业,320500,2019,4,10
2019-10-22,厦门市,A002,5,16495,GL电视,GL,电视,1500,3299,A,A企业,350200,2019,4,10
2019-10-22,长沙市,B001,9,37791,MD冰箱,MD,冰箱,2500,4199,B,B企业,430100,2019,4,10
2019-10-22,苏州市,B001,9,37791,MD冰箱,MD,冰箱,2500,4199,B,B企业,320500,2019,4,10
2019-10-22,重庆市,A002,4,13196,GL电视,GL,电视,1500,3299,A,A企业,500000,2019,4,10
2019-10-22,苏州市,A002,7,23093,GL电视,GL,电视,1500,3299,A,A企业,320500,2019,4,10
2019-10-22,上海市,A002,6,19794,GL电视,GL,电视,1500,3299,A,A企业,310000,2019,4,10
2019-10-22,金华市,C001,6,21594,HE冰箱,HE,冰箱,1800,3599,C,C企业,330700,2019,4,10
2019-10-22,金华市,C003,5,23345,HE洗衣机,HE,洗衣机,2600,4699,C,C企业,330700,2019,4,10
2019-10-22,上海市,C002,2,8398,HE电视,HE,电视,2200,4199,C,C企业,310000,2019,4,10
2019-10-22,上海市,B001,4,16796,MD冰箱,MD,冰箱,2500,4199,B,B企业,310000,2019,4,10
2019-10-22,金华市,A003,9,42021,GL洗衣机,GL,洗衣机,3200,4669,A,A企业,330700,2019,4,10
2019-10-23,成都市,A001,4,18676,GL冰箱,GL,冰箱,2200,4669,A,A企业,510100,2019,4,10
2019-10-23,长沙市,C001,4,14396,HE冰箱,HE,冰箱,1800,3599,C,C企业,430100,2019,4,10
2019-10-23,厦门市,B001,2,8398,MD冰箱,MD,冰箱,2500,4199,B,B企业,350200,2019,4,10
2019-10-23,厦门市,A001,7,32683,GL冰箱,GL,冰箱,2200,4669,A,A企业,350200,2019,4,10
2019-10-23,长沙市,A001,5,23345,GL冰箱,GL,冰箱,2200,4669,A,A企业,430100,2019,4,10
2019-10-23,成都市,C002,7,29393,HE电视,HE,电视,2200,4199,C,C企业,510100,2019,4,10
2019-10-23,上海市,B001,6,25194,MD冰箱,MD,冰箱,2500,4199,B,B企业,310000,2019,4,10
2019-10-23,重庆市,B001,6,25194,MD冰箱,MD,冰箱,2500,4199,B,B企业,500000,2019,4,10
2019-10-23,上海市,C001,5,17995,HE冰箱,HE,冰箱,1800,3599,C,C企业,310000,2019,4,10
2019-10-23,金华市,C001,4,14396,HE冰箱,HE,冰箱,1800,3599,C,C企业,330700,2019,4,10
2019-10-23,苏州市,B001,5,20995,MD冰箱,MD,冰箱,2500,4199,B,B企业,320500,2019,4,10
2019-10-23,长沙市,A002,2,6598,GL电视,GL,电视,1500,3299,A,A企业,430100,2019,4,10
2019-10-23,重庆市,C001,4,14396,HE冰箱,HE,冰箱,1800,3599,C,C企业,500000,2019,4,10
2019-10-23,厦门市,B002,4,14396,MD电视,MD,电视,2000,4299,B,B企业,350200,2019,4,10
2019-10-23,重庆市,A001,5,23345,GL冰箱,GL,冰箱,2200,4669,A,A企业,500000,2019,4,10
2019-10-23,重庆市,B002,2,7198,MD电视,MD,电视,2000,4299,B,B企业,500000,2019,4,10
2019-10-23,金华市,B002,6,21594,MD电视,MD,电视,2000,4299,B,B企业,330700,2019,4,10
2019-10-23,金华市,B001,2,8398,MD冰箱,MD,冰箱,2500,4199,B,B企业,330700,2019,4,10
2019-10-23,金华市,A001,5,23345,GL冰箱,GL,冰箱,2200,4669,A,A企业,330700,2019,4,10
2019-10-23,深圳市,B001,5,20995,MD冰箱,MD,冰箱,2500,4199,B,B企业,440300,2019,4,10
2019-10-23,成都市,B001,8,33592,MD冰箱,MD,冰箱,2500,4199,B,B企业,510100,2019,4,10
2019-10-23,成都市,A002,5,16495,GL电视,GL,电视,1500,3299,A,A企业,510100,2019,4,10
2019-10-23,成都市,C001,4,14396,HE冰箱,HE,冰箱,1800,3599,C,C企业,510100,2019,4,10
2019-10-23,上海市,A001,4,18676,GL冰箱,GL,冰箱,2200,4669,A,A企业,310000,2019,4,10
2019-10-23,深圳市,A001,9,42021,GL冰箱,GL,冰箱,2200,4669,A,A企业,440300,2019,4,10
2019-10-23,上海市,A002,3,9897,GL电视,GL,电视,1500,3299,A,A企业,310000,2019,4,10
2019-10-23,深圳市,C002,8,33592,HE电视,HE,电视,2200,4199,C,C企业,440300,2019,4,10
2019-10-23,长沙市,C002,4,16796,HE电视,HE,电视,2200,4199,C,C企业,430100,2019,4,10
2019-10-23,深圳市,A002,5,16495,GL电视,GL,电视,1500,3299,A,A企业,440300,2019,4,10
2019-10-23,苏州市,C001,3,10797,HE冰箱,HE,冰箱,1800,3599,C,C企业,320500,2019,4,10
2019-10-23,长沙市,B001,5,20995,MD冰箱,MD,冰箱,2500,4199,B,B企业,430100,2019,4,10
2019-10-23,苏州市,A002,8,26392,GL电视,GL,电视,1500,3299,A,A企业,320500,2019,4,10
2019-10-23,厦门市,A002,5,16495,GL电视,GL,电视,1500,3299,A,A企业,350200,2019,4,10
2019-10-23,金华市,A002,2,6598,GL电视,GL,电视,1500,3299,A,A企业,330700,2019,4,10
2019-10-23,金华市,C003,5,23345,HE洗衣机,HE,洗衣机,2600,4699,C,C企业,330700,2019,4,10
2019-10-23,苏州市,C002,3,12597,HE电视,HE,电视,2200,4199,C,C企业,320500,2019,4,10
2019-10-23,金华市,B003,3,17097,MD洗衣机,MD,洗衣机,3100,5699,B,B企业,330700,2019,4,10
2019-10-23,金华市,C002,6,25194,HE电视,HE,电视,2200,4199,C,C企业,330700,2019,4,10
2019-10-23,厦门市,C001,5,17995,HE冰箱,HE,冰箱,1800,3599,C,C企业,350200,2019,4,10
2019-10-23,厦门市,C002,8,33592,HE电视,HE,电视,2200,4199,C,C企业,350200,2019,4,10
2019-10-23,成都市,B003,3,17097,MD洗衣机,MD,洗衣机,3100,5699,B,B企业,510100,2019,4,10
2019-10-23,厦门市,B003,9,51291,MD洗衣机,MD,洗衣机,3100,5699,B,B企业,350200,2019,4,10
2019-10-23,重庆市,B003,2,11398,MD洗衣机,MD,洗衣机,3100,5699,B,B企业,500000,2019,4,10
2019-10-23,深圳市,B002,3,10797,MD电视,MD,电视,2000,4299,B,B企业,440300,2019,4,10
2019-10-23,苏州市,B002,4,14396,MD电视,MD,电视,2000,4299,B,B企业,320500,2019,4,10
2019-10-23,深圳市,A003,4,18676,GL洗衣机,GL,洗衣机,3200,4669,A,A企业,440300,2019,4,10
2019-10-24,金华市,B001,5,20995,MD冰箱,MD,冰箱,2500,4199,B,B企业,330700,2019,4,10
2019-10-24,厦门市,C001,6,21594,HE冰箱,HE,冰箱,1800,3599,C,C企业,350200,2019,4,10
2019-10-24,厦门市,B001,4,16796,MD冰箱,MD,冰箱,2500,4199,B,B企业,350200,2019,4,10
2019-10-24,上海市,B001,3,12597,MD冰箱,MD,冰箱,2500,4199,B,B企业,310000,2019,4,10
2019-10-24,深圳市,C001,6,21594,HE冰箱,HE,冰箱,1800,3599,C,C企业,440300,2019,4,10
2019-10-24,上海市,A001,6,28014,GL冰箱,GL,冰箱,2200,4669,A,A企业,310000,2019,4,10
2019-10-24,厦门市,B002,8,28792,MD电视,MD,电视,2000,4299,B,B企业,350200,2019,4,10
2019-10-24,深圳市,A001,4,18676,GL冰箱,GL,冰箱,2200,4669,A,A企业,440300,2019,4,10
2019-10-24,长沙市,C002,5,20995,HE电视,HE,电视,2200,4199,C,C企业,430100,2019,4,10
2019-10-24,重庆市,C002,7,29393,HE电视,HE,电视,2200,4199,C,C企业,500000,2019,4,10
2019-10-24,苏州市,A001,4,18676,GL冰箱,GL,冰箱,2200,4669,A,A企业,320500,2019,4,10
2019-10-24,成都市,C001,8,28792,HE冰箱,HE,冰箱,1800,3599,C,C企业,510100,2019,4,10
2019-10-24,长沙市,B001,6,25194,MD冰箱,MD,冰箱,2500,4199,B,B企业,430100,2019,4,10
2019-10-24,成都市,B001,3,12597,MD冰箱,MD,冰箱,2500,4199,B,B企业,510100,2019,4,10
2019-10-24,深圳市,B002,6,21594,MD电视,MD,电视,2000,4299,B,B企业,440300,2019,4,10
2019-10-24,金华市,A001,7,32683,GL冰箱,GL,冰箱,2200,4669,A,A企业,330700,2019,4,10
2019-10-24,重庆市,B001,6,25194,MD冰箱,MD,冰箱,2500,4199,B,B企业,500000,2019,4,10
2019-10-24,长沙市,A001,7,32683,GL冰箱,GL,冰箱,2200,4669,A,A企业,430100,2019,4,10
2019-10-24,重庆市,A001,3,14007,GL冰箱,GL,冰箱,2200,4669,A,A企业,500000,2019,4,10
2019-10-24,重庆市,A002,4,13196,GL电视,GL,电视,1500,3299,A,A企业,500000,2019,4,10
2019-10-24,成都市,A001,6,28014,GL冰箱,GL,冰箱,2200,4669,A,A企业,510100,2019,4,10
2019-10-24,深圳市,B001,2,8398,MD冰箱,MD,冰箱,2500,4199,B,B企业,440300,2019,4,10
2019-10-24,金华市,C002,7,29393,HE电视,HE,电视,2200,4199,C,C企业,330700,2019,4,10
2019-10-24,成都市,A002,2,6598,GL电视,GL,电视,1500,3299,A,A企业,510100,2019,4,10
2019-10-24,苏州市,B001,3,12597,MD冰箱,MD,冰箱,2500,4199,B,B企业,320500,2019,4,10
2019-10-24,深圳市,C002,4,16796,HE电视,HE,电视,2200,4199,C,C企业,440300,2019,4,10
2019-10-24,苏州市,C002,8,33592,HE电视,HE,电视,2200,4199,C,C企业,320500,2019,4,10
2019-10-24,成都市,C002,3,12597,HE电视,HE,电视,2200,4199,C,C企业,510100,2019,4,10
2019-10-24,上海市,A002,4,13196,GL电视,GL,电视,1500,3299,A,A企业,310000,2019,4,10
2019-10-24,金华市,C001,5,17995,HE冰箱,HE,冰箱,1800,3599,C,C企业,330700,2019,4,10
2019-10-24,深圳市,A002,6,19794,GL电视,GL,电视,1500,3299,A,A企业,440300,2019,4,10
2019-10-24,金华市,A002,5,16495,GL电视,GL,电视,1500,3299,A,A企业,330700,2019,4,10
2019-10-24,金华市,A003,5,23345,GL洗衣机,GL,洗衣机,3200,4669,A,A企业,330700,2019,4,10
2019-10-24,上海市,B002,4,14396,MD电视,MD,电视,2000,4299,B,B企业,310000,2019,4,10
2019-10-24,厦门市,A001,5,23345,GL冰箱,GL,冰箱,2200,4669,A,A企业,350200,2019,4,10
2019-10-24,苏州市,A003,4,18676,GL洗衣机,GL,洗衣机,3200,4669,A,A企业,320500,2019,4,10
2019-10-24,长沙市,C001,5,17995,HE冰箱,HE,冰箱,1800,3599,C,C企业,430100,2019,4,10
2019-10-24,金华市,B002,4,14396,MD电视,MD,电视,2000,4299,B,B企业,330700,2019,4,10
2019-10-24,厦门市,C002,6,25194,HE电视,HE,电视,2200,4199,C,C企业,350200,2019,4,10
2019-10-25,长沙市,B001,4,16796,MD冰箱,MD,冰箱,2500,4199,B,B企业,430100,2019,4,10
2019-10-25,金华市,A001,3,14007,GL冰箱,GL,冰箱,2200,4669,A,A企业,330700,2019,4,10
2019-10-25,厦门市,A001,6,28014,GL冰箱,GL,冰箱,2200,4669,A,A企业,350200,2019,4,10
2019-10-25,金华市,C002,2,8398,HE电视,HE,电视,2200,4199,C,C企业,330700,2019,4,10
2019-10-25,重庆市,B001,5,20995,MD冰箱,MD,冰箱,2500,4199,B,B企业,500000,2019,4,10
2019-10-25,深圳市,C001,4,14396,HE冰箱,HE,冰箱,1800,3599,C,C企业,440300,2019,4,10
2019-10-25,深圳市,A001,2,9338,GL冰箱,GL,冰箱,2200,4669,A,A企业,440300,2019,4,10
2019-10-25,重庆市,B002,4,14396,MD电视,MD,电视,2000,4299,B,B企业,500000,2019,4,10
2019-10-25,厦门市,B001,2,8398,MD冰箱,MD,冰箱,2500,4199,B,B企业,350200,2019,4,10
2019-10-25,苏州市,A001,3,14007,GL冰箱,GL,冰箱,2200,4669,A,A企业,320500,2019,4,10
2019-10-25,苏州市,B001,6,25194,MD冰箱,MD,冰箱,2500,4199,B,B企业,320500,2019,4,10
2019-10-25,深圳市,B001,8,33592,MD冰箱,MD,冰箱,2500,4199,B,B企业,440300,2019,4,10
2019-10-25,金华市,B001,6,25194,MD冰箱,MD,冰箱,2500,4199,B,B企业,330700,2019,4,10
2019-10-25,重庆市,A001,3,14007,GL冰箱,GL,冰箱,2200,4669,A,A企业,500000,2019,4,10
2019-10-25,成都市,A001,7,32683,GL冰箱,GL,冰箱,2200,4669,A,A企业,510100,2019,4,10
2019-10-25,苏州市,A003,7,32683,GL洗衣机,GL,洗衣机,3200,4669,A,A企业,320500,2019,4,10
2019-10-25,深圳市,A002,7,23093,GL电视,GL,电视,1500,3299,A,A企业,440300,2019,4,10
2019-10-25,金华市,A002,8,26392,GL电视,GL,电视,1500,3299,A,A企业,330700,2019,4,10
2019-10-25,成都市,A002,3,9897,GL电视,GL,电视,1500,3299,A,A企业,510100,2019,4,10
2019-10-25,重庆市,A002,5,16495,GL电视,GL,电视,1500,3299,A,A企业,500000,2019,4,10
2019-10-25,重庆市,C001,9,32391,HE冰箱,HE,冰箱,1800,3599,C,C企业,500000,2019,4,10
2019-10-25,长沙市,A001,3,14007,GL冰箱,GL,冰箱,2200,4669,A,A企业,430100,2019,4,10
2019-10-25,厦门市,A002,4,13196,GL电视,GL,电视,1500,3299,A,A企业,350200,2019,4,10
2019-10-25,苏州市,A002,5,16495,GL电视,GL,电视,1500,3299,A,A企业,320500,2019,4,10
2019-10-25,成都市,B001,6,25194,MD冰箱,MD,冰箱,2500,4199,B,B企业,510100,2019,4,10
2019-10-25,苏州市,B002,2,7198,MD电视,MD,电视,2000,4299,B,B企业,320500,2019,4,10
2019-10-25,成都市,C002,2,8398,HE电视,HE,电视,2200,4199,C,C企业,510100,2019,4,10
2019-10-25,成都市,B002,3,10797,MD电视,MD,电视,2000,4299,B,B企业,510100,2019,4,10
2019-10-25,深圳市,B002,7,25193,MD电视,MD,电视,2000,4299,B,B企业,440300,2019,4,10
2019-10-25,重庆市,A003,6,28014,GL洗衣机,GL,洗衣机,3200,4669,A,A企业,500000,2019,4,10
2019-10-25,厦门市,A003,7,32683,GL洗衣机,GL,洗衣机,3200,4669,A,A企业,350200,2019,4,10
2019-10-25,金华市,B002,5,17995,MD电视,MD,电视,2000,4299,B,B企业,330700,2019,4,10
2019-10-25,深圳市,A003,3,14007,GL洗衣机,GL,洗衣机,3200,4669,A,A企业,440300,2019,4,10
2019-10-26,金华市,B001,6,25194,MD冰箱,MD,冰箱,2500,4199,B,B企业,330700,2019,4,10
2019-10-26,厦门市,A001,4,18676,GL冰箱,GL,冰箱,2200,4669,A,A企业,350200,2019,4,10
2019-10-26,厦门市,B001,6,25194,MD冰箱,MD,冰箱,2500,4199,B,B企业,350200,2019,4,10
2019-10-26,重庆市,A001,5,23345,GL冰箱,GL,冰箱,2200,4669,A,A企业,500000,2019,4,10
2019-10-26,金华市,A001,6,28014,GL冰箱,GL,冰箱,2200,4669,A,A企业,330700,2019,4,10
2019-10-26,金华市,B002,3,10797,MD电视,MD,电视,2000,4299,B,B企业,330700,2019,4,10
2019-10-26,金华市,A002,5,16495,GL电视,GL,电视,1500,3299,A,A企业,330700,2019,4,10
2019-10-26,厦门市,C002,5,20995,HE电视,HE,电视,2200,4199,C,C企业,350200,2019,4,10
2019-10-26,深圳市,A001,6,28014,GL冰箱,GL,冰箱,2200,4669,A,A企业,440300,2019,4,10
2019-10-26,成都市,A001,6,28014,GL冰箱,GL,冰箱,2200,4669,A,A企业,510100,2019,4,10
2019-10-26,厦门市,A002,2,6598,GL电视,GL,电视,1500,3299,A,A企业,350200,2019,4,10
2019-10-26,深圳市,B001,7,29393,MD冰箱,MD,冰箱,2500,4199,B,B企业,440300,2019,4,10
2019-10-26,金华市,C002,5,20995,HE电视,HE,电视,2200,4199,C,C企业,330700,2019,4,10
2019-10-26,重庆市,A002,3,9897,GL电视,GL,电视,1500,3299,A,A企业,500000,2019,4,10
2019-10-26,重庆市,B001,7,29393,MD冰箱,MD,冰箱,2500,4199,B,B企业,500000,2019,4,10
2019-10-26,上海市,C001,5,17995,HE冰箱,HE,冰箱,1800,3599,C,C企业,310000,2019,4,10
2019-10-26,苏州市,A001,6,28014,GL冰箱,GL,冰箱,2200,4669,A,A企业,320500,2019,4,10
2019-10-26,上海市,A002,4,13196,GL电视,GL,电视,1500,3299,A,A企业,310000,2019,4,10
2019-10-26,长沙市,A001,6,28014,GL冰箱,GL,冰箱,2200,4669,A,A企业,430100,2019,4,10
2019-10-26,长沙市,A002,4,13196,GL电视,GL,电视,1500,3299,A,A企业,430100,2019,4,10
2019-10-26,厦门市,B002,5,17995,MD电视,MD,电视,2000,4299,B,B企业,350200,2019,4,10
2019-10-26,长沙市,B002,3,10797,MD电视,MD,电视,2000,4299,B,B企业,430100,2019,4,10
2019-10-26,苏州市,C001,6,21594,HE冰箱,HE,冰箱,1800,3599,C,C企业,320500,2019,4,10
2019-10-26,苏州市,B001,5,20995,MD冰箱,MD,冰箱,2500,4199,B,B企业,320500,2019,4,10
2019-10-26,苏州市,B002,7,25193,MD电视,MD,电视,2000,4299,B,B企业,320500,2019,4,10
2019-10-26,上海市,A001,6,28014,GL冰箱,GL,冰箱,2200,4669,A,A企业,310000,2019,4,10
2019-10-26,上海市,C002,3,12597,HE电视,HE,电视,2200,4199,C,C企业,310000,2019,4,10
2019-10-26,成都市,B001,5,20995,MD冰箱,MD,冰箱,2500,4199,B,B企业,510100,2019,4,10
2019-10-26,长沙市,B001,9,37791,MD冰箱,MD,冰箱,2500,4199,B,B企业,430100,2019,4,10
2019-10-26,金华市,C001,4,14396,HE冰箱,HE,冰箱,1800,3599,C,C企业,330700,2019,4,10
2019-10-26,重庆市,C002,7,29393,HE电视,HE,电视,2200,4199,C,C企业,500000,2019,4,10
2019-10-26,上海市,B001,8,33592,MD冰箱,MD,冰箱,2500,4199,B,B企业,310000,2019,4,10
2019-10-26,深圳市,A003,6,28014,GL洗衣机,GL,洗衣机,3200,4669,A,A企业,440300,2019,4,10
2019-10-26,成都市,A003,5,23345,GL洗衣机,GL,洗衣机,3200,4669,A,A企业,510100,2019,4,10
2019-10-26,苏州市,C002,7,29393,HE电视,HE,电视,2200,4199,C,C企业,320500,2019,4,10
2019-10-27,苏州市,C001,6,21594,HE冰箱,HE,冰箱,1800,3599,C,C企业,320500,2019,4,10
2019-10-27,重庆市,A002,7,23093,GL电视,GL,电视,1500,3299,A,A企业,500000,2019,4,10
2019-10-27,金华市,A001,6,28014,GL冰箱,GL,冰箱,2200,4669,A,A企业,330700,2019,4,10
2019-10-27,上海市,A001,3,14007,GL冰箱,GL,冰箱,2200,4669,A,A企业,310000,2019,4,10
2019-10-27,厦门市,B001,6,25194,MD冰箱,MD,冰箱,2500,4199,B,B企业,350200,2019,4,10
2019-10-27,厦门市,A001,6,28014,GL冰箱,GL,冰箱,2200,4669,A,A企业,350200,2019,4,10
2019-10-27,金华市,A002,6,19794,GL电视,GL,电视,1500,3299,A,A企业,330700,2019,4,10
2019-10-27,厦门市,C002,5,20995,HE电视,HE,电视,2200,4199,C,C企业,350200,2019,4,10
2019-10-27,苏州市,C002,5,20995,HE电视,HE,电视,2200,4199,C,C企业,320500,2019,4,10
2019-10-27,成都市,A002,6,19794,GL电视,GL,电视,1500,3299,A,A企业,510100,2019,4,10
2019-10-27,重庆市,B001,6,25194,MD冰箱,MD,冰箱,2500,4199,B,B企业,500000,2019,4,10
2019-10-27,苏州市,B001,4,16796,MD冰箱,MD,冰箱,2500,4199,B,B企业,320500,2019,4,10
2019-10-27,深圳市,A001,3,14007,GL冰箱,GL,冰箱,2200,4669,A,A企业,440300,2019,4,10
2019-10-27,深圳市,C003,5,23345,HE洗衣机,HE,洗衣机,2600,4699,C,C企业,440300,2019,4,10
2019-10-27,金华市,C001,7,25193,HE冰箱,HE,冰箱,1800,3599,C,C企业,330700,2019,4,10
2019-10-27,金华市,B001,6,25194,MD冰箱,MD,冰箱,2500,4199,B,B企业,330700,2019,4,10
2019-10-27,重庆市,A001,6,28014,GL冰箱,GL,冰箱,2200,4669,A,A企业,500000,2019,4,10
2019-10-27,长沙市,C001,4,14396,HE冰箱,HE,冰箱,1800,3599,C,C企业,430100,2019,4,10
2019-10-27,成都市,B001,5,20995,MD冰箱,MD,冰箱,2500,4199,B,B企业,510100,2019,4,10
2019-10-27,厦门市,C001,4,14396,HE冰箱,HE,冰箱,1800,3599,C,C企业,350200,2019,4,10
2019-10-27,成都市,C001,7,25193,HE冰箱,HE,冰箱,1800,3599,C,C企业,510100,2019,4,10
2019-10-27,深圳市,B002,4,14396,MD电视,MD,电视,2000,4299,B,B企业,440300,2019,4,10
2019-10-27,深圳市,B001,8,33592,MD冰箱,MD,冰箱,2500,4199,B,B企业,440300,2019,4,10
2019-10-27,深圳市,C001,4,14396,HE冰箱,HE,冰箱,1800,3599,C,C企业,440300,2019,4,10
2019-10-27,金华市,B002,6,21594,MD电视,MD,电视,2000,4299,B,B企业,330700,2019,4,10
2019-10-27,重庆市,B002,4,14396,MD电视,MD,电视,2000,4299,B,B企业,500000,2019,4,10
2019-10-27,厦门市,B002,4,14396,MD电视,MD,电视,2000,4299,B,B企业,350200,2019,4,10
2019-10-27,长沙市,A001,4,18676,GL冰箱,GL,冰箱,2200,4669,A,A企业,430100,2019,4,10
2019-10-27,长沙市,C003,3,14007,HE洗衣机,HE,洗衣机,2600,4699,C,C企业,430100,2019,4,10
2019-10-27,成都市,B002,3,10797,MD电视,MD,电视,2000,4299,B,B企业,510100,2019,4,10
2019-10-27,上海市,B001,2,8398,MD冰箱,MD,冰箱,2500,4199,B,B企业,310000,2019,4,10
2019-10-27,上海市,A002,5,16495,GL电视,GL,电视,1500,3299,A,A企业,310000,2019,4,10
2019-10-27,苏州市,A001,6,28014,GL冰箱,GL,冰箱,2200,4669,A,A企业,320500,2019,4,10
2019-10-27,成都市,A001,3,14007,GL冰箱,GL,冰箱,2200,4669,A,A企业,510100,2019,4,10
2019-10-28,上海市,B001,6,25194,MD冰箱,MD,冰箱,2500,4199,B,B企业,310000,2019,4,10
2019-10-28,上海市,A001,6,28014,GL冰箱,GL,冰箱,2200,4669,A,A企业,310000,2019,4,10
2019-10-28,上海市,C001,7,25193,HE冰箱,HE,冰箱,1800,3599,C,C企业,310000,2019,4,10
2019-10-28,成都市,A001,4,18676,GL冰箱,GL,冰箱,2200,4669,A,A企业,510100,2019,4,10
2019-10-28,重庆市,A002,5,16495,GL电视,GL,电视,1500,3299,A,A企业,500000,2019,4,10
2019-10-28,长沙市,A001,5,23345,GL冰箱,GL,冰箱,2200,4669,A,A企业,430100,2019,4,10
2019-10-28,重庆市,C001,4,14396,HE冰箱,HE,冰箱,1800,3599,C,C企业,500000,2019,4,10
2019-10-28,苏州市,A002,8,26392,GL电视,GL,电视,1500,3299,A,A企业,320500,2019,4,10
2019-10-28,深圳市,A001,7,32683,GL冰箱,GL,冰箱,2200,4669,A,A企业,440300,2019,4,10
2019-10-28,重庆市,A001,5,23345,GL冰箱,GL,冰箱,2200,4669,A,A企业,500000,2019,4,10
2019-10-28,厦门市,A002,6,19794,GL电视,GL,电视,1500,3299,A,A企业,350200,2019,4,10
2019-10-28,厦门市,B001,5,20995,MD冰箱,MD,冰箱,2500,4199,B,B企业,350200,2019,4,10
2019-10-28,金华市,A002,7,23093,GL电视,GL,电视,1500,3299,A,A企业,330700,2019,4,10
2019-10-28,金华市,A001,4,18676,GL冰箱,GL,冰箱,2200,4669,A,A企业,330700,2019,4,10
2019-10-28,厦门市,A001,6,28014,GL冰箱,GL,冰箱,2200,4669,A,A企业,350200,2019,4,10
2019-10-28,长沙市,B001,7,29393,MD冰箱,MD,冰箱,2500,4199,B,B企业,430100,2019,4,10
2019-10-28,苏州市,C001,4,14396,HE冰箱,HE,冰箱,1800,3599,C,C企业,320500,2019,4,10
2019-10-28,苏州市,C002,3,12597,HE电视,HE,电视,2200,4199,C,C企业,320500,2019,4,10
2019-10-28,厦门市,C002,3,12597,HE电视,HE,电视,2200,4199,C,C企业,350200,2019,4,10
2019-10-28,长沙市,C002,5,20995,HE电视,HE,电视,2200,4199,C,C企业,430100,2019,4,10
2019-10-28,苏州市,A001,3,14007,GL冰箱,GL,冰箱,2200,4669,A,A企业,320500,2019,4,10
2019-10-28,成都市,C001,9,32391,HE冰箱,HE,冰箱,1800,3599,C,C企业,510100,2019,4,10
2019-10-28,金华市,C002,6,25194,HE电视,HE,电视,2200,4199,C,C企业,330700,2019,4,10
2019-10-28,厦门市,C003,2,9338,HE洗衣机,HE,洗衣机,2600,4699,C,C企业,350200,2019,4,10
2019-10-28,重庆市,B001,9,37791,MD冰箱,MD,冰箱,2500,4199,B,B企业,500000,2019,4,10
2019-10-28,厦门市,C001,7,25193,HE冰箱,HE,冰箱,1800,3599,C,C企业,350200,2019,4,10
2019-10-28,苏州市,B001,7,29393,MD冰箱,MD,冰箱,2500,4199,B,B企业,320500,2019,4,10
2019-10-28,金华市,B001,5,20995,MD冰箱,MD,冰箱,2500,4199,B,B企业,330700,2019,4,10
2019-10-28,成都市,B001,2,8398,MD冰箱,MD,冰箱,2500,4199,B,B企业,510100,2019,4,10
2019-10-28,深圳市,B001,8,33592,MD冰箱,MD,冰箱,2500,4199,B,B企业,440300,2019,4,10
2019-10-28,深圳市,C002,4,16796,HE电视,HE,电视,2200,4199,C,C企业,440300,2019,4,10
2019-10-28,苏州市,A003,5,23345,GL洗衣机,GL,洗衣机,3200,4669,A,A企业,320500,2019,4,10
2019-10-29,深圳市,A001,4,18676,GL冰箱,GL,冰箱,2200,4669,A,A企业,440300,2019,4,10
2019-10-29,金华市,A001,7,32683,GL冰箱,GL,冰箱,2200,4669,A,A企业,330700,2019,4,10
2019-10-29,厦门市,A002,3,9897,GL电视,GL,电视,1500,3299,A,A企业,350200,2019,4,10
2019-10-29,厦门市,B001,4,16796,MD冰箱,MD,冰箱,2500,4199,B,B企业,350200,2019,4,10
2019-10-29,成都市,B001,2,8398,MD冰箱,MD,冰箱,2500,4199,B,B企业,510100,2019,4,10
2019-10-29,重庆市,A002,6,19794,GL电视,GL,电视,1500,3299,A,A企业,500000,2019,4,10
2019-10-29,苏州市,A001,6,28014,GL冰箱,GL,冰箱,2200,4669,A,A企业,320500,2019,4,10
2019-10-29,金华市,B001,3,12597,MD冰箱,MD,冰箱,2500,4199,B,B企业,330700,2019,4,10
2019-10-29,厦门市,A001,4,18676,GL冰箱,GL,冰箱,2200,4669,A,A企业,350200,2019,4,10
2019-10-29,苏州市,C001,6,21594,HE冰箱,HE,冰箱,1800,3599,C,C企业,320500,2019,4,10
2019-10-29,上海市,A001,5,23345,GL冰箱,GL,冰箱,2200,4669,A,A企业,310000,2019,4,10
2019-10-29,深圳市,C001,8,28792,HE冰箱,HE,冰箱,1800,3599,C,C企业,440300,2019,4,10
2019-10-29,上海市,C002,3,12597,HE电视,HE,电视,2200,4199,C,C企业,310000,2019,4,10
2019-10-29,上海市,B001,2,8398,MD冰箱,MD,冰箱,2500,4199,B,B企业,310000,2019,4,10
2019-10-29,苏州市,B001,2,8398,MD冰箱,MD,冰箱,2500,4199,B,B企业,320500,2019,4,10
2019-10-29,深圳市,B001,6,25194,MD冰箱,MD,冰箱,2500,4199,B,B企业,440300,2019,4,10
2019-10-29,重庆市,B001,5,20995,MD冰箱,MD,冰箱,2500,4199,B,B企业,500000,2019,4,10
2019-10-29,金华市,C001,4,14396,HE冰箱,HE,冰箱,1800,3599,C,C企业,330700,2019,4,10
2019-10-29,重庆市,A001,7,32683,GL冰箱,GL,冰箱,2200,4669,A,A企业,500000,2019,4,10
2019-10-29,长沙市,A001,6,28014,GL冰箱,GL,冰箱,2200,4669,A,A企业,430100,2019,4,10
2019-10-29,长沙市,A002,4,13196,GL电视,GL,电视,1500,3299,A,A企业,430100,2019,4,10
2019-10-29,长沙市,B001,4,16796,MD冰箱,MD,冰箱,2500,4199,B,B企业,430100,2019,4,10
2019-10-29,成都市,A001,7,32683,GL冰箱,GL,冰箱,2200,4669,A,A企业,510100,2019,4,10
2019-10-29,厦门市,C001,7,25193,HE冰箱,HE,冰箱,1800,3599,C,C企业,350200,2019,4,10
2019-10-29,苏州市,B002,5,17995,MD电视,MD,电视,2000,4299,B,B企业,320500,2019,4,10
2019-10-29,成都市,C002,3,12597,HE电视,HE,电视,2200,4199,C,C企业,510100,2019,4,10
2019-10-29,金华市,B002,8,28792,MD电视,MD,电视,2000,4299,B,B企业,330700,2019,4,10
2019-10-29,长沙市,A003,4,18676,GL洗衣机,GL,洗衣机,3200,4669,A,A企业,430100,2019,4,10
2019-10-29,厦门市,C002,6,25194,HE电视,HE,电视,2200,4199,C,C企业,350200,2019,4,10
2019-10-29,金华市,C002,7,29393,HE电视,HE,电视,2200,4199,C,C企业,330700,2019,4,10
2019-10-29,重庆市,C002,3,12597,HE电视,HE,电视,2200,4199,C,C企业,500000,2019,4,10
2019-10-29,厦门市,A003,2,9338,GL洗衣机,GL,洗衣机,3200,4669,A,A企业,350200,2019,4,10
2019-10-29,厦门市,B002,3,10797,MD电视,MD,电视,2000,4299,B,B企业,350200,2019,4,10
2019-10-29,长沙市,B002,9,32391,MD电视,MD,电视,2000,4299,B,B企业,430100,2019,4,10
2019-10-30,重庆市,C002,4,16796,HE电视,HE,电视,2200,4199,C,C企业,500000,2019,4,10
2019-10-30,金华市,A003,5,23345,GL洗衣机,GL,洗衣机,3200,4669,A,A企业,330700,2019,4,10
2019-10-30,厦门市,B003,5,28495,MD洗衣机,MD,洗衣机,3100,5699,B,B企业,350200,2019,4,10
2019-10-30,苏州市,C003,5,23345,HE洗衣机,HE,洗衣机,2600,4699,C,C企业,320500,2019,4,10
2019-10-30,成都市,A001,2,9338,GL冰箱,GL,冰箱,2200,4669,A,A企业,510100,2019,4,10
2019-10-30,厦门市,A001,7,32683,GL冰箱,GL,冰箱,2200,4669,A,A企业,350200,2019,4,10
2019-10-30,深圳市,A001,7,32683,GL冰箱,GL,冰箱,2200,4669,A,A企业,440300,2019,4,10
2019-10-30,金华市,A001,5,23345,GL冰箱,GL,冰箱,2200,4669,A,A企业,330700,2019,4,10
2019-10-30,成都市,B001,4,16796,MD冰箱,MD,冰箱,2500,4199,B,B企业,510100,2019,4,10
2019-10-30,成都市,B003,3,17097,MD洗衣机,MD,洗衣机,3100,5699,B,B企业,510100,2019,4,10
2019-10-30,长沙市,A001,8,37352,GL冰箱,GL,冰箱,2200,4669,A,A企业,430100,2019,4,10
2019-10-30,深圳市,B003,6,34194,MD洗衣机,MD,洗衣机,3100,5699,B,B企业,440300,2019,4,10
2019-10-30,成都市,C002,6,25194,HE电视,HE,电视,2200,4199,C,C企业,510100,2019,4,10
2019-10-30,重庆市,C003,2,9338,HE洗衣机,HE,洗衣机,2600,4699,C,C企业,500000,2019,4,10
2019-10-30,长沙市,B001,2,8398,MD冰箱,MD,冰箱,2500,4199,B,B企业,430100,2019,4,10
2019-10-30,重庆市,B002,3,10797,MD电视,MD,电视,2000,4299,B,B企业,500000,2019,4,10
2019-10-30,苏州市,A001,3,14007,GL冰箱,GL,冰箱,2200,4669,A,A企业,320500,2019,4,10
2019-10-30,深圳市,C001,7,25193,HE冰箱,HE,冰箱,1800,3599,C,C企业,440300,2019,4,10
2019-10-30,重庆市,A001,2,9338,GL冰箱,GL,冰箱,2200,4669,A,A企业,500000,2019,4,10
2019-10-30,厦门市,A003,6,28014,GL洗衣机,GL,洗衣机,3200,4669,A,A企业,350200,2019,4,10
2019-10-30,深圳市,A002,3,9897,GL电视,GL,电视,1500,3299,A,A企业,440300,2019,4,10
2019-10-30,重庆市,A003,4,18676,GL洗衣机,GL,洗衣机,3200,4669,A,A企业,500000,2019,4,10
2019-10-30,苏州市,A002,4,13196,GL电视,GL,电视,1500,3299,A,A企业,320500,2019,4,10
2019-10-30,金华市,A002,3,9897,GL电视,GL,电视,1500,3299,A,A企业,330700,2019,4,10
2019-10-30,深圳市,C002,2,8398,HE电视,HE,电视,2200,4199,C,C企业,440300,2019,4,10
2019-10-30,上海市,A001,5,23345,GL冰箱,GL,冰箱,2200,4669,A,A企业,310000,2019,4,10
2019-10-30,长沙市,A002,2,6598,GL电视,GL,电视,1500,3299,A,A企业,430100,2019,4,10
2019-10-30,上海市,A003,4,18676,GL洗衣机,GL,洗衣机,3200,4669,A,A企业,310000,2019,4,10
2019-10-30,厦门市,A002,6,19794,GL电视,GL,电视,1500,3299,A,A企业,350200,2019,4,10
2019-10-30,长沙市,A003,6,28014,GL洗衣机,GL,洗衣机,3200,4669,A,A企业,430100,2019,4,10
2019-10-30,深圳市,A003,7,32683,GL洗衣机,GL,洗衣机,3200,4669,A,A企业,440300,2019,4,10
2019-10-30,金华市,B003,5,28495,MD洗衣机,MD,洗衣机,3100,5699,B,B企业,330700,2019,4,10
2019-10-30,重庆市,B003,4,22796,MD洗衣机,MD,洗衣机,3100,5699,B,B企业,500000,2019,4,10
2019-10-30,苏州市,B001,5,20995,MD冰箱,MD,冰箱,2500,4199,B,B企业,320500,2019,4,10
2019-10-30,金华市,B001,5,20995,MD冰箱,MD,冰箱,2500,4199,B,B企业,330700,2019,4,10
2019-10-30,苏州市,C001,4,14396,HE冰箱,HE,冰箱,1800,3599,C,C企业,320500,2019,4,10
2019-10-30,上海市,B001,5,20995,MD冰箱,MD,冰箱,2500,4199,B,B企业,310000,2019,4,10
2019-10-30,厦门市,B001,6,25194,MD冰箱,MD,冰箱,2500,4199,B,B企业,350200,2019,4,10
2019-10-30,金华市,C002,7,29393,HE电视,HE,电视,2200,4199,C,C企业,330700,2019,4,10
2019-10-30,金华市,C001,3,10797,HE冰箱,HE,冰箱,1800,3599,C,C企业,330700,2019,4,10
2019-10-30,重庆市,C001,7,25193,HE冰箱,HE,冰箱,1800,3599,C,C企业,500000,2019,4,10
2019-10-30,重庆市,B001,4,16796,MD冰箱,MD,冰箱,2500,4199,B,B企业,500000,2019,4,10
2019-10-30,重庆市,A002,3,9897,GL电视,GL,电视,1500,3299,A,A企业,500000,2019,4,10
2019-10-30,苏州市,C002,5,20995,HE电视,HE,电视,2200,4199,C,C企业,320500,2019,4,10
2019-10-30,金华市,B002,7,25193,MD电视,MD,电视,2000,4299,B,B企业,330700,2019,4,10
2019-10-30,厦门市,B002,6,21594,MD电视,MD,电视,2000,4299,B,B企业,350200,2019,4,10
2019-10-31,重庆市,A001,4,18676,GL冰箱,GL,冰箱,2200,4669,A,A企业,500000,2019,4,10
2019-10-31,厦门市,B002,4,14396,MD电视,MD,电视,2000,4299,B,B企业,350200,2019,4,10
2019-10-31,深圳市,C002,3,12597,HE电视,HE,电视,2200,4199,C,C企业,440300,2019,4,10
2019-10-31,金华市,B002,6,21594,MD电视,MD,电视,2000,4299,B,B企业,330700,2019,4,10
2019-10-31,金华市,C001,4,14396,HE冰箱,HE,冰箱,1800,3599,C,C企业,330700,2019,4,10
2019-10-31,成都市,B002,5,17995,MD电视,MD,电视,2000,4299,B,B企业,510100,2019,4,10
2019-10-31,金华市,B001,6,25194,MD冰箱,MD,冰箱,2500,4199,B,B企业,330700,2019,4,10
2019-10-31,苏州市,B001,6,25194,MD冰箱,MD,冰箱,2500,4199,B,B企业,320500,2019,4,10
2019-10-31,厦门市,B001,5,20995,MD冰箱,MD,冰箱,2500,4199,B,B企业,350200,2019,4,10
2019-10-31,厦门市,C001,7,25193,HE冰箱,HE,冰箱,1800,3599,C,C企业,350200,2019,4,10
2019-10-31,深圳市,A001,5,23345,GL冰箱,GL,冰箱,2200,4669,A,A企业,440300,2019,4,10
2019-10-31,厦门市,A001,6,28014,GL冰箱,GL,冰箱,2200,4669,A,A企业,350200,2019,4,10
2019-10-31,金华市,C002,4,16796,HE电视,HE,电视,2200,4199,C,C企业,330700,2019,4,10
2019-10-31,苏州市,B002,6,21594,MD电视,MD,电视,2000,4299,B,B企业,320500,2019,4,10
2019-10-31,金华市,A001,3,14007,GL冰箱,GL,冰箱,2200,4669,A,A企业,330700,2019,4,10
2019-10-31,重庆市,B001,6,25194,MD冰箱,MD,冰箱,2500,4199,B,B企业,500000,2019,4,10
2019-10-31,苏州市,A002,4,13196,GL电视,GL,电视,1500,3299,A,A企业,320500,2019,4,10
2019-10-31,深圳市,B001,6,25194,MD冰箱,MD,冰箱,2500,4199,B,B企业,440300,2019,4,10
2019-10-31,成都市,B001,3,12597,MD冰箱,MD,冰箱,2500,4199,B,B企业,510100,2019,4,10
2019-10-31,长沙市,B001,5,20995,MD冰箱,MD,冰箱,2500,4199,B,B企业,430100,2019,4,10
2019-10-31,长沙市,A001,3,14007,GL冰箱,GL,冰箱,2200,4669,A,A企业,430100,2019,4,10
2019-10-31,成都市,A001,5,23345,GL冰箱,GL,冰箱,2200,4669,A,A企业,510100,2019,4,10
2019-10-31,长沙市,C002,5,20995,HE电视,HE,电视,2200,4199,C,C企业,430100,2019,4,10
2019-10-31,成都市,A002,6,19794,GL电视,GL,电视,1500,3299,A,A企业,510100,2019,4,10
2019-10-31,长沙市,A002,2,6598,GL电视,GL,电视,1500,3299,A,A企业,430100,2019,4,10
2019-10-31,重庆市,A003,3,14007,GL洗衣机,GL,洗衣机,3200,4669,A,A企业,500000,2019,4,10
2019-10-31,金华市,B003,3,17097,MD洗衣机,MD,洗衣机,3100,5699,B,B企业,330700,2019,4,10
2019-10-31,重庆市,B003,2,11398,MD洗衣机,MD,洗衣机,3100,5699,B,B企业,500000,2019,4,10
2019-10-31,长沙市,B003,6,34194,MD洗衣机,MD,洗衣机,3100,5699,B,B企业,430100,2019,4,10
2019-10-31,苏州市,A001,6,28014,GL冰箱,GL,冰箱,2200,4669,A,A企业,320500,2019,4,10
2019-10-31,成都市,B003,7,39893,MD洗衣机,MD,洗衣机,3100,5699,B,B企业,510100,2019,4,10
2019-10-31,重庆市,A002,6,19794,GL电视,GL,电视,1500,3299,A,A企业,500000,2019,4,10
2019-10-31,厦门市,B003,6,34194,MD洗衣机,MD,洗衣机,3100,5699,B,B企业,350200,2019,4,10
2019-10-31,厦门市,A002,2,6598,GL电视,GL,电视,1500,3299,A,A企业,350200,2019,4,10
2019-10-31,上海市,A002,6,19794,GL电视,GL,电视,1500,3299,A,A企业,310000,2019,4,10
2019-10-31,上海市,B003,4,22796,MD洗衣机,MD,洗衣机,3100,5699,B,B企业,310000,2019,4,10
2019-10-31,成都市,C002,5,20995,HE电视,HE,电视,2200,4199,C,C企业,510100,2019,4,10
2019-10-31,上海市,C001,5,17995,HE冰箱,HE,冰箱,1800,3599,C,C企业,310000,2019,4,10
2019-10-31,厦门市,A003,2,9338,GL洗衣机,GL,洗衣机,3200,4669,A,A企业,350200,2019,4,10
2019-10-31,苏州市,A003,5,23345,GL洗衣机,GL,洗衣机,3200,4669,A,A企业,320500,2019,4,10
2019-10-31,长沙市,C001,5,17995,HE冰箱,HE,冰箱,1800,3599,C,C企业,430100,2019,4,10
2019-10-31,上海市,A003,4,18676,GL洗衣机,GL,洗衣机,3200,4669,A,A企业,310000,2019,4,10
2019-10-31,深圳市,A003,5,23345,GL洗衣机,GL,洗衣机,3200,4669,A,A企业,440300,2019,4,10
2019-10-31,苏州市,C001,6,21594,HE冰箱,HE,冰箱,1800,3599,C,C企业,320500,2019,4,10
2019-10-31,苏州市,C002,5,20995,HE电视,HE,电视,2200,4199,C,C企业,320500,2019,4,10
2019-10-31,重庆市,B002,3,10797,MD电视,MD,电视,2000,4299,B,B企业,500000,2019,4,10
2019-10-31,成都市,C001,8,28792,HE冰箱,HE,冰箱,1800,3599,C,C企业,510100,2019,4,10
2019-11-01,苏州市,B002,6,21594,MD电视,MD,电视,2000,4299,B,B企业,320500,2019,4,11
2019-11-01,苏州市,C001,9,32391,HE冰箱,HE,冰箱,1800,3599,C,C企业,320500,2019,4,11
2019-11-01,金华市,B001,3,12597,MD冰箱,MD,冰箱,2500,4199,B,B企业,330700,2019,4,11
2019-11-01,厦门市,A001,3,14007,GL冰箱,GL,冰箱,2200,4669,A,A企业,350200,2019,4,11
2019-11-01,重庆市,C001,6,21594,HE冰箱,HE,冰箱,1800,3599,C,C企业,500000,2019,4,11
2019-11-01,金华市,A001,3,14007,GL冰箱,GL,冰箱,2200,4669,A,A企业,330700,2019,4,11
2019-11-01,重庆市,B001,7,29393,MD冰箱,MD,冰箱,2500,4199,B,B企业,500000,2019,4,11
2019-11-01,苏州市,B001,5,20995,MD冰箱,MD,冰箱,2500,4199,B,B企业,320500,2019,4,11
2019-11-01,金华市,C001,5,17995,HE冰箱,HE,冰箱,1800,3599,C,C企业,330700,2019,4,11
2019-11-01,厦门市,B001,4,16796,MD冰箱,MD,冰箱,2500,4199,B,B企业,350200,2019,4,11
2019-11-01,深圳市,B001,2,8398,MD冰箱,MD,冰箱,2500,4199,B,B企业,440300,2019,4,11
2019-11-01,重庆市,A001,4,18676,GL冰箱,GL,冰箱,2200,4669,A,A企业,500000,2019,4,11
2019-11-01,深圳市,A001,5,23345,GL冰箱,GL,冰箱,2200,4669,A,A企业,440300,2019,4,11
2019-11-01,成都市,A001,4,18676,GL冰箱,GL,冰箱,2200,4669,A,A企业,510100,2019,4,11
2019-11-01,金华市,B002,6,21594,MD电视,MD,电视,2000,4299,B,B企业,330700,2019,4,11
2019-11-01,深圳市,C001,7,25193,HE冰箱,HE,冰箱,1800,3599,C,C企业,440300,2019,4,11
2019-11-01,苏州市,A001,6,28014,GL冰箱,GL,冰箱,2200,4669,A,A企业,320500,2019,4,11
2019-11-01,成都市,B001,8,33592,MD冰箱,MD,冰箱,2500,4199,B,B企业,510100,2019,4,11
2019-11-01,厦门市,A003,3,14007,GL洗衣机,GL,洗衣机,3200,4669,A,A企业,350200,2019,4,11
2019-11-01,深圳市,A003,6,28014,GL洗衣机,GL,洗衣机,3200,4669,A,A企业,440300,2019,4,11
2019-11-01,厦门市,C002,3,12597,HE电视,HE,电视,2200,4199,C,C企业,350200,2019,4,11
2019-11-01,重庆市,C002,5,20995,HE电视,HE,电视,2200,4199,C,C企业,500000,2019,4,11
2019-11-01,厦门市,B002,5,17995,MD电视,MD,电视,2000,4299,B,B企业,350200,2019,4,11
2019-11-01,重庆市,A003,6,28014,GL洗衣机,GL,洗衣机,3200,4669,A,A企业,500000,2019,4,11
2019-11-01,深圳市,B002,6,21594,MD电视,MD,电视,2000,4299,B,B企业,440300,2019,4,11
2019-11-01,金华市,C002,7,29393,HE电视,HE,电视,2200,4199,C,C企业,330700,2019,4,11
2019-11-01,成都市,B003,3,17097,MD洗衣机,MD,洗衣机,3100,5699,B,B企业,510100,2019,4,11
2019-11-01,厦门市,B003,3,17097,MD洗衣机,MD,洗衣机,3100,5699,B,B企业,350200,2019,4,11
2019-11-01,金华市,B003,2,11398,MD洗衣机,MD,洗衣机,3100,5699,B,B企业,330700,2019,4,11
2019-11-01,深圳市,C002,6,25194,HE电视,HE,电视,2200,4199,C,C企业,440300,2019,4,11
2019-11-01,重庆市,B003,6,34194,MD洗衣机,MD,洗衣机,3100,5699,B,B企业,500000,2019,4,11
2019-11-01,上海市,A002,5,16495,GL电视,GL,电视,1500,3299,A,A企业,310000,2019,4,11
2019-11-01,上海市,B001,7,29393,MD冰箱,MD,冰箱,2500,4199,B,B企业,310000,2019,4,11
2019-11-01,上海市,A001,5,23345,GL冰箱,GL,冰箱,2200,4669,A,A企业,310000,2019,4,11
2019-11-01,成都市,A002,6,19794,GL电视,GL,电视,1500,3299,A,A企业,510100,2019,4,11
2019-11-01,苏州市,A002,4,13196,GL电视,GL,电视,1500,3299,A,A企业,320500,2019,4,11
2019-11-01,长沙市,B001,5,20995,MD冰箱,MD,冰箱,2500,4199,B,B企业,430100,2019,4,11
2019-11-01,金华市,A002,3,9897,GL电视,GL,电视,1500,3299,A,A企业,330700,2019,4,11
2019-11-01,长沙市,C001,7,25193,HE冰箱,HE,冰箱,1800,3599,C,C企业,430100,2019,4,11
2019-11-01,苏州市,C002,7,29393,HE电视,HE,电视,2200,4199,C,C企业,320500,2019,4,11
2019-11-02,成都市,A001,4,18676,GL冰箱,GL,冰箱,2200,4669,A,A企业,510100,2019,4,11
2019-11-02,深圳市,A001,7,32683,GL冰箱,GL,冰箱,2200,4669,A,A企业,440300,2019,4,11
2019-11-02,重庆市,A001,2,9338,GL冰箱,GL,冰箱,2200,4669,A,A企业,500000,2019,4,11
2019-11-02,深圳市,B002,6,21594,MD电视,MD,电视,2000,4299,B,B企业,440300,2019,4,11
2019-11-02,长沙市,A001,6,28014,GL冰箱,GL,冰箱,2200,4669,A,A企业,430100,2019,4,11
2019-11-02,深圳市,B001,3,12597,MD冰箱,MD,冰箱,2500,4199,B,B企业,440300,2019,4,11
2019-11-02,上海市,B001,5,20995,MD冰箱,MD,冰箱,2500,4199,B,B企业,310000,2019,4,11
2019-11-02,厦门市,A001,7,32683,GL冰箱,GL,冰箱,2200,4669,A,A企业,350200,2019,4,11
2019-11-02,重庆市,B002,2,7198,MD电视,MD,电视,2000,4299,B,B企业,500000,2019,4,11
2019-11-02,成都市,B001,7,29393,MD冰箱,MD,冰箱,2500,4199,B,B企业,510100,2019,4,11
2019-11-02,金华市,B002,3,10797,MD电视,MD,电视,2000,4299,B,B企业,330700,2019,4,11
2019-11-02,金华市,B001,9,37791,MD冰箱,MD,冰箱,2500,4199,B,B企业,330700,2019,4,11
2019-11-02,重庆市,B001,7,29393,MD冰箱,MD,冰箱,2500,4199,B,B企业,500000,2019,4,11
2019-11-02,上海市,C001,4,14396,HE冰箱,HE,冰箱,1800,3599,C,C企业,310000,2019,4,11
2019-11-02,苏州市,C001,9,32391,HE冰箱,HE,冰箱,1800,3599,C,C企业,320500,2019,4,11
2019-11-02,厦门市,C001,3,10797,HE冰箱,HE,冰箱,1800,3599,C,C企业,350200,2019,4,11
2019-11-02,厦门市,B001,2,8398,MD冰箱,MD,冰箱,2500,4199,B,B企业,350200,2019,4,11
2019-11-02,金华市,A001,4,18676,GL冰箱,GL,冰箱,2200,4669,A,A企业,330700,2019,4,11
2019-11-02,长沙市,A003,4,18676,GL洗衣机,GL,洗衣机,3200,4669,A,A企业,430100,2019,4,11
2019-11-02,金华市,A002,6,19794,GL电视,GL,电视,1500,3299,A,A企业,330700,2019,4,11
2019-11-02,苏州市,A002,5,16495,GL电视,GL,电视,1500,3299,A,A企业,320500,2019,4,11
2019-11-02,深圳市,C001,4,14396,HE冰箱,HE,冰箱,1800,3599,C,C企业,440300,2019,4,11
2019-11-02,苏州市,B001,5,20995,MD冰箱,MD,冰箱,2500,4199,B,B企业,320500,2019,4,11
2019-11-02,厦门市,A002,4,13196,GL电视,GL,电视,1500,3299,A,A企业,350200,2019,4,11
2019-11-02,重庆市,C002,6,25194,HE电视,HE,电视,2200,4199,C,C企业,500000,2019,4,11
2019-11-02,成都市,C002,6,25194,HE电视,HE,电视,2200,4199,C,C企业,510100,2019,4,11
2019-11-02,金华市,C002,5,20995,HE电视,HE,电视,2200,4199,C,C企业,330700,2019,4,11
2019-11-02,金华市,B003,3,17097,MD洗衣机,MD,洗衣机,3100,5699,B,B企业,330700,2019,4,11
2019-11-02,金华市,A003,5,23345,GL洗衣机,GL,洗衣机,3200,4669,A,A企业,330700,2019,4,11
2019-11-02,深圳市,C003,5,23345,HE洗衣机,HE,洗衣机,2600,4699,C,C企业,440300,2019,4,11
2019-11-02,苏州市,A003,5,23345,GL洗衣机,GL,洗衣机,3200,4669,A,A企业,320500,2019,4,11
2019-11-02,成都市,A003,4,18676,GL洗衣机,GL,洗衣机,3200,4669,A,A企业,510100,2019,4,11
2019-11-02,苏州市,A001,7,32683,GL冰箱,GL,冰箱,2200,4669,A,A企业,320500,2019,4,11
2019-11-02,成都市,A002,7,23093,GL电视,GL,电视,1500,3299,A,A企业,510100,2019,4,11
2019-11-02,深圳市,A002,5,16495,GL电视,GL,电视,1500,3299,A,A企业,440300,2019,4,11
2019-11-02,重庆市,C001,3,10797,HE冰箱,HE,冰箱,1800,3599,C,C企业,500000,2019,4,11
2019-11-03,厦门市,C002,6,25194,HE电视,HE,电视,2200,4199,C,C企业,350200,2019,4,11
2019-11-03,成都市,A001,2,9338,GL冰箱,GL,冰箱,2200,4669,A,A企业,510100,2019,4,11
2019-11-03,重庆市,B002,2,7198,MD电视,MD,电视,2000,4299,B,B企业,500000,2019,4,11
2019-11-03,金华市,B001,5,20995,MD冰箱,MD,冰箱,2500,4199,B,B企业,330700,2019,4,11
2019-11-03,厦门市,A003,2,9338,GL洗衣机,GL,洗衣机,3200,4669,A,A企业,350200,2019,4,11
2019-11-03,厦门市,B003,7,39893,MD洗衣机,MD,洗衣机,3100,5699,B,B企业,350200,2019,4,11
2019-11-03,厦门市,B001,5,20995,MD冰箱,MD,冰箱,2500,4199,B,B企业,350200,2019,4,11
2019-11-03,苏州市,B002,2,7198,MD电视,MD,电视,2000,4299,B,B企业,320500,2019,4,11
2019-11-03,金华市,B002,5,17995,MD电视,MD,电视,2000,4299,B,B企业,330700,2019,4,11
2019-11-03,金华市,C002,2,8398,HE电视,HE,电视,2200,4199,C,C企业,330700,2019,4,11
2019-11-03,上海市,B002,5,17995,MD电视,MD,电视,2000,4299,B,B企业,310000,2019,4,11
2019-11-03,金华市,A001,4,18676,GL冰箱,GL,冰箱,2200,4669,A,A企业,330700,2019,4,11
2019-11-03,苏州市,A001,7,32683,GL冰箱,GL,冰箱,2200,4669,A,A企业,320500,2019,4,11
2019-11-03,深圳市,A001,4,18676,GL冰箱,GL,冰箱,2200,4669,A,A企业,440300,2019,4,11
2019-11-03,厦门市,A001,2,9338,GL冰箱,GL,冰箱,2200,4669,A,A企业,350200,2019,4,11
2019-11-03,深圳市,C002,4,16796,HE电视,HE,电视,2200,4199,C,C企业,440300,2019,4,11
2019-11-03,重庆市,A001,7,32683,GL冰箱,GL,冰箱,2200,4669,A,A企业,500000,2019,4,11
2019-11-03,长沙市,A001,3,14007,GL冰箱,GL,冰箱,2200,4669,A,A企业,430100,2019,4,11
2019-11-03,深圳市,B003,6,34194,MD洗衣机,MD,洗衣机,3100,5699,B,B企业,440300,2019,4,11
2019-11-03,苏州市,B003,4,22796,MD洗衣机,MD,洗衣机,3100,5699,B,B企业,320500,2019,4,11
2019-11-03,金华市,C001,4,14396,HE冰箱,HE,冰箱,1800,3599,C,C企业,330700,2019,4,11
2019-11-03,长沙市,B003,6,34194,MD洗衣机,MD,洗衣机,3100,5699,B,B企业,430100,2019,4,11
2019-11-03,上海市,C002,6,25194,HE电视,HE,电视,2200,4199,C,C企业,310000,2019,4,11
2019-11-03,重庆市,B003,7,39893,MD洗衣机,MD,洗衣机,3100,5699,B,B企业,500000,2019,4,11
2019-11-03,长沙市,C001,3,10797,HE冰箱,HE,冰箱,1800,3599,C,C企业,430100,2019,4,11
2019-11-03,成都市,B003,6,34194,MD洗衣机,MD,洗衣机,3100,5699,B,B企业,510100,2019,4,11
2019-11-03,金华市,B003,5,28495,MD洗衣机,MD,洗衣机,3100,5699,B,B企业,330700,2019,4,11
2019-11-03,成都市,C002,8,33592,HE电视,HE,电视,2200,4199,C,C企业,510100,2019,4,11
2019-11-03,长沙市,B001,5,20995,MD冰箱,MD,冰箱,2500,4199,B,B企业,430100,2019,4,11
2019-11-03,重庆市,B001,8,33592,MD冰箱,MD,冰箱,2500,4199,B,B企业,500000,2019,4,11
2019-11-03,成都市,B001,8,33592,MD冰箱,MD,冰箱,2500,4199,B,B企业,510100,2019,4,11
2019-11-03,长沙市,A003,2,9338,GL洗衣机,GL,洗衣机,3200,4669,A,A企业,430100,2019,4,11
2019-11-03,苏州市,C002,6,25194,HE电视,HE,电视,2200,4199,C,C企业,320500,2019,4,11
2019-11-03,长沙市,B002,7,25193,MD电视,MD,电视,2000,4299,B,B企业,430100,2019,4,11
2019-11-03,长沙市,C002,7,29393,HE电视,HE,电视,2200,4199,C,C企业,430100,2019,4,11
2019-11-03,重庆市,A002,2,6598,GL电视,GL,电视,1500,3299,A,A企业,500000,2019,4,11
2019-11-03,金华市,A002,4,13196,GL电视,GL,电视,1500,3299,A,A企业,330700,2019,4,11
2019-11-03,上海市,C001,3,10797,HE冰箱,HE,冰箱,1800,3599,C,C企业,310000,2019,4,11
2019-11-03,上海市,A001,6,28014,GL冰箱,GL,冰箱,2200,4669,A,A企业,310000,2019,4,11
2019-11-03,上海市,A002,6,19794,GL电视,GL,电视,1500,3299,A,A企业,310000,2019,4,11
2019-11-03,苏州市,B001,3,12597,MD冰箱,MD,冰箱,2500,4199,B,B企业,320500,2019,4,11
2019-11-03,深圳市,B001,2,8398,MD冰箱,MD,冰箱,2500,4199,B,B企业,440300,2019,4,11
2019-11-03,深圳市,A002,3,9897,GL电视,GL,电视,1500,3299,A,A企业,440300,2019,4,11
2019-11-04,厦门市,A001,8,37352,GL冰箱,GL,冰箱,2200,4669,A,A企业,350200,2019,4,11
2019-11-04,成都市,B001,7,29393,MD冰箱,MD,冰箱,2500,4199,B,B企业,510100,2019,4,11
2019-11-04,上海市,C001,8,28792,HE冰箱,HE,冰箱,1800,3599,C,C企业,310000,2019,4,11
2019-11-04,重庆市,A001,5,23345,GL冰箱,GL,冰箱,2200,4669,A,A企业,500000,2019,4,11
2019-11-04,长沙市,B001,6,25194,MD冰箱,MD,冰箱,2500,4199,B,B企业,430100,2019,4,11
2019-11-04,厦门市,A002,2,6598,GL电视,GL,电视,1500,3299,A,A企业,350200,2019,4,11
2019-11-04,苏州市,C002,5,20995,HE电视,HE,电视,2200,4199,C,C企业,320500,2019,4,11
2019-11-04,长沙市,A001,9,42021,GL冰箱,GL,冰箱,2200,4669,A,A企业,430100,2019,4,11
2019-11-04,重庆市,B001,7,29393,MD冰箱,MD,冰箱,2500,4199,B,B企业,500000,2019,4,11
2019-11-04,深圳市,A001,4,18676,GL冰箱,GL,冰箱,2200,4669,A,A企业,440300,2019,4,11
2019-11-04,深圳市,B001,8,33592,MD冰箱,MD,冰箱,2500,4199,B,B企业,440300,2019,4,11
2019-11-04,上海市,A002,6,19794,GL电视,GL,电视,1500,3299,A,A企业,310000,2019,4,11
2019-11-04,苏州市,B001,6,25194,MD冰箱,MD,冰箱,2500,4199,B,B企业,320500,2019,4,11
2019-11-04,金华市,C002,5,20995,HE电视,HE,电视,2200,4199,C,C企业,330700,2019,4,11
2019-11-04,金华市,B001,6,25194,MD冰箱,MD,冰箱,2500,4199,B,B企业,330700,2019,4,11
2019-11-04,重庆市,C002,3,12597,HE电视,HE,电视,2200,4199,C,C企业,500000,2019,4,11
2019-11-04,成都市,C002,3,12597,HE电视,HE,电视,2200,4199,C,C企业,510100,2019,4,11
2019-11-04,金华市,A001,6,28014,GL冰箱,GL,冰箱,2200,4669,A,A企业,330700,2019,4,11
2019-11-04,上海市,C003,6,28014,HE洗衣机,HE,洗衣机,2600,4699,C,C企业,310000,2019,4,11
2019-11-04,上海市,B001,5,20995,MD冰箱,MD,冰箱,2500,4199,B,B企业,310000,2019,4,11
2019-11-04,厦门市,B001,3,12597,MD冰箱,MD,冰箱,2500,4199,B,B企业,350200,2019,4,11
2019-11-04,深圳市,C002,6,25194,HE电视,HE,电视,2200,4199,C,C企业,440300,2019,4,11
2019-11-04,成都市,A001,3,14007,GL冰箱,GL,冰箱,2200,4669,A,A企业,510100,2019,4,11
2019-11-04,金华市,A002,4,13196,GL电视,GL,电视,1500,3299,A,A企业,330700,2019,4,11
2019-11-04,金华市,C001,2,7198,HE冰箱,HE,冰箱,1800,3599,C,C企业,330700,2019,4,11
2019-11-04,上海市,A001,6,28014,GL冰箱,GL,冰箱,2200,4669,A,A企业,310000,2019,4,11
2019-11-04,上海市,C002,5,20995,HE电视,HE,电视,2200,4199,C,C企业,310000,2019,4,11
2019-11-04,成都市,B002,5,17995,MD电视,MD,电视,2000,4299,B,B企业,510100,2019,4,11
2019-11-04,金华市,B002,5,17995,MD电视,MD,电视,2000,4299,B,B企业,330700,2019,4,11
2019-11-04,苏州市,A001,8,37352,GL冰箱,GL,冰箱,2200,4669,A,A企业,320500,2019,4,11
2019-11-04,重庆市,C001,7,25193,HE冰箱,HE,冰箱,1800,3599,C,C企业,500000,2019,4,11
2019-11-04,厦门市,B002,6,21594,MD电视,MD,电视,2000,4299,B,B企业,350200,2019,4,11
2019-11-04,厦门市,C001,7,25193,HE冰箱,HE,冰箱,1800,3599,C,C企业,350200,2019,4,11
2019-11-04,深圳市,B002,4,14396,MD电视,MD,电视,2000,4299,B,B企业,440300,2019,4,11
2019-11-04,长沙市,B002,4,14396,MD电视,MD,电视,2000,4299,B,B企业,430100,2019,4,11
2019-11-04,厦门市,C002,5,20995,HE电视,HE,电视,2200,4199,C,C企业,350200,2019,4,11
2019-11-04,重庆市,A002,8,26392,GL电视,GL,电视,1500,3299,A,A企业,500000,2019,4,11
2019-11-05,厦门市,A001,3,14007,GL冰箱,GL,冰箱,2200,4669,A,A企业,350200,2019,4,11
2019-11-05,深圳市,A001,6,28014,GL冰箱,GL,冰箱,2200,4669,A,A企业,440300,2019,4,11
2019-11-05,金华市,A001,5,23345,GL冰箱,GL,冰箱,2200,4669,A,A企业,330700,2019,4,11
2019-11-05,苏州市,A001,7,32683,GL冰箱,GL,冰箱,2200,4669,A,A企业,320500,2019,4,11
2019-11-05,长沙市,C001,4,14396,HE冰箱,HE,冰箱,1800,3599,C,C企业,430100,2019,4,11
2019-11-05,长沙市,A001,6,28014,GL冰箱,GL,冰箱,2200,4669,A,A企业,430100,2019,4,11
2019-11-05,厦门市,C002,5,20995,HE电视,HE,电视,2200,4199,C,C企业,350200,2019,4,11
2019-11-05,重庆市,B001,4,16796,MD冰箱,MD,冰箱,2500,4199,B,B企业,500000,2019,4,11
2019-11-05,苏州市,B001,6,25194,MD冰箱,MD,冰箱,2500,4199,B,B企业,320500,2019,4,11
2019-11-05,深圳市,B001,8,33592,MD冰箱,MD,冰箱,2500,4199,B,B企业,440300,2019,4,11
2019-11-05,厦门市,C001,3,10797,HE冰箱,HE,冰箱,1800,3599,C,C企业,350200,2019,4,11
2019-11-05,厦门市,B001,6,25194,MD冰箱,MD,冰箱,2500,4199,B,B企业,350200,2019,4,11
2019-11-05,金华市,B001,6,25194,MD冰箱,MD,冰箱,2500,4199,B,B企业,330700,2019,4,11
2019-11-05,苏州市,A002,3,9897,GL电视,GL,电视,1500,3299,A,A企业,320500,2019,4,11
2019-11-05,成都市,C002,3,12597,HE电视,HE,电视,2200,4199,C,C企业,510100,2019,4,11
2019-11-05,重庆市,C002,6,25194,HE电视,HE,电视,2200,4199,C,C企业,500000,2019,4,11
2019-11-05,成都市,B001,6,25194,MD冰箱,MD,冰箱,2500,4199,B,B企业,510100,2019,4,11
2019-11-05,厦门市,A002,6,19794,GL电视,GL,电视,1500,3299,A,A企业,350200,2019,4,11
2019-11-05,深圳市,A002,3,9897,GL电视,GL,电视,1500,3299,A,A企业,440300,2019,4,11
2019-11-05,金华市,A002,7,23093,GL电视,GL,电视,1500,3299,A,A企业,330700,2019,4,11
2019-11-05,厦门市,B002,5,17995,MD电视,MD,电视,2000,4299,B,B企业,350200,2019,4,11
2019-11-05,成都市,A001,7,32683,GL冰箱,GL,冰箱,2200,4669,A,A企业,510100,2019,4,11
2019-11-05,金华市,C001,6,21594,HE冰箱,HE,冰箱,1800,3599,C,C企业,330700,2019,4,11
2019-11-05,深圳市,C002,5,20995,HE电视,HE,电视,2200,4199,C,C企业,440300,2019,4,11
2019-11-05,上海市,B001,6,25194,MD冰箱,MD,冰箱,2500,4199,B,B企业,310000,2019,4,11
2019-11-05,重庆市,A001,8,37352,GL冰箱,GL,冰箱,2200,4669,A,A企业,500000,2019,4,11
2019-11-05,苏州市,C001,7,25193,HE冰箱,HE,冰箱,1800,3599,C,C企业,320500,2019,4,11
2019-11-05,苏州市,B002,5,17995,MD电视,MD,电视,2000,4299,B,B企业,320500,2019,4,11
2019-11-05,上海市,A001,6,28014,GL冰箱,GL,冰箱,2200,4669,A,A企业,310000,2019,4,11
2019-11-05,金华市,C002,7,29393,HE电视,HE,电视,2200,4199,C,C企业,330700,2019,4,11
2019-11-05,深圳市,C001,2,7198,HE冰箱,HE,冰箱,1800,3599,C,C企业,440300,2019,4,11
2019-11-05,苏州市,A003,4,18676,GL洗衣机,GL,洗衣机,3200,4669,A,A企业,320500,2019,4,11
2019-11-05,上海市,B002,7,25193,MD电视,MD,电视,2000,4299,B,B企业,310000,2019,4,11
2019-11-05,成都市,C003,6,28014,HE洗衣机,HE,洗衣机,2600,4699,C,C企业,510100,2019,4,11
2019-11-05,长沙市,B001,7,29393,MD冰箱,MD,冰箱,2500,4199,B,B企业,430100,2019,4,11
2019-11-06,成都市,C001,3,10797,HE冰箱,HE,冰箱,1800,3599,C,C企业,510100,2019,4,11
2019-11-06,金华市,A001,5,23345,GL冰箱,GL,冰箱,2200,4669,A,A企业,330700,2019,4,11
2019-11-06,深圳市,B002,6,21594,MD电视,MD,电视,2000,4299,B,B企业,440300,2019,4,11
2019-11-06,成都市,B001,3,12597,MD冰箱,MD,冰箱,2500,4199,B,B企业,510100,2019,4,11
2019-11-06,金华市,A002,4,13196,GL电视,GL,电视,1500,3299,A,A企业,330700,2019,4,11
2019-11-06,上海市,A001,6,28014,GL冰箱,GL,冰箱,2200,4669,A,A企业,310000,2019,4,11
2019-11-06,苏州市,C001,4,14396,HE冰箱,HE,冰箱,1800,3599,C,C企业,320500,2019,4,11
2019-11-06,长沙市,C002,5,20995,HE电视,HE,电视,2200,4199,C,C企业,430100,2019,4,11
2019-11-06,深圳市,A001,5,23345,GL冰箱,GL,冰箱,2200,4669,A,A企业,440300,2019,4,11
2019-11-06,长沙市,A002,4,13196,GL电视,GL,电视,1500,3299,A,A企业,430100,2019,4,11
2019-11-06,长沙市,A001,5,23345,GL冰箱,GL,冰箱,2200,4669,A,A企业,430100,2019,4,11
2019-11-06,长沙市,B001,5,20995,MD冰箱,MD,冰箱,2500,4199,B,B企业,430100,2019,4,11
2019-11-06,厦门市,A001,5,23345,GL冰箱,GL,冰箱,2200,4669,A,A企业,350200,2019,4,11
2019-11-06,深圳市,B001,4,16796,MD冰箱,MD,冰箱,2500,4199,B,B企业,440300,2019,4,11
2019-11-06,苏州市,B001,6,25194,MD冰箱,MD,冰箱,2500,4199,B,B企业,320500,2019,4,11
2019-11-06,苏州市,A002,5,16495,GL电视,GL,电视,1500,3299,A,A企业,320500,2019,4,11
2019-11-06,厦门市,B001,4,16796,MD冰箱,MD,冰箱,2500,4199,B,B企业,350200,2019,4,11
2019-11-06,苏州市,C002,5,20995,HE电视,HE,电视,2200,4199,C,C企业,320500,2019,4,11
2019-11-06,厦门市,C003,3,14007,HE洗衣机,HE,洗衣机,2600,4699,C,C企业,350200,2019,4,11
2019-11-06,重庆市,A001,3,14007,GL冰箱,GL,冰箱,2200,4669,A,A企业,500000,2019,4,11
2019-11-06,苏州市,A001,2,9338,GL冰箱,GL,冰箱,2200,4669,A,A企业,320500,2019,4,11
2019-11-06,重庆市,B001,2,8398,MD冰箱,MD,冰箱,2500,4199,B,B企业,500000,2019,4,11
2019-11-06,金华市,B001,4,16796,MD冰箱,MD,冰箱,2500,4199,B,B企业,330700,2019,4,11
2019-11-06,厦门市,A002,5,16495,GL电视,GL,电视,1500,3299,A,A企业,350200,2019,4,11
2019-11-06,成都市,A001,7,32683,GL冰箱,GL,冰箱,2200,4669,A,A企业,510100,2019,4,11
2019-11-06,上海市,A002,2,6598,GL电视,GL,电视,1500,3299,A,A企业,310000,2019,4,11
2019-11-06,金华市,C002,5,20995,HE电视,HE,电视,2200,4199,C,C企业,330700,2019,4,11
2019-11-06,成都市,C002,6,25194,HE电视,HE,电视,2200,4199,C,C企业,510100,2019,4,11
2019-11-06,重庆市,B002,8,28792,MD电视,MD,电视,2000,4299,B,B企业,500000,2019,4,11
2019-11-06,金华市,B002,5,17995,MD电视,MD,电视,2000,4299,B,B企业,330700,2019,4,11
2019-11-06,厦门市,C002,5,20995,HE电视,HE,电视,2200,4199,C,C企业,350200,2019,4,11
2019-11-06,金华市,C001,6,21594,HE冰箱,HE,冰箱,1800,3599,C,C企业,330700,2019,4,11
2019-11-06,长沙市,C003,5,23345,HE洗衣机,HE,洗衣机,2600,4699,C,C企业,430100,2019,4,11
2019-11-06,成都市,B002,2,7198,MD电视,MD,电视,2000,4299,B,B企业,510100,2019,4,11
2019-11-06,上海市,B001,2,8398,MD冰箱,MD,冰箱,2500,4199,B,B企业,310000,2019,4,11
2019-11-06,长沙市,B002,5,17995,MD电视,MD,电视,2000,4299,B,B企业,430100,2019,4,11
2019-11-06,深圳市,C001,4,14396,HE冰箱,HE,冰箱,1800,3599,C,C企业,440300,2019,4,11
2019-11-06,重庆市,C001,6,21594,HE冰箱,HE,冰箱,1800,3599,C,C企业,500000,2019,4,11
2019-11-06,厦门市,C001,4,14396,HE冰箱,HE,冰箱,1800,3599,C,C企业,350200,2019,4,11
2019-11-06,厦门市,B002,4,14396,MD电视,MD,电视,2000,4299,B,B企业,350200,2019,4,11
2019-11-06,深圳市,C002,6,25194,HE电视,HE,电视,2200,4199,C,C企业,440300,2019,4,11
2019-11-06,苏州市,B002,7,25193,MD电视,MD,电视,2000,4299,B,B企业,320500,2019,4,11
2019-11-07,重庆市,B001,2,8398,MD冰箱,MD,冰箱,2500,4199,B,B企业,500000,2019,4,11
2019-11-07,厦门市,A001,3,14007,GL冰箱,GL,冰箱,2200,4669,A,A企业,350200,2019,4,11
2019-11-07,厦门市,B001,9,37791,MD冰箱,MD,冰箱,2500,4199,B,B企业,350200,2019,4,11
2019-11-07,厦门市,B002,6,21594,MD电视,MD,电视,2000,4299,B,B企业,350200,2019,4,11
2019-11-07,金华市,B001,7,29393,MD冰箱,MD,冰箱,2500,4199,B,B企业,330700,2019,4,11
2019-11-07,金华市,C001,2,7198,HE冰箱,HE,冰箱,1800,3599,C,C企业,330700,2019,4,11
2019-11-07,苏州市,A001,4,18676,GL冰箱,GL,冰箱,2200,4669,A,A企业,320500,2019,4,11
2019-11-07,厦门市,A002,6,19794,GL电视,GL,电视,1500,3299,A,A企业,350200,2019,4,11
2019-11-07,成都市,B001,5,20995,MD冰箱,MD,冰箱,2500,4199,B,B企业,510100,2019,4,11
2019-11-07,金华市,A002,5,16495,GL电视,GL,电视,1500,3299,A,A企业,330700,2019,4,11
2019-11-07,重庆市,A002,2,6598,GL电视,GL,电视,1500,3299,A,A企业,500000,2019,4,11
2019-11-07,深圳市,A001,5,23345,GL冰箱,GL,冰箱,2200,4669,A,A企业,440300,2019,4,11
2019-11-07,深圳市,B001,5,20995,MD冰箱,MD,冰箱,2500,4199,B,B企业,440300,2019,4,11
2019-11-07,成都市,A002,5,16495,GL电视,GL,电视,1500,3299,A,A企业,510100,2019,4,11
2019-11-07,厦门市,C001,2,7198,HE冰箱,HE,冰箱,1800,3599,C,C企业,350200,2019,4,11
2019-11-07,金华市,B003,9,51291,MD洗衣机,MD,洗衣机,3100,5699,B,B企业,330700,2019,4,11
2019-11-07,成都市,B002,2,7198,MD电视,MD,电视,2000,4299,B,B企业,510100,2019,4,11
2019-11-07,苏州市,C001,5,17995,HE冰箱,HE,冰箱,1800,3599,C,C企业,320500,2019,4,11
2019-11-07,厦门市,B003,3,17097,MD洗衣机,MD,洗衣机,3100,5699,B,B企业,350200,2019,4,11
2019-11-07,成都市,C001,3,10797,HE冰箱,HE,冰箱,1800,3599,C,C企业,510100,2019,4,11
2019-11-07,金华市,A003,2,9338,GL洗衣机,GL,洗衣机,3200,4669,A,A企业,330700,2019,4,11
2019-11-07,成都市,A001,4,18676,GL冰箱,GL,冰箱,2200,4669,A,A企业,510100,2019,4,11
2019-11-07,金华市,A001,4,18676,GL冰箱,GL,冰箱,2200,4669,A,A企业,330700,2019,4,11
2019-11-07,厦门市,A003,5,23345,GL洗衣机,GL,洗衣机,3200,4669,A,A企业,350200,2019,4,11
2019-11-07,金华市,B002,9,32391,MD电视,MD,电视,2000,4299,B,B企业,330700,2019,4,11
2019-11-07,深圳市,A002,3,9897,GL电视,GL,电视,1500,3299,A,A企业,440300,2019,4,11
2019-11-07,重庆市,A001,8,37352,GL冰箱,GL,冰箱,2200,4669,A,A企业,500000,2019,4,11
2019-11-07,苏州市,A003,3,14007,GL洗衣机,GL,洗衣机,3200,4669,A,A企业,320500,2019,4,11
2019-11-07,上海市,A003,2,9338,GL洗衣机,GL,洗衣机,3200,4669,A,A企业,310000,2019,4,11
2019-11-07,苏州市,B002,5,17995,MD电视,MD,电视,2000,4299,B,B企业,320500,2019,4,11
2019-11-07,重庆市,A003,7,32683,GL洗衣机,GL,洗衣机,3200,4669,A,A企业,500000,2019,4,11
2019-11-07,成都市,A003,2,9338,GL洗衣机,GL,洗衣机,3200,4669,A,A企业,510100,2019,4,11
2019-11-07,深圳市,A003,8,37352,GL洗衣机,GL,洗衣机,3200,4669,A,A企业,440300,2019,4,11
2019-11-07,深圳市,B002,6,21594,MD电视,MD,电视,2000,4299,B,B企业,440300,2019,4,11
2019-11-07,上海市,B002,2,7198,MD电视,MD,电视,2000,4299,B,B企业,310000,2019,4,11
2019-11-07,重庆市,B003,7,39893,MD洗衣机,MD,洗衣机,3100,5699,B,B企业,500000,2019,4,11
2019-11-07,苏州市,B003,6,34194,MD洗衣机,MD,洗衣机,3100,5699,B,B企业,320500,2019,4,11
2019-11-07,成都市,B003,5,28495,MD洗衣机,MD,洗衣机,3100,5699,B,B企业,510100,2019,4,11
2019-11-07,长沙市,A001,5,23345,GL冰箱,GL,冰箱,2200,4669,A,A企业,430100,2019,4,11
2019-11-07,上海市,C001,3,10797,HE冰箱,HE,冰箱,1800,3599,C,C企业,310000,2019,4,11
2019-11-07,长沙市,B003,2,11398,MD洗衣机,MD,洗衣机,3100,5699,B,B企业,430100,2019,4,11
2019-11-07,上海市,A001,4,18676,GL冰箱,GL,冰箱,2200,4669,A,A企业,310000,2019,4,11
2019-11-07,长沙市,A003,7,32683,GL洗衣机,GL,洗衣机,3200,4669,A,A企业,430100,2019,4,11
2019-11-07,长沙市,A002,2,6598,GL电视,GL,电视,1500,3299,A,A企业,430100,2019,4,11
2019-11-07,苏州市,A002,8,26392,GL电视,GL,电视,1500,3299,A,A企业,320500,2019,4,11
2019-11-07,长沙市,B001,5,20995,MD冰箱,MD,冰箱,2500,4199,B,B企业,430100,2019,4,11
2019-11-07,上海市,A002,6,19794,GL电视,GL,电视,1500,3299,A,A企业,310000,2019,4,11
2019-11-07,重庆市,B002,2,7198,MD电视,MD,电视,2000,4299,B,B企业,500000,2019,4,11
2019-11-08,厦门市,C001,5,17995,HE冰箱,HE,冰箱,1800,3599,C,C企业,350200,2019,4,11
2019-11-08,深圳市,A001,5,23345,GL冰箱,GL,冰箱,2200,4669,A,A企业,440300,2019,4,11
2019-11-08,成都市,C001,5,17995,HE冰箱,HE,冰箱,1800,3599,C,C企业,510100,2019,4,11
2019-11-08,厦门市,B002,6,21594,MD电视,MD,电视,2000,4299,B,B企业,350200,2019,4,11
2019-11-08,厦门市,A001,8,37352,GL冰箱,GL,冰箱,2200,4669,A,A企业,350200,2019,4,11
2019-11-08,苏州市,C001,7,25193,HE冰箱,HE,冰箱,1800,3599,C,C企业,320500,2019,4,11
2019-11-08,苏州市,A001,6,28014,GL冰箱,GL,冰箱,2200,4669,A,A企业,320500,2019,4,11
2019-11-08,深圳市,A003,6,28014,GL洗衣机,GL,洗衣机,3200,4669,A,A企业,440300,2019,4,11
2019-11-08,金华市,A003,6,28014,GL洗衣机,GL,洗衣机,3200,4669,A,A企业,330700,2019,4,11
2019-11-08,重庆市,C001,7,25193,HE冰箱,HE,冰箱,1800,3599,C,C企业,500000,2019,4,11
2019-11-08,长沙市,A003,6,28014,GL洗衣机,GL,洗衣机,3200,4669,A,A企业,430100,2019,4,11
2019-11-08,厦门市,A003,6,28014,GL洗衣机,GL,洗衣机,3200,4669,A,A企业,350200,2019,4,11
2019-11-08,重庆市,B002,5,17995,MD电视,MD,电视,2000,4299,B,B企业,500000,2019,4,11
2019-11-08,重庆市,A002,5,16495,GL电视,GL,电视,1500,3299,A,A企业,500000,2019,4,11
2019-11-08,长沙市,A001,2,9338,GL冰箱,GL,冰箱,2200,4669,A,A企业,430100,2019,4,11
2019-11-08,重庆市,A003,6,28014,GL洗衣机,GL,洗衣机,3200,4669,A,A企业,500000,2019,4,11
2019-11-08,金华市,C001,4,14396,HE冰箱,HE,冰箱,1800,3599,C,C企业,330700,2019,4,11
2019-11-08,成都市,A003,6,28014,GL洗衣机,GL,洗衣机,3200,4669,A,A企业,510100,2019,4,11
2019-11-08,重庆市,A001,5,23345,GL冰箱,GL,冰箱,2200,4669,A,A企业,500000,2019,4,11
2019-11-08,苏州市,A003,5,23345,GL洗衣机,GL,洗衣机,3200,4669,A,A企业,320500,2019,4,11
2019-11-08,长沙市,B001,3,12597,MD冰箱,MD,冰箱,2500,4199,B,B企业,430100,2019,4,11
2019-11-08,成都市,A001,3,14007,GL冰箱,GL,冰箱,2200,4669,A,A企业,510100,2019,4,11
2019-11-08,厦门市,B003,6,34194,MD洗衣机,MD,洗衣机,3100,5699,B,B企业,350200,2019,4,11
2019-11-08,长沙市,B003,6,34194,MD洗衣机,MD,洗衣机,3100,5699,B,B企业,430100,2019,4,11
2019-11-08,苏州市,A002,4,13196,GL电视,GL,电视,1500,3299,A,A企业,320500,2019,4,11
2019-11-08,成都市,B003,8,45592,MD洗衣机,MD,洗衣机,3100,5699,B,B企业,510100,2019,4,11
2019-11-08,厦门市,B001,2,8398,MD冰箱,MD,冰箱,2500,4199,B,B企业,350200,2019,4,11
2019-11-08,金华市,A002,2,6598,GL电视,GL,电视,1500,3299,A,A企业,330700,2019,4,11
2019-11-08,深圳市,B003,4,22796,MD洗衣机,MD,洗衣机,3100,5699,B,B企业,440300,2019,4,11
2019-11-08,成都市,A002,3,9897,GL电视,GL,电视,1500,3299,A,A企业,510100,2019,4,11
2019-11-08,深圳市,C001,6,21594,HE冰箱,HE,冰箱,1800,3599,C,C企业,440300,2019,4,11
2019-11-08,重庆市,B003,4,22796,MD洗衣机,MD,洗衣机,3100,5699,B,B企业,500000,2019,4,11
2019-11-08,金华市,B003,6,34194,MD洗衣机,MD,洗衣机,3100,5699,B,B企业,330700,2019,4,11
2019-11-08,金华市,B001,5,20995,MD冰箱,MD,冰箱,2500,4199,B,B企业,330700,2019,4,11
2019-11-08,苏州市,B001,6,25194,MD冰箱,MD,冰箱,2500,4199,B,B企业,320500,2019,4,11
2019-11-08,苏州市,B002,6,21594,MD电视,MD,电视,2000,4299,B,B企业,320500,2019,4,11
2019-11-08,重庆市,B001,7,29393,MD冰箱,MD,冰箱,2500,4199,B,B企业,500000,2019,4,11
2019-11-08,金华市,B002,6,21594,MD电视,MD,电视,2000,4299,B,B企业,330700,2019,4,11
2019-11-08,金华市,A001,6,28014,GL冰箱,GL,冰箱,2200,4669,A,A企业,330700,2019,4,11
2019-11-09,厦门市,B001,5,20995,MD冰箱,MD,冰箱,2500,4199,B,B企业,350200,2019,4,11
2019-11-09,苏州市,A001,4,18676,GL冰箱,GL,冰箱,2200,4669,A,A企业,320500,2019,4,11
2019-11-09,金华市,A001,3,14007,GL冰箱,GL,冰箱,2200,4669,A,A企业,330700,2019,4,11
2019-11-09,厦门市,C003,7,32683,HE洗衣机,HE,洗衣机,2600,4699,C,C企业,350200,2019,4,11
2019-11-09,深圳市,A001,7,32683,GL冰箱,GL,冰箱,2200,4669,A,A企业,440300,2019,4,11
2019-11-09,上海市,C001,6,21594,HE冰箱,HE,冰箱,1800,3599,C,C企业,310000,2019,4,11
2019-11-09,金华市,C001,2,7198,HE冰箱,HE,冰箱,1800,3599,C,C企业,330700,2019,4,11
2019-11-09,厦门市,B002,5,17995,MD电视,MD,电视,2000,4299,B,B企业,350200,2019,4,11
2019-11-09,重庆市,A001,6,28014,GL冰箱,GL,冰箱,2200,4669,A,A企业,500000,2019,4,11
2019-11-09,苏州市,B002,4,14396,MD电视,MD,电视,2000,4299,B,B企业,320500,2019,4,11
2019-11-09,成都市,B001,4,16796,MD冰箱,MD,冰箱,2500,4199,B,B企业,510100,2019,4,11
2019-11-09,金华市,B002,7,25193,MD电视,MD,电视,2000,4299,B,B企业,330700,2019,4,11
2019-11-09,金华市,B001,2,8398,MD冰箱,MD,冰箱,2500,4199,B,B企业,330700,2019,4,11
2019-11-09,上海市,A001,6,28014,GL冰箱,GL,冰箱,2200,4669,A,A企业,310000,2019,4,11
2019-11-09,上海市,B002,4,14396,MD电视,MD,电视,2000,4299,B,B企业,310000,2019,4,11
2019-11-09,苏州市,C003,7,32683,HE洗衣机,HE,洗衣机,2600,4699,C,C企业,320500,2019,4,11
2019-11-09,厦门市,A001,6,28014,GL冰箱,GL,冰箱,2200,4669,A,A企业,350200,2019,4,11
2019-11-09,上海市,B001,5,20995,MD冰箱,MD,冰箱,2500,4199,B,B企业,310000,2019,4,11
2019-11-09,长沙市,B001,6,25194,MD冰箱,MD,冰箱,2500,4199,B,B企业,430100,2019,4,11
2019-11-09,成都市,B002,7,25193,MD电视,MD,电视,2000,4299,B,B企业,510100,2019,4,11
2019-11-09,成都市,A001,6,28014,GL冰箱,GL,冰箱,2200,4669,A,A企业,510100,2019,4,11
2019-11-09,深圳市,B002,7,25193,MD电视,MD,电视,2000,4299,B,B企业,440300,2019,4,11
2019-11-09,长沙市,B002,6,21594,MD电视,MD,电视,2000,4299,B,B企业,430100,2019,4,11
2019-11-09,重庆市,B002,6,21594,MD电视,MD,电视,2000,4299,B,B企业,500000,2019,4,11
2019-11-09,长沙市,A001,7,32683,GL冰箱,GL,冰箱,2200,4669,A,A企业,430100,2019,4,11
2019-11-09,重庆市,B001,4,16796,MD冰箱,MD,冰箱,2500,4199,B,B企业,500000,2019,4,11
2019-11-09,苏州市,C001,6,21594,HE冰箱,HE,冰箱,1800,3599,C,C企业,320500,2019,4,11
2019-11-09,厦门市,C001,4,14396,HE冰箱,HE,冰箱,1800,3599,C,C企业,350200,2019,4,11
2019-11-09,上海市,B003,3,17097,MD洗衣机,MD,洗衣机,3100,5699,B,B企业,310000,2019,4,11
2019-11-09,重庆市,B003,6,34194,MD洗衣机,MD,洗衣机,3100,5699,B,B企业,500000,2019,4,11
2019-11-09,重庆市,A002,6,19794,GL电视,GL,电视,1500,3299,A,A企业,500000,2019,4,11
2019-11-09,厦门市,B003,6,34194,MD洗衣机,MD,洗衣机,3100,5699,B,B企业,350200,2019,4,11
2019-11-09,深圳市,B003,6,34194,MD洗衣机,MD,洗衣机,3100,5699,B,B企业,440300,2019,4,11
2019-11-09,苏州市,A002,6,19794,GL电视,GL,电视,1500,3299,A,A企业,320500,2019,4,11
2019-11-09,苏州市,B003,8,45592,MD洗衣机,MD,洗衣机,3100,5699,B,B企业,320500,2019,4,11
2019-11-09,长沙市,B003,6,34194,MD洗衣机,MD,洗衣机,3100,5699,B,B企业,430100,2019,4,11
2019-11-09,金华市,B003,4,22796,MD洗衣机,MD,洗衣机,3100,5699,B,B企业,330700,2019,4,11
2019-11-10,成都市,B002,3,10797,MD电视,MD,电视,2000,4299,B,B企业,510100,2019,4,11
2019-11-10,厦门市,B002,3,10797,MD电视,MD,电视,2000,4299,B,B企业,350200,2019,4,11
2019-11-10,长沙市,B001,4,16796,MD冰箱,MD,冰箱,2500,4199,B,B企业,430100,2019,4,11
2019-11-10,深圳市,A001,9,42021,GL冰箱,GL,冰箱,2200,4669,A,A企业,440300,2019,4,11
2019-11-10,金华市,B002,5,17995,MD电视,MD,电视,2000,4299,B,B企业,330700,2019,4,11
2019-11-10,深圳市,B003,5,28495,MD洗衣机,MD,洗衣机,3100,5699,B,B企业,440300,2019,4,11
2019-11-10,金华市,B003,6,34194,MD洗衣机,MD,洗衣机,3100,5699,B,B企业,330700,2019,4,11
2019-11-10,苏州市,A002,4,13196,GL电视,GL,电视,1500,3299,A,A企业,320500,2019,4,11
2019-11-10,深圳市,A002,9,29691,GL电视,GL,电视,1500,3299,A,A企业,440300,2019,4,11
2019-11-10,厦门市,B003,6,34194,MD洗衣机,MD,洗衣机,3100,5699,B,B企业,350200,2019,4,11
2019-11-10,金华市,A001,7,32683,GL冰箱,GL,冰箱,2200,4669,A,A企业,330700,2019,4,11
2019-11-10,苏州市,A001,5,23345,GL冰箱,GL,冰箱,2200,4669,A,A企业,320500,2019,4,11
2019-11-10,厦门市,A001,7,32683,GL冰箱,GL,冰箱,2200,4669,A,A企业,350200,2019,4,11
2019-11-10,厦门市,C001,5,17995,HE冰箱,HE,冰箱,1800,3599,C,C企业,350200,2019,4,11
2019-11-10,深圳市,C001,4,14396,HE冰箱,HE,冰箱,1800,3599,C,C企业,440300,2019,4,11
2019-11-10,金华市,A002,5,16495,GL电视,GL,电视,1500,3299,A,A企业,330700,2019,4,11
2019-11-10,成都市,A001,2,9338,GL冰箱,GL,冰箱,2200,4669,A,A企业,510100,2019,4,11
2019-11-10,重庆市,C001,3,10797,HE冰箱,HE,冰箱,1800,3599,C,C企业,500000,2019,4,11
2019-11-10,成都市,C001,6,21594,HE冰箱,HE,冰箱,1800,3599,C,C企业,510100,2019,4,11
2019-11-10,苏州市,B003,4,22796,MD洗衣机,MD,洗衣机,3100,5699,B,B企业,320500,2019,4,11
2019-11-10,长沙市,A002,5,16495,GL电视,GL,电视,1500,3299,A,A企业,430100,2019,4,11
2019-11-10,重庆市,B002,6,21594,MD电视,MD,电视,2000,4299,B,B企业,500000,2019,4,11
2019-11-10,厦门市,A002,4,13196,GL电视,GL,电视,1500,3299,A,A企业,350200,2019,4,11
2019-11-10,重庆市,A002,7,23093,GL电视,GL,电视,1500,3299,A,A企业,500000,2019,4,11
2019-11-10,重庆市,B003,9,51291,MD洗衣机,MD,洗衣机,3100,5699,B,B企业,500000,2019,4,11
2019-11-10,重庆市,A001,5,23345,GL冰箱,GL,冰箱,2200,4669,A,A企业,500000,2019,4,11
2019-11-10,长沙市,B002,3,10797,MD电视,MD,电视,2000,4299,B,B企业,430100,2019,4,11
2019-11-10,深圳市,B002,3,10797,MD电视,MD,电视,2000,4299,B,B企业,440300,2019,4,11
2019-11-10,成都市,B003,4,22796,MD洗衣机,MD,洗衣机,3100,5699,B,B企业,510100,2019,4,11
2019-11-10,上海市,B003,8,45592,MD洗衣机,MD,洗衣机,3100,5699,B,B企业,310000,2019,4,11
2019-11-10,金华市,C001,6,21594,HE冰箱,HE,冰箱,1800,3599,C,C企业,330700,2019,4,11
2019-11-10,苏州市,B002,2,7198,MD电视,MD,电视,2000,4299,B,B企业,320500,2019,4,11
2019-11-10,上海市,B001,4,16796,MD冰箱,MD,冰箱,2500,4199,B,B企业,310000,2019,4,11
2019-11-10,成都市,B001,6,25194,MD冰箱,MD,冰箱,2500,4199,B,B企业,510100,2019,4,11
2019-11-10,深圳市,B001,6,25194,MD冰箱,MD,冰箱,2500,4199,B,B企业,440300,2019,4,11
2019-11-10,重庆市,B001,3,12597,MD冰箱,MD,冰箱,2500,4199,B,B企业,500000,2019,4,11
2019-11-10,上海市,A001,3,14007,GL冰箱,GL,冰箱,2200,4669,A,A企业,310000,2019,4,11
2019-11-11,厦门市,B002,5,17995,MD电视,MD,电视,2000,4299,B,B企业,350200,2019,4,11
2019-11-11,金华市,A002,6,19794,GL电视,GL,电视,1500,3299,A,A企业,330700,2019,4,11
2019-11-11,金华市,B001,5,20995,MD冰箱,MD,冰箱,2500,4199,B,B企业,330700,2019,4,11
2019-11-11,厦门市,C001,5,17995,HE冰箱,HE,冰箱,1800,3599,C,C企业,350200,2019,4,11
2019-11-11,上海市,B001,3,12597,MD冰箱,MD,冰箱,2500,4199,B,B企业,310000,2019,4,11
2019-11-11,上海市,A001,5,23345,GL冰箱,GL,冰箱,2200,4669,A,A企业,310000,2019,4,11
2019-11-11,苏州市,A001,7,32683,GL冰箱,GL,冰箱,2200,4669,A,A企业,320500,2019,4,11
2019-11-11,成都市,B002,4,14396,MD电视,MD,电视,2000,4299,B,B企业,510100,2019,4,11
2019-11-11,重庆市,A002,6,19794,GL电视,GL,电视,1500,3299,A,A企业,500000,2019,4,11
2019-11-11,重庆市,B002,3,10797,MD电视,MD,电视,2000,4299,B,B企业,500000,2019,4,11
2019-11-11,厦门市,B001,4,16796,MD冰箱,MD,冰箱,2500,4199,B,B企业,350200,2019,4,11
2019-11-11,金华市,A001,7,32683,GL冰箱,GL,冰箱,2200,4669,A,A企业,330700,2019,4,11
2019-11-11,深圳市,A001,6,28014,GL冰箱,GL,冰箱,2200,4669,A,A企业,440300,2019,4,11
2019-11-11,成都市,B001,4,16796,MD冰箱,MD,冰箱,2500,4199,B,B企业,510100,2019,4,11
2019-11-11,厦门市,A001,4,18676,GL冰箱,GL,冰箱,2200,4669,A,A企业,350200,2019,4,11
2019-11-11,重庆市,A001,2,9338,GL冰箱,GL,冰箱,2200,4669,A,A企业,500000,2019,4,11
2019-11-11,重庆市,B001,2,8398,MD冰箱,MD,冰箱,2500,4199,B,B企业,500000,2019,4,11
2019-11-11,成都市,A002,6,19794,GL电视,GL,电视,1500,3299,A,A企业,510100,2019,4,11
2019-11-11,长沙市,B001,6,25194,MD冰箱,MD,冰箱,2500,4199,B,B企业,430100,2019,4,11
2019-11-11,金华市,B002,4,14396,MD电视,MD,电视,2000,4299,B,B企业,330700,2019,4,11
2019-11-11,深圳市,B001,2,8398,MD冰箱,MD,冰箱,2500,4199,B,B企业,440300,2019,4,11
2019-11-11,苏州市,A002,5,16495,GL电视,GL,电视,1500,3299,A,A企业,320500,2019,4,11
2019-11-11,长沙市,A001,3,14007,GL冰箱,GL,冰箱,2200,4669,A,A企业,430100,2019,4,11
2019-11-11,长沙市,A002,6,19794,GL电视,GL,电视,1500,3299,A,A企业,430100,2019,4,11
2019-11-11,上海市,C001,3,10797,HE冰箱,HE,冰箱,1800,3599,C,C企业,310000,2019,4,11
2019-11-11,长沙市,B002,4,14396,MD电视,MD,电视,2000,4299,B,B企业,430100,2019,4,11
2019-11-11,苏州市,B001,4,16796,MD冰箱,MD,冰箱,2500,4199,B,B企业,320500,2019,4,11
2019-11-11,深圳市,C001,6,21594,HE冰箱,HE,冰箱,1800,3599,C,C企业,440300,2019,4,11
2019-11-11,长沙市,C003,2,9338,HE洗衣机,HE,洗衣机,2600,4699,C,C企业,430100,2019,4,11
2019-11-11,深圳市,B002,5,17995,MD电视,MD,电视,2000,4299,B,B企业,440300,2019,4,11
2019-11-11,厦门市,A002,6,19794,GL电视,GL,电视,1500,3299,A,A企业,350200,2019,4,11
2019-11-11,苏州市,B002,5,17995,MD电视,MD,电视,2000,4299,B,B企业,320500,2019,4,11
2019-11-11,苏州市,C001,5,17995,HE冰箱,HE,冰箱,1800,3599,C,C企业,320500,2019,4,11
2019-11-11,成都市,A001,2,9338,GL冰箱,GL,冰箱,2200,4669,A,A企业,510100,2019,4,11
2019-11-11,金华市,C001,4,14396,HE冰箱,HE,冰箱,1800,3599,C,C企业,330700,2019,4,11
2019-11-11,苏州市,C003,4,18676,HE洗衣机,HE,洗衣机,2600,4699,C,C企业,320500,2019,4,11
2019-11-12,深圳市,B001,4,16796,MD冰箱,MD,冰箱,2500,4199,B,B企业,440300,2019,4,11
2019-11-12,成都市,A001,5,23345,GL冰箱,GL,冰箱,2200,4669,A,A企业,510100,2019,4,11
2019-11-12,厦门市,B001,2,8398,MD冰箱,MD,冰箱,2500,4199,B,B企业,350200,2019,4,11
2019-11-12,苏州市,B001,5,20995,MD冰箱,MD,冰箱,2500,4199,B,B企业,320500,2019,4,11
2019-11-12,重庆市,A002,4,13196,GL电视,GL,电视,1500,3299,A,A企业,500000,2019,4,11
2019-11-12,苏州市,A001,4,18676,GL冰箱,GL,冰箱,2200,4669,A,A企业,320500,2019,4,11
2019-11-12,金华市,B001,6,25194,MD冰箱,MD,冰箱,2500,4199,B,B企业,330700,2019,4,11
2019-11-12,金华市,A001,5,23345,GL冰箱,GL,冰箱,2200,4669,A,A企业,330700,2019,4,11
2019-11-12,深圳市,A001,4,18676,GL冰箱,GL,冰箱,2200,4669,A,A企业,440300,2019,4,11
2019-11-12,厦门市,B002,4,14396,MD电视,MD,电视,2000,4299,B,B企业,350200,2019,4,11
2019-11-12,深圳市,A002,6,19794,GL电视,GL,电视,1500,3299,A,A企业,440300,2019,4,11
2019-11-12,上海市,C001,3,10797,HE冰箱,HE,冰箱,1800,3599,C,C企业,310000,2019,4,11
2019-11-12,重庆市,B001,2,8398,MD冰箱,MD,冰箱,2500,4199,B,B企业,500000,2019,4,11
2019-11-12,厦门市,A002,7,23093,GL电视,GL,电视,1500,3299,A,A企业,350200,2019,4,11
2019-11-12,上海市,A001,2,9338,GL冰箱,GL,冰箱,2200,4669,A,A企业,310000,2019,4,11
2019-11-12,金华市,A002,8,26392,GL电视,GL,电视,1500,3299,A,A企业,330700,2019,4,11
2019-11-12,厦门市,C003,5,23345,HE洗衣机,HE,洗衣机,2600,4699,C,C企业,350200,2019,4,11
2019-11-12,厦门市,A001,9,42021,GL冰箱,GL,冰箱,2200,4669,A,A企业,350200,2019,4,11
2019-11-12,苏州市,B002,8,28792,MD电视,MD,电视,2000,4299,B,B企业,320500,2019,4,11
2019-11-12,成都市,B001,4,16796,MD冰箱,MD,冰箱,2500,4199,B,B企业,510100,2019,4,11
2019-11-12,厦门市,A003,4,18676,GL洗衣机,GL,洗衣机,3200,4669,A,A企业,350200,2019,4,11
2019-11-12,重庆市,C001,6,21594,HE冰箱,HE,冰箱,1800,3599,C,C企业,500000,2019,4,11
2019-11-12,上海市,A002,5,16495,GL电视,GL,电视,1500,3299,A,A企业,310000,2019,4,11
2019-11-12,重庆市,A001,7,32683,GL冰箱,GL,冰箱,2200,4669,A,A企业,500000,2019,4,11
2019-11-12,成都市,A002,6,19794,GL电视,GL,电视,1500,3299,A,A企业,510100,2019,4,11
2019-11-12,苏州市,A002,4,13196,GL电视,GL,电视,1500,3299,A,A企业,320500,2019,4,11
2019-11-12,重庆市,B002,7,25193,MD电视,MD,电视,2000,4299,B,B企业,500000,2019,4,11
2019-11-12,金华市,B002,5,17995,MD电视,MD,电视,2000,4299,B,B企业,330700,2019,4,11
2019-11-12,深圳市,B002,5,17995,MD电视,MD,电视,2000,4299,B,B企业,440300,2019,4,11
2019-11-12,长沙市,A002,8,26392,GL电视,GL,电视,1500,3299,A,A企业,430100,2019,4,11
2019-11-12,上海市,B002,7,25193,MD电视,MD,电视,2000,4299,B,B企业,310000,2019,4,11
2019-11-12,厦门市,C001,5,17995,HE冰箱,HE,冰箱,1800,3599,C,C企业,350200,2019,4,11
2019-11-12,上海市,B001,7,29393,MD冰箱,MD,冰箱,2500,4199,B,B企业,310000,2019,4,11
2019-11-12,长沙市,A001,4,18676,GL冰箱,GL,冰箱,2200,4669,A,A企业,430100,2019,4,11
2019-11-12,苏州市,A003,4,18676,GL洗衣机,GL,洗衣机,3200,4669,A,A企业,320500,2019,4,11
2019-11-12,长沙市,B001,4,16796,MD冰箱,MD,冰箱,2500,4199,B,B企业,430100,2019,4,11
2019-11-13,深圳市,B001,5,20995,MD冰箱,MD,冰箱,2500,4199,B,B企业,440300,2019,4,11
2019-11-13,金华市,A001,5,23345,GL冰箱,GL,冰箱,2200,4669,A,A企业,330700,2019,4,11
2019-11-13,深圳市,B002,9,32391,MD电视,MD,电视,2000,4299,B,B企业,440300,2019,4,11
2019-11-13,成都市,B002,5,17995,MD电视,MD,电视,2000,4299,B,B企业,510100,2019,4,11
2019-11-13,深圳市,A001,4,18676,GL冰箱,GL,冰箱,2200,4669,A,A企业,440300,2019,4,11
2019-11-13,苏州市,B002,3,10797,MD电视,MD,电视,2000,4299,B,B企业,320500,2019,4,11
2019-11-13,长沙市,B001,3,12597,MD冰箱,MD,冰箱,2500,4199,B,B企业,430100,2019,4,11
2019-11-13,苏州市,A001,6,28014,GL冰箱,GL,冰箱,2200,4669,A,A企业,320500,2019,4,11
2019-11-13,厦门市,B001,6,25194,MD冰箱,MD,冰箱,2500,4199,B,B企业,350200,2019,4,11
2019-11-13,金华市,B002,5,17995,MD电视,MD,电视,2000,4299,B,B企业,330700,2019,4,11
2019-11-13,厦门市,C001,5,17995,HE冰箱,HE,冰箱,1800,3599,C,C企业,350200,2019,4,11
2019-11-13,金华市,B001,2,8398,MD冰箱,MD,冰箱,2500,4199,B,B企业,330700,2019,4,11
2019-11-13,重庆市,B001,6,25194,MD冰箱,MD,冰箱,2500,4199,B,B企业,500000,2019,4,11
2019-11-13,厦门市,A001,5,23345,GL冰箱,GL,冰箱,2200,4669,A,A企业,350200,2019,4,11
2019-11-13,成都市,A001,8,37352,GL冰箱,GL,冰箱,2200,4669,A,A企业,510100,2019,4,11
2019-11-13,金华市,C001,8,28792,HE冰箱,HE,冰箱,1800,3599,C,C企业,330700,2019,4,11
2019-11-13,苏州市,B001,4,16796,MD冰箱,MD,冰箱,2500,4199,B,B企业,320500,2019,4,11
2019-11-13,成都市,B001,8,33592,MD冰箱,MD,冰箱,2500,4199,B,B企业,510100,2019,4,11
2019-11-13,重庆市,A001,4,18676,GL冰箱,GL,冰箱,2200,4669,A,A企业,500000,2019,4,11
2019-11-13,厦门市,B002,2,7198,MD电视,MD,电视,2000,4299,B,B企业,350200,2019,4,11
2019-11-13,深圳市,C003,3,14007,HE洗衣机,HE,洗衣机,2600,4699,C,C企业,440300,2019,4,11
2019-11-13,厦门市,A002,5,16495,GL电视,GL,电视,1500,3299,A,A企业,350200,2019,4,11
2019-11-13,重庆市,A002,4,13196,GL电视,GL,电视,1500,3299,A,A企业,500000,2019,4,11
2019-11-13,重庆市,C001,4,14396,HE冰箱,HE,冰箱,1800,3599,C,C企业,500000,2019,4,11
2019-11-13,金华市,A002,6,19794,GL电视,GL,电视,1500,3299,A,A企业,330700,2019,4,11
2019-11-13,厦门市,A003,3,14007,GL洗衣机,GL,洗衣机,3200,4669,A,A企业,350200,2019,4,11
2019-11-13,长沙市,A002,3,9897,GL电视,GL,电视,1500,3299,A,A企业,430100,2019,4,11
2019-11-13,长沙市,C001,5,17995,HE冰箱,HE,冰箱,1800,3599,C,C企业,430100,2019,4,11
2019-11-13,重庆市,B002,8,28792,MD电视,MD,电视,2000,4299,B,B企业,500000,2019,4,11
2019-11-13,长沙市,A001,6,28014,GL冰箱,GL,冰箱,2200,4669,A,A企业,430100,2019,4,11
2019-11-13,苏州市,A002,5,16495,GL电视,GL,电视,1500,3299,A,A企业,320500,2019,4,11
2019-11-13,长沙市,B002,4,14396,MD电视,MD,电视,2000,4299,B,B企业,430100,2019,4,11
2019-11-13,深圳市,A003,9,42021,GL洗衣机,GL,洗衣机,3200,4669,A,A企业,440300,2019,4,11
2019-11-13,上海市,A001,8,37352,GL冰箱,GL,冰箱,2200,4669,A,A企业,310000,2019,4,11
2019-11-13,深圳市,C001,7,25193,HE冰箱,HE,冰箱,1800,3599,C,C企业,440300,2019,4,11
2019-11-13,苏州市,C001,3,10797,HE冰箱,HE,冰箱,1800,3599,C,C企业,320500,2019,4,11
2019-11-13,上海市,C001,6,21594,HE冰箱,HE,冰箱,1800,3599,C,C企业,310000,2019,4,11
2019-11-13,上海市,B002,7,25193,MD电视,MD,电视,2000,4299,B,B企业,310000,2019,4,11
2019-11-14,深圳市,A003,6,28014,GL洗衣机,GL,洗衣机,3200,4669,A,A企业,440300,2019,4,11
2019-11-14,金华市,A001,9,42021,GL冰箱,GL,冰箱,2200,4669,A,A企业,330700,2019,4,11
2019-11-14,重庆市,B001,4,16796,MD冰箱,MD,冰箱,2500,4199,B,B企业,500000,2019,4,11
2019-11-14,上海市,B001,7,29393,MD冰箱,MD,冰箱,2500,4199,B,B企业,310000,2019,4,11
2019-11-14,厦门市,B001,2,8398,MD冰箱,MD,冰箱,2500,4199,B,B企业,350200,2019,4,11
2019-11-14,深圳市,B001,2,8398,MD冰箱,MD,冰箱,2500,4199,B,B企业,440300,2019,4,11
2019-11-14,苏州市,B002,3,10797,MD电视,MD,电视,2000,4299,B,B企业,320500,2019,4,11
2019-11-14,长沙市,A001,3,14007,GL冰箱,GL,冰箱,2200,4669,A,A企业,430100,2019,4,11
2019-11-14,厦门市,A001,8,37352,GL冰箱,GL,冰箱,2200,4669,A,A企业,350200,2019,4,11
2019-11-14,苏州市,B001,7,29393,MD冰箱,MD,冰箱,2500,4199,B,B企业,320500,2019,4,11
2019-11-14,苏州市,A001,2,9338,GL冰箱,GL,冰箱,2200,4669,A,A企业,320500,2019,4,11
2019-11-14,金华市,B001,2,8398,MD冰箱,MD,冰箱,2500,4199,B,B企业,330700,2019,4,11
2019-11-14,成都市,A001,7,32683,GL冰箱,GL,冰箱,2200,4669,A,A企业,510100,2019,4,11
2019-11-14,长沙市,A003,5,23345,GL洗衣机,GL,洗衣机,3200,4669,A,A企业,430100,2019,4,11
2019-11-14,重庆市,A001,9,42021,GL冰箱,GL,冰箱,2200,4669,A,A企业,500000,2019,4,11
2019-11-14,成都市,B001,5,20995,MD冰箱,MD,冰箱,2500,4199,B,B企业,510100,2019,4,11
2019-11-14,上海市,A001,7,32683,GL冰箱,GL,冰箱,2200,4669,A,A企业,310000,2019,4,11
2019-11-14,重庆市,B002,5,17995,MD电视,MD,电视,2000,4299,B,B企业,500000,2019,4,11
2019-11-14,重庆市,C001,2,7198,HE冰箱,HE,冰箱,1800,3599,C,C企业,500000,2019,4,11
2019-11-14,厦门市,B002,4,14396,MD电视,MD,电视,2000,4299,B,B企业,350200,2019,4,11
2019-11-14,长沙市,B001,4,16796,MD冰箱,MD,冰箱,2500,4199,B,B企业,430100,2019,4,11
2019-11-14,成都市,B002,8,28792,MD电视,MD,电视,2000,4299,B,B企业,510100,2019,4,11
2019-11-14,深圳市,A001,6,28014,GL冰箱,GL,冰箱,2200,4669,A,A企业,440300,2019,4,11
2019-11-14,深圳市,B002,2,7198,MD电视,MD,电视,2000,4299,B,B企业,440300,2019,4,11
2019-11-14,长沙市,C001,4,14396,HE冰箱,HE,冰箱,1800,3599,C,C企业,430100,2019,4,11
2019-11-14,苏州市,C001,6,21594,HE冰箱,HE,冰箱,1800,3599,C,C企业,320500,2019,4,11
2019-11-14,金华市,A002,4,13196,GL电视,GL,电视,1500,3299,A,A企业,330700,2019,4,11
2019-11-14,金华市,B002,5,17995,MD电视,MD,电视,2000,4299,B,B企业,330700,2019,4,11
2019-11-14,厦门市,C001,3,10797,HE冰箱,HE,冰箱,1800,3599,C,C企业,350200,2019,4,11
2019-11-14,苏州市,A002,3,9897,GL电视,GL,电视,1500,3299,A,A企业,320500,2019,4,11
2019-11-14,重庆市,A002,6,19794,GL电视,GL,电视,1500,3299,A,A企业,500000,2019,4,11
2019-11-14,厦门市,A003,5,23345,GL洗衣机,GL,洗衣机,3200,4669,A,A企业,350200,2019,4,11
2019-11-14,厦门市,A002,6,19794,GL电视,GL,电视,1500,3299,A,A企业,350200,2019,4,11
2019-11-14,上海市,C001,8,28792,HE冰箱,HE,冰箱,1800,3599,C,C企业,310000,2019,4,11
2019-11-15,金华市,A001,4,18676,GL冰箱,GL,冰箱,2200,4669,A,A企业,330700,2019,4,11
2019-11-15,金华市,B002,3,10797,MD电视,MD,电视,2000,4299,B,B企业,330700,2019,4,11
2019-11-15,重庆市,A001,7,32683,GL冰箱,GL,冰箱,2200,4669,A,A企业,500000,2019,4,11
2019-11-15,上海市,C001,7,25193,HE冰箱,HE,冰箱,1800,3599,C,C企业,310000,2019,4,11
2019-11-15,长沙市,B001,6,25194,MD冰箱,MD,冰箱,2500,4199,B,B企业,430100,2019,4,11
2019-11-15,长沙市,A002,5,16495,GL电视,GL,电视,1500,3299,A,A企业,430100,2019,4,11
2019-11-15,上海市,B001,2,8398,MD冰箱,MD,冰箱,2500,4199,B,B企业,310000,2019,4,11
2019-11-15,金华市,C001,8,28792,HE冰箱,HE,冰箱,1800,3599,C,C企业,330700,2019,4,11
2019-11-15,上海市,A002,6,19794,GL电视,GL,电视,1500,3299,A,A企业,310000,2019,4,11
2019-11-15,深圳市,A001,6,28014,GL冰箱,GL,冰箱,2200,4669,A,A企业,440300,2019,4,11
2019-11-15,苏州市,A001,6,28014,GL冰箱,GL,冰箱,2200,4669,A,A企业,320500,2019,4,11
2019-11-15,深圳市,B001,9,37791,MD冰箱,MD,冰箱,2500,4199,B,B企业,440300,2019,4,11
2019-11-15,重庆市,A002,6,19794,GL电视,GL,电视,1500,3299,A,A企业,500000,2019,4,11
2019-11-15,重庆市,B001,6,25194,MD冰箱,MD,冰箱,2500,4199,B,B企业,500000,2019,4,11
2019-11-15,金华市,B001,7,29393,MD冰箱,MD,冰箱,2500,4199,B,B企业,330700,2019,4,11
2019-11-15,苏州市,B001,2,8398,MD冰箱,MD,冰箱,2500,4199,B,B企业,320500,2019,4,11
2019-11-15,长沙市,A001,7,32683,GL冰箱,GL,冰箱,2200,4669,A,A企业,430100,2019,4,11
2019-11-15,深圳市,A002,5,16495,GL电视,GL,电视,1500,3299,A,A企业,440300,2019,4,11
2019-11-15,厦门市,C001,5,17995,HE冰箱,HE,冰箱,1800,3599,C,C企业,350200,2019,4,11
2019-11-15,厦门市,A002,5,16495,GL电视,GL,电视,1500,3299,A,A企业,350200,2019,4,11
2019-11-15,厦门市,B001,2,8398,MD冰箱,MD,冰箱,2500,4199,B,B企业,350200,2019,4,11
2019-11-15,厦门市,A001,6,28014,GL冰箱,GL,冰箱,2200,4669,A,A企业,350200,2019,4,11
2019-11-15,长沙市,B002,9,32391,MD电视,MD,电视,2000,4299,B,B企业,430100,2019,4,11
2019-11-15,深圳市,B002,6,21594,MD电视,MD,电视,2000,4299,B,B企业,440300,2019,4,11
2019-11-15,苏州市,B002,4,14396,MD电视,MD,电视,2000,4299,B,B企业,320500,2019,4,11
2019-11-15,厦门市,B002,3,10797,MD电视,MD,电视,2000,4299,B,B企业,350200,2019,4,11
2019-11-15,苏州市,C001,2,7198,HE冰箱,HE,冰箱,1800,3599,C,C企业,320500,2019,4,11
2019-11-15,深圳市,B003,6,34194,MD洗衣机,MD,洗衣机,3100,5699,B,B企业,440300,2019,4,11
2019-11-15,长沙市,B003,5,28495,MD洗衣机,MD,洗衣机,3100,5699,B,B企业,430100,2019,4,11
2019-11-15,成都市,B003,4,22796,MD洗衣机,MD,洗衣机,3100,5699,B,B企业,510100,2019,4,11
2019-11-15,金华市,B003,6,34194,MD洗衣机,MD,洗衣机,3100,5699,B,B企业,330700,2019,4,11
2019-11-15,重庆市,B003,7,39893,MD洗衣机,MD,洗衣机,3100,5699,B,B企业,500000,2019,4,11
2019-11-15,厦门市,B003,5,28495,MD洗衣机,MD,洗衣机,3100,5699,B,B企业,350200,2019,4,11
2019-11-15,成都市,B001,4,16796,MD冰箱,MD,冰箱,2500,4199,B,B企业,510100,2019,4,11
2019-11-15,重庆市,C001,6,21594,HE冰箱,HE,冰箱,1800,3599,C,C企业,500000,2019,4,11
2019-11-15,成都市,C001,3,10797,HE冰箱,HE,冰箱,1800,3599,C,C企业,510100,2019,4,11
2019-11-16,金华市,B001,9,37791,MD冰箱,MD,冰箱,2500,4199,B,B企业,330700,2019,4,11
2019-11-16,厦门市,A001,2,9338,GL冰箱,GL,冰箱,2200,4669,A,A企业,350200,2019,4,11
2019-11-16,深圳市,B002,3,10797,MD电视,MD,电视,2000,4299,B,B企业,440300,2019,4,11
2019-11-16,上海市,B001,5,20995,MD冰箱,MD,冰箱,2500,4199,B,B企业,310000,2019,4,11
2019-11-16,苏州市,B002,5,17995,MD电视,MD,电视,2000,4299,B,B企业,320500,2019,4,11
2019-11-16,厦门市,A003,4,18676,GL洗衣机,GL,洗衣机,3200,4669,A,A企业,350200,2019,4,11
2019-11-16,成都市,C001,6,21594,HE冰箱,HE,冰箱,1800,3599,C,C企业,510100,2019,4,11
2019-11-16,厦门市,C001,7,25193,HE冰箱,HE,冰箱,1800,3599,C,C企业,350200,2019,4,11
2019-11-16,金华市,A001,4,18676,GL冰箱,GL,冰箱,2200,4669,A,A企业,330700,2019,4,11
2019-11-16,苏州市,A001,4,18676,GL冰箱,GL,冰箱,2200,4669,A,A企业,320500,2019,4,11
2019-11-16,金华市,C001,4,14396,HE冰箱,HE,冰箱,1800,3599,C,C企业,330700,2019,4,11
2019-11-16,金华市,B002,7,25193,MD电视,MD,电视,2000,4299,B,B企业,330700,2019,4,11
2019-11-16,上海市,C001,5,17995,HE冰箱,HE,冰箱,1800,3599,C,C企业,310000,2019,4,11
2019-11-16,深圳市,A001,5,23345,GL冰箱,GL,冰箱,2200,4669,A,A企业,440300,2019,4,11
2019-11-16,成都市,A002,5,16495,GL电视,GL,电视,1500,3299,A,A企业,510100,2019,4,11
2019-11-16,上海市,C002,2,8398,HE电视,HE,电视,2200,4199,C,C企业,310000,2019,4,11
2019-11-16,重庆市,C002,5,20995,HE电视,HE,电视,2200,4199,C,C企业,500000,2019,4,11
2019-11-16,上海市,A002,4,13196,GL电视,GL,电视,1500,3299,A,A企业,310000,2019,4,11
2019-11-16,金华市,A002,2,17995,GL电视,GL,电视,1500,3299,A,A企业,330700,2019,4,11
2019-11-16,苏州市,C001,5,12597,HE冰箱,HE,冰箱,1800,3599,C,C企业,320500,2019,4,11
2019-11-16,深圳市,B001,3,12597,MD冰箱,MD,冰箱,2500,4199,B,B企业,440300,2019,4,11
2019-11-16,成都市,B001,7,29393,MD冰箱,MD,冰箱,2500,4199,B,B企业,510100,2019,4,11
2019-11-16,上海市,A001,6,28014,GL冰箱,GL,冰箱,2200,4669,A,A企业,310000,2019,4,11
2019-11-16,长沙市,A001,4,18676,GL冰箱,GL,冰箱,2200,4669,A,A企业,430100,2019,4,11
2019-11-16,长沙市,B001,7,29393,MD冰箱,MD,冰箱,2500,4199,B,B企业,430100,2019,4,11
2019-11-16,厦门市,B001,6,25194,MD冰箱,MD,冰箱,2500,4199,B,B企业,350200,2019,4,11
2019-11-16,长沙市,C001,8,28792,HE冰箱,HE,冰箱,1800,3599,C,C企业,430100,2019,4,11
2019-11-16,重庆市,A001,2,9338,GL冰箱,GL,冰箱,2200,4669,A,A企业,500000,2019,4,11
2019-11-16,苏州市,B001,5,20995,MD冰箱,MD,冰箱,2500,4199,B,B企业,320500,2019,4,11
2019-11-16,深圳市,A002,6,19794,GL电视,GL,电视,1500,3299,A,A企业,440300,2019,4,11
2019-11-16,重庆市,A002,5,16495,GL电视,GL,电视,1500,3299,A,A企业,500000,2019,4,11
2019-11-16,长沙市,A003,8,37352,GL洗衣机,GL,洗衣机,3200,4669,A,A企业,430100,2019,4,11
2019-11-16,成都市,A001,6,28014,GL冰箱,GL,冰箱,2200,4669,A,A企业,510100,2019,4,11
2019-11-16,重庆市,B001,3,12597,MD冰箱,MD,冰箱,2500,4199,B,B企业,500000,2019,4,11
2019-11-16,厦门市,A002,3,9897,GL电视,GL,电视,1500,3299,A,A企业,350200,2019,4,11
2019-11-16,深圳市,C001,4,14396,HE冰箱,HE,冰箱,1800,3599,C,C企业,440300,2019,4,11
2019-11-16,厦门市,C002,7,29393,HE电视,HE,电视,2200,4199,C,C企业,350200,2019,4,11
2019-11-17,深圳市,B001,6,25194,MD冰箱,MD,冰箱,2500,4199,B,B企业,440300,2019,4,11
2019-11-17,长沙市,C001,4,14396,HE冰箱,HE,冰箱,1800,3599,C,C企业,430100,2019,4,11
2019-11-17,成都市,B001,6,25194,MD冰箱,MD,冰箱,2500,4199,B,B企业,510100,2019,4,11
2019-11-17,厦门市,B001,2,8398,MD冰箱,MD,冰箱,2500,4199,B,B企业,350200,2019,4,11
2019-11-17,厦门市,A002,6,19794,GL电视,GL,电视,1500,3299,A,A企业,350200,2019,4,11
2019-11-17,金华市,A001,3,14007,GL冰箱,GL,冰箱,2200,4669,A,A企业,330700,2019,4,11
2019-11-17,深圳市,A001,4,18676,GL冰箱,GL,冰箱,2200,4669,A,A企业,440300,2019,4,11
2019-11-17,厦门市,A001,5,23345,GL冰箱,GL,冰箱,2200,4669,A,A企业,350200,2019,4,11
2019-11-17,重庆市,A001,5,23345,GL冰箱,GL,冰箱,2200,4669,A,A企业,500000,2019,4,11
2019-11-17,金华市,B001,4,16796,MD冰箱,MD,冰箱,2500,4199,B,B企业,330700,2019,4,11
2019-11-17,金华市,A002,5,16495,GL电视,GL,电视,1500,3299,A,A企业,330700,2019,4,11
2019-11-17,长沙市,B001,4,16796,MD冰箱,MD,冰箱,2500,4199,B,B企业,430100,2019,4,11
2019-11-17,深圳市,B002,5,17995,MD电视,MD,电视,2000,4299,B,B企业,440300,2019,4,11
2019-11-17,金华市,C001,3,10797,HE冰箱,HE,冰箱,1800,3599,C,C企业,330700,2019,4,11
2019-11-17,厦门市,C002,7,29393,HE电视,HE,电视,2200,4199,C,C企业,350200,2019,4,11
2019-11-17,厦门市,B002,5,17995,MD电视,MD,电视,2000,4299,B,B企业,350200,2019,4,11
2019-11-17,成都市,A001,8,37352,GL冰箱,GL,冰箱,2200,4669,A,A企业,510100,2019,4,11
2019-11-17,金华市,B002,3,10797,MD电视,MD,电视,2000,4299,B,B企业,330700,2019,4,11
2019-11-17,苏州市,B001,4,16796,MD冰箱,MD,冰箱,2500,4199,B,B企业,320500,2019,4,11
2019-11-17,苏州市,A001,5,23345,GL冰箱,GL,冰箱,2200,4669,A,A企业,320500,2019,4,11
2019-11-17,重庆市,C001,3,10797,HE冰箱,HE,冰箱,1800,3599,C,C企业,500000,2019,4,11
2019-11-17,金华市,C002,6,25194,HE电视,HE,电视,2200,4199,C,C企业,330700,2019,4,11
2019-11-17,苏州市,C002,4,16796,HE电视,HE,电视,2200,4199,C,C企业,320500,2019,4,11
2019-11-17,苏州市,B002,6,21594,MD电视,MD,电视,2000,4299,B,B企业,320500,2019,4,11
2019-11-17,成都市,C001,6,21594,HE冰箱,HE,冰箱,1800,3599,C,C企业,510100,2019,4,11
2019-11-17,厦门市,C001,4,14396,HE冰箱,HE,冰箱,1800,3599,C,C企业,350200,2019,4,11
2019-11-17,金华市,A003,4,18676,GL洗衣机,GL,洗衣机,3200,4669,A,A企业,330700,2019,4,11
2019-11-17,厦门市,A003,6,28014,GL洗衣机,GL,洗衣机,3200,4669,A,A企业,350200,2019,4,11
2019-11-17,长沙市,A001,2,9338,GL冰箱,GL,冰箱,2200,4669,A,A企业,430100,2019,4,11
2019-11-17,成都市,A002,5,16495,GL电视,GL,电视,1500,3299,A,A企业,510100,2019,4,11
2019-11-17,重庆市,A002,2,6598,GL电视,GL,电视,1500,3299,A,A企业,500000,2019,4,11
2019-11-18,重庆市,B001,4,16796,MD冰箱,MD,冰箱,2500,4199,B,B企业,500000,2019,4,11
2019-11-18,深圳市,C002,5,20995,HE电视,HE,电视,2200,4199,C,C企业,440300,2019,4,11
2019-11-18,厦门市,A001,6,28014,GL冰箱,GL,冰箱,2200,4669,A,A企业,350200,2019,4,11
2019-11-18,长沙市,C002,6,25194,HE电视,HE,电视,2200,4199,C,C企业,430100,2019,4,11
2019-11-18,重庆市,A001,9,42021,GL冰箱,GL,冰箱,2200,4669,A,A企业,500000,2019,4,11
2019-11-18,苏州市,C002,3,12597,HE电视,HE,电视,2200,4199,C,C企业,320500,2019,4,11
2019-11-18,深圳市,A002,8,26392,GL电视,GL,电视,1500,3299,A,A企业,440300,2019,4,11
2019-11-18,厦门市,B001,6,25194,MD冰箱,MD,冰箱,2500,4199,B,B企业,350200,2019,4,11
2019-11-18,金华市,B001,6,25194,MD冰箱,MD,冰箱,2500,4199,B,B企业,330700,2019,4,11
2019-11-18,深圳市,A001,6,28014,GL冰箱,GL,冰箱,2200,4669,A,A企业,440300,2019,4,11
2019-11-18,苏州市,A001,5,23345,GL冰箱,GL,冰箱,2200,4669,A,A企业,320500,2019,4,11
2019-11-18,重庆市,C001,3,10797,HE冰箱,HE,冰箱,1800,3599,C,C企业,500000,2019,4,11
2019-11-18,苏州市,B001,4,16796,MD冰箱,MD,冰箱,2500,4199,B,B企业,320500,2019,4,11
2019-11-18,金华市,A001,6,28014,GL冰箱,GL,冰箱,2200,4669,A,A企业,330700,2019,4,11
2019-11-18,苏州市,A002,6,19794,GL电视,GL,电视,1500,3299,A,A企业,320500,2019,4,11
2019-11-18,金华市,C001,3,10797,HE冰箱,HE,冰箱,1800,3599,C,C企业,330700,2019,4,11
2019-11-18,金华市,C002,3,12597,HE电视,HE,电视,2200,4199,C,C企业,330700,2019,4,11
2019-11-18,长沙市,B001,3,12597,MD冰箱,MD,冰箱,2500,4199,B,B企业,430100,2019,4,11
2019-11-18,长沙市,A001,6,28014,GL冰箱,GL,冰箱,2200,4669,A,A企业,430100,2019,4,11
2019-11-18,金华市,A002,7,23093,GL电视,GL,电视,1500,3299,A,A企业,330700,2019,4,11
2019-11-18,厦门市,C002,2,8398,HE电视,HE,电视,2200,4199,C,C企业,350200,2019,4,11
2019-11-18,成都市,B001,2,8398,MD冰箱,MD,冰箱,2500,4199,B,B企业,510100,2019,4,11
2019-11-18,厦门市,A002,9,29691,GL电视,GL,电视,1500,3299,A,A企业,350200,2019,4,11
2019-11-18,成都市,A002,6,19794,GL电视,GL,电视,1500,3299,A,A企业,510100,2019,4,11
2019-11-18,长沙市,C001,6,21594,HE冰箱,HE,冰箱,1800,3599,C,C企业,430100,2019,4,11
2019-11-18,长沙市,A002,8,26392,GL电视,GL,电视,1500,3299,A,A企业,430100,2019,4,11
2019-11-18,上海市,A001,5,23345,GL冰箱,GL,冰箱,2200,4669,A,A企业,310000,2019,4,11
2019-11-18,深圳市,B001,5,20995,MD冰箱,MD,冰箱,2500,4199,B,B企业,440300,2019,4,11
2019-11-18,上海市,B001,3,12597,MD冰箱,MD,冰箱,2500,4199,B,B企业,310000,2019,4,11
2019-11-18,金华市,A003,6,28014,GL洗衣机,GL,洗衣机,3200,4669,A,A企业,330700,2019,4,11
2019-11-18,成都市,C002,7,29393,HE电视,HE,电视,2200,4199,C,C企业,510100,2019,4,11
2019-11-18,深圳市,B002,5,17995,MD电视,MD,电视,2000,4299,B,B企业,440300,2019,4,11
2019-11-18,苏州市,B002,3,10797,MD电视,MD,电视,2000,4299,B,B企业,320500,2019,4,11
2019-11-18,上海市,C001,3,10797,HE冰箱,HE,冰箱,1800,3599,C,C企业,310000,2019,4,11
2019-11-18,重庆市,B002,3,10797,MD电视,MD,电视,2000,4299,B,B企业,500000,2019,4,11
2019-11-19,上海市,B001,3,12597,MD冰箱,MD,冰箱,2500,4199,B,B企业,310000,2019,4,11
2019-11-19,苏州市,A001,5,23345,GL冰箱,GL,冰箱,2200,4669,A,A企业,320500,2019,4,11
2019-11-19,厦门市,A001,4,18676,GL冰箱,GL,冰箱,2200,4669,A,A企业,350200,2019,4,11
2019-11-19,金华市,A001,9,42021,GL冰箱,GL,冰箱,2200,4669,A,A企业,330700,2019,4,11
2019-11-19,上海市,A001,6,28014,GL冰箱,GL,冰箱,2200,4669,A,A企业,310000,2019,4,11
2019-11-19,深圳市,A001,8,37352,GL冰箱,GL,冰箱,2200,4669,A,A企业,440300,2019,4,11
2019-11-19,苏州市,B001,2,8398,MD冰箱,MD,冰箱,2500,4199,B,B企业,320500,2019,4,11
2019-11-19,深圳市,B002,4,14396,MD电视,MD,电视,2000,4299,B,B企业,440300,2019,4,11
2019-11-19,金华市,C001,6,21594,HE冰箱,HE,冰箱,1800,3599,C,C企业,330700,2019,4,11
2019-11-19,长沙市,B001,4,16796,MD冰箱,MD,冰箱,2500,4199,B,B企业,430100,2019,4,11
2019-11-19,上海市,B002,5,17995,MD电视,MD,电视,2000,4299,B,B企业,310000,2019,4,11
2019-11-19,苏州市,C002,5,20995,HE电视,HE,电视,2200,4199,C,C企业,320500,2019,4,11
2019-11-19,苏州市,B002,2,7198,MD电视,MD,电视,2000,4299,B,B企业,320500,2019,4,11
2019-11-19,重庆市,B002,6,21594,MD电视,MD,电视,2000,4299,B,B企业,500000,2019,4,11
2019-11-19,厦门市,C002,4,16796,HE电视,HE,电视,2200,4199,C,C企业,350200,2019,4,11
2019-11-19,深圳市,B001,7,29393,MD冰箱,MD,冰箱,2500,4199,B,B企业,440300,2019,4,11
2019-11-19,长沙市,A001,7,32683,GL冰箱,GL,冰箱,2200,4669,A,A企业,430100,2019,4,11
2019-11-19,上海市,C002,3,12597,HE电视,HE,电视,2200,4199,C,C企业,310000,2019,4,11
2019-11-19,金华市,B002,9,32391,MD电视,MD,电视,2000,4299,B,B企业,330700,2019,4,11
2019-11-19,长沙市,A003,3,14007,GL洗衣机,GL,洗衣机,3200,4669,A,A企业,430100,2019,4,11
2019-11-19,重庆市,B001,3,12597,MD冰箱,MD,冰箱,2500,4199,B,B企业,500000,2019,4,11
2019-11-19,成都市,C002,9,37791,HE电视,HE,电视,2200,4199,C,C企业,510100,2019,4,11
2019-11-19,金华市,B001,7,29393,MD冰箱,MD,冰箱,2500,4199,B,B企业,330700,2019,4,11
2019-11-19,深圳市,C001,3,10797,HE冰箱,HE,冰箱,1800,3599,C,C企业,440300,2019,4,11
2019-11-19,成都市,B002,9,32391,MD电视,MD,电视,2000,4299,B,B企业,510100,2019,4,11
2019-11-19,厦门市,A002,5,16495,GL电视,GL,电视,1500,3299,A,A企业,350200,2019,4,11
2019-11-19,重庆市,A002,2,6598,GL电视,GL,电视,1500,3299,A,A企业,500000,2019,4,11
2019-11-19,成都市,B001,4,16796,MD冰箱,MD,冰箱,2500,4199,B,B企业,510100,2019,4,11
2019-11-19,上海市,A002,6,19794,GL电视,GL,电视,1500,3299,A,A企业,310000,2019,4,11
2019-11-19,重庆市,A001,6,28014,GL冰箱,GL,冰箱,2200,4669,A,A企业,500000,2019,4,11
2019-11-19,厦门市,B001,5,20995,MD冰箱,MD,冰箱,2500,4199,B,B企业,350200,2019,4,11
2019-11-19,重庆市,C002,7,29393,HE电视,HE,电视,2200,4199,C,C企业,500000,2019,4,11
2019-11-19,上海市,B003,7,39893,MD洗衣机,MD,洗衣机,3100,5699,B,B企业,310000,2019,4,11
2019-11-19,苏州市,A002,7,23093,GL电视,GL,电视,1500,3299,A,A企业,320500,2019,4,11
2019-11-19,重庆市,B003,7,39893,MD洗衣机,MD,洗衣机,3100,5699,B,B企业,500000,2019,4,11
2019-11-19,厦门市,B003,4,22796,MD洗衣机,MD,洗衣机,3100,5699,B,B企业,350200,2019,4,11
2019-11-19,深圳市,A002,4,13196,GL电视,GL,电视,1500,3299,A,A企业,440300,2019,4,11
2019-11-19,苏州市,C001,5,17995,HE冰箱,HE,冰箱,1800,3599,C,C企业,320500,2019,4,11
2019-11-19,深圳市,B003,8,45592,MD洗衣机,MD,洗衣机,3100,5699,B,B企业,440300,2019,4,11
2019-11-20,厦门市,B002,5,17995,MD电视,MD,电视,2000,4299,B,B企业,350200,2019,4,11
2019-11-20,金华市,B001,4,16796,MD冰箱,MD,冰箱,2500,4199,B,B企业,330700,2019,4,11
2019-11-20,重庆市,B001,7,29393,MD冰箱,MD,冰箱,2500,4199,B,B企业,500000,2019,4,11
2019-11-20,金华市,A001,8,37352,GL冰箱,GL,冰箱,2200,4669,A,A企业,330700,2019,4,11
2019-11-20,深圳市,B002,5,17995,MD电视,MD,电视,2000,4299,B,B企业,440300,2019,4,11
2019-11-20,成都市,A001,6,28014,GL冰箱,GL,冰箱,2200,4669,A,A企业,510100,2019,4,11
2019-11-20,厦门市,B001,5,20995,MD冰箱,MD,冰箱,2500,4199,B,B企业,350200,2019,4,11
2019-11-20,苏州市,B001,2,8398,MD冰箱,MD,冰箱,2500,4199,B,B企业,320500,2019,4,11
2019-11-20,重庆市,A001,5,23345,GL冰箱,GL,冰箱,2200,4669,A,A企业,500000,2019,4,11
2019-11-20,成都市,B001,6,25194,MD冰箱,MD,冰箱,2500,4199,B,B企业,510100,2019,4,11
2019-11-20,重庆市,C001,4,14396,HE冰箱,HE,冰箱,1800,3599,C,C企业,500000,2019,4,11
2019-11-20,厦门市,C002,9,37791,HE电视,HE,电视,2200,4199,C,C企业,350200,2019,4,11
2019-11-20,深圳市,A001,4,18676,GL冰箱,GL,冰箱,2200,4669,A,A企业,440300,2019,4,11
2019-11-20,成都市,C001,7,25193,HE冰箱,HE,冰箱,1800,3599,C,C企业,510100,2019,4,11
2019-11-20,苏州市,A001,5,23345,GL冰箱,GL,冰箱,2200,4669,A,A企业,320500,2019,4,11
2019-11-20,金华市,B002,3,10797,MD电视,MD,电视,2000,4299,B,B企业,330700,2019,4,11
2019-11-20,厦门市,A003,8,37352,GL洗衣机,GL,洗衣机,3200,4669,A,A企业,350200,2019,4,11
2019-11-20,金华市,C002,9,37791,HE电视,HE,电视,2200,4199,C,C企业,330700,2019,4,11
2019-11-20,厦门市,A001,7,32683,GL冰箱,GL,冰箱,2200,4669,A,A企业,350200,2019,4,11
2019-11-20,苏州市,C002,4,16796,HE电视,HE,电视,2200,4199,C,C企业,320500,2019,4,11
2019-11-20,深圳市,B001,3,12597,MD冰箱,MD,冰箱,2500,4199,B,B企业,440300,2019,4,11
2019-11-20,金华市,C001,3,10797,HE冰箱,HE,冰箱,1800,3599,C,C企业,330700,2019,4,11
2019-11-20,深圳市,C001,5,17995,HE冰箱,HE,冰箱,1800,3599,C,C企业,440300,2019,4,11
2019-11-20,苏州市,B002,4,14396,MD电视,MD,电视,2000,4299,B,B企业,320500,2019,4,11
2019-11-20,长沙市,C002,6,25194,HE电视,HE,电视,2200,4199,C,C企业,430100,2019,4,11
2019-11-20,深圳市,B003,8,45592,MD洗衣机,MD,洗衣机,3100,5699,B,B企业,440300,2019,4,11
2019-11-20,苏州市,B003,3,17097,MD洗衣机,MD,洗衣机,3100,5699,B,B企业,320500,2019,4,11
2019-11-20,厦门市,A002,3,9897,GL电视,GL,电视,1500,3299,A,A企业,350200,2019,4,11
2019-11-20,长沙市,B003,2,11398,MD洗衣机,MD,洗衣机,3100,5699,B,B企业,430100,2019,4,11
2019-11-20,金华市,B003,3,17097,MD洗衣机,MD,洗衣机,3100,5699,B,B企业,330700,2019,4,11
2019-11-20,上海市,A002,3,9897,GL电视,GL,电视,1500,3299,A,A企业,310000,2019,4,11
2019-11-20,深圳市,A003,7,32683,GL洗衣机,GL,洗衣机,3200,4669,A,A企业,440300,2019,4,11
2019-11-20,苏州市,A003,6,28014,GL洗衣机,GL,洗衣机,3200,4669,A,A企业,320500,2019,4,11
2019-11-20,金华市,A003,4,18676,GL洗衣机,GL,洗衣机,3200,4669,A,A企业,330700,2019,4,11
2019-11-20,重庆市,A003,5,23345,GL洗衣机,GL,洗衣机,3200,4669,A,A企业,500000,2019,4,11
2019-11-20,成都市,A003,5,23345,GL洗衣机,GL,洗衣机,3200,4669,A,A企业,510100,2019,4,11
2019-11-20,长沙市,A001,7,32683,GL冰箱,GL,冰箱,2200,4669,A,A企业,430100,2019,4,11
2019-11-20,上海市,B001,3,12597,MD冰箱,MD,冰箱,2500,4199,B,B企业,310000,2019,4,11
2019-11-20,长沙市,A002,5,16495,GL电视,GL,电视,1500,3299,A,A企业,430100,2019,4,11
2019-11-20,厦门市,C001,4,14396,HE冰箱,HE,冰箱,1800,3599,C,C企业,350200,2019,4,11
2019-11-20,重庆市,A002,4,13196,GL电视,GL,电视,1500,3299,A,A企业,500000,2019,4,11
2019-11-20,长沙市,B001,6,25194,MD冰箱,MD,冰箱,2500,4199,B,B企业,430100,2019,4,11
2019-11-20,成都市,C002,8,33592,HE电视,HE,电视,2200,4199,C,C企业,510100,2019,4,11
2019-11-20,长沙市,C001,8,28792,HE冰箱,HE,冰箱,1800,3599,C,C企业,430100,2019,4,11
2019-11-20,苏州市,A002,5,16495,GL电视,GL,电视,1500,3299,A,A企业,320500,2019,4,11
2019-11-20,上海市,A001,5,23345,GL冰箱,GL,冰箱,2200,4669,A,A企业,310000,2019,4,11
2019-11-20,上海市,C001,2,7198,HE冰箱,HE,冰箱,1800,3599,C,C企业,310000,2019,4,11
2019-11-21,金华市,A003,2,9338,GL洗衣机,GL,洗衣机,3200,4669,A,A企业,330700,2019,4,11
2019-11-21,成都市,B001,4,16796,MD冰箱,MD,冰箱,2500,4199,B,B企业,510100,2019,4,11
2019-11-21,重庆市,B001,8,33592,MD冰箱,MD,冰箱,2500,4199,B,B企业,500000,2019,4,11
2019-11-21,苏州市,B001,5,20995,MD冰箱,MD,冰箱,2500,4199,B,B企业,320500,2019,4,11
2019-11-21,厦门市,A002,4,13196,GL电视,GL,电视,1500,3299,A,A企业,350200,2019,4,11
2019-11-21,上海市,C001,2,7198,HE冰箱,HE,冰箱,1800,3599,C,C企业,310000,2019,4,11
2019-11-21,金华市,C001,6,21594,HE冰箱,HE,冰箱,1800,3599,C,C企业,330700,2019,4,11
2019-11-21,深圳市,B001,8,33592,MD冰箱,MD,冰箱,2500,4199,B,B企业,440300,2019,4,11
2019-11-21,苏州市,A002,2,6598,GL电视,GL,电视,1500,3299,A,A企业,320500,2019,4,11
2019-11-21,金华市,C002,6,25194,HE电视,HE,电视,2200,4199,C,C企业,330700,2019,4,11
2019-11-21,苏州市,C002,5,20995,HE电视,HE,电视,2200,4199,C,C企业,320500,2019,4,11
2019-11-21,金华市,A001,7,32683,GL冰箱,GL,冰箱,2200,4669,A,A企业,330700,2019,4,11
2019-11-21,金华市,B001,4,16796,MD冰箱,MD,冰箱,2500,4199,B,B企业,330700,2019,4,11
2019-11-21,重庆市,A001,5,23345,GL冰箱,GL,冰箱,2200,4669,A,A企业,500000,2019,4,11
2019-11-21,金华市,A002,6,19794,GL电视,GL,电视,1500,3299,A,A企业,330700,2019,4,11
2019-11-21,上海市,A001,2,9338,GL冰箱,GL,冰箱,2200,4669,A,A企业,310000,2019,4,11
2019-11-21,深圳市,A001,4,18676,GL冰箱,GL,冰箱,2200,4669,A,A企业,440300,2019,4,11
2019-11-21,厦门市,B001,4,16796,MD冰箱,MD,冰箱,2500,4199,B,B企业,350200,2019,4,11
2019-11-21,厦门市,A001,6,28014,GL冰箱,GL,冰箱,2200,4669,A,A企业,350200,2019,4,11
2019-11-21,成都市,B002,4,14396,MD电视,MD,电视,2000,4299,B,B企业,510100,2019,4,11
2019-11-21,上海市,B002,6,21594,MD电视,MD,电视,2000,4299,B,B企业,310000,2019,4,11
2019-11-21,厦门市,C001,3,10797,HE冰箱,HE,冰箱,1800,3599,C,C企业,350200,2019,4,11
2019-11-21,金华市,B002,4,14396,MD电视,MD,电视,2000,4299,B,B企业,330700,2019,4,11
2019-11-21,长沙市,A001,2,9338,GL冰箱,GL,冰箱,2200,4669,A,A企业,430100,2019,4,11
2019-11-21,苏州市,A001,6,28014,GL冰箱,GL,冰箱,2200,4669,A,A企业,320500,2019,4,11
2019-11-21,苏州市,C001,3,10797,HE冰箱,HE,冰箱,1800,3599,C,C企业,320500,2019,4,11
2019-11-21,重庆市,C002,2,8398,HE电视,HE,电视,2200,4199,C,C企业,500000,2019,4,11
2019-11-21,长沙市,C002,5,20995,HE电视,HE,电视,2200,4199,C,C企业,430100,2019,4,11
2019-11-21,重庆市,C001,3,10797,HE冰箱,HE,冰箱,1800,3599,C,C企业,500000,2019,4,11
2019-11-21,成都市,A001,2,9338,GL冰箱,GL,冰箱,2200,4669,A,A企业,510100,2019,4,11
2019-11-21,深圳市,C003,5,23345,HE洗衣机,HE,洗衣机,2600,4699,C,C企业,440300,2019,4,11
2019-11-21,重庆市,C003,8,37352,HE洗衣机,HE,洗衣机,2600,4699,C,C企业,500000,2019,4,11
2019-11-21,长沙市,B001,9,37791,MD冰箱,MD,冰箱,2500,4199,B,B企业,430100,2019,4,11
2019-11-21,苏州市,B002,5,17995,MD电视,MD,电视,2000,4299,B,B企业,320500,2019,4,11
2019-11-21,上海市,C002,4,16796,HE电视,HE,电视,2200,4199,C,C企业,310000,2019,4,11
2019-11-21,长沙市,B002,6,21594,MD电视,MD,电视,2000,4299,B,B企业,430100,2019,4,11
2019-11-21,苏州市,A003,5,23345,GL洗衣机,GL,洗衣机,3200,4669,A,A企业,320500,2019,4,11
2019-11-21,深圳市,C001,6,21594,HE冰箱,HE,冰箱,1800,3599,C,C企业,440300,2019,4,11
2019-11-21,长沙市,C001,6,21594,HE冰箱,HE,冰箱,1800,3599,C,C企业,430100,2019,4,11
2019-11-21,深圳市,A003,5,23345,GL洗衣机,GL,洗衣机,3200,4669,A,A企业,440300,2019,4,11
2019-11-22,金华市,A002,6,19794,GL电视,GL,电视,1500,3299,A,A企业,330700,2019,4,11
2019-11-22,厦门市,B001,6,25194,MD冰箱,MD,冰箱,2500,4199,B,B企业,350200,2019,4,11
2019-11-22,苏州市,A001,3,14007,GL冰箱,GL,冰箱,2200,4669,A,A企业,320500,2019,4,11
2019-11-22,成都市,B001,8,33592,MD冰箱,MD,冰箱,2500,4199,B,B企业,510100,2019,4,11
2019-11-22,深圳市,A002,6,19794,GL电视,GL,电视,1500,3299,A,A企业,440300,2019,4,11
2019-11-22,苏州市,B001,4,16796,MD冰箱,MD,冰箱,2500,4199,B,B企业,320500,2019,4,11
2019-11-22,深圳市,B001,3,12597,MD冰箱,MD,冰箱,2500,4199,B,B企业,440300,2019,4,11
2019-11-22,重庆市,B001,5,20995,MD冰箱,MD,冰箱,2500,4199,B,B企业,500000,2019,4,11
2019-11-22,苏州市,A002,5,16495,GL电视,GL,电视,1500,3299,A,A企业,320500,2019,4,11
2019-11-22,厦门市,C001,5,17995,HE冰箱,HE,冰箱,1800,3599,C,C企业,350200,2019,4,11
2019-11-22,重庆市,A002,2,6598,GL电视,GL,电视,1500,3299,A,A企业,500000,2019,4,11
2019-11-22,厦门市,A001,5,23345,GL冰箱,GL,冰箱,2200,4669,A,A企业,350200,2019,4,11
2019-11-22,金华市,B001,6,25194,MD冰箱,MD,冰箱,2500,4199,B,B企业,330700,2019,4,11
2019-11-22,金华市,A001,3,14007,GL冰箱,GL,冰箱,2200,4669,A,A企业,330700,2019,4,11
2019-11-22,深圳市,A001,2,9338,GL冰箱,GL,冰箱,2200,4669,A,A企业,440300,2019,4,11
2019-11-22,成都市,A002,4,13196,GL电视,GL,电视,1500,3299,A,A企业,510100,2019,4,11
2019-11-22,重庆市,A001,7,32683,GL冰箱,GL,冰箱,2200,4669,A,A企业,500000,2019,4,11
2019-11-22,厦门市,C002,4,16796,HE电视,HE,电视,2200,4199,C,C企业,350200,2019,4,11
2019-11-22,成都市,A003,7,32683,GL洗衣机,GL,洗衣机,3200,4669,A,A企业,510100,2019,4,11
2019-11-22,厦门市,A003,4,18676,GL洗衣机,GL,洗衣机,3200,4669,A,A企业,350200,2019,4,11
2019-11-22,金华市,C002,8,33592,HE电视,HE,电视,2200,4199,C,C企业,330700,2019,4,11
2019-11-22,金华市,A003,4,18676,GL洗衣机,GL,洗衣机,3200,4669,A,A企业,330700,2019,4,11
2019-11-22,厦门市,B003,6,34194,MD洗衣机,MD,洗衣机,3100,5699,B,B企业,350200,2019,4,11
2019-11-22,重庆市,C002,4,16796,HE电视,HE,电视,2200,4199,C,C企业,500000,2019,4,11
2019-11-22,厦门市,A002,7,23093,GL电视,GL,电视,1500,3299,A,A企业,350200,2019,4,11
2019-11-22,成都市,C001,5,17995,HE冰箱,HE,冰箱,1800,3599,C,C企业,510100,2019,4,11
2019-11-22,金华市,C001,6,21594,HE冰箱,HE,冰箱,1800,3599,C,C企业,330700,2019,4,11
2019-11-22,苏州市,C001,9,32391,HE冰箱,HE,冰箱,1800,3599,C,C企业,320500,2019,4,11
2019-11-22,金华市,B003,3,17097,MD洗衣机,MD,洗衣机,3100,5699,B,B企业,330700,2019,4,11
2019-11-22,深圳市,B003,5,28495,MD洗衣机,MD,洗衣机,3100,5699,B,B企业,440300,2019,4,11
2019-11-22,成都市,B002,4,14396,MD电视,MD,电视,2000,4299,B,B企业,510100,2019,4,11
2019-11-22,长沙市,A001,3,14007,GL冰箱,GL,冰箱,2200,4669,A,A企业,430100,2019,4,11
2019-11-22,深圳市,B002,3,10797,MD电视,MD,电视,2000,4299,B,B企业,440300,2019,4,11
2019-11-22,成都市,C002,6,25194,HE电视,HE,电视,2200,4199,C,C企业,510100,2019,4,11
2019-11-22,苏州市,C002,5,20995,HE电视,HE,电视,2200,4199,C,C企业,320500,2019,4,11
2019-11-22,长沙市,B003,6,34194,MD洗衣机,MD,洗衣机,3100,5699,B,B企业,430100,2019,4,11
2019-11-22,苏州市,B002,6,21594,MD电视,MD,电视,2000,4299,B,B企业,320500,2019,4,11
2019-11-22,金华市,B002,8,28792,MD电视,MD,电视,2000,4299,B,B企业,330700,2019,4,11
2019-11-22,长沙市,B001,2,8398,MD冰箱,MD,冰箱,2500,4199,B,B企业,430100,2019,4,11
2019-11-22,上海市,B001,5,20995,MD冰箱,MD,冰箱,2500,4199,B,B企业,310000,2019,4,11
2019-11-22,上海市,A001,2,9338,GL冰箱,GL,冰箱,2200,4669,A,A企业,310000,2019,4,11
2019-11-22,上海市,C002,3,12597,HE电视,HE,电视,2200,4199,C,C企业,310000,2019,4,11
2019-11-22,重庆市,B002,5,17995,MD电视,MD,电视,2000,4299,B,B企业,500000,2019,4,11
2019-11-23,苏州市,B001,4,16796,MD冰箱,MD,冰箱,2500,4199,B,B企业,320500,2019,4,11
2019-11-23,深圳市,B002,2,7198,MD电视,MD,电视,2000,4299,B,B企业,440300,2019,4,11
2019-11-23,成都市,C002,2,8398,HE电视,HE,电视,2200,4199,C,C企业,510100,2019,4,11
2019-11-23,金华市,B001,5,20995,MD冰箱,MD,冰箱,2500,4199,B,B企业,330700,2019,4,11
2019-11-23,重庆市,A001,7,32683,GL冰箱,GL,冰箱,2200,4669,A,A企业,500000,2019,4,11
2019-11-23,长沙市,A001,2,9338,GL冰箱,GL,冰箱,2200,4669,A,A企业,430100,2019,4,11
2019-11-23,厦门市,B002,5,17995,MD电视,MD,电视,2000,4299,B,B企业,350200,2019,4,11
2019-11-23,上海市,A001,4,18676,GL冰箱,GL,冰箱,2200,4669,A,A企业,310000,2019,4,11
2019-11-23,长沙市,B001,7,29393,MD冰箱,MD,冰箱,2500,4199,B,B企业,430100,2019,4,11
2019-11-23,金华市,A001,3,14007,GL冰箱,GL,冰箱,2200,4669,A,A企业,330700,2019,4,11
2019-11-23,厦门市,A001,7,32683,GL冰箱,GL,冰箱,2200,4669,A,A企业,350200,2019,4,11
2019-11-23,上海市,C002,2,8398,HE电视,HE,电视,2200,4199,C,C企业,310000,2019,4,11
2019-11-23,金华市,B002,4,14396,MD电视,MD,电视,2000,4299,B,B企业,330700,2019,4,11
2019-11-23,苏州市,C001,6,21594,HE冰箱,HE,冰箱,1800,3599,C,C企业,320500,2019,4,11
2019-11-23,苏州市,C002,6,25194,HE电视,HE,电视,2200,4199,C,C企业,320500,2019,4,11
2019-11-23,深圳市,B001,4,16796,MD冰箱,MD,冰箱,2500,4199,B,B企业,440300,2019,4,11
2019-11-23,厦门市,B001,2,8398,MD冰箱,MD,冰箱,2500,4199,B,B企业,350200,2019,4,11
2019-11-23,成都市,A001,5,23345,GL冰箱,GL,冰箱,2200,4669,A,A企业,510100,2019,4,11
2019-11-23,上海市,B002,4,14396,MD电视,MD,电视,2000,4299,B,B企业,310000,2019,4,11
2019-11-23,深圳市,C002,3,12597,HE电视,HE,电视,2200,4199,C,C企业,440300,2019,4,11
2019-11-23,上海市,B001,6,25194,MD冰箱,MD,冰箱,2500,4199,B,B企业,310000,2019,4,11
2019-11-23,重庆市,B001,3,12597,MD冰箱,MD,冰箱,2500,4199,B,B企业,500000,2019,4,11
2019-11-23,深圳市,A001,6,28014,GL冰箱,GL,冰箱,2200,4669,A,A企业,440300,2019,4,11
2019-11-23,成都市,B001,6,25194,MD冰箱,MD,冰箱,2500,4199,B,B企业,510100,2019,4,11
2019-11-23,金华市,C001,9,32391,HE冰箱,HE,冰箱,1800,3599,C,C企业,330700,2019,4,11
2019-11-23,金华市,C002,2,8398,HE电视,HE,电视,2200,4199,C,C企业,330700,2019,4,11
2019-11-23,厦门市,A003,2,9338,GL洗衣机,GL,洗衣机,3200,4669,A,A企业,350200,2019,4,11
2019-11-23,厦门市,A002,4,13196,GL电视,GL,电视,1500,3299,A,A企业,350200,2019,4,11
2019-11-23,苏州市,A001,6,28014,GL冰箱,GL,冰箱,2200,4669,A,A企业,320500,2019,4,11
2019-11-23,重庆市,A002,2,6598,GL电视,GL,电视,1500,3299,A,A企业,500000,2019,4,11
2019-11-23,深圳市,A002,2,6598,GL电视,GL,电视,1500,3299,A,A企业,440300,2019,4,11
2019-11-23,金华市,A002,2,6598,GL电视,GL,电视,1500,3299,A,A企业,330700,2019,4,11
2019-11-23,上海市,A003,8,37352,GL洗衣机,GL,洗衣机,3200,4669,A,A企业,310000,2019,4,11
2019-11-23,深圳市,C001,9,32391,HE冰箱,HE,冰箱,1800,3599,C,C企业,440300,2019,4,11
2019-11-23,长沙市,A002,5,16495,GL电视,GL,电视,1500,3299,A,A企业,430100,2019,4,11
2019-11-24,成都市,C001,6,21594,HE冰箱,HE,冰箱,1800,3599,C,C企业,510100,2019,4,11
2019-11-24,成都市,C002,6,25194,HE电视,HE,电视,2200,4199,C,C企业,510100,2019,4,11
2019-11-24,上海市,A001,5,23345,GL冰箱,GL,冰箱,2200,4669,A,A企业,310000,2019,4,11
2019-11-24,重庆市,B001,9,37791,MD冰箱,MD,冰箱,2500,4199,B,B企业,500000,2019,4,11
2019-11-24,厦门市,C002,7,29393,HE电视,HE,电视,2200,4199,C,C企业,350200,2019,4,11
2019-11-24,金华市,B001,3,12597,MD冰箱,MD,冰箱,2500,4199,B,B企业,330700,2019,4,11
2019-11-24,厦门市,B001,3,12597,MD冰箱,MD,冰箱,2500,4199,B,B企业,350200,2019,4,11
2019-11-24,长沙市,B001,7,29393,MD冰箱,MD,冰箱,2500,4199,B,B企业,430100,2019,4,11
2019-11-24,厦门市,A001,5,23345,GL冰箱,GL,冰箱,2200,4669,A,A企业,350200,2019,4,11
2019-11-24,厦门市,C001,6,21594,HE冰箱,HE,冰箱,1800,3599,C,C企业,350200,2019,4,11
2019-11-24,深圳市,B001,6,25194,MD冰箱,MD,冰箱,2500,4199,B,B企业,440300,2019,4,11
2019-11-24,苏州市,A002,4,13196,GL电视,GL,电视,1500,3299,A,A企业,320500,2019,4,11
2019-11-24,苏州市,B001,4,16796,MD冰箱,MD,冰箱,2500,4199,B,B企业,320500,2019,4,11
2019-11-24,厦门市,B002,5,17995,MD电视,MD,电视,2000,4299,B,B企业,350200,2019,4,11
2019-11-24,长沙市,A001,4,18676,GL冰箱,GL,冰箱,2200,4669,A,A企业,430100,2019,4,11
2019-11-24,重庆市,B002,4,14396,MD电视,MD,电视,2000,4299,B,B企业,500000,2019,4,11
2019-11-24,苏州市,B002,2,7198,MD电视,MD,电视,2000,4299,B,B企业,320500,2019,4,11
2019-11-24,金华市,C001,6,21594,HE冰箱,HE,冰箱,1800,3599,C,C企业,330700,2019,4,11
2019-11-24,成都市,B002,6,21594,MD电视,MD,电视,2000,4299,B,B企业,510100,2019,4,11
2019-11-24,深圳市,A001,9,42021,GL冰箱,GL,冰箱,2200,4669,A,A企业,440300,2019,4,11
2019-11-24,成都市,B001,8,33592,MD冰箱,MD,冰箱,2500,4199,B,B企业,510100,2019,4,11
2019-11-24,深圳市,B002,6,21594,MD电视,MD,电视,2000,4299,B,B企业,440300,2019,4,11
2019-11-24,重庆市,C001,2,7198,HE冰箱,HE,冰箱,1800,3599,C,C企业,500000,2019,4,11
2019-11-24,苏州市,A001,6,28014,GL冰箱,GL,冰箱,2200,4669,A,A企业,320500,2019,4,11
2019-11-24,金华市,A001,2,9338,GL冰箱,GL,冰箱,2200,4669,A,A企业,330700,2019,4,11
2019-11-24,长沙市,C002,5,20995,HE电视,HE,电视,2200,4199,C,C企业,430100,2019,4,11
2019-11-24,金华市,C002,5,20995,HE电视,HE,电视,2200,4199,C,C企业,330700,2019,4,11
2019-11-24,苏州市,C001,6,21594,HE冰箱,HE,冰箱,1800,3599,C,C企业,320500,2019,4,11
2019-11-24,金华市,B002,2,7198,MD电视,MD,电视,2000,4299,B,B企业,330700,2019,4,11
2019-11-24,长沙市,B002,7,25193,MD电视,MD,电视,2000,4299,B,B企业,430100,2019,4,11
2019-11-24,成都市,A001,6,28014,GL冰箱,GL,冰箱,2200,4669,A,A企业,510100,2019,4,11
2019-11-24,成都市,A002,4,13196,GL电视,GL,电视,1500,3299,A,A企业,510100,2019,4,11
2019-11-24,长沙市,C001,3,10797,HE冰箱,HE,冰箱,1800,3599,C,C企业,430100,2019,4,11
2019-11-24,长沙市,A002,5,16495,GL电视,GL,电视,1500,3299,A,A企业,430100,2019,4,11
2019-11-24,深圳市,A003,4,18676,GL洗衣机,GL,洗衣机,3200,4669,A,A企业,440300,2019,4,11
2019-11-24,苏州市,C002,6,25194,HE电视,HE,电视,2200,4199,C,C企业,320500,2019,4,11
2019-11-24,重庆市,A002,2,6598,GL电视,GL,电视,1500,3299,A,A企业,500000,2019,4,11
2019-11-24,金华市,A002,4,13196,GL电视,GL,电视,1500,3299,A,A企业,330700,2019,4,11
2019-11-24,重庆市,A001,6,28014,GL冰箱,GL,冰箱,2200,4669,A,A企业,500000,2019,4,11
2019-11-24,上海市,B001,4,16796,MD冰箱,MD,冰箱,2500,4199,B,B企业,310000,2019,4,11
2019-11-25,深圳市,A001,5,23345,GL冰箱,GL,冰箱,2200,4669,A,A企业,440300,2019,4,11
2019-11-25,重庆市,C002,3,12597,HE电视,HE,电视,2200,4199,C,C企业,500000,2019,4,11
2019-11-25,金华市,B001,2,8398,MD冰箱,MD,冰箱,2500,4199,B,B企业,330700,2019,4,11
2019-11-25,厦门市,C001,8,28792,HE冰箱,HE,冰箱,1800,3599,C,C企业,350200,2019,4,11
2019-11-25,苏州市,A001,2,9338,GL冰箱,GL,冰箱,2200,4669,A,A企业,320500,2019,4,11
2019-11-25,深圳市,B001,6,25194,MD冰箱,MD,冰箱,2500,4199,B,B企业,440300,2019,4,11
2019-11-25,金华市,A002,5,16495,GL电视,GL,电视,1500,3299,A,A企业,330700,2019,4,11
2019-11-25,成都市,B001,7,29393,MD冰箱,MD,冰箱,2500,4199,B,B企业,510100,2019,4,11
2019-11-25,长沙市,B002,9,32391,MD电视,MD,电视,2000,4299,B,B企业,430100,2019,4,11
2019-11-25,上海市,B001,8,33592,MD冰箱,MD,冰箱,2500,4199,B,B企业,310000,2019,4,11
2019-11-25,长沙市,A001,2,9338,GL冰箱,GL,冰箱,2200,4669,A,A企业,430100,2019,4,11
2019-11-25,金华市,C002,9,37791,HE电视,HE,电视,2200,4199,C,C企业,330700,2019,4,11
2019-11-25,上海市,C001,7,25193,HE冰箱,HE,冰箱,1800,3599,C,C企业,310000,2019,4,11
2019-11-25,重庆市,A001,4,18676,GL冰箱,GL,冰箱,2200,4669,A,A企业,500000,2019,4,11
2019-11-25,金华市,B002,7,25193,MD电视,MD,电视,2000,4299,B,B企业,330700,2019,4,11
2019-11-25,上海市,A001,8,37352,GL冰箱,GL,冰箱,2200,4669,A,A企业,310000,2019,4,11
2019-11-25,金华市,A003,4,18676,GL洗衣机,GL,洗衣机,3200,4669,A,A企业,330700,2019,4,11
2019-11-25,深圳市,C001,6,21594,HE冰箱,HE,冰箱,1800,3599,C,C企业,440300,2019,4,11
2019-11-25,苏州市,C002,4,16796,HE电视,HE,电视,2200,4199,C,C企业,320500,2019,4,11
2019-11-25,厦门市,B001,2,8398,MD冰箱,MD,冰箱,2500,4199,B,B企业,350200,2019,4,11
2019-11-25,苏州市,B001,4,16796,MD冰箱,MD,冰箱,2500,4199,B,B企业,320500,2019,4,11
2019-11-25,厦门市,C002,5,20995,HE电视,HE,电视,2200,4199,C,C企业,350200,2019,4,11
2019-11-25,苏州市,B002,7,25193,MD电视,MD,电视,2000,4299,B,B企业,320500,2019,4,11
2019-11-25,厦门市,B002,7,25193,MD电视,MD,电视,2000,4299,B,B企业,350200,2019,4,11
2019-11-25,深圳市,C002,8,33592,HE电视,HE,电视,2200,4199,C,C企业,440300,2019,4,11
2019-11-25,重庆市,B001,2,8398,MD冰箱,MD,冰箱,2500,4199,B,B企业,500000,2019,4,11
2019-11-25,重庆市,B002,5,17995,MD电视,MD,电视,2000,4299,B,B企业,500000,2019,4,11
2019-11-25,厦门市,A001,7,32683,GL冰箱,GL,冰箱,2200,4669,A,A企业,350200,2019,4,11
2019-11-25,成都市,B002,7,25193,MD电视,MD,电视,2000,4299,B,B企业,510100,2019,4,11
2019-11-25,金华市,A001,9,42021,GL冰箱,GL,冰箱,2200,4669,A,A企业,330700,2019,4,11
2019-11-25,重庆市,A002,6,19794,GL电视,GL,电视,1500,3299,A,A企业,500000,2019,4,11
2019-11-25,苏州市,A002,6,19794,GL电视,GL,电视,1500,3299,A,A企业,320500,2019,4,11
2019-11-25,成都市,A001,8,37352,GL冰箱,GL,冰箱,2200,4669,A,A企业,510100,2019,4,11
2019-11-25,苏州市,C001,2,7198,HE冰箱,HE,冰箱,1800,3599,C,C企业,320500,2019,4,11
2019-11-25,重庆市,C001,3,10797,HE冰箱,HE,冰箱,1800,3599,C,C企业,500000,2019,4,11
2019-11-25,苏州市,A003,5,23345,GL洗衣机,GL,洗衣机,3200,4669,A,A企业,320500,2019,4,11
2019-11-25,厦门市,A002,3,9897,GL电视,GL,电视,1500,3299,A,A企业,350200,2019,4,11
2019-11-25,长沙市,B001,5,20995,MD冰箱,MD,冰箱,2500,4199,B,B企业,430100,2019,4,11
2019-11-25,成都市,C001,6,21594,HE冰箱,HE,冰箱,1800,3599,C,C企业,510100,2019,4,11
2019-11-25,成都市,C002,3,12597,HE电视,HE,电视,2200,4199,C,C企业,510100,2019,4,11
2019-11-26,成都市,B002,2,7198,MD电视,MD,电视,2000,4299,B,B企业,510100,2019,4,11
2019-11-26,金华市,A001,8,37352,GL冰箱,GL,冰箱,2200,4669,A,A企业,330700,2019,4,11
2019-11-26,长沙市,A001,3,14007,GL冰箱,GL,冰箱,2200,4669,A,A企业,430100,2019,4,11
2019-11-26,金华市,C002,2,8398,HE电视,HE,电视,2200,4199,C,C企业,330700,2019,4,11
2019-11-26,苏州市,B001,4,16796,MD冰箱,MD,冰箱,2500,4199,B,B企业,320500,2019,4,11
2019-11-26,重庆市,B001,7,29393,MD冰箱,MD,冰箱,2500,4199,B,B企业,500000,2019,4,11
2019-11-26,厦门市,B001,5,20995,MD冰箱,MD,冰箱,2500,4199,B,B企业,350200,2019,4,11
2019-11-26,苏州市,A001,3,14007,GL冰箱,GL,冰箱,2200,4669,A,A企业,320500,2019,4,11
2019-11-26,长沙市,B001,8,33592,MD冰箱,MD,冰箱,2500,4199,B,B企业,430100,2019,4,11
2019-11-26,长沙市,C003,3,14007,HE洗衣机,HE,洗衣机,2600,4699,C,C企业,430100,2019,4,11
2019-11-26,厦门市,A001,5,23345,GL冰箱,GL,冰箱,2200,4669,A,A企业,350200,2019,4,11
2019-11-26,厦门市,C001,6,21594,HE冰箱,HE,冰箱,1800,3599,C,C企业,350200,2019,4,11
2019-11-26,苏州市,B002,8,28792,MD电视,MD,电视,2000,4299,B,B企业,320500,2019,4,11
2019-11-26,苏州市,C002,4,16796,HE电视,HE,电视,2200,4199,C,C企业,320500,2019,4,11
2019-11-26,深圳市,B002,2,7198,MD电视,MD,电视,2000,4299,B,B企业,440300,2019,4,11
2019-11-26,重庆市,A001,4,18676,GL冰箱,GL,冰箱,2200,4669,A,A企业,500000,2019,4,11
2019-11-26,重庆市,B002,4,14396,MD电视,MD,电视,2000,4299,B,B企业,500000,2019,4,11
2019-11-26,金华市,B001,5,20995,MD冰箱,MD,冰箱,2500,4199,B,B企业,330700,2019,4,11
2019-11-26,重庆市,C002,2,8398,HE电视,HE,电视,2200,4199,C,C企业,500000,2019,4,11
2019-11-26,长沙市,A002,3,9897,GL电视,GL,电视,1500,3299,A,A企业,430100,2019,4,11
2019-11-26,成都市,B001,4,16796,MD冰箱,MD,冰箱,2500,4199,B,B企业,510100,2019,4,11
2019-11-26,厦门市,C002,6,25194,HE电视,HE,电视,2200,4199,C,C企业,350200,2019,4,11
2019-11-26,重庆市,A002,6,19794,GL电视,GL,电视,1500,3299,A,A企业,500000,2019,4,11
2019-11-26,长沙市,C002,7,29393,HE电视,HE,电视,2200,4199,C,C企业,430100,2019,4,11
2019-11-26,苏州市,C001,5,17995,HE冰箱,HE,冰箱,1800,3599,C,C企业,320500,2019,4,11
2019-11-26,金华市,A002,5,16495,GL电视,GL,电视,1500,3299,A,A企业,330700,2019,4,11
2019-11-26,厦门市,B003,2,11398,MD洗衣机,MD,洗衣机,3100,5699,B,B企业,350200,2019,4,11
2019-11-26,金华市,B003,3,17097,MD洗衣机,MD,洗衣机,3100,5699,B,B企业,330700,2019,4,11
2019-11-26,成都市,C001,7,25193,HE冰箱,HE,冰箱,1800,3599,C,C企业,510100,2019,4,11
2019-11-26,深圳市,B001,6,25194,MD冰箱,MD,冰箱,2500,4199,B,B企业,440300,2019,4,11
2019-11-26,深圳市,B003,4,22796,MD洗衣机,MD,洗衣机,3100,5699,B,B企业,440300,2019,4,11
2019-11-26,苏州市,B003,4,22796,MD洗衣机,MD,洗衣机,3100,5699,B,B企业,320500,2019,4,11
2019-11-26,苏州市,A002,7,23093,GL电视,GL,电视,1500,3299,A,A企业,320500,2019,4,11
2019-11-26,成都市,A001,4,18676,GL冰箱,GL,冰箱,2200,4669,A,A企业,510100,2019,4,11
2019-11-26,成都市,B003,6,34194,MD洗衣机,MD,洗衣机,3100,5699,B,B企业,510100,2019,4,11
2019-11-27,金华市,C002,5,20995,HE电视,HE,电视,2200,4199,C,C企业,330700,2019,4,11
2019-11-27,深圳市,C002,6,25194,HE电视,HE,电视,2200,4199,C,C企业,440300,2019,4,11
2019-11-27,重庆市,B002,5,17995,MD电视,MD,电视,2000,4299,B,B企业,500000,2019,4,11
2019-11-27,金华市,B001,4,16796,MD冰箱,MD,冰箱,2500,4199,B,B企业,330700,2019,4,11
2019-11-27,重庆市,B001,6,25194,MD冰箱,MD,冰箱,2500,4199,B,B企业,500000,2019,4,11
2019-11-27,金华市,C001,4,14396,HE冰箱,HE,冰箱,1800,3599,C,C企业,330700,2019,4,11
2019-11-27,长沙市,B001,6,25194,MD冰箱,MD,冰箱,2500,4199,B,B企业,430100,2019,4,11
2019-11-27,厦门市,B002,4,14396,MD电视,MD,电视,2000,4299,B,B企业,350200,2019,4,11
2019-11-27,深圳市,B002,2,7198,MD电视,MD,电视,2000,4299,B,B企业,440300,2019,4,11
2019-11-27,金华市,A001,7,32683,GL冰箱,GL,冰箱,2200,4669,A,A企业,330700,2019,4,11
2019-11-27,苏州市,B001,4,16796,MD冰箱,MD,冰箱,2500,4199,B,B企业,320500,2019,4,11
2019-11-27,苏州市,A001,6,28014,GL冰箱,GL,冰箱,2200,4669,A,A企业,320500,2019,4,11
2019-11-27,长沙市,C001,4,14396,HE冰箱,HE,冰箱,1800,3599,C,C企业,430100,2019,4,11
2019-11-27,厦门市,C002,5,20995,HE电视,HE,电视,2200,4199,C,C企业,350200,2019,4,11
2019-11-27,厦门市,B001,6,25194,MD冰箱,MD,冰箱,2500,4199,B,B企业,350200,2019,4,11
2019-11-27,厦门市,C001,4,14396,HE冰箱,HE,冰箱,1800,3599,C,C企业,350200,2019,4,11
2019-11-27,深圳市,A001,5,23345,GL冰箱,GL,冰箱,2200,4669,A,A企业,440300,2019,4,11
2019-11-27,成都市,C002,7,29393,HE电视,HE,电视,2200,4199,C,C企业,510100,2019,4,11
2019-11-27,上海市,B001,3,12597,MD冰箱,MD,冰箱,2500,4199,B,B企业,310000,2019,4,11
2019-11-27,成都市,B001,4,16796,MD冰箱,MD,冰箱,2500,4199,B,B企业,510100,2019,4,11
2019-11-27,成都市,A001,5,23345,GL冰箱,GL,冰箱,2200,4669,A,A企业,510100,2019,4,11
2019-11-27,厦门市,A001,8,37352,GL冰箱,GL,冰箱,2200,4669,A,A企业,350200,2019,4,11
2019-11-27,上海市,A001,8,37352,GL冰箱,GL,冰箱,2200,4669,A,A企业,310000,2019,4,11
2019-11-27,苏州市,C001,8,28792,HE冰箱,HE,冰箱,1800,3599,C,C企业,320500,2019,4,11
2019-11-27,金华市,B002,3,10797,MD电视,MD,电视,2000,4299,B,B企业,330700,2019,4,11
2019-11-27,重庆市,C001,9,32391,HE冰箱,HE,冰箱,1800,3599,C,C企业,500000,2019,4,11
2019-11-27,上海市,C001,9,32391,HE冰箱,HE,冰箱,1800,3599,C,C企业,310000,2019,4,11
2019-11-27,深圳市,B001,7,29393,MD冰箱,MD,冰箱,2500,4199,B,B企业,440300,2019,4,11
2019-11-27,重庆市,A001,3,14007,GL冰箱,GL,冰箱,2200,4669,A,A企业,500000,2019,4,11
2019-11-27,金华市,A002,3,9897,GL电视,GL,电视,1500,3299,A,A企业,330700,2019,4,11
2019-11-27,苏州市,A003,2,9338,GL洗衣机,GL,洗衣机,3200,4669,A,A企业,320500,2019,4,11
2019-11-27,重庆市,C002,2,8398,HE电视,HE,电视,2200,4199,C,C企业,500000,2019,4,11
2019-11-27,厦门市,A002,2,6598,GL电视,GL,电视,1500,3299,A,A企业,350200,2019,4,11
2019-11-27,成都市,A002,6,19794,GL电视,GL,电视,1500,3299,A,A企业,510100,2019,4,11
2019-11-27,成都市,A003,5,23345,GL洗衣机,GL,洗衣机,3200,4669,A,A企业,510100,2019,4,11
2019-11-27,深圳市,A002,7,23093,GL电视,GL,电视,1500,3299,A,A企业,440300,2019,4,11
2019-11-27,重庆市,B003,6,34194,MD洗衣机,MD,洗衣机,3100,5699,B,B企业,500000,2019,4,11
2019-11-28,深圳市,A003,5,23345,GL洗衣机,GL,洗衣机,3200,4669,A,A企业,440300,2019,4,11
2019-11-28,金华市,A001,7,32683,GL冰箱,GL,冰箱,2200,4669,A,A企业,330700,2019,4,11
2019-11-28,金华市,C001,6,21594,HE冰箱,HE,冰箱,1800,3599,C,C企业,330700,2019,4,11
2019-11-28,厦门市,A001,2,9338,GL冰箱,GL,冰箱,2200,4669,A,A企业,350200,2019,4,11
2019-11-28,长沙市,C002,4,16796,HE电视,HE,电视,2200,4199,C,C企业,430100,2019,4,11
2019-11-28,长沙市,C001,6,21594,HE冰箱,HE,冰箱,1800,3599,C,C企业,430100,2019,4,11
2019-11-28,厦门市,B002,3,10797,MD电视,MD,电视,2000,4299,B,B企业,350200,2019,4,11
2019-11-28,重庆市,A003,9,42021,GL洗衣机,GL,洗衣机,3200,4669,A,A企业,500000,2019,4,11
2019-11-28,长沙市,A003,3,14007,GL洗衣机,GL,洗衣机,3200,4669,A,A企业,430100,2019,4,11
2019-11-28,成都市,A003,2,9338,GL洗衣机,GL,洗衣机,3200,4669,A,A企业,510100,2019,4,11
2019-11-28,长沙市,B002,8,28792,MD电视,MD,电视,2000,4299,B,B企业,430100,2019,4,11
2019-11-28,重庆市,B002,3,10797,MD电视,MD,电视,2000,4299,B,B企业,500000,2019,4,11
2019-11-28,重庆市,C001,6,21594,HE冰箱,HE,冰箱,1800,3599,C,C企业,500000,2019,4,11
2019-11-28,深圳市,A001,8,37352,GL冰箱,GL,冰箱,2200,4669,A,A企业,440300,2019,4,11
2019-11-28,成都市,A001,5,23345,GL冰箱,GL,冰箱,2200,4669,A,A企业,510100,2019,4,11
2019-11-28,金华市,B002,5,17995,MD电视,MD,电视,2000,4299,B,B企业,330700,2019,4,11
2019-11-28,苏州市,B002,4,14396,MD电视,MD,电视,2000,4299,B,B企业,320500,2019,4,11
2019-11-28,成都市,B003,6,34194,MD洗衣机,MD,洗衣机,3100,5699,B,B企业,510100,2019,4,11
2019-11-28,长沙市,B003,6,34194,MD洗衣机,MD,洗衣机,3100,5699,B,B企业,430100,2019,4,11
2019-11-28,厦门市,B003,5,28495,MD洗衣机,MD,洗衣机,3100,5699,B,B企业,350200,2019,4,11
2019-11-28,苏州市,B003,4,22796,MD洗衣机,MD,洗衣机,3100,5699,B,B企业,320500,2019,4,11
2019-11-28,上海市,B003,4,22796,MD洗衣机,MD,洗衣机,3100,5699,B,B企业,310000,2019,4,11
2019-11-28,长沙市,A002,3,9897,GL电视,GL,电视,1500,3299,A,A企业,430100,2019,4,11
2019-11-28,重庆市,A001,2,9338,GL冰箱,GL,冰箱,2200,4669,A,A企业,500000,2019,4,11
2019-11-28,上海市,A003,3,14007,GL洗衣机,GL,洗衣机,3200,4669,A,A企业,310000,2019,4,11
2019-11-28,厦门市,A002,6,19794,GL电视,GL,电视,1500,3299,A,A企业,350200,2019,4,11
2019-11-28,上海市,A002,3,9897,GL电视,GL,电视,1500,3299,A,A企业,310000,2019,4,11
2019-11-28,上海市,A001,6,28014,GL冰箱,GL,冰箱,2200,4669,A,A企业,310000,2019,4,11
2019-11-28,苏州市,A001,7,32683,GL冰箱,GL,冰箱,2200,4669,A,A企业,320500,2019,4,11
2019-11-28,厦门市,A003,9,42021,GL洗衣机,GL,洗衣机,3200,4669,A,A企业,350200,2019,4,11
2019-11-28,金华市,A002,4,13196,GL电视,GL,电视,1500,3299,A,A企业,330700,2019,4,11
2019-11-28,金华市,A003,6,28014,GL洗衣机,GL,洗衣机,3200,4669,A,A企业,330700,2019,4,11
2019-11-28,苏州市,C002,6,25194,HE电视,HE,电视,2200,4199,C,C企业,320500,2019,4,11
2019-11-28,厦门市,C002,5,20995,HE电视,HE,电视,2200,4199,C,C企业,350200,2019,4,11
2019-11-28,重庆市,C002,6,25194,HE电视,HE,电视,2200,4199,C,C企业,500000,2019,4,11
2019-11-28,苏州市,C001,6,21594,HE冰箱,HE,冰箱,1800,3599,C,C企业,320500,2019,4,11
2019-11-28,长沙市,A001,6,28014,GL冰箱,GL,冰箱,2200,4669,A,A企业,430100,2019,4,11
2019-11-28,深圳市,A002,2,6598,GL电视,GL,电视,1500,3299,A,A企业,440300,2019,4,11
2019-11-28,深圳市,B003,5,28495,MD洗衣机,MD,洗衣机,3100,5699,B,B企业,440300,2019,4,11
2019-11-28,金华市,B001,9,37791,MD冰箱,MD,冰箱,2500,4199,B,B企业,330700,2019,4,11
2019-11-28,成都市,C002,7,29393,HE电视,HE,电视,2200,4199,C,C企业,510100,2019,4,11
2019-11-28,厦门市,B001,4,16796,MD冰箱,MD,冰箱,2500,4199,B,B企业,350200,2019,4,11
2019-11-28,长沙市,B001,6,25194,MD冰箱,MD,冰箱,2500,4199,B,B企业,430100,2019,4,11
2019-11-28,成都市,A002,7,23093,GL电视,GL,电视,1500,3299,A,A企业,510100,2019,4,11
2019-11-28,上海市,B001,3,12597,MD冰箱,MD,冰箱,2500,4199,B,B企业,310000,2019,4,11
2019-11-28,重庆市,B001,6,25194,MD冰箱,MD,冰箱,2500,4199,B,B企业,500000,2019,4,11
2019-11-28,苏州市,B001,3,12597,MD冰箱,MD,冰箱,2500,4199,B,B企业,320500,2019,4,11
2019-11-28,深圳市,B001,6,25194,MD冰箱,MD,冰箱,2500,4199,B,B企业,440300,2019,4,11
2019-11-28,成都市,B001,6,25194,MD冰箱,MD,冰箱,2500,4199,B,B企业,510100,2019,4,11
2019-11-28,深圳市,C001,8,28792,HE冰箱,HE,冰箱,1800,3599,C,C企业,440300,2019,4,11
2019-11-29,苏州市,C002,5,20995,HE电视,HE,电视,2200,4199,C,C企业,320500,2019,4,11
2019-11-29,厦门市,A001,3,14007,GL冰箱,GL,冰箱,2200,4669,A,A企业,350200,2019,4,11
2019-11-29,重庆市,C002,2,8398,HE电视,HE,电视,2200,4199,C,C企业,500000,2019,4,11
2019-11-29,长沙市,B002,5,17995,MD电视,MD,电视,2000,4299,B,B企业,430100,2019,4,11
2019-11-29,成都市,A001,3,14007,GL冰箱,GL,冰箱,2200,4669,A,A企业,510100,2019,4,11
2019-11-29,厦门市,C002,7,29393,HE电视,HE,电视,2200,4199,C,C企业,350200,2019,4,11
2019-11-29,厦门市,B001,3,12597,MD冰箱,MD,冰箱,2500,4199,B,B企业,350200,2019,4,11
2019-11-29,金华市,B003,6,34194,MD洗衣机,MD,洗衣机,3100,5699,B,B企业,330700,2019,4,11
2019-11-29,厦门市,B003,6,34194,MD洗衣机,MD,洗衣机,3100,5699,B,B企业,350200,2019,4,11
2019-11-29,深圳市,A001,2,9338,GL冰箱,GL,冰箱,2200,4669,A,A企业,440300,2019,4,11
2019-11-29,长沙市,C002,2,8398,HE电视,HE,电视,2200,4199,C,C企业,430100,2019,4,11
2019-11-29,金华市,A001,6,28014,GL冰箱,GL,冰箱,2200,4669,A,A企业,330700,2019,4,11
2019-11-29,重庆市,B003,3,17097,MD洗衣机,MD,洗衣机,3100,5699,B,B企业,500000,2019,4,11
2019-11-29,苏州市,B002,7,25193,MD电视,MD,电视,2000,4299,B,B企业,320500,2019,4,11
2019-11-29,深圳市,B003,2,11398,MD洗衣机,MD,洗衣机,3100,5699,B,B企业,440300,2019,4,11
2019-11-29,苏州市,A001,7,32683,GL冰箱,GL,冰箱,2200,4669,A,A企业,320500,2019,4,11
2019-11-29,苏州市,B003,4,22796,MD洗衣机,MD,洗衣机,3100,5699,B,B企业,320500,2019,4,11
2019-11-29,长沙市,A001,6,28014,GL冰箱,GL,冰箱,2200,4669,A,A企业,430100,2019,4,11
2019-11-29,深圳市,A003,8,37352,GL洗衣机,GL,洗衣机,3200,4669,A,A企业,440300,2019,4,11
2019-11-29,金华市,B002,8,28792,MD电视,MD,电视,2000,4299,B,B企业,330700,2019,4,11
2019-11-29,长沙市,A003,6,28014,GL洗衣机,GL,洗衣机,3200,4669,A,A企业,430100,2019,4,11
2019-11-29,金华市,A003,6,28014,GL洗衣机,GL,洗衣机,3200,4669,A,A企业,330700,2019,4,11
2019-11-29,成都市,A003,3,14007,GL洗衣机,GL,洗衣机,3200,4669,A,A企业,510100,2019,4,11
2019-11-29,厦门市,A003,4,18676,GL洗衣机,GL,洗衣机,3200,4669,A,A企业,350200,2019,4,11
2019-11-29,苏州市,A003,9,42021,GL洗衣机,GL,洗衣机,3200,4669,A,A企业,320500,2019,4,11
2019-11-29,长沙市,B003,6,34194,MD洗衣机,MD,洗衣机,3100,5699,B,B企业,430100,2019,4,11
2019-11-29,成都市,B001,3,12597,MD冰箱,MD,冰箱,2500,4199,B,B企业,510100,2019,4,11
2019-11-29,重庆市,A002,2,6598,GL电视,GL,电视,1500,3299,A,A企业,500000,2019,4,11
2019-11-29,苏州市,A002,7,23093,GL电视,GL,电视,1500,3299,A,A企业,320500,2019,4,11
2019-11-29,重庆市,C001,4,14396,HE冰箱,HE,冰箱,1800,3599,C,C企业,500000,2019,4,11
2019-11-29,成都市,B003,4,22796,MD洗衣机,MD,洗衣机,3100,5699,B,B企业,510100,2019,4,11
2019-11-29,厦门市,C001,6,21594,HE冰箱,HE,冰箱,1800,3599,C,C企业,350200,2019,4,11
2019-11-29,金华市,C001,6,21594,HE冰箱,HE,冰箱,1800,3599,C,C企业,330700,2019,4,11
2019-11-29,深圳市,A002,7,23093,GL电视,GL,电视,1500,3299,A,A企业,440300,2019,4,11
2019-11-29,厦门市,A002,5,16495,GL电视,GL,电视,1500,3299,A,A企业,350200,2019,4,11
2019-11-29,金华市,A002,4,13196,GL电视,GL,电视,1500,3299,A,A企业,330700,2019,4,11
2019-11-29,深圳市,C002,6,25194,HE电视,HE,电视,2200,4199,C,C企业,440300,2019,4,11
2019-11-29,金华市,B001,8,33592,MD冰箱,MD,冰箱,2500,4199,B,B企业,330700,2019,4,11
2019-11-29,深圳市,B001,5,20995,MD冰箱,MD,冰箱,2500,4199,B,B企业,440300,2019,4,11
2019-11-29,金华市,C002,5,20995,HE电视,HE,电视,2200,4199,C,C企业,330700,2019,4,11
2019-11-29,重庆市,B001,4,16796,MD冰箱,MD,冰箱,2500,4199,B,B企业,500000,2019,4,11
2019-11-29,成都市,A002,4,13196,GL电视,GL,电视,1500,3299,A,A企业,510100,2019,4,11
2019-11-29,苏州市,B001,5,20995,MD冰箱,MD,冰箱,2500,4199,B,B企业,320500,2019,4,11
2019-11-29,重庆市,A001,6,28014,GL冰箱,GL,冰箱,2200,4669,A,A企业,500000,2019,4,11
2019-11-30,金华市,B001,3,12597,MD冰箱,MD,冰箱,2500,4199,B,B企业,330700,2019,4,11
2019-11-30,金华市,A001,7,32683,GL冰箱,GL,冰箱,2200,4669,A,A企业,330700,2019,4,11
2019-11-30,苏州市,A001,4,18676,GL冰箱,GL,冰箱,2200,4669,A,A企业,320500,2019,4,11
2019-11-30,成都市,B001,9,37791,MD冰箱,MD,冰箱,2500,4199,B,B企业,510100,2019,4,11
2019-11-30,重庆市,A001,2,9338,GL冰箱,GL,冰箱,2200,4669,A,A企业,500000,2019,4,11
2019-11-30,深圳市,B001,6,25194,MD冰箱,MD,冰箱,2500,4199,B,B企业,440300,2019,4,11
2019-11-30,厦门市,C001,3,10797,HE冰箱,HE,冰箱,1800,3599,C,C企业,350200,2019,4,11
2019-11-30,厦门市,A001,5,23345,GL冰箱,GL,冰箱,2200,4669,A,A企业,350200,2019,4,11
2019-11-30,上海市,A002,9,29691,GL电视,GL,电视,1500,3299,A,A企业,310000,2019,4,11
2019-11-30,深圳市,A001,2,9338,GL冰箱,GL,冰箱,2200,4669,A,A企业,440300,2019,4,11
2019-11-30,上海市,C002,7,29393,HE电视,HE,电视,2200,4199,C,C企业,310000,2019,4,11
2019-11-30,厦门市,B001,8,33592,MD冰箱,MD,冰箱,2500,4199,B,B企业,350200,2019,4,11
2019-11-30,苏州市,A002,2,6598,GL电视,GL,电视,1500,3299,A,A企业,320500,2019,4,11
2019-11-30,深圳市,B002,7,25193,MD电视,MD,电视,2000,4299,B,B企业,440300,2019,4,11
2019-11-30,长沙市,B001,5,20995,MD冰箱,MD,冰箱,2500,4199,B,B企业,430100,2019,4,11
2019-11-30,苏州市,C002,5,20995,HE电视,HE,电视,2200,4199,C,C企业,320500,2019,4,11
2019-11-30,长沙市,B002,6,21594,MD电视,MD,电视,2000,4299,B,B企业,430100,2019,4,11
2019-11-30,长沙市,A001,6,28014,GL冰箱,GL,冰箱,2200,4669,A,A企业,430100,2019,4,11
2019-11-30,金华市,B002,2,7198,MD电视,MD,电视,2000,4299,B,B企业,330700,2019,4,11
2019-11-30,苏州市,B001,3,12597,MD冰箱,MD,冰箱,2500,4199,B,B企业,320500,2019,4,11
2019-11-30,上海市,A001,8,37352,GL冰箱,GL,冰箱,2200,4669,A,A企业,310000,2019,4,11
2019-11-30,重庆市,B001,4,16796,MD冰箱,MD,冰箱,2500,4199,B,B企业,500000,2019,4,11
2019-11-30,厦门市,C002,5,20995,HE电视,HE,电视,2200,4199,C,C企业,350200,2019,4,11
2019-11-30,成都市,B002,5,17995,MD电视,MD,电视,2000,4299,B,B企业,510100,2019,4,11
2019-11-30,苏州市,C001,4,14396,HE冰箱,HE,冰箱,1800,3599,C,C企业,320500,2019,4,11
2019-11-30,厦门市,B003,5,28495,MD洗衣机,MD,洗衣机,3100,5699,B,B企业,350200,2019,4,11
2019-11-30,金华市,B003,7,39893,MD洗衣机,MD,洗衣机,3100,5699,B,B企业,330700,2019,4,11
2019-11-30,厦门市,B002,4,14396,MD电视,MD,电视,2000,4299,B,B企业,350200,2019,4,11
2019-11-30,深圳市,B003,3,17097,MD洗衣机,MD,洗衣机,3100,5699,B,B企业,440300,2019,4,11
2019-11-30,苏州市,B002,4,14396,MD电视,MD,电视,2000,4299,B,B企业,320500,2019,4,11
2019-11-30,重庆市,B002,5,17995,MD电视,MD,电视,2000,4299,B,B企业,500000,2019,4,11
2019-11-30,苏州市,B003,2,11398,MD洗衣机,MD,洗衣机,3100,5699,B,B企业,320500,2019,4,11
2019-11-30,金华市,A003,7,32683,GL洗衣机,GL,洗衣机,3200,4669,A,A企业,330700,2019,4,11
2019-11-30,苏州市,A003,4,18676,GL洗衣机,GL,洗衣机,3200,4669,A,A企业,320500,2019,4,11
2019-11-30,金华市,C001,2,7198,HE冰箱,HE,冰箱,1800,3599,C,C企业,330700,2019,4,11
2019-11-30,厦门市,A003,4,18676,GL洗衣机,GL,洗衣机,3200,4669,A,A企业,350200,2019,4,11
2019-11-30,金华市,C002,4,16796,HE电视,HE,电视,2200,4199,C,C企业,330700,2019,4,11
2019-11-30,重庆市,C001,4,14396,HE冰箱,HE,冰箱,1800,3599,C,C企业,500000,2019,4,11
2019-11-30,深圳市,C002,6,25194,HE电视,HE,电视,2200,4199,C,C企业,440300,2019,4,11
2019-11-30,长沙市,C001,6,21594,HE冰箱,HE,冰箱,1800,3599,C,C企业,430100,2019,4,11
2019-11-30,重庆市,A002,5,16495,GL电视,GL,电视,1500,3299,A,A企业,500000,2019,4,11
2019-11-30,深圳市,A002,2,6598,GL电视,GL,电视,1500,3299,A,A企业,440300,2019,4,11
2019-11-30,金华市,A002,5,16495,GL电视,GL,电视,1500,3299,A,A企业,330700,2019,4,11
2019-11-30,成都市,C001,5,17995,HE冰箱,HE,冰箱,1800,3599,C,C企业,510100,2019,4,11
2019-11-30,厦门市,A002,7,23093,GL电视,GL,电视,1500,3299,A,A企业,350200,2019,4,11
2019-12-01,长沙市,A003,8,37352,GL洗衣机,GL,洗衣机,3200,4669,A,A企业,430100,2019,4,12
2019-12-01,重庆市,A001,8,37352,GL冰箱,GL,冰箱,2200,4669,A,A企业,500000,2019,4,12
2019-12-01,苏州市,A001,6,28014,GL冰箱,GL,冰箱,2200,4669,A,A企业,320500,2019,4,12
2019-12-01,厦门市,C001,5,17995,HE冰箱,HE,冰箱,1800,3599,C,C企业,350200,2019,4,12
2019-12-01,苏州市,C001,4,14396,HE冰箱,HE,冰箱,1800,3599,C,C企业,320500,2019,4,12
2019-12-01,厦门市,A001,5,23345,GL冰箱,GL,冰箱,2200,4669,A,A企业,350200,2019,4,12
2019-12-01,成都市,A002,5,16495,GL电视,GL,电视,1500,3299,A,A企业,510100,2019,4,12
2019-12-01,长沙市,A001,3,14007,GL冰箱,GL,冰箱,2200,4669,A,A企业,430100,2019,4,12
2019-12-01,厦门市,B001,2,8398,MD冰箱,MD,冰箱,2500,4199,B,B企业,350200,2019,4,12
2019-12-01,重庆市,A002,3,9897,GL电视,GL,电视,1500,3299,A,A企业,500000,2019,4,12
2019-12-01,长沙市,C002,5,20995,HE电视,HE,电视,2200,4199,C,C企业,430100,2019,4,12
2019-12-01,苏州市,B001,5,20995,MD冰箱,MD,冰箱,2500,4199,B,B企业,320500,2019,4,12
2019-12-01,金华市,A001,6,28014,GL冰箱,GL,冰箱,2200,4669,A,A企业,330700,2019,4,12
2019-12-01,长沙市,C001,5,17995,HE冰箱,HE,冰箱,1800,3599,C,C企业,430100,2019,4,12
2019-12-01,深圳市,B001,3,12597,MD冰箱,MD,冰箱,2500,4199,B,B企业,440300,2019,4,12
2019-12-01,厦门市,A002,7,23093,GL电视,GL,电视,1500,3299,A,A企业,350200,2019,4,12
2019-12-01,深圳市,A001,6,28014,GL冰箱,GL,冰箱,2200,4669,A,A企业,440300,2019,4,12
2019-12-01,成都市,C002,5,20995,HE电视,HE,电视,2200,4199,C,C企业,510100,2019,4,12
2019-12-01,深圳市,C002,5,20995,HE电视,HE,电视,2200,4199,C,C企业,440300,2019,4,12
2019-12-01,重庆市,B001,3,12597,MD冰箱,MD,冰箱,2500,4199,B,B企业,500000,2019,4,12
2019-12-01,长沙市,A002,2,6598,GL电视,GL,电视,1500,3299,A,A企业,430100,2019,4,12
2019-12-01,长沙市,B001,9,37791,MD冰箱,MD,冰箱,2500,4199,B,B企业,430100,2019,4,12
2019-12-01,深圳市,C001,6,21594,HE冰箱,HE,冰箱,1800,3599,C,C企业,440300,2019,4,12
2019-12-01,苏州市,A002,6,19794,GL电视,GL,电视,1500,3299,A,A企业,320500,2019,4,12
2019-12-01,金华市,B001,6,25194,MD冰箱,MD,冰箱,2500,4199,B,B企业,330700,2019,4,12
2019-12-01,成都市,A003,8,37352,GL洗衣机,GL,洗衣机,3200,4669,A,A企业,510100,2019,4,12
2019-12-01,重庆市,C002,2,8398,HE电视,HE,电视,2200,4199,C,C企业,500000,2019,4,12
2019-12-01,苏州市,C002,4,16796,HE电视,HE,电视,2200,4199,C,C企业,320500,2019,4,12
2019-12-01,上海市,B001,4,16796,MD冰箱,MD,冰箱,2500,4199,B,B企业,310000,2019,4,12
2019-12-01,重庆市,C001,5,17995,HE冰箱,HE,冰箱,1800,3599,C,C企业,500000,2019,4,12
2019-12-01,厦门市,C002,2,8398,HE电视,HE,电视,2200,4199,C,C企业,350200,2019,4,12
2019-12-01,深圳市,B002,5,17995,MD电视,MD,电视,2000,4299,B,B企业,440300,2019,4,12
2019-12-01,成都市,B001,4,16796,MD冰箱,MD,冰箱,2500,4199,B,B企业,510100,2019,4,12
2019-12-01,金华市,B002,6,21594,MD电视,MD,电视,2000,4299,B,B企业,330700,2019,4,12
2019-12-01,上海市,C002,4,16796,HE电视,HE,电视,2200,4199,C,C企业,310000,2019,4,12
2019-12-01,成都市,B002,3,10797,MD电视,MD,电视,2000,4299,B,B企业,510100,2019,4,12
2019-12-01,上海市,A001,9,42021,GL冰箱,GL,冰箱,2200,4669,A,A企业,310000,2019,4,12
2019-12-01,上海市,C001,5,17995,HE冰箱,HE,冰箱,1800,3599,C,C企业,310000,2019,4,12
2019-12-02,苏州市,B002,6,21594,MD电视,MD,电视,2000,4299,B,B企业,320500,2019,4,12
2019-12-02,上海市,A001,6,28014,GL冰箱,GL,冰箱,2200,4669,A,A企业,310000,2019,4,12
2019-12-02,深圳市,A001,3,14007,GL冰箱,GL,冰箱,2200,4669,A,A企业,440300,2019,4,12
2019-12-02,厦门市,B001,4,16796,MD冰箱,MD,冰箱,2500,4199,B,B企业,350200,2019,4,12
2019-12-02,深圳市,C002,5,20995,HE电视,HE,电视,2200,4199,C,C企业,440300,2019,4,12
2019-12-02,成都市,B002,6,21594,MD电视,MD,电视,2000,4299,B,B企业,510100,2019,4,12
2019-12-02,上海市,C002,7,29393,HE电视,HE,电视,2200,4199,C,C企业,310000,2019,4,12
2019-12-02,金华市,A001,6,28014,GL冰箱,GL,冰箱,2200,4669,A,A企业,330700,2019,4,12
2019-12-02,苏州市,C002,4,16796,HE电视,HE,电视,2200,4199,C,C企业,320500,2019,4,12
2019-12-02,苏州市,C001,9,32391,HE冰箱,HE,冰箱,1800,3599,C,C企业,320500,2019,4,12
2019-12-02,金华市,B002,5,17995,MD电视,MD,电视,2000,4299,B,B企业,330700,2019,4,12
2019-12-02,上海市,B001,6,25194,MD冰箱,MD,冰箱,2500,4199,B,B企业,310000,2019,4,12
2019-12-02,金华市,B001,6,25194,MD冰箱,MD,冰箱,2500,4199,B,B企业,330700,2019,4,12
2019-12-02,成都市,A001,2,9338,GL冰箱,GL,冰箱,2200,4669,A,A企业,510100,2019,4,12
2019-12-02,重庆市,A001,4,18676,GL冰箱,GL,冰箱,2200,4669,A,A企业,500000,2019,4,12
2019-12-02,苏州市,A001,7,32683,GL冰箱,GL,冰箱,2200,4669,A,A企业,320500,2019,4,12
2019-12-02,厦门市,A001,4,18676,GL冰箱,GL,冰箱,2200,4669,A,A企业,350200,2019,4,12
2019-12-02,重庆市,B001,6,25194,MD冰箱,MD,冰箱,2500,4199,B,B企业,500000,2019,4,12
2019-12-02,金华市,C003,8,37352,HE洗衣机,HE,洗衣机,2600,4699,C,C企业,330700,2019,4,12
2019-12-02,成都市,B001,6,25194,MD冰箱,MD,冰箱,2500,4199,B,B企业,510100,2019,4,12
2019-12-02,深圳市,B001,8,33592,MD冰箱,MD,冰箱,2500,4199,B,B企业,440300,2019,4,12
2019-12-02,厦门市,B002,7,25193,MD电视,MD,电视,2000,4299,B,B企业,350200,2019,4,12
2019-12-02,金华市,C001,8,28792,HE冰箱,HE,冰箱,1800,3599,C,C企业,330700,2019,4,12
2019-12-02,金华市,A002,6,19794,GL电视,GL,电视,1500,3299,A,A企业,330700,2019,4,12
2019-12-02,厦门市,A003,3,14007,GL洗衣机,GL,洗衣机,3200,4669,A,A企业,350200,2019,4,12
2019-12-02,深圳市,A002,6,19794,GL电视,GL,电视,1500,3299,A,A企业,440300,2019,4,12
2019-12-02,苏州市,B001,9,37791,MD冰箱,MD,冰箱,2500,4199,B,B企业,320500,2019,4,12
2019-12-02,苏州市,A003,7,32683,GL洗衣机,GL,洗衣机,3200,4669,A,A企业,320500,2019,4,12
2019-12-02,重庆市,A002,2,6598,GL电视,GL,电视,1500,3299,A,A企业,500000,2019,4,12
2019-12-02,厦门市,C001,3,10797,HE冰箱,HE,冰箱,1800,3599,C,C企业,350200,2019,4,12
2019-12-02,金华市,A003,6,28014,GL洗衣机,GL,洗衣机,3200,4669,A,A企业,330700,2019,4,12
2019-12-02,重庆市,A003,6,28014,GL洗衣机,GL,洗衣机,3200,4669,A,A企业,500000,2019,4,12
2019-12-02,重庆市,C001,4,14396,HE冰箱,HE,冰箱,1800,3599,C,C企业,500000,2019,4,12
2019-12-02,成都市,A003,4,18676,GL洗衣机,GL,洗衣机,3200,4669,A,A企业,510100,2019,4,12
2019-12-02,上海市,B003,6,34194,MD洗衣机,MD,洗衣机,3100,5699,B,B企业,310000,2019,4,12
2019-12-02,金华市,B003,6,34194,MD洗衣机,MD,洗衣机,3100,5699,B,B企业,330700,2019,4,12
2019-12-02,成都市,C001,9,32391,HE冰箱,HE,冰箱,1800,3599,C,C企业,510100,2019,4,12
2019-12-02,成都市,A002,4,13196,GL电视,GL,电视,1500,3299,A,A企业,510100,2019,4,12
2019-12-02,重庆市,B002,6,21594,MD电视,MD,电视,2000,4299,B,B企业,500000,2019,4,12
2019-12-02,上海市,C001,9,32391,HE冰箱,HE,冰箱,1800,3599,C,C企业,310000,2019,4,12
2019-12-03,金华市,A001,5,23345,GL冰箱,GL,冰箱,2200,4669,A,A企业,330700,2019,4,12
2019-12-03,苏州市,A001,5,23345,GL冰箱,GL,冰箱,2200,4669,A,A企业,320500,2019,4,12
2019-12-03,苏州市,B001,5,20995,MD冰箱,MD,冰箱,2500,4199,B,B企业,320500,2019,4,12
2019-12-03,深圳市,A001,5,23345,GL冰箱,GL,冰箱,2200,4669,A,A企业,440300,2019,4,12
2019-12-03,重庆市,C001,5,17995,HE冰箱,HE,冰箱,1800,3599,C,C企业,500000,2019,4,12
2019-12-03,成都市,A001,4,18676,GL冰箱,GL,冰箱,2200,4669,A,A企业,510100,2019,4,12
2019-12-03,上海市,B001,8,33592,MD冰箱,MD,冰箱,2500,4199,B,B企业,310000,2019,4,12
2019-12-03,重庆市,B001,6,25194,MD冰箱,MD,冰箱,2500,4199,B,B企业,500000,2019,4,12
2019-12-03,重庆市,A001,2,9338,GL冰箱,GL,冰箱,2200,4669,A,A企业,500000,2019,4,12
2019-12-03,金华市,B001,6,25194,MD冰箱,MD,冰箱,2500,4199,B,B企业,330700,2019,4,12
2019-12-03,上海市,A001,5,23345,GL冰箱,GL,冰箱,2200,4669,A,A企业,310000,2019,4,12
2019-12-03,金华市,B002,7,25193,MD电视,MD,电视,2000,4299,B,B企业,330700,2019,4,12
2019-12-03,厦门市,B001,7,29393,MD冰箱,MD,冰箱,2500,4199,B,B企业,350200,2019,4,12
2019-12-03,成都市,B001,6,25194,MD冰箱,MD,冰箱,2500,4199,B,B企业,510100,2019,4,12
2019-12-03,深圳市,B001,6,25194,MD冰箱,MD,冰箱,2500,4199,B,B企业,440300,2019,4,12
2019-12-03,厦门市,A001,4,18676,GL冰箱,GL,冰箱,2200,4669,A,A企业,350200,2019,4,12
2019-12-03,成都市,A002,5,16495,GL电视,GL,电视,1500,3299,A,A企业,510100,2019,4,12
2019-12-03,长沙市,B002,6,21594,MD电视,MD,电视,2000,4299,B,B企业,430100,2019,4,12
2019-12-03,成都市,C001,5,17995,HE冰箱,HE,冰箱,1800,3599,C,C企业,510100,2019,4,12
2019-12-03,深圳市,B002,4,14396,MD电视,MD,电视,2000,4299,B,B企业,440300,2019,4,12
2019-12-03,苏州市,B002,2,7198,MD电视,MD,电视,2000,4299,B,B企业,320500,2019,4,12
2019-12-03,苏州市,C001,5,17995,HE冰箱,HE,冰箱,1800,3599,C,C企业,320500,2019,4,12
2019-12-03,长沙市,B001,3,12597,MD冰箱,MD,冰箱,2500,4199,B,B企业,430100,2019,4,12
2019-12-03,长沙市,A001,7,32683,GL冰箱,GL,冰箱,2200,4669,A,A企业,430100,2019,4,12
2019-12-03,长沙市,C001,4,14396,HE冰箱,HE,冰箱,1800,3599,C,C企业,430100,2019,4,12
2019-12-03,厦门市,B002,4,14396,MD电视,MD,电视,2000,4299,B,B企业,350200,2019,4,12
2019-12-03,厦门市,C001,5,17995,HE冰箱,HE,冰箱,1800,3599,C,C企业,350200,2019,4,12
2019-12-03,成都市,B002,8,28792,MD电视,MD,电视,2000,4299,B,B企业,510100,2019,4,12
2019-12-03,上海市,B002,9,32391,MD电视,MD,电视,2000,4299,B,B企业,310000,2019,4,12
2019-12-03,深圳市,C001,3,10797,HE冰箱,HE,冰箱,1800,3599,C,C企业,440300,2019,4,12
2019-12-04,成都市,C001,8,28792,HE冰箱,HE,冰箱,1800,3599,C,C企业,510100,2019,4,12
2019-12-04,深圳市,B002,9,32391,MD电视,MD,电视,2000,4299,B,B企业,440300,2019,4,12
2019-12-04,厦门市,B001,8,33592,MD冰箱,MD,冰箱,2500,4199,B,B企业,350200,2019,4,12
2019-12-04,苏州市,B002,5,17995,MD电视,MD,电视,2000,4299,B,B企业,320500,2019,4,12
2019-12-04,长沙市,B001,9,37791,MD冰箱,MD,冰箱,2500,4199,B,B企业,430100,2019,4,12
2019-12-04,深圳市,A001,2,9338,GL冰箱,GL,冰箱,2200,4669,A,A企业,440300,2019,4,12
2019-12-04,厦门市,A001,5,23345,GL冰箱,GL,冰箱,2200,4669,A,A企业,350200,2019,4,12
2019-12-04,金华市,B001,7,29393,MD冰箱,MD,冰箱,2500,4199,B,B企业,330700,2019,4,12
2019-12-04,长沙市,A001,4,18676,GL冰箱,GL,冰箱,2200,4669,A,A企业,430100,2019,4,12
2019-12-04,厦门市,B002,6,21594,MD电视,MD,电视,2000,4299,B,B企业,350200,2019,4,12
2019-12-04,金华市,A001,7,32683,GL冰箱,GL,冰箱,2200,4669,A,A企业,330700,2019,4,12
2019-12-04,深圳市,B001,2,8398,MD冰箱,MD,冰箱,2500,4199,B,B企业,440300,2019,4,12
2019-12-04,重庆市,C001,7,25193,HE冰箱,HE,冰箱,1800,3599,C,C企业,500000,2019,4,12
2019-12-04,苏州市,A001,4,18676,GL冰箱,GL,冰箱,2200,4669,A,A企业,320500,2019,4,12
2019-12-04,重庆市,B001,5,20995,MD冰箱,MD,冰箱,2500,4199,B,B企业,500000,2019,4,12
2019-12-04,成都市,A001,3,14007,GL冰箱,GL,冰箱,2200,4669,A,A企业,510100,2019,4,12
2019-12-04,重庆市,A001,2,9338,GL冰箱,GL,冰箱,2200,4669,A,A企业,500000,2019,4,12
2019-12-04,金华市,B002,7,25193,MD电视,MD,电视,2000,4299,B,B企业,330700,2019,4,12
2019-12-04,成都市,B001,2,8398,MD冰箱,MD,冰箱,2500,4199,B,B企业,510100,2019,4,12
2019-12-04,苏州市,B001,5,20995,MD冰箱,MD,冰箱,2500,4199,B,B企业,320500,2019,4,12
2019-12-04,厦门市,C001,3,10797,HE冰箱,HE,冰箱,1800,3599,C,C企业,350200,2019,4,12
2019-12-04,成都市,B002,4,14396,MD电视,MD,电视,2000,4299,B,B企业,510100,2019,4,12
2019-12-04,厦门市,A002,8,26392,GL电视,GL,电视,1500,3299,A,A企业,350200,2019,4,12
2019-12-04,重庆市,B002,6,21594,MD电视,MD,电视,2000,4299,B,B企业,500000,2019,4,12
2019-12-04,长沙市,C001,5,17995,HE冰箱,HE,冰箱,1800,3599,C,C企业,430100,2019,4,12
2019-12-04,金华市,A002,8,26392,GL电视,GL,电视,1500,3299,A,A企业,330700,2019,4,12
2019-12-04,长沙市,B002,3,10797,MD电视,MD,电视,2000,4299,B,B企业,430100,2019,4,12
2019-12-04,深圳市,A002,6,19794,GL电视,GL,电视,1500,3299,A,A企业,440300,2019,4,12
2019-12-04,深圳市,A003,4,18676,GL洗衣机,GL,洗衣机,3200,4669,A,A企业,440300,2019,4,12
2019-12-04,深圳市,C001,3,10797,HE冰箱,HE,冰箱,1800,3599,C,C企业,440300,2019,4,12
2019-12-04,金华市,A003,4,18676,GL洗衣机,GL,洗衣机,3200,4669,A,A企业,330700,2019,4,12
2019-12-04,成都市,A002,6,19794,GL电视,GL,电视,1500,3299,A,A企业,510100,2019,4,12
2019-12-04,重庆市,A002,3,9897,GL电视,GL,电视,1500,3299,A,A企业,500000,2019,4,12
2019-12-04,上海市,B001,3,12597,MD冰箱,MD,冰箱,2500,4199,B,B企业,310000,2019,4,12
2019-12-04,上海市,B002,2,7198,MD电视,MD,电视,2000,4299,B,B企业,310000,2019,4,12
2019-12-05,上海市,B001,4,16796,MD冰箱,MD,冰箱,2500,4199,B,B企业,310000,2019,4,12
2019-12-05,深圳市,A001,5,23345,GL冰箱,GL,冰箱,2200,4669,A,A企业,440300,2019,4,12
2019-12-05,金华市,B001,3,12597,MD冰箱,MD,冰箱,2500,4199,B,B企业,330700,2019,4,12
2019-12-05,成都市,A002,4,13196,GL电视,GL,电视,1500,3299,A,A企业,510100,2019,4,12
2019-12-05,厦门市,B001,7,29393,MD冰箱,MD,冰箱,2500,4199,B,B企业,350200,2019,4,12
2019-12-05,厦门市,C001,3,10797,HE冰箱,HE,冰箱,1800,3599,C,C企业,350200,2019,4,12
2019-12-05,重庆市,B002,8,28792,MD电视,MD,电视,2000,4299,B,B企业,500000,2019,4,12
2019-12-05,金华市,A001,5,23345,GL冰箱,GL,冰箱,2200,4669,A,A企业,330700,2019,4,12
2019-12-05,金华市,B002,6,21594,MD电视,MD,电视,2000,4299,B,B企业,330700,2019,4,12
2019-12-05,苏州市,B001,7,29393,MD冰箱,MD,冰箱,2500,4199,B,B企业,320500,2019,4,12
2019-12-05,深圳市,A002,5,16495,GL电视,GL,电视,1500,3299,A,A企业,440300,2019,4,12
2019-12-05,重庆市,A001,6,28014,GL冰箱,GL,冰箱,2200,4669,A,A企业,500000,2019,4,12
2019-12-05,金华市,C001,2,7198,HE冰箱,HE,冰箱,1800,3599,C,C企业,330700,2019,4,12
2019-12-05,上海市,A001,4,18676,GL冰箱,GL,冰箱,2200,4669,A,A企业,310000,2019,4,12
2019-12-05,厦门市,A002,6,19794,GL电视,GL,电视,1500,3299,A,A企业,350200,2019,4,12
2019-12-05,厦门市,A001,2,9338,GL冰箱,GL,冰箱,2200,4669,A,A企业,350200,2019,4,12
2019-12-05,深圳市,C001,8,28792,HE冰箱,HE,冰箱,1800,3599,C,C企业,440300,2019,4,12
2019-12-05,重庆市,C001,4,14396,HE冰箱,HE,冰箱,1800,3599,C,C企业,500000,2019,4,12
2019-12-05,金华市,A002,7,23093,GL电视,GL,电视,1500,3299,A,A企业,330700,2019,4,12
2019-12-05,重庆市,B001,5,20995,MD冰箱,MD,冰箱,2500,4199,B,B企业,500000,2019,4,12
2019-12-05,苏州市,A001,5,23345,GL冰箱,GL,冰箱,2200,4669,A,A企业,320500,2019,4,12
2019-12-05,苏州市,A002,2,6598,GL电视,GL,电视,1500,3299,A,A企业,320500,2019,4,12
2019-12-05,上海市,C001,8,28792,HE冰箱,HE,冰箱,1800,3599,C,C企业,310000,2019,4,12
2019-12-05,成都市,A001,3,14007,GL冰箱,GL,冰箱,2200,4669,A,A企业,510100,2019,4,12
2019-12-05,深圳市,B001,2,8398,MD冰箱,MD,冰箱,2500,4199,B,B企业,440300,2019,4,12
2019-12-05,上海市,A002,3,9897,GL电视,GL,电视,1500,3299,A,A企业,310000,2019,4,12
2019-12-05,成都市,C001,5,17995,HE冰箱,HE,冰箱,1800,3599,C,C企业,510100,2019,4,12
2019-12-05,苏州市,C001,8,28792,HE冰箱,HE,冰箱,1800,3599,C,C企业,320500,2019,4,12
2019-12-05,厦门市,B002,4,14396,MD电视,MD,电视,2000,4299,B,B企业,350200,2019,4,12
2019-12-05,重庆市,A002,5,16495,GL电视,GL,电视,1500,3299,A,A企业,500000,2019,4,12
2019-12-05,金华市,A003,3,14007,GL洗衣机,GL,洗衣机,3200,4669,A,A企业,330700,2019,4,12
2019-12-05,成都市,B001,5,20995,MD冰箱,MD,冰箱,2500,4199,B,B企业,510100,2019,4,12
2019-12-05,长沙市,A002,5,16495,GL电视,GL,电视,1500,3299,A,A企业,430100,2019,4,12
2019-12-05,厦门市,A003,2,9338,GL洗衣机,GL,洗衣机,3200,4669,A,A企业,350200,2019,4,12
2019-12-05,深圳市,B002,5,17995,MD电视,MD,电视,2000,4299,B,B企业,440300,2019,4,12
2019-12-05,苏州市,B002,5,17995,MD电视,MD,电视,2000,4299,B,B企业,320500,2019,4,12
2019-12-05,长沙市,A001,2,9338,GL冰箱,GL,冰箱,2200,4669,A,A企业,430100,2019,4,12
2019-12-05,长沙市,B002,6,21594,MD电视,MD,电视,2000,4299,B,B企业,430100,2019,4,12
2019-12-06,深圳市,B002,6,21594,MD电视,MD,电视,2000,4299,B,B企业,440300,2019,4,12
2019-12-06,重庆市,A001,2,9338,GL冰箱,GL,冰箱,2200,4669,A,A企业,500000,2019,4,12
2019-12-06,厦门市,A001,6,28014,GL冰箱,GL,冰箱,2200,4669,A,A企业,350200,2019,4,12
2019-12-06,厦门市,B002,4,14396,MD电视,MD,电视,2000,4299,B,B企业,350200,2019,4,12
2019-12-06,苏州市,B001,6,25194,MD冰箱,MD,冰箱,2500,4199,B,B企业,320500,2019,4,12
2019-12-06,重庆市,B001,5,20995,MD冰箱,MD,冰箱,2500,4199,B,B企业,500000,2019,4,12
2019-12-06,金华市,B001,5,20995,MD冰箱,MD,冰箱,2500,4199,B,B企业,330700,2019,4,12
2019-12-06,苏州市,C001,3,10797,HE冰箱,HE,冰箱,1800,3599,C,C企业,320500,2019,4,12
2019-12-06,长沙市,B001,6,25194,MD冰箱,MD,冰箱,2500,4199,B,B企业,430100,2019,4,12
2019-12-06,成都市,B001,3,12597,MD冰箱,MD,冰箱,2500,4199,B,B企业,510100,2019,4,12
2019-12-06,深圳市,A001,3,14007,GL冰箱,GL,冰箱,2200,4669,A,A企业,440300,2019,4,12
2019-12-06,重庆市,A003,4,18676,GL洗衣机,GL,洗衣机,3200,4669,A,A企业,500000,2019,4,12
2019-12-06,苏州市,A001,6,28014,GL冰箱,GL,冰箱,2200,4669,A,A企业,320500,2019,4,12
2019-12-06,金华市,C001,6,21594,HE冰箱,HE,冰箱,1800,3599,C,C企业,330700,2019,4,12
2019-12-06,苏州市,B002,3,10797,MD电视,MD,电视,2000,4299,B,B企业,320500,2019,4,12
2019-12-06,深圳市,A002,6,19794,GL电视,GL,电视,1500,3299,A,A企业,440300,2019,4,12
2019-12-06,成都市,A001,5,23345,GL冰箱,GL,冰箱,2200,4669,A,A企业,510100,2019,4,12
2019-12-06,重庆市,B002,3,10797,MD电视,MD,电视,2000,4299,B,B企业,500000,2019,4,12
2019-12-06,厦门市,C001,4,14396,HE冰箱,HE,冰箱,1800,3599,C,C企业,350200,2019,4,12
2019-12-06,成都市,A002,5,16495,GL电视,GL,电视,1500,3299,A,A企业,510100,2019,4,12
2019-12-06,厦门市,B001,3,12597,MD冰箱,MD,冰箱,2500,4199,B,B企业,350200,2019,4,12
2019-12-06,成都市,C001,8,28792,HE冰箱,HE,冰箱,1800,3599,C,C企业,510100,2019,4,12
2019-12-06,上海市,A001,3,14007,GL冰箱,GL,冰箱,2200,4669,A,A企业,310000,2019,4,12
2019-12-06,苏州市,A002,3,9897,GL电视,GL,电视,1500,3299,A,A企业,320500,2019,4,12
2019-12-06,成都市,A003,6,28014,GL洗衣机,GL,洗衣机,3200,4669,A,A企业,510100,2019,4,12
2019-12-06,金华市,A002,4,13196,GL电视,GL,电视,1500,3299,A,A企业,330700,2019,4,12
2019-12-06,上海市,B001,9,37791,MD冰箱,MD,冰箱,2500,4199,B,B企业,310000,2019,4,12
2019-12-06,金华市,B002,4,14396,MD电视,MD,电视,2000,4299,B,B企业,330700,2019,4,12
2019-12-06,金华市,A001,6,28014,GL冰箱,GL,冰箱,2200,4669,A,A企业,330700,2019,4,12
2019-12-06,深圳市,B001,5,20995,MD冰箱,MD,冰箱,2500,4199,B,B企业,440300,2019,4,12
2019-12-06,成都市,B002,5,17995,MD电视,MD,电视,2000,4299,B,B企业,510100,2019,4,12
2019-12-06,长沙市,A001,6,28014,GL冰箱,GL,冰箱,2200,4669,A,A企业,430100,2019,4,12
2019-12-06,厦门市,A002,2,6598,GL电视,GL,电视,1500,3299,A,A企业,350200,2019,4,12
2019-12-06,重庆市,A002,3,9897,GL电视,GL,电视,1500,3299,A,A企业,500000,2019,4,12
2019-12-07,金华市,A001,5,23345,GL冰箱,GL,冰箱,2200,4669,A,A企业,330700,2019,4,12
2019-12-07,苏州市,A001,4,18676,GL冰箱,GL,冰箱,2200,4669,A,A企业,320500,2019,4,12
2019-12-07,厦门市,B001,6,25194,MD冰箱,MD,冰箱,2500,4199,B,B企业,350200,2019,4,12
2019-12-07,苏州市,B002,3,10797,MD电视,MD,电视,2000,4299,B,B企业,320500,2019,4,12
2019-12-07,金华市,C001,4,14396,HE冰箱,HE,冰箱,1800,3599,C,C企业,330700,2019,4,12
2019-12-07,成都市,B001,6,25194,MD冰箱,MD,冰箱,2500,4199,B,B企业,510100,2019,4,12
2019-12-07,深圳市,B001,3,12597,MD冰箱,MD,冰箱,2500,4199,B,B企业,440300,2019,4,12
2019-12-07,深圳市,A001,8,37352,GL冰箱,GL,冰箱,2200,4669,A,A企业,440300,2019,4,12
2019-12-07,金华市,B001,5,20995,MD冰箱,MD,冰箱,2500,4199,B,B企业,330700,2019,4,12
2019-12-07,金华市,B002,5,17995,MD电视,MD,电视,2000,4299,B,B企业,330700,2019,4,12
2019-12-07,上海市,B001,5,20995,MD冰箱,MD,冰箱,2500,4199,B,B企业,310000,2019,4,12
2019-12-07,成都市,A001,3,14007,GL冰箱,GL,冰箱,2200,4669,A,A企业,510100,2019,4,12
2019-12-07,厦门市,A001,2,9338,GL冰箱,GL,冰箱,2200,4669,A,A企业,350200,2019,4,12
2019-12-07,苏州市,B001,4,16796,MD冰箱,MD,冰箱,2500,4199,B,B企业,320500,2019,4,12
2019-12-07,苏州市,A002,5,16495,GL电视,GL,电视,1500,3299,A,A企业,320500,2019,4,12
2019-12-07,上海市,A001,2,9338,GL冰箱,GL,冰箱,2200,4669,A,A企业,310000,2019,4,12
2019-12-07,厦门市,B002,8,28792,MD电视,MD,电视,2000,4299,B,B企业,350200,2019,4,12
2019-12-07,深圳市,B002,4,14396,MD电视,MD,电视,2000,4299,B,B企业,440300,2019,4,12
2019-12-07,金华市,A002,4,13196,GL电视,GL,电视,1500,3299,A,A企业,330700,2019,4,12
2019-12-07,上海市,B003,5,28495,MD洗衣机,MD,洗衣机,3100,5699,B,B企业,310000,2019,4,12
2019-12-07,厦门市,A002,6,19794,GL电视,GL,电视,1500,3299,A,A企业,350200,2019,4,12
2019-12-07,深圳市,A002,6,19794,GL电视,GL,电视,1500,3299,A,A企业,440300,2019,4,12
2019-12-07,重庆市,B003,4,22796,MD洗衣机,MD,洗衣机,3100,5699,B,B企业,500000,2019,4,12
2019-12-07,重庆市,A001,4,18676,GL冰箱,GL,冰箱,2200,4669,A,A企业,500000,2019,4,12
2019-12-07,深圳市,C001,7,25193,HE冰箱,HE,冰箱,1800,3599,C,C企业,440300,2019,4,12
2019-12-07,厦门市,B003,2,11398,MD洗衣机,MD,洗衣机,3100,5699,B,B企业,350200,2019,4,12
2019-12-07,成都市,B002,6,21594,MD电视,MD,电视,2000,4299,B,B企业,510100,2019,4,12
2019-12-07,重庆市,C001,9,32391,HE冰箱,HE,冰箱,1800,3599,C,C企业,500000,2019,4,12
2019-12-07,金华市,B003,6,34194,MD洗衣机,MD,洗衣机,3100,5699,B,B企业,330700,2019,4,12
2019-12-07,重庆市,A002,3,9897,GL电视,GL,电视,1500,3299,A,A企业,500000,2019,4,12
2019-12-07,成都市,B003,5,28495,MD洗衣机,MD,洗衣机,3100,5699,B,B企业,510100,2019,4,12
2019-12-07,苏州市,C001,4,14396,HE冰箱,HE,冰箱,1800,3599,C,C企业,320500,2019,4,12
2019-12-07,金华市,C003,6,28014,HE洗衣机,HE,洗衣机,2600,4699,C,C企业,330700,2019,4,12
2019-12-07,重庆市,B002,8,28792,MD电视,MD,电视,2000,4299,B,B企业,500000,2019,4,12
2019-12-07,厦门市,C001,3,10797,HE冰箱,HE,冰箱,1800,3599,C,C企业,350200,2019,4,12
2019-12-07,深圳市,B003,5,28495,MD洗衣机,MD,洗衣机,3100,5699,B,B企业,440300,2019,4,12
2019-12-08,苏州市,B001,9,37791,MD冰箱,MD,冰箱,2500,4199,B,B企业,320500,2019,4,12
2019-12-08,长沙市,B002,21,75579,MD电视,MD,电视,2000,4299,B,B企业,430100,2019,4,12
2019-12-08,长沙市,B001,18,75582,MD冰箱,MD,冰箱,2500,4199,B,B企业,430100,2019,4,12
2019-12-08,厦门市,A001,18,84042,GL冰箱,GL,冰箱,2200,4669,A,A企业,350200,2019,4,12
2019-12-08,重庆市,B001,15,62985,MD冰箱,MD,冰箱,2500,4199,B,B企业,500000,2019,4,12
2019-12-08,金华市,B001,12,50388,MD冰箱,MD,冰箱,2500,4199,B,B企业,330700,2019,4,12
2019-12-08,厦门市,C001,27,97173,HE冰箱,HE,冰箱,1800,3599,C,C企业,350200,2019,4,12
2019-12-08,重庆市,C001,9,32391,HE冰箱,HE,冰箱,1800,3599,C,C企业,500000,2019,4,12
2019-12-08,长沙市,A001,21,98049,GL冰箱,GL,冰箱,2200,4669,A,A企业,430100,2019,4,12
2019-12-08,成都市,B001,9,37791,MD冰箱,MD,冰箱,2500,4199,B,B企业,510100,2019,4,12
2019-12-08,苏州市,A001,18,84042,GL冰箱,GL,冰箱,2200,4669,A,A企业,320500,2019,4,12
2019-12-08,厦门市,B002,12,43188,MD电视,MD,电视,2000,4299,B,B企业,350200,2019,4,12
2019-12-08,厦门市,B001,18,75582,MD冰箱,MD,冰箱,2500,4199,B,B企业,350200,2019,4,12
2019-12-08,成都市,A001,18,84042,GL冰箱,GL,冰箱,2200,4669,A,A企业,510100,2019,4,12
2019-12-08,上海市,B001,18,75582,MD冰箱,MD,冰箱,2500,4199,B,B企业,310000,2019,4,12
2019-12-08,成都市,A003,6,28014,GL洗衣机,GL,洗衣机,3200,4669,A,A企业,510100,2019,4,12
2019-12-08,深圳市,B001,6,25194,MD冰箱,MD,冰箱,2500,4199,B,B企业,440300,2019,4,12
2019-12-08,深圳市,C001,18,64782,HE冰箱,HE,冰箱,1800,3599,C,C企业,440300,2019,4,12
2019-12-08,深圳市,B002,21,75579,MD电视,MD,电视,2000,4299,B,B企业,440300,2019,4,12
2019-12-08,厦门市,A002,12,39588,GL电视,GL,电视,1500,3299,A,A企业,350200,2019,4,12
2019-12-08,上海市,A001,9,42021,GL冰箱,GL,冰箱,2200,4669,A,A企业,310000,2019,4,12
2019-12-08,苏州市,A003,18,84042,GL洗衣机,GL,洗衣机,3200,4669,A,A企业,320500,2019,4,12
2019-12-08,重庆市,A001,21,98049,GL冰箱,GL,冰箱,2200,4669,A,A企业,500000,2019,4,12
2019-12-08,苏州市,C001,24,86376,HE冰箱,HE,冰箱,1800,3599,C,C企业,320500,2019,4,12
2019-12-08,重庆市,B002,21,75579,MD电视,MD,电视,2000,4299,B,B企业,500000,2019,4,12
2019-12-08,深圳市,A001,12,56028,GL冰箱,GL,冰箱,2200,4669,A,A企业,440300,2019,4,12
2019-12-08,深圳市,A002,6,19794,GL电视,GL,电视,1500,3299,A,A企业,440300,2019,4,12
2019-12-08,苏州市,B002,15,53985,MD电视,MD,电视,2000,4299,B,B企业,320500,2019,4,12
2019-12-08,深圳市,A003,18,84042,GL洗衣机,GL,洗衣机,3200,4669,A,A企业,440300,2019,4,12
2019-12-08,成都市,A002,18,59382,GL电视,GL,电视,1500,3299,A,A企业,510100,2019,4,12
2019-12-08,金华市,A002,18,59382,GL电视,GL,电视,1500,3299,A,A企业,330700,2019,4,12
2019-12-08,长沙市,C001,21,75579,HE冰箱,HE,冰箱,1800,3599,C,C企业,430100,2019,4,12
2019-12-08,金华市,A001,15,70035,GL冰箱,GL,冰箱,2200,4669,A,A企业,330700,2019,4,12
2019-12-08,金华市,B002,9,32391,MD电视,MD,电视,2000,4299,B,B企业,330700,2019,4,12
2019-12-08,成都市,B002,9,32391,MD电视,MD,电视,2000,4299,B,B企业,510100,2019,4,12
2019-12-08,上海市,C001,18,64782,HE冰箱,HE,冰箱,1800,3599,C,C企业,310000,2019,4,12
2019-12-08,上海市,B002,21,75579,MD电视,MD,电视,2000,4299,B,B企业,310000,2019,4,12
2019-12-09,厦门市,A001,18,84042,GL冰箱,GL,冰箱,2200,4669,A,A企业,350200,2019,4,12
2019-12-09,金华市,C003,12,56028,HE洗衣机,HE,洗衣机,2600,4699,C,C企业,330700,2019,4,12
2019-12-09,苏州市,A001,21,98049,GL冰箱,GL,冰箱,2200,4669,A,A企业,320500,2019,4,12
2019-12-09,深圳市,C001,6,21594,HE冰箱,HE,冰箱,1800,3599,C,C企业,440300,2019,4,12
2019-12-09,苏州市,B002,12,43188,MD电视,MD,电视,2000,4299,B,B企业,320500,2019,4,12
2019-12-09,厦门市,B001,6,25194,MD冰箱,MD,冰箱,2500,4199,B,B企业,350200,2019,4,12
2019-12-09,上海市,A001,18,84042,GL冰箱,GL,冰箱,2200,4669,A,A企业,310000,2019,4,12
2019-12-09,重庆市,A001,27,126063,GL冰箱,GL,冰箱,2200,4669,A,A企业,500000,2019,4,12
2019-12-09,成都市,C001,15,53985,HE冰箱,HE,冰箱,1800,3599,C,C企业,510100,2019,4,12
2019-12-09,成都市,B002,12,43188,MD电视,MD,电视,2000,4299,B,B企业,510100,2019,4,12
2019-12-09,成都市,A002,15,49485,GL电视,GL,电视,1500,3299,A,A企业,510100,2019,4,12
2019-12-09,苏州市,B001,15,62985,MD冰箱,MD,冰箱,2500,4199,B,B企业,320500,2019,4,12
2019-12-09,成都市,A001,12,56028,GL冰箱,GL,冰箱,2200,4669,A,A企业,510100,2019,4,12
2019-12-09,重庆市,B001,18,75582,MD冰箱,MD,冰箱,2500,4199,B,B企业,500000,2019,4,12
2019-12-09,长沙市,B002,21,75579,MD电视,MD,电视,2000,4299,B,B企业,430100,2019,4,12
2019-12-09,重庆市,A002,6,19794,GL电视,GL,电视,1500,3299,A,A企业,500000,2019,4,12
2019-12-09,上海市,B001,18,75582,MD冰箱,MD,冰箱,2500,4199,B,B企业,310000,2019,4,12
2019-12-09,厦门市,C001,24,86376,HE冰箱,HE,冰箱,1800,3599,C,C企业,350200,2019,4,12
2019-12-09,成都市,B001,18,75582,MD冰箱,MD,冰箱,2500,4199,B,B企业,510100,2019,4,12
2019-12-09,金华市,A003,12,56028,GL洗衣机,GL,洗衣机,3200,4669,A,A企业,330700,2019,4,12
2019-12-09,长沙市,A001,6,28014,GL冰箱,GL,冰箱,2200,4669,A,A企业,430100,2019,4,12
2019-12-09,深圳市,B001,15,62985,MD冰箱,MD,冰箱,2500,4199,B,B企业,440300,2019,4,12
2019-12-09,厦门市,A002,18,59382,GL电视,GL,电视,1500,3299,A,A企业,350200,2019,4,12
2019-12-09,长沙市,B001,12,50388,MD冰箱,MD,冰箱,2500,4199,B,B企业,430100,2019,4,12
2019-12-09,金华市,B001,18,75582,MD冰箱,MD,冰箱,2500,4199,B,B企业,330700,2019,4,12
2019-12-09,厦门市,B002,18,64782,MD电视,MD,电视,2000,4299,B,B企业,350200,2019,4,12
2019-12-09,金华市,A002,21,69279,GL电视,GL,电视,1500,3299,A,A企业,330700,2019,4,12
2019-12-09,深圳市,B003,6,34194,MD洗衣机,MD,洗衣机,3100,5699,B,B企业,440300,2019,4,12
2019-12-09,苏州市,B003,9,51291,MD洗衣机,MD,洗衣机,3100,5699,B,B企业,320500,2019,4,12
2019-12-09,金华市,C001,4,14396,HE冰箱,HE,冰箱,1800,3599,C,C企业,330700,2019,4,12
2019-12-09,长沙市,A003,6,28014,GL洗衣机,GL,洗衣机,3200,4669,A,A企业,430100,2019,4,12
2019-12-09,长沙市,C001,5,17995,HE冰箱,HE,冰箱,1800,3599,C,C企业,430100,2019,4,12
2019-12-09,长沙市,C003,5,23345,HE洗衣机,HE,洗衣机,2600,4699,C,C企业,430100,2019,4,12
2019-12-09,金华市,A001,4,18676,GL冰箱,GL,冰箱,2200,4669,A,A企业,330700,2019,4,12
2019-12-09,成都市,B003,6,34194,MD洗衣机,MD,洗衣机,3100,5699,B,B企业,510100,2019,4,12
2019-12-09,深圳市,A001,3,14007,GL冰箱,GL,冰箱,2200,4669,A,A企业,440300,2019,4,12
2019-12-09,苏州市,C003,4,18676,HE洗衣机,HE,洗衣机,2600,4699,C,C企业,320500,2019,4,12
2019-12-09,深圳市,A003,6,28014,GL洗衣机,GL,洗衣机,3200,4669,A,A企业,440300,2019,4,12
2019-12-09,金华市,B002,5,17995,MD电视,MD,电视,2000,4299,B,B企业,330700,2019,4,12
2019-12-09,重庆市,B002,4,14396,MD电视,MD,电视,2000,4299,B,B企业,500000,2019,4,12
2019-12-09,成都市,A003,5,23345,GL洗衣机,GL,洗衣机,3200,4669,A,A企业,510100,2019,4,12
2019-12-09,厦门市,A003,5,23345,GL洗衣机,GL,洗衣机,3200,4669,A,A企业,350200,2019,4,12
2019-12-09,苏州市,A002,5,16495,GL电视,GL,电视,1500,3299,A,A企业,320500,2019,4,12
2019-12-09,深圳市,A002,6,19794,GL电视,GL,电视,1500,3299,A,A企业,440300,2019,4,12
2019-12-10,苏州市,A002,7,23093,GL电视,GL,电视,1500,3299,A,A企业,320500,2019,4,12
2019-12-10,金华市,A002,2,6598,GL电视,GL,电视,1500,3299,A,A企业,330700,2019,4,12
2019-12-10,金华市,A001,5,23345,GL冰箱,GL,冰箱,2200,4669,A,A企业,330700,2019,4,12
2019-12-10,金华市,B001,4,16796,MD冰箱,MD,冰箱,2500,4199,B,B企业,330700,2019,4,12
2019-12-10,厦门市,A001,6,28014,GL冰箱,GL,冰箱,2200,4669,A,A企业,350200,2019,4,12
2019-12-10,成都市,B001,4,16796,MD冰箱,MD,冰箱,2500,4199,B,B企业,510100,2019,4,12
2019-12-10,成都市,A001,5,23345,GL冰箱,GL,冰箱,2200,4669,A,A企业,510100,2019,4,12
2019-12-10,深圳市,B002,6,21594,MD电视,MD,电视,2000,4299,B,B企业,440300,2019,4,12
2019-12-10,苏州市,A001,2,9338,GL冰箱,GL,冰箱,2200,4669,A,A企业,320500,2019,4,12
2019-12-10,成都市,C001,6,21594,HE冰箱,HE,冰箱,1800,3599,C,C企业,510100,2019,4,12
2019-12-10,重庆市,B001,7,29393,MD冰箱,MD,冰箱,2500,4199,B,B企业,500000,2019,4,12
2019-12-10,厦门市,B001,9,37791,MD冰箱,MD,冰箱,2500,4199,B,B企业,350200,2019,4,12
2019-12-10,苏州市,B001,7,29393,MD冰箱,MD,冰箱,2500,4199,B,B企业,320500,2019,4,12
2019-12-10,厦门市,A002,3,9897,GL电视,GL,电视,1500,3299,A,A企业,350200,2019,4,12
2019-12-10,深圳市,A002,4,13196,GL电视,GL,电视,1500,3299,A,A企业,440300,2019,4,12
2019-12-10,苏州市,C001,8,28792,HE冰箱,HE,冰箱,1800,3599,C,C企业,320500,2019,4,12
2019-12-10,上海市,B001,2,8398,MD冰箱,MD,冰箱,2500,4199,B,B企业,310000,2019,4,12
2019-12-10,上海市,A001,5,23345,GL冰箱,GL,冰箱,2200,4669,A,A企业,310000,2019,4,12
2019-12-10,深圳市,B001,4,16796,MD冰箱,MD,冰箱,2500,4199,B,B企业,440300,2019,4,12
2019-12-10,重庆市,B002,8,28792,MD电视,MD,电视,2000,4299,B,B企业,500000,2019,4,12
2019-12-10,成都市,B002,5,17995,MD电视,MD,电视,2000,4299,B,B企业,510100,2019,4,12
2019-12-10,苏州市,B002,5,17995,MD电视,MD,电视,2000,4299,B,B企业,320500,2019,4,12
2019-12-10,上海市,C001,3,10797,HE冰箱,HE,冰箱,1800,3599,C,C企业,310000,2019,4,12
2019-12-10,厦门市,B002,7,25193,MD电视,MD,电视,2000,4299,B,B企业,350200,2019,4,12
2019-12-10,深圳市,A001,6,28014,GL冰箱,GL,冰箱,2200,4669,A,A企业,440300,2019,4,12
2019-12-10,成都市,A003,2,9338,GL洗衣机,GL,洗衣机,3200,4669,A,A企业,510100,2019,4,12
2019-12-10,上海市,B002,4,14396,MD电视,MD,电视,2000,4299,B,B企业,310000,2019,4,12
2019-12-10,金华市,B002,6,21594,MD电视,MD,电视,2000,4299,B,B企业,330700,2019,4,12
2019-12-10,重庆市,A001,4,18676,GL冰箱,GL,冰箱,2200,4669,A,A企业,500000,2019,4,12
2019-12-10,成都市,A002,6,19794,GL电视,GL,电视,1500,3299,A,A企业,510100,2019,4,12
2019-12-10,金华市,C001,3,10797,HE冰箱,HE,冰箱,1800,3599,C,C企业,330700,2019,4,12
2019-12-10,重庆市,A002,3,9897,GL电视,GL,电视,1500,3299,A,A企业,500000,2019,4,12
2019-12-10,金华市,A003,2,9338,GL洗衣机,GL,洗衣机,3200,4669,A,A企业,330700,2019,4,12
2019-12-10,上海市,A003,2,9338,GL洗衣机,GL,洗衣机,3200,4669,A,A企业,310000,2019,4,12
2019-12-10,重庆市,C001,3,10797,HE冰箱,HE,冰箱,1800,3599,C,C企业,500000,2019,4,12
2019-12-10,金华市,B003,6,34194,MD洗衣机,MD,洗衣机,3100,5699,B,B企业,330700,2019,4,12
2019-12-10,重庆市,B003,2,11398,MD洗衣机,MD,洗衣机,3100,5699,B,B企业,500000,2019,4,12
2019-12-10,成都市,B003,5,28495,MD洗衣机,MD,洗衣机,3100,5699,B,B企业,510100,2019,4,12
2019-12-11,金华市,B003,9,51291,MD洗衣机,MD,洗衣机,3100,5699,B,B企业,330700,2019,4,12
2019-12-11,成都市,B003,4,22796,MD洗衣机,MD,洗衣机,3100,5699,B,B企业,510100,2019,4,12
2019-12-11,重庆市,A001,7,32683,GL冰箱,GL,冰箱,2200,4669,A,A企业,500000,2019,4,12
2019-12-11,厦门市,B003,2,11398,MD洗衣机,MD,洗衣机,3100,5699,B,B企业,350200,2019,4,12
2019-12-11,成都市,A001,5,23345,GL冰箱,GL,冰箱,2200,4669,A,A企业,510100,2019,4,12
2019-12-11,金华市,A001,5,23345,GL冰箱,GL,冰箱,2200,4669,A,A企业,330700,2019,4,12
2019-12-11,苏州市,A001,8,37352,GL冰箱,GL,冰箱,2200,4669,A,A企业,320500,2019,4,12
2019-12-11,苏州市,B002,5,17995,MD电视,MD,电视,2000,4299,B,B企业,320500,2019,4,12
2019-12-11,苏州市,C001,4,14396,HE冰箱,HE,冰箱,1800,3599,C,C企业,320500,2019,4,12
2019-12-11,金华市,C001,5,17995,HE冰箱,HE,冰箱,1800,3599,C,C企业,330700,2019,4,12
2019-12-11,金华市,A003,4,18676,GL洗衣机,GL,洗衣机,3200,4669,A,A企业,330700,2019,4,12
2019-12-11,厦门市,C001,6,21594,HE冰箱,HE,冰箱,1800,3599,C,C企业,350200,2019,4,12
2019-12-11,厦门市,A001,4,18676,GL冰箱,GL,冰箱,2200,4669,A,A企业,350200,2019,4,12
2019-12-11,重庆市,A003,5,23345,GL洗衣机,GL,洗衣机,3200,4669,A,A企业,500000,2019,4,12
2019-12-11,成都市,C001,5,17995,HE冰箱,HE,冰箱,1800,3599,C,C企业,510100,2019,4,12
2019-12-11,厦门市,A003,4,18676,GL洗衣机,GL,洗衣机,3200,4669,A,A企业,350200,2019,4,12
2019-12-11,深圳市,C001,9,32391,HE冰箱,HE,冰箱,1800,3599,C,C企业,440300,2019,4,12
2019-12-11,重庆市,A002,21,69279,GL电视,GL,电视,1500,3299,A,A企业,500000,2019,4,12
2019-12-11,苏州市,A003,18,84042,GL洗衣机,GL,洗衣机,3200,4669,A,A企业,320500,2019,4,12
2019-12-11,深圳市,A001,18,84042,GL冰箱,GL,冰箱,2200,4669,A,A企业,440300,2019,4,12
2019-12-11,成都市,A003,15,70035,GL洗衣机,GL,洗衣机,3200,4669,A,A企业,510100,2019,4,12
2019-12-11,深圳市,A002,12,39588,GL电视,GL,电视,1500,3299,A,A企业,440300,2019,4,12
2019-12-11,金华市,B002,27,97173,MD电视,MD,电视,2000,4299,B,B企业,330700,2019,4,12
2019-12-11,长沙市,B002,9,32391,MD电视,MD,电视,2000,4299,B,B企业,430100,2019,4,12
2019-12-11,长沙市,B001,21,88179,MD冰箱,MD,冰箱,2500,4199,B,B企业,430100,2019,4,12
2019-12-11,长沙市,A001,9,42021,GL冰箱,GL,冰箱,2200,4669,A,A企业,430100,2019,4,12
2019-12-11,厦门市,A002,18,59382,GL电视,GL,电视,1500,3299,A,A企业,350200,2019,4,12
2019-12-11,深圳市,B001,12,50388,MD冰箱,MD,冰箱,2500,4199,B,B企业,440300,2019,4,12
2019-12-11,厦门市,B002,18,64782,MD电视,MD,电视,2000,4299,B,B企业,350200,2019,4,12
2019-12-11,厦门市,B001,18,75582,MD冰箱,MD,冰箱,2500,4199,B,B企业,350200,2019,4,12
2019-12-11,成都市,B002,18,64782,MD电视,MD,电视,2000,4299,B,B企业,510100,2019,4,12
2019-12-11,苏州市,B001,6,25194,MD冰箱,MD,冰箱,2500,4199,B,B企业,320500,2019,4,12
2019-12-11,苏州市,A002,6,19794,GL电视,GL,电视,1500,3299,A,A企业,320500,2019,4,12
2019-12-11,成都市,B001,18,75582,MD冰箱,MD,冰箱,2500,4199,B,B企业,510100,2019,4,12
2019-12-11,长沙市,A002,21,69279,GL电视,GL,电视,1500,3299,A,A企业,430100,2019,4,12
2019-12-11,长沙市,C001,12,43188,HE冰箱,HE,冰箱,1800,3599,C,C企业,430100,2019,4,12
2019-12-11,上海市,B002,9,32391,MD电视,MD,电视,2000,4299,B,B企业,310000,2019,4,12
2019-12-11,重庆市,B001,18,75582,MD冰箱,MD,冰箱,2500,4199,B,B企业,500000,2019,4,12
2019-12-11,深圳市,B002,21,75579,MD电视,MD,电视,2000,4299,B,B企业,440300,2019,4,12
2019-12-11,重庆市,B002,24,86376,MD电视,MD,电视,2000,4299,B,B企业,500000,2019,4,12
2019-12-11,上海市,B001,21,88179,MD冰箱,MD,冰箱,2500,4199,B,B企业,310000,2019,4,12
2019-12-11,金华市,B001,12,50388,MD冰箱,MD,冰箱,2500,4199,B,B企业,330700,2019,4,12
2019-12-12,厦门市,B002,6,21594,MD电视,MD,电视,2000,4299,B,B企业,350200,2019,4,12
2019-12-12,金华市,B001,15,62985,MD冰箱,MD,冰箱,2500,4199,B,B企业,330700,2019,4,12
2019-12-12,深圳市,B001,18,75582,MD冰箱,MD,冰箱,2500,4199,B,B企业,440300,2019,4,12
2019-12-12,厦门市,B001,18,75582,MD冰箱,MD,冰箱,2500,4199,B,B企业,350200,2019,4,12
2019-12-12,深圳市,B002,18,64782,MD电视,MD,电视,2000,4299,B,B企业,440300,2019,4,12
2019-12-12,金华市,B002,21,75579,MD电视,MD,电视,2000,4299,B,B企业,330700,2019,4,12
2019-12-12,金华市,A001,15,70035,GL冰箱,GL,冰箱,2200,4669,A,A企业,330700,2019,4,12
2019-12-12,上海市,C001,9,32391,HE冰箱,HE,冰箱,1800,3599,C,C企业,310000,2019,4,12
2019-12-12,苏州市,B002,9,32391,MD电视,MD,电视,2000,4299,B,B企业,320500,2019,4,12
2019-12-12,重庆市,A001,18,84042,GL冰箱,GL,冰箱,2200,4669,A,A企业,500000,2019,4,12
2019-12-12,厦门市,C001,21,75579,HE冰箱,HE,冰箱,1800,3599,C,C企业,350200,2019,4,12
2019-12-12,成都市,B002,18,64782,MD电视,MD,电视,2000,4299,B,B企业,510100,2019,4,12
2019-12-12,深圳市,A001,12,56028,GL冰箱,GL,冰箱,2200,4669,A,A企业,440300,2019,4,12
2019-12-12,重庆市,B001,21,88179,MD冰箱,MD,冰箱,2500,4199,B,B企业,500000,2019,4,12
2019-12-12,厦门市,A002,6,19794,GL电视,GL,电视,1500,3299,A,A企业,350200,2019,4,12
2019-12-12,苏州市,A001,12,56028,GL冰箱,GL,冰箱,2200,4669,A,A企业,320500,2019,4,12
2019-12-12,厦门市,A001,6,28014,GL冰箱,GL,冰箱,2200,4669,A,A企业,350200,2019,4,12
2019-12-12,深圳市,A002,18,59382,GL电视,GL,电视,1500,3299,A,A企业,440300,2019,4,12
2019-12-12,苏州市,B001,27,113373,MD冰箱,MD,冰箱,2500,4199,B,B企业,320500,2019,4,12
2019-12-12,成都市,C003,15,70035,HE洗衣机,HE,洗衣机,2600,4699,C,C企业,510100,2019,4,12
2019-12-12,苏州市,C001,12,43188,HE冰箱,HE,冰箱,1800,3599,C,C企业,320500,2019,4,12
2019-12-12,上海市,B001,15,62985,MD冰箱,MD,冰箱,2500,4199,B,B企业,310000,2019,4,12
2019-12-12,苏州市,A002,15,49485,GL电视,GL,电视,1500,3299,A,A企业,320500,2019,4,12
2019-12-12,金华市,A002,12,39588,GL电视,GL,电视,1500,3299,A,A企业,330700,2019,4,12
2019-12-12,成都市,B001,18,75582,MD冰箱,MD,冰箱,2500,4199,B,B企业,510100,2019,4,12
2019-12-12,重庆市,A002,21,69279,GL电视,GL,电视,1500,3299,A,A企业,500000,2019,4,12
2019-12-12,金华市,A003,6,28014,GL洗衣机,GL,洗衣机,3200,4669,A,A企业,330700,2019,4,12
2019-12-12,成都市,A001,18,84042,GL冰箱,GL,冰箱,2200,4669,A,A企业,510100,2019,4,12
2019-12-12,长沙市,B001,24,100776,MD冰箱,MD,冰箱,2500,4199,B,B企业,430100,2019,4,12
2019-12-12,上海市,B002,18,64782,MD电视,MD,电视,2000,4299,B,B企业,310000,2019,4,12
2019-12-12,长沙市,B002,12,43188,MD电视,MD,电视,2000,4299,B,B企业,430100,2019,4,12
2019-12-12,金华市,C001,6,21594,HE冰箱,HE,冰箱,1800,3599,C,C企业,330700,2019,4,12
2019-12-12,上海市,A001,15,70035,GL冰箱,GL,冰箱,2200,4669,A,A企业,310000,2019,4,12
2019-12-12,重庆市,B002,18,64782,MD电视,MD,电视,2000,4299,B,B企业,500000,2019,4,12
2019-12-12,长沙市,A001,12,56028,GL冰箱,GL,冰箱,2200,4669,A,A企业,430100,2019,4,12
2019-12-12,长沙市,A002,18,59382,GL电视,GL,电视,1500,3299,A,A企业,430100,2019,4,12
2019-12-12,上海市,A002,18,59382,GL电视,GL,电视,1500,3299,A,A企业,310000,2019,4,12
2019-12-12,成都市,A002,21,69279,GL电视,GL,电视,1500,3299,A,A企业,510100,2019,4,12
2019-12-13,重庆市,A001,6,28014,GL冰箱,GL,冰箱,2200,4669,A,A企业,500000,2019,4,12
2019-12-13,深圳市,B001,9,37791,MD冰箱,MD,冰箱,2500,4199,B,B企业,440300,2019,4,12
2019-12-13,重庆市,B002,36,129564,MD电视,MD,电视,2000,4299,B,B企业,500000,2019,4,12
2019-12-13,金华市,B002,45,161955,MD电视,MD,电视,2000,4299,B,B企业,330700,2019,4,12
2019-12-13,成都市,B002,78,280722,MD电视,MD,电视,2000,4299,B,B企业,510100,2019,4,12
2019-12-13,苏州市,B001,20,83980,MD冰箱,MD,冰箱,2500,4199,B,B企业,320500,2019,4,12
2019-12-13,深圳市,B002,25,89975,MD电视,MD,电视,2000,4299,B,B企业,440300,2019,4,12
2019-12-13,上海市,A001,65,303485,GL冰箱,GL,冰箱,2200,4669,A,A企业,310000,2019,4,12
2019-12-13,金华市,B001,63,264537,MD冰箱,MD,冰箱,2500,4199,B,B企业,330700,2019,4,12
2019-12-13,苏州市,C001,85,305915,HE冰箱,HE,冰箱,1800,3599,C,C企业,320500,2019,4,12
2019-12-13,苏州市,A001,12,56028,GL冰箱,GL,冰箱,2200,4669,A,A企业,320500,2019,4,12
2019-12-13,上海市,B001,45,188955,MD冰箱,MD,冰箱,2500,4199,B,B企业,310000,2019,4,12
2019-12-13,金华市,A001,41,191429,GL冰箱,GL,冰箱,2200,4669,A,A企业,330700,2019,4,12
2019-12-13,厦门市,A001,46,214774,GL冰箱,GL,冰箱,2200,4669,A,A企业,350200,2019,4,12
2019-12-13,重庆市,B001,36,151164,MD冰箱,MD,冰箱,2500,4199,B,B企业,500000,2019,4,12
2019-12-13,苏州市,B002,69,248331,MD电视,MD,电视,2000,4299,B,B企业,320500,2019,4,12
2019-12-13,成都市,B001,25,104975,MD冰箱,MD,冰箱,2500,4199,B,B企业,510100,2019,4,12
2019-12-13,厦门市,C001,58,208742,HE冰箱,HE,冰箱,1800,3599,C,C企业,350200,2019,4,12
2019-12-13,成都市,A001,63,294147,GL冰箱,GL,冰箱,2200,4669,A,A企业,510100,2019,4,12
2019-12-13,厦门市,C003,36,168084,HE洗衣机,HE,洗衣机,2600,4699,C,C企业,350200,2019,4,12
2019-12-13,成都市,C001,6,21594,HE冰箱,HE,冰箱,1800,3599,C,C企业,510100,2019,4,12
2019-12-13,金华市,C001,2,7198,HE冰箱,HE,冰箱,1800,3599,C,C企业,330700,2019,4,12
2019-12-13,深圳市,C001,18,64782,HE冰箱,HE,冰箱,1800,3599,C,C企业,440300,2019,4,12
2019-12-13,厦门市,B002,24,86376,MD电视,MD,电视,2000,4299,B,B企业,350200,2019,4,12
2019-12-13,重庆市,C001,18,64782,HE冰箱,HE,冰箱,1800,3599,C,C企业,500000,2019,4,12
2019-12-13,深圳市,A001,12,56028,GL冰箱,GL,冰箱,2200,4669,A,A企业,440300,2019,4,12
2019-12-13,厦门市,B001,6,25194,MD冰箱,MD,冰箱,2500,4199,B,B企业,350200,2019,4,12
2019-12-13,上海市,C001,15,53985,HE冰箱,HE,冰箱,1800,3599,C,C企业,310000,2019,4,12
2019-12-13,重庆市,C003,18,84042,HE洗衣机,HE,洗衣机,2600,4699,C,C企业,500000,2019,4,12
2019-12-14,苏州市,A001,12,56028,GL冰箱,GL,冰箱,2200,4669,A,A企业,320500,2019,4,12
2019-12-14,深圳市,B001,18,75582,MD冰箱,MD,冰箱,2500,4199,B,B企业,440300,2019,4,12
2019-12-14,金华市,C001,18,64782,HE冰箱,HE,冰箱,1800,3599,C,C企业,330700,2019,4,12
2019-12-14,厦门市,A001,21,98049,GL冰箱,GL,冰箱,2200,4669,A,A企业,350200,2019,4,12
2019-12-14,金华市,B001,6,25194,MD冰箱,MD,冰箱,2500,4199,B,B企业,330700,2019,4,12
2019-12-14,深圳市,B002,9,32391,MD电视,MD,电视,2000,4299,B,B企业,440300,2019,4,12
2019-12-14,重庆市,A001,36,168084,GL冰箱,GL,冰箱,2200,4669,A,A企业,500000,2019,4,12
2019-12-14,重庆市,B001,45,188955,MD冰箱,MD,冰箱,2500,4199,B,B企业,500000,2019,4,12
2019-12-14,苏州市,B002,78,280722,MD电视,MD,电视,2000,4299,B,B企业,320500,2019,4,12
2019-12-14,重庆市,B002,20,71980,MD电视,MD,电视,2000,4299,B,B企业,500000,2019,4,12
2019-12-14,成都市,B001,25,104975,MD冰箱,MD,冰箱,2500,4199,B,B企业,510100,2019,4,12
2019-12-14,长沙市,A001,65,303485,GL冰箱,GL,冰箱,2200,4669,A,A企业,430100,2019,4,12
2019-12-14,深圳市,C001,63,226737,HE冰箱,HE,冰箱,1800,3599,C,C企业,440300,2019,4,12
2019-12-14,深圳市,A002,85,280415,GL电视,GL,电视,1500,3299,A,A企业,440300,2019,4,12
2019-12-14,长沙市,B002,12,43188,MD电视,MD,电视,2000,4299,B,B企业,430100,2019,4,12
2019-12-14,苏州市,B001,45,188955,MD冰箱,MD,冰箱,2500,4199,B,B企业,320500,2019,4,12
2019-12-14,金华市,A001,41,191429,GL冰箱,GL,冰箱,2200,4669,A,A企业,330700,2019,4,12
2019-12-14,上海市,B002,46,165554,MD电视,MD,电视,2000,4299,B,B企业,310000,2019,4,12
2019-12-14,上海市,A001,36,168084,GL冰箱,GL,冰箱,2200,4669,A,A企业,310000,2019,4,12
2019-12-14,上海市,B001,69,289731,MD冰箱,MD,冰箱,2500,4199,B,B企业,310000,2019,4,12
2019-12-14,长沙市,A002,25,82475,GL电视,GL,电视,1500,3299,A,A企业,430100,2019,4,12
2019-12-14,厦门市,B001,58,243542,MD冰箱,MD,冰箱,2500,4199,B,B企业,350200,2019,4,12
2019-12-14,金华市,A002,63,207837,GL电视,GL,电视,1500,3299,A,A企业,330700,2019,4,12
2019-12-14,苏州市,C001,36,129564,HE冰箱,HE,冰箱,1800,3599,C,C企业,320500,2019,4,12
2019-12-14,长沙市,C001,6,21594,HE冰箱,HE,冰箱,1800,3599,C,C企业,430100,2019,4,12
2019-12-14,深圳市,A001,2,9338,GL冰箱,GL,冰箱,2200,4669,A,A企业,440300,2019,4,12
2019-12-14,上海市,C001,9,32391,HE冰箱,HE,冰箱,1800,3599,C,C企业,310000,2019,4,12
2019-12-14,长沙市,B001,18,75582,MD冰箱,MD,冰箱,2500,4199,B,B企业,430100,2019,4,12
2019-12-14,金华市,B002,24,86376,MD电视,MD,电视,2000,4299,B,B企业,330700,2019,4,12
2019-12-14,厦门市,A002,18,59382,GL电视,GL,电视,1500,3299,A,A企业,350200,2019,4,12
2019-12-14,成都市,A002,12,39588,GL电视,GL,电视,1500,3299,A,A企业,510100,2019,4,12
2019-12-15,苏州市,A001,6,28014,GL冰箱,GL,冰箱,2200,4669,A,A企业,320500,2019,4,12
2019-12-15,成都市,A002,15,49485,GL电视,GL,电视,1500,3299,A,A企业,510100,2019,4,12
2019-12-15,厦门市,A002,18,59382,GL电视,GL,电视,1500,3299,A,A企业,350200,2019,4,12
2019-12-15,厦门市,B001,12,50388,MD冰箱,MD,冰箱,2500,4199,B,B企业,350200,2019,4,12
2019-12-15,成都市,B002,18,64782,MD电视,MD,电视,2000,4299,B,B企业,510100,2019,4,12
2019-12-15,深圳市,A001,18,84042,GL冰箱,GL,冰箱,2200,4669,A,A企业,440300,2019,4,12
2019-12-15,重庆市,A001,21,98049,GL冰箱,GL,冰箱,2200,4669,A,A企业,500000,2019,4,12
2019-12-15,金华市,B001,6,25194,MD冰箱,MD,冰箱,2500,4199,B,B企业,330700,2019,4,12
2019-12-15,苏州市,B001,9,37791,MD冰箱,MD,冰箱,2500,4199,B,B企业,320500,2019,4,12
2019-12-15,金华市,A001,36,168084,GL冰箱,GL,冰箱,2200,4669,A,A企业,330700,2019,4,12
2019-12-15,深圳市,B001,45,188955,MD冰箱,MD,冰箱,2500,4199,B,B企业,440300,2019,4,12
2019-12-15,重庆市,A002,78,257322,GL电视,GL,电视,1500,3299,A,A企业,500000,2019,4,12
2019-12-15,厦门市,A001,20,93380,GL冰箱,GL,冰箱,2200,4669,A,A企业,350200,2019,4,12
2019-12-15,金华市,B002,25,89975,MD电视,MD,电视,2000,4299,B,B企业,330700,2019,4,12
2019-12-15,深圳市,B002,65,233935,MD电视,MD,电视,2000,4299,B,B企业,440300,2019,4,12
2019-12-15,苏州市,B002,63,226737,MD电视,MD,电视,2000,4299,B,B企业,320500,2019,4,12
2019-12-15,成都市,A001,85,396865,GL冰箱,GL,冰箱,2200,4669,A,A企业,510100,2019,4,12
2019-12-15,厦门市,B002,12,43188,MD电视,MD,电视,2000,4299,B,B企业,350200,2019,4,12
2019-12-15,重庆市,B001,45,188955,MD冰箱,MD,冰箱,2500,4199,B,B企业,500000,2019,4,12
2019-12-15,成都市,B001,41,172159,MD冰箱,MD,冰箱,2500,4199,B,B企业,510100,2019,4,12
2019-12-15,重庆市,B002,46,165554,MD电视,MD,电视,2000,4299,B,B企业,500000,2019,4,12
2019-12-15,金华市,C001,36,129564,HE冰箱,HE,冰箱,1800,3599,C,C企业,330700,2019,4,12
2019-12-15,厦门市,C001,69,248331,HE冰箱,HE,冰箱,1800,3599,C,C企业,350200,2019,4,12
2019-12-15,上海市,A001,25,116725,GL冰箱,GL,冰箱,2200,4669,A,A企业,310000,2019,4,12
2019-12-15,厦门市,C003,58,270802,HE洗衣机,HE,洗衣机,2600,4699,C,C企业,350200,2019,4,12
2019-12-16,苏州市,B001,63,264537,MD冰箱,MD,冰箱,2500,4199,B,B企业,320500,2019,4,12
2019-12-16,重庆市,B001,36,151164,MD冰箱,MD,冰箱,2500,4199,B,B企业,500000,2019,4,12
2019-12-16,成都市,C003,6,28014,HE洗衣机,HE,洗衣机,2600,4699,C,C企业,510100,2019,4,12
2019-12-16,苏州市,C001,5,17995,HE冰箱,HE,冰箱,1800,3599,C,C企业,320500,2019,4,12
2019-12-16,上海市,A001,2,9338,GL冰箱,GL,冰箱,2200,4669,A,A企业,310000,2019,4,12
2019-12-16,深圳市,B002,4,14396,MD电视,MD,电视,2000,4299,B,B企业,440300,2019,4,12
2019-12-16,金华市,B001,5,20995,MD冰箱,MD,冰箱,2500,4199,B,B企业,330700,2019,4,12
2019-12-16,金华市,B002,6,21594,MD电视,MD,电视,2000,4299,B,B企业,330700,2019,4,12
2019-12-16,金华市,A003,9,42021,GL洗衣机,GL,洗衣机,3200,4669,A,A企业,330700,2019,4,12
2019-12-16,金华市,A001,6,28014,GL冰箱,GL,冰箱,2200,4669,A,A企业,330700,2019,4,12
2019-12-16,深圳市,A001,8,37352,GL冰箱,GL,冰箱,2200,4669,A,A企业,440300,2019,4,12
2019-12-16,成都市,A001,8,37352,GL冰箱,GL,冰箱,2200,4669,A,A企业,510100,2019,4,12
2019-12-16,苏州市,B002,4,14396,MD电视,MD,电视,2000,4299,B,B企业,320500,2019,4,12
2019-12-16,厦门市,B001,7,29393,MD冰箱,MD,冰箱,2500,4199,B,B企业,350200,2019,4,12
2019-12-16,重庆市,A001,4,18676,GL冰箱,GL,冰箱,2200,4669,A,A企业,500000,2019,4,12
2019-12-16,成都市,B002,8,28792,MD电视,MD,电视,2000,4299,B,B企业,510100,2019,4,12
2019-12-16,金华市,C001,6,21594,HE冰箱,HE,冰箱,1800,3599,C,C企业,330700,2019,4,12
2019-12-16,上海市,B002,6,21594,MD电视,MD,电视,2000,4299,B,B企业,310000,2019,4,12
2019-12-16,上海市,C001,4,14396,HE冰箱,HE,冰箱,1800,3599,C,C企业,310000,2019,4,12
2019-12-16,长沙市,B001,7,29393,MD冰箱,MD,冰箱,2500,4199,B,B企业,430100,2019,4,12
2019-12-16,厦门市,A001,4,18676,GL冰箱,GL,冰箱,2200,4669,A,A企业,350200,2019,4,12
2019-12-16,重庆市,B002,9,32391,MD电视,MD,电视,2000,4299,B,B企业,500000,2019,4,12
2019-12-16,深圳市,B001,9,37791,MD冰箱,MD,冰箱,2500,4199,B,B企业,440300,2019,4,12
2019-12-16,苏州市,A001,4,18676,GL冰箱,GL,冰箱,2200,4669,A,A企业,320500,2019,4,12
2019-12-16,长沙市,B002,4,14396,MD电视,MD,电视,2000,4299,B,B企业,430100,2019,4,12
2019-12-16,长沙市,A001,2,9338,GL冰箱,GL,冰箱,2200,4669,A,A企业,430100,2019,4,12
2019-12-16,金华市,B003,6,34194,MD洗衣机,MD,洗衣机,3100,5699,B,B企业,330700,2019,4,12
2019-12-16,重庆市,B003,3,17097,MD洗衣机,MD,洗衣机,3100,5699,B,B企业,500000,2019,4,12
2019-12-16,上海市,B003,4,22796,MD洗衣机,MD,洗衣机,3100,5699,B,B企业,310000,2019,4,12
2019-12-16,厦门市,B003,18,102582,MD洗衣机,MD,洗衣机,3100,5699,B,B企业,350200,2019,4,12
2019-12-16,重庆市,A003,24,112056,GL洗衣机,GL,洗衣机,3200,4669,A,A企业,500000,2019,4,12
2019-12-16,厦门市,A003,18,84042,GL洗衣机,GL,洗衣机,3200,4669,A,A企业,350200,2019,4,12
2019-12-16,苏州市,A002,12,39588,GL电视,GL,电视,1500,3299,A,A企业,320500,2019,4,12
2019-12-16,重庆市,C001,6,21594,HE冰箱,HE,冰箱,1800,3599,C,C企业,500000,2019,4,12
2019-12-16,成都市,C001,15,53985,HE冰箱,HE,冰箱,1800,3599,C,C企业,510100,2019,4,12
2019-12-16,长沙市,A002,18,59382,GL电视,GL,电视,1500,3299,A,A企业,430100,2019,4,12
2019-12-16,成都市,A003,12,56028,GL洗衣机,GL,洗衣机,3200,4669,A,A企业,510100,2019,4,12
2019-12-16,成都市,B001,18,75582,MD冰箱,MD,冰箱,2500,4199,B,B企业,510100,2019,4,12
2019-12-16,金华市,C003,18,84042,HE洗衣机,HE,洗衣机,2600,4699,C,C企业,330700,2019,4,12
2019-12-16,深圳市,A002,21,69279,GL电视,GL,电视,1500,3299,A,A企业,440300,2019,4,12
2019-12-16,厦门市,A002,6,19794,GL电视,GL,电视,1500,3299,A,A企业,350200,2019,4,12
2019-12-16,重庆市,A002,9,29691,GL电视,GL,电视,1500,3299,A,A企业,500000,2019,4,12
2019-12-17,深圳市,C001,36,129564,HE冰箱,HE,冰箱,1800,3599,C,C企业,440300,2019,4,12
2019-12-17,厦门市,B003,45,256455,MD洗衣机,MD,洗衣机,3100,5699,B,B企业,350200,2019,4,12
2019-12-17,深圳市,A001,78,364182,GL冰箱,GL,冰箱,2200,4669,A,A企业,440300,2019,4,12
2019-12-17,成都市,A002,20,65980,GL电视,GL,电视,1500,3299,A,A企业,510100,2019,4,12
2019-12-17,厦门市,A002,25,82475,GL电视,GL,电视,1500,3299,A,A企业,350200,2019,4,12
2019-12-17,金华市,A001,65,303485,GL冰箱,GL,冰箱,2200,4669,A,A企业,330700,2019,4,12
2019-12-17,长沙市,B003,63,359037,MD洗衣机,MD,洗衣机,3100,5699,B,B企业,430100,2019,4,12
2019-12-17,苏州市,A001,85,396865,GL冰箱,GL,冰箱,2200,4669,A,A企业,320500,2019,4,12
2019-12-17,苏州市,B003,12,68388,MD洗衣机,MD,洗衣机,3100,5699,B,B企业,320500,2019,4,12
2019-12-17,重庆市,A002,45,148455,GL电视,GL,电视,1500,3299,A,A企业,500000,2019,4,12
2019-12-17,重庆市,B003,41,233659,MD洗衣机,MD,洗衣机,3100,5699,B,B企业,500000,2019,4,12
2019-12-17,深圳市,A003,46,214774,GL洗衣机,GL,洗衣机,3200,4669,A,A企业,440300,2019,4,12
2019-12-17,上海市,A003,36,168084,GL洗衣机,GL,洗衣机,3200,4669,A,A企业,310000,2019,4,12
2019-12-17,重庆市,A003,69,322161,GL洗衣机,GL,洗衣机,3200,4669,A,A企业,500000,2019,4,12
2019-12-17,长沙市,A002,25,82475,GL电视,GL,电视,1500,3299,A,A企业,430100,2019,4,12
2019-12-17,厦门市,A003,58,270802,GL洗衣机,GL,洗衣机,3200,4669,A,A企业,350200,2019,4,12
2019-12-17,重庆市,B002,63,226737,MD电视,MD,电视,2000,4299,B,B企业,500000,2019,4,12
2019-12-17,苏州市,C001,36,129564,HE冰箱,HE,冰箱,1800,3599,C,C企业,320500,2019,4,12
2019-12-17,深圳市,B003,6,34194,MD洗衣机,MD,洗衣机,3100,5699,B,B企业,440300,2019,4,12
2019-12-17,重庆市,A001,5,23345,GL冰箱,GL,冰箱,2200,4669,A,A企业,500000,2019,4,12
2019-12-17,厦门市,C003,4,18676,HE洗衣机,HE,洗衣机,2600,4699,C,C企业,350200,2019,4,12
2019-12-17,上海市,B003,5,28495,MD洗衣机,MD,洗衣机,3100,5699,B,B企业,310000,2019,4,12
2019-12-17,苏州市,B002,6,21594,MD电视,MD,电视,2000,4299,B,B企业,320500,2019,4,12
2019-12-17,成都市,C001,4,14396,HE冰箱,HE,冰箱,1800,3599,C,C企业,510100,2019,4,12
2019-12-17,长沙市,B002,6,21594,MD电视,MD,电视,2000,4299,B,B企业,430100,2019,4,12
2019-12-17,厦门市,C001,4,14396,HE冰箱,HE,冰箱,1800,3599,C,C企业,350200,2019,4,12
2019-12-17,成都市,B003,2,11398,MD洗衣机,MD,洗衣机,3100,5699,B,B企业,510100,2019,4,12
2019-12-17,深圳市,B002,5,17995,MD电视,MD,电视,2000,4299,B,B企业,440300,2019,4,12
2019-12-17,长沙市,A001,5,23345,GL冰箱,GL,冰箱,2200,4669,A,A企业,430100,2019,4,12
2019-12-17,厦门市,A001,9,42021,GL冰箱,GL,冰箱,2200,4669,A,A企业,350200,2019,4,12
2019-12-17,金华市,C001,2,7198,HE冰箱,HE,冰箱,1800,3599,C,C企业,330700,2019,4,12
2019-12-17,长沙市,C001,4,14396,HE冰箱,HE,冰箱,1800,3599,C,C企业,430100,2019,4,12
2019-12-17,深圳市,A002,5,16495,GL电视,GL,电视,1500,3299,A,A企业,440300,2019,4,12
2019-12-17,苏州市,A002,5,16495,GL电视,GL,电视,1500,3299,A,A企业,320500,2019,4,12
2019-12-17,成都市,A001,3,14007,GL冰箱,GL,冰箱,2200,4669,A,A企业,510100,2019,4,12
2019-12-17,金华市,B003,4,22796,MD洗衣机,MD,洗衣机,3100,5699,B,B企业,330700,2019,4,12
2019-12-17,成都市,B002,5,17995,MD电视,MD,电视,2000,4299,B,B企业,510100,2019,4,12
2019-12-17,金华市,A002,7,23093,GL电视,GL,电视,1500,3299,A,A企业,330700,2019,4,12
2019-12-17,上海市,B002,18,64782,MD电视,MD,电视,2000,4299,B,B企业,310000,2019,4,12
2019-12-17,厦门市,B002,24,86376,MD电视,MD,电视,2000,4299,B,B企业,350200,2019,4,12
2019-12-17,长沙市,A003,18,84042,GL洗衣机,GL,洗衣机,3200,4669,A,A企业,430100,2019,4,12
2019-12-17,金华市,A003,12,56028,GL洗衣机,GL,洗衣机,3200,4669,A,A企业,330700,2019,4,12
2019-12-17,上海市,A001,6,28014,GL冰箱,GL,冰箱,2200,4669,A,A企业,310000,2019,4,12
2019-12-17,重庆市,B001,15,62985,MD冰箱,MD,冰箱,2500,4199,B,B企业,500000,2019,4,12
2019-12-17,金华市,B002,18,64782,MD电视,MD,电视,2000,4299,B,B企业,330700,2019,4,12
2019-12-17,上海市,C001,12,43188,HE冰箱,HE,冰箱,1800,3599,C,C企业,310000,2019,4,12
2019-12-18,上海市,B003,18,102582,MD洗衣机,MD,洗衣机,3100,5699,B,B企业,310000,2019,4,12
2019-12-18,苏州市,A001,18,84042,GL冰箱,GL,冰箱,2200,4669,A,A企业,320500,2019,4,12
2019-12-18,厦门市,C001,21,75579,HE冰箱,HE,冰箱,1800,3599,C,C企业,350200,2019,4,12
2019-12-18,厦门市,A001,6,28014,GL冰箱,GL,冰箱,2200,4669,A,A企业,350200,2019,4,12
2019-12-18,苏州市,B002,9,32391,MD电视,MD,电视,2000,4299,B,B企业,320500,2019,4,12
2019-12-18,成都市,B003,36,205164,MD洗衣机,MD,洗衣机,3100,5699,B,B企业,510100,2019,4,12
2019-12-18,深圳市,C003,45,210105,HE洗衣机,HE,洗衣机,2600,4699,C,C企业,440300,2019,4,12
2019-12-18,深圳市,B003,78,444522,MD洗衣机,MD,洗衣机,3100,5699,B,B企业,440300,2019,4,12
2019-12-18,重庆市,B001,20,83980,MD冰箱,MD,冰箱,2500,4199,B,B企业,500000,2019,4,12
2019-12-18,金华市,A001,25,116725,GL冰箱,GL,冰箱,2200,4669,A,A企业,330700,2019,4,12
2019-12-18,金华市,B002,65,233935,MD电视,MD,电视,2000,4299,B,B企业,330700,2019,4,12
2019-12-18,重庆市,B003,63,359037,MD洗衣机,MD,洗衣机,3100,5699,B,B企业,500000,2019,4,12
2019-12-18,成都市,A001,85,396865,GL冰箱,GL,冰箱,2200,4669,A,A企业,510100,2019,4,12
2019-12-18,厦门市,A003,12,56028,GL洗衣机,GL,洗衣机,3200,4669,A,A企业,350200,2019,4,12
2019-12-18,金华市,C001,45,161955,HE冰箱,HE,冰箱,1800,3599,C,C企业,330700,2019,4,12
2019-12-18,深圳市,A001,41,191429,GL冰箱,GL,冰箱,2200,4669,A,A企业,440300,2019,4,12
2019-12-18,厦门市,B002,46,165554,MD电视,MD,电视,2000,4299,B,B企业,350200,2019,4,12
2019-12-18,深圳市,C001,36,129564,HE冰箱,HE,冰箱,1800,3599,C,C企业,440300,2019,4,12
2019-12-18,重庆市,A001,69,322161,GL冰箱,GL,冰箱,2200,4669,A,A企业,500000,2019,4,12
2019-12-18,重庆市,B002,25,89975,MD电视,MD,电视,2000,4299,B,B企业,500000,2019,4,12
2019-12-18,金华市,A003,58,270802,GL洗衣机,GL,洗衣机,3200,4669,A,A企业,330700,2019,4,12
2019-12-18,深圳市,A003,63,294147,GL洗衣机,GL,洗衣机,3200,4669,A,A企业,440300,2019,4,12
2019-12-18,重庆市,C001,36,129564,HE冰箱,HE,冰箱,1800,3599,C,C企业,500000,2019,4,12
2019-12-18,成都市,A003,6,28014,GL洗衣机,GL,洗衣机,3200,4669,A,A企业,510100,2019,4,12
2019-12-18,厦门市,A002,6,19794,GL电视,GL,电视,1500,3299,A,A企业,350200,2019,4,12
2019-12-18,厦门市,B003,6,34194,MD洗衣机,MD,洗衣机,3100,5699,B,B企业,350200,2019,4,12
2019-12-18,金华市,A002,5,16495,GL电视,GL,电视,1500,3299,A,A企业,330700,2019,4,12
2019-12-18,成都市,B002,6,21594,MD电视,MD,电视,2000,4299,B,B企业,510100,2019,4,12
2019-12-18,重庆市,A002,3,9897,GL电视,GL,电视,1500,3299,A,A企业,500000,2019,4,12
2019-12-18,苏州市,C001,3,10797,HE冰箱,HE,冰箱,1800,3599,C,C企业,320500,2019,4,12
2019-12-18,苏州市,A003,3,14007,GL洗衣机,GL,洗衣机,3200,4669,A,A企业,320500,2019,4,12
2019-12-18,金华市,B001,3,12597,MD冰箱,MD,冰箱,2500,4199,B,B企业,330700,2019,4,12
2019-12-18,厦门市,B001,4,16796,MD冰箱,MD,冰箱,2500,4199,B,B企业,350200,2019,4,12
2019-12-18,苏州市,A002,6,19794,GL电视,GL,电视,1500,3299,A,A企业,320500,2019,4,12
2019-12-18,金华市,B003,2,11398,MD洗衣机,MD,洗衣机,3100,5699,B,B企业,330700,2019,4,12
2019-12-18,上海市,A001,7,32683,GL冰箱,GL,冰箱,2200,4669,A,A企业,310000,2019,4,12
2019-12-18,深圳市,A002,4,13196,GL电视,GL,电视,1500,3299,A,A企业,440300,2019,4,12
2019-12-18,长沙市,B003,6,34194,MD洗衣机,MD,洗衣机,3100,5699,B,B企业,430100,2019,4,12
2019-12-18,苏州市,B003,4,22796,MD洗衣机,MD,洗衣机,3100,5699,B,B企业,320500,2019,4,12
2019-12-18,长沙市,A002,9,29691,GL电视,GL,电视,1500,3299,A,A企业,430100,2019,4,12
2019-12-18,上海市,C001,4,14396,HE冰箱,HE,冰箱,1800,3599,C,C企业,310000,2019,4,12
2019-12-18,长沙市,A003,3,14007,GL洗衣机,GL,洗衣机,3200,4669,A,A企业,430100,2019,4,12
2019-12-18,上海市,A003,18,84042,GL洗衣机,GL,洗衣机,3200,4669,A,A企业,310000,2019,4,12
2019-12-18,长沙市,B002,24,86376,MD电视,MD,电视,2000,4299,B,B企业,430100,2019,4,12
2019-12-18,长沙市,A001,18,84042,GL冰箱,GL,冰箱,2200,4669,A,A企业,430100,2019,4,12
2019-12-18,成都市,C001,12,43188,HE冰箱,HE,冰箱,1800,3599,C,C企业,510100,2019,4,12
2019-12-18,金华市,C003,6,28014,HE洗衣机,HE,洗衣机,2600,4699,C,C企业,330700,2019,4,12
2019-12-18,上海市,B002,15,53985,MD电视,MD,电视,2000,4299,B,B企业,310000,2019,4,12
2019-12-19,厦门市,B002,18,64782,MD电视,MD,电视,2000,4299,B,B企业,350200,2019,4,12
2019-12-19,重庆市,B002,12,43188,MD电视,MD,电视,2000,4299,B,B企业,500000,2019,4,12
2019-12-19,厦门市,C001,18,64782,HE冰箱,HE,冰箱,1800,3599,C,C企业,350200,2019,4,12
2019-12-19,重庆市,A001,18,84042,GL冰箱,GL,冰箱,2200,4669,A,A企业,500000,2019,4,12
2019-12-19,长沙市,A003,21,98049,GL洗衣机,GL,洗衣机,3200,4669,A,A企业,430100,2019,4,12
2019-12-19,成都市,B002,6,21594,MD电视,MD,电视,2000,4299,B,B企业,510100,2019,4,12
2019-12-19,金华市,B002,9,32391,MD电视,MD,电视,2000,4299,B,B企业,330700,2019,4,12
2019-12-19,长沙市,A001,36,168084,GL冰箱,GL,冰箱,2200,4669,A,A企业,430100,2019,4,12
2019-12-19,深圳市,A003,45,210105,GL洗衣机,GL,洗衣机,3200,4669,A,A企业,440300,2019,4,12
2019-12-19,成都市,A003,78,364182,GL洗衣机,GL,洗衣机,3200,4669,A,A企业,510100,2019,4,12
2019-12-19,长沙市,B002,20,71980,MD电视,MD,电视,2000,4299,B,B企业,430100,2019,4,12
2019-12-19,厦门市,A003,25,116725,GL洗衣机,GL,洗衣机,3200,4669,A,A企业,350200,2019,4,12
2019-12-19,金华市,A001,65,303485,GL冰箱,GL,冰箱,2200,4669,A,A企业,330700,2019,4,12
2019-12-19,厦门市,B003,63,359037,MD洗衣机,MD,洗衣机,3100,5699,B,B企业,350200,2019,4,12
2019-12-19,金华市,C001,85,305915,HE冰箱,HE,冰箱,1800,3599,C,C企业,330700,2019,4,12
2019-12-19,深圳市,A001,12,56028,GL冰箱,GL,冰箱,2200,4669,A,A企业,440300,2019,4,12
2019-12-19,成都市,B003,45,256455,MD洗衣机,MD,洗衣机,3100,5699,B,B企业,510100,2019,4,12
2019-12-19,长沙市,C001,41,147559,HE冰箱,HE,冰箱,1800,3599,C,C企业,430100,2019,4,12
2019-12-19,深圳市,B003,46,262154,MD洗衣机,MD,洗衣机,3100,5699,B,B企业,440300,2019,4,12
2019-12-19,成都市,A002,36,118764,GL电视,GL,电视,1500,3299,A,A企业,510100,2019,4,12
2019-12-19,金华市,A002,69,227631,GL电视,GL,电视,1500,3299,A,A企业,330700,2019,4,12
2019-12-19,苏州市,B003,25,142475,MD洗衣机,MD,洗衣机,3100,5699,B,B企业,320500,2019,4,12
2019-12-19,上海市,A002,58,191342,GL电视,GL,电视,1500,3299,A,A企业,310000,2019,4,12
2019-12-19,苏州市,A001,63,294147,GL冰箱,GL,冰箱,2200,4669,A,A企业,320500,2019,4,12
2019-12-19,金华市,B003,36,205164,MD洗衣机,MD,洗衣机,3100,5699,B,B企业,330700,2019,4,12
2019-12-19,厦门市,A001,6,28014,GL冰箱,GL,冰箱,2200,4669,A,A企业,350200,2019,4,12
2019-12-19,厦门市,B001,3,12597,MD冰箱,MD,冰箱,2500,4199,B,B企业,350200,2019,4,12
2019-12-19,深圳市,C001,7,25193,HE冰箱,HE,冰箱,1800,3599,C,C企业,440300,2019,4,12
2019-12-19,重庆市,B003,5,28495,MD洗衣机,MD,洗衣机,3100,5699,B,B企业,500000,2019,4,12
2019-12-19,苏州市,B002,7,25193,MD电视,MD,电视,2000,4299,B,B企业,320500,2019,4,12
2019-12-19,成都市,A001,5,23345,GL冰箱,GL,冰箱,2200,4669,A,A企业,510100,2019,4,12
2019-12-19,重庆市,B001,4,16796,MD冰箱,MD,冰箱,2500,4199,B,B企业,500000,2019,4,12
2019-12-19,重庆市,C001,6,21594,HE冰箱,HE,冰箱,1800,3599,C,C企业,500000,2019,4,12
2019-12-19,重庆市,A002,2,6598,GL电视,GL,电视,1500,3299,A,A企业,500000,2019,4,12
2019-12-19,成都市,C001,8,28792,HE冰箱,HE,冰箱,1800,3599,C,C企业,510100,2019,4,12
2019-12-19,重庆市,A003,5,23345,GL洗衣机,GL,洗衣机,3200,4669,A,A企业,500000,2019,4,12
2019-12-19,金华市,A003,8,37352,GL洗衣机,GL,洗衣机,3200,4669,A,A企业,330700,2019,4,12
2019-12-19,厦门市,A002,6,19794,GL电视,GL,电视,1500,3299,A,A企业,350200,2019,4,12
2019-12-19,上海市,A003,7,32683,GL洗衣机,GL,洗衣机,3200,4669,A,A企业,310000,2019,4,12
2019-12-19,深圳市,B002,3,10797,MD电视,MD,电视,2000,4299,B,B企业,440300,2019,4,12
2019-12-19,上海市,B002,6,21594,MD电视,MD,电视,2000,4299,B,B企业,310000,2019,4,12
2019-12-19,金华市,B001,5,20995,MD冰箱,MD,冰箱,2500,4199,B,B企业,330700,2019,4,12
2019-12-19,苏州市,B001,6,25194,MD冰箱,MD,冰箱,2500,4199,B,B企业,320500,2019,4,12
2019-12-19,上海市,A001,6,28014,GL冰箱,GL,冰箱,2200,4669,A,A企业,310000,2019,4,12
2019-12-19,上海市,B001,4,16796,MD冰箱,MD,冰箱,2500,4199,B,B企业,310000,2019,4,12
2019-12-20,重庆市,A001,4,18676,GL冰箱,GL,冰箱,2200,4669,A,A企业,500000,2019,4,12
2019-12-20,苏州市,B002,5,17995,MD电视,MD,电视,2000,4299,B,B企业,320500,2019,4,12
2019-12-20,金华市,B001,8,33592,MD冰箱,MD,冰箱,2500,4199,B,B企业,330700,2019,4,12
2019-12-20,重庆市,B001,5,20995,MD冰箱,MD,冰箱,2500,4199,B,B企业,500000,2019,4,12
2019-12-20,重庆市,B002,6,21594,MD电视,MD,电视,2000,4299,B,B企业,500000,2019,4,12
2019-12-20,厦门市,A001,6,28014,GL冰箱,GL,冰箱,2200,4669,A,A企业,350200,2019,4,12
2019-12-20,上海市,B001,2,8398,MD冰箱,MD,冰箱,2500,4199,B,B企业,310000,2019,4,12
2019-12-20,深圳市,A001,7,32683,GL冰箱,GL,冰箱,2200,4669,A,A企业,440300,2019,4,12
2019-12-20,深圳市,B001,5,20995,MD冰箱,MD,冰箱,2500,4199,B,B企业,440300,2019,4,12
2019-12-20,金华市,A001,5,23345,GL冰箱,GL,冰箱,2200,4669,A,A企业,330700,2019,4,12
2019-12-20,厦门市,B002,2,7198,MD电视,MD,电视,2000,4299,B,B企业,350200,2019,4,12
2019-12-20,深圳市,B002,8,28792,MD电视,MD,电视,2000,4299,B,B企业,440300,2019,4,12
2019-12-20,金华市,B002,7,25193,MD电视,MD,电视,2000,4299,B,B企业,330700,2019,4,12
2019-12-20,苏州市,B001,3,12597,MD冰箱,MD,冰箱,2500,4199,B,B企业,320500,2019,4,12
2019-12-20,厦门市,B001,6,25194,MD冰箱,MD,冰箱,2500,4199,B,B企业,350200,2019,4,12
2019-12-20,长沙市,B001,8,33592,MD冰箱,MD,冰箱,2500,4199,B,B企业,430100,2019,4,12
2019-12-20,长沙市,A001,5,23345,GL冰箱,GL,冰箱,2200,4669,A,A企业,430100,2019,4,12
2019-12-20,厦门市,A002,5,16495,GL电视,GL,电视,1500,3299,A,A企业,350200,2019,4,12
2019-12-20,深圳市,A003,5,23345,GL洗衣机,GL,洗衣机,3200,4669,A,A企业,440300,2019,4,12
2019-12-20,苏州市,A001,5,23345,GL冰箱,GL,冰箱,2200,4669,A,A企业,320500,2019,4,12
2019-12-20,长沙市,B002,4,14396,MD电视,MD,电视,2000,4299,B,B企业,430100,2019,4,12
2019-12-20,重庆市,A002,7,23093,GL电视,GL,电视,1500,3299,A,A企业,500000,2019,4,12
2019-12-20,金华市,A002,7,23093,GL电视,GL,电视,1500,3299,A,A企业,330700,2019,4,12
2019-12-20,长沙市,A002,5,16495,GL电视,GL,电视,1500,3299,A,A企业,430100,2019,4,12
2019-12-20,成都市,B001,9,37791,MD冰箱,MD,冰箱,2500,4199,B,B企业,510100,2019,4,12
2019-12-20,深圳市,A002,5,16495,GL电视,GL,电视,1500,3299,A,A企业,440300,2019,4,12
2019-12-20,苏州市,A002,5,16495,GL电视,GL,电视,1500,3299,A,A企业,320500,2019,4,12
2019-12-20,成都市,A001,4,18676,GL冰箱,GL,冰箱,2200,4669,A,A企业,510100,2019,4,12
2019-12-20,成都市,B002,18,64782,MD电视,MD,电视,2000,4299,B,B企业,510100,2019,4,12
2019-12-21,成都市,B001,24,100776,MD冰箱,MD,冰箱,2500,4199,B,B企业,510100,2019,4,12
2019-12-21,厦门市,A001,18,84042,GL冰箱,GL,冰箱,2200,4669,A,A企业,350200,2019,4,12
2019-12-21,苏州市,A003,12,56028,GL洗衣机,GL,洗衣机,3200,4669,A,A企业,320500,2019,4,12
2019-12-21,上海市,B002,6,21594,MD电视,MD,电视,2000,4299,B,B企业,310000,2019,4,12
2019-12-21,重庆市,A003,15,70035,GL洗衣机,GL,洗衣机,3200,4669,A,A企业,500000,2019,4,12
2019-12-21,长沙市,A003,18,84042,GL洗衣机,GL,洗衣机,3200,4669,A,A企业,430100,2019,4,12
2019-12-21,上海市,A001,12,56028,GL冰箱,GL,冰箱,2200,4669,A,A企业,310000,2019,4,12
2019-12-21,成都市,B002,18,64782,MD电视,MD,电视,2000,4299,B,B企业,510100,2019,4,12
2019-12-21,长沙市,C001,18,64782,HE冰箱,HE,冰箱,1800,3599,C,C企业,430100,2019,4,12
2019-12-21,厦门市,C001,21,75579,HE冰箱,HE,冰箱,1800,3599,C,C企业,350200,2019,4,12
2019-12-21,上海市,B003,6,34194,MD洗衣机,MD,洗衣机,3100,5699,B,B企业,310000,2019,4,12
2019-12-21,苏州市,B003,9,51291,MD洗衣机,MD,洗衣机,3100,5699,B,B企业,320500,2019,4,12
2019-12-21,重庆市,A001,36,168084,GL冰箱,GL,冰箱,2200,4669,A,A企业,500000,2019,4,12
2019-12-21,厦门市,B003,45,256455,MD洗衣机,MD,洗衣机,3100,5699,B,B企业,350200,2019,4,12
2019-12-21,金华市,B002,78,280722,MD电视,MD,电视,2000,4299,B,B企业,330700,2019,4,12
2019-12-21,苏州市,B002,20,71980,MD电视,MD,电视,2000,4299,B,B企业,320500,2019,4,12
2019-12-21,金华市,A002,25,82475,GL电视,GL,电视,1500,3299,A,A企业,330700,2019,4,12
2019-12-21,成都市,C003,65,303485,HE洗衣机,HE,洗衣机,2600,4699,C,C企业,510100,2019,4,12
2019-12-21,重庆市,B003,63,359037,MD洗衣机,MD,洗衣机,3100,5699,B,B企业,500000,2019,4,12
2019-12-21,长沙市,B003,85,484415,MD洗衣机,MD,洗衣机,3100,5699,B,B企业,430100,2019,4,12
2019-12-21,金华市,B001,12,50388,MD冰箱,MD,冰箱,2500,4199,B,B企业,330700,2019,4,12
2019-12-21,金华市,A001,45,210105,GL冰箱,GL,冰箱,2200,4669,A,A企业,330700,2019,4,12
2019-12-21,苏州市,A001,41,191429,GL冰箱,GL,冰箱,2200,4669,A,A企业,320500,2019,4,12
2019-12-21,厦门市,B001,46,193154,MD冰箱,MD,冰箱,2500,4199,B,B企业,350200,2019,4,12
2019-12-21,长沙市,B001,36,151164,MD冰箱,MD,冰箱,2500,4199,B,B企业,430100,2019,4,12
2019-12-21,重庆市,A002,69,227631,GL电视,GL,电视,1500,3299,A,A企业,500000,2019,4,12
2019-12-21,深圳市,A002,25,82475,GL电视,GL,电视,1500,3299,A,A企业,440300,2019,4,12
2019-12-21,上海市,C001,58,208742,HE冰箱,HE,冰箱,1800,3599,C,C企业,310000,2019,4,12
2019-12-21,深圳市,A001,63,294147,GL冰箱,GL,冰箱,2200,4669,A,A企业,440300,2019,4,12
2019-12-21,重庆市,B002,36,129564,MD电视,MD,电视,2000,4299,B,B企业,500000,2019,4,12
2019-12-21,成都市,A001,6,28014,GL冰箱,GL,冰箱,2200,4669,A,A企业,510100,2019,4,12
2019-12-21,苏州市,C001,4,14396,HE冰箱,HE,冰箱,1800,3599,C,C企业,320500,2019,4,12
2019-12-21,长沙市,A001,5,23345,GL冰箱,GL,冰箱,2200,4669,A,A企业,430100,2019,4,12
2019-12-21,苏州市,B001,3,12597,MD冰箱,MD,冰箱,2500,4199,B,B企业,320500,2019,4,12
2019-12-21,重庆市,B001,2,8398,MD冰箱,MD,冰箱,2500,4199,B,B企业,500000,2019,4,12
2019-12-21,厦门市,B002,7,25193,MD电视,MD,电视,2000,4299,B,B企业,350200,2019,4,12
2019-12-21,成都市,C001,4,14396,HE冰箱,HE,冰箱,1800,3599,C,C企业,510100,2019,4,12
2019-12-21,上海市,B001,6,25194,MD冰箱,MD,冰箱,2500,4199,B,B企业,310000,2019,4,12
2019-12-21,厦门市,A002,7,23093,GL电视,GL,电视,1500,3299,A,A企业,350200,2019,4,12
2019-12-21,成都市,A002,5,16495,GL电视,GL,电视,1500,3299,A,A企业,510100,2019,4,12
2019-12-21,金华市,C001,5,17995,HE冰箱,HE,冰箱,1800,3599,C,C企业,330700,2019,4,12
2019-12-21,金华市,C003,4,18676,HE洗衣机,HE,洗衣机,2600,4699,C,C企业,330700,2019,4,12
2019-12-22,苏州市,B001,5,20995,MD冰箱,MD,冰箱,2500,4199,B,B企业,320500,2019,4,12
2019-12-22,成都市,A001,5,23345,GL冰箱,GL,冰箱,2200,4669,A,A企业,510100,2019,4,12
2019-12-22,厦门市,B001,7,29393,MD冰箱,MD,冰箱,2500,4199,B,B企业,350200,2019,4,12
2019-12-22,苏州市,A001,9,42021,GL冰箱,GL,冰箱,2200,4669,A,A企业,320500,2019,4,12
2019-12-22,重庆市,A001,5,23345,GL冰箱,GL,冰箱,2200,4669,A,A企业,500000,2019,4,12
2019-12-22,金华市,B001,5,20995,MD冰箱,MD,冰箱,2500,4199,B,B企业,330700,2019,4,12
2019-12-22,成都市,A002,6,19794,GL电视,GL,电视,1500,3299,A,A企业,510100,2019,4,12
2019-12-22,金华市,B002,2,7198,MD电视,MD,电视,2000,4299,B,B企业,330700,2019,4,12
2019-12-22,金华市,C001,4,14396,HE冰箱,HE,冰箱,1800,3599,C,C企业,330700,2019,4,12
2019-12-22,厦门市,B002,7,25193,MD电视,MD,电视,2000,4299,B,B企业,350200,2019,4,12
2019-12-22,苏州市,C001,7,25193,HE冰箱,HE,冰箱,1800,3599,C,C企业,320500,2019,4,12
2019-12-22,深圳市,A001,4,18676,GL冰箱,GL,冰箱,2200,4669,A,A企业,440300,2019,4,12
2019-12-22,厦门市,A001,4,18676,GL冰箱,GL,冰箱,2200,4669,A,A企业,350200,2019,4,12
2019-12-22,深圳市,B001,6,25194,MD冰箱,MD,冰箱,2500,4199,B,B企业,440300,2019,4,12
2019-12-22,金华市,B003,6,34194,MD洗衣机,MD,洗衣机,3100,5699,B,B企业,330700,2019,4,12
2019-12-22,成都市,B003,7,39893,MD洗衣机,MD,洗衣机,3100,5699,B,B企业,510100,2019,4,12
2019-12-22,深圳市,B003,3,17097,MD洗衣机,MD,洗衣机,3100,5699,B,B企业,440300,2019,4,12
2019-12-22,苏州市,B003,5,28495,MD洗衣机,MD,洗衣机,3100,5699,B,B企业,320500,2019,4,12
2019-12-22,厦门市,B003,7,39893,MD洗衣机,MD,洗衣机,3100,5699,B,B企业,350200,2019,4,12
2019-12-22,成都市,B002,5,17995,MD电视,MD,电视,2000,4299,B,B企业,510100,2019,4,12
2019-12-22,深圳市,B002,5,17995,MD电视,MD,电视,2000,4299,B,B企业,440300,2019,4,12
2019-12-22,厦门市,A003,6,28014,GL洗衣机,GL,洗衣机,3200,4669,A,A企业,350200,2019,4,12
2019-12-22,金华市,A001,7,32683,GL冰箱,GL,冰箱,2200,4669,A,A企业,330700,2019,4,12
2019-12-22,重庆市,A003,6,28014,GL洗衣机,GL,洗衣机,3200,4669,A,A企业,500000,2019,4,12
2019-12-22,深圳市,A003,6,28014,GL洗衣机,GL,洗衣机,3200,4669,A,A企业,440300,2019,4,12
2019-12-22,深圳市,C001,5,17995,HE冰箱,HE,冰箱,1800,3599,C,C企业,440300,2019,4,12
2019-12-22,长沙市,B001,6,25194,MD冰箱,MD,冰箱,2500,4199,B,B企业,430100,2019,4,12
2019-12-22,上海市,B001,5,20995,MD冰箱,MD,冰箱,2500,4199,B,B企业,310000,2019,4,12
2019-12-22,上海市,A001,4,18676,GL冰箱,GL,冰箱,2200,4669,A,A企业,310000,2019,4,12
2019-12-22,重庆市,B002,4,14396,MD电视,MD,电视,2000,4299,B,B企业,500000,2019,4,12
2019-12-22,成都市,C001,7,25193,HE冰箱,HE,冰箱,1800,3599,C,C企业,510100,2019,4,12
2019-12-22,长沙市,A001,2,9338,GL冰箱,GL,冰箱,2200,4669,A,A企业,430100,2019,4,12
2019-12-22,上海市,B002,6,21594,MD电视,MD,电视,2000,4299,B,B企业,310000,2019,4,12
2019-12-22,长沙市,B002,4,14396,MD电视,MD,电视,2000,4299,B,B企业,430100,2019,4,12
2019-12-22,苏州市,A003,5,23345,GL洗衣机,GL,洗衣机,3200,4669,A,A企业,320500,2019,4,12
2019-12-22,成都市,B001,6,25194,MD冰箱,MD,冰箱,2500,4199,B,B企业,510100,2019,4,12
2019-12-22,苏州市,B002,5,17995,MD电视,MD,电视,2000,4299,B,B企业,320500,2019,4,12
2019-12-22,重庆市,B001,9,37791,MD冰箱,MD,冰箱,2500,4199,B,B企业,500000,2019,4,12
2019-12-22,重庆市,A002,8,26392,GL电视,GL,电视,1500,3299,A,A企业,500000,2019,4,12
2019-12-22,深圳市,A002,7,23093,GL电视,GL,电视,1500,3299,A,A企业,440300,2019,4,12
2019-12-22,金华市,A002,5,16495,GL电视,GL,电视,1500,3299,A,A企业,330700,2019,4,12
2019-12-22,厦门市,C001,4,14396,HE冰箱,HE,冰箱,1800,3599,C,C企业,350200,2019,4,12
2019-12-23,重庆市,A001,3,14007,GL冰箱,GL,冰箱,2200,4669,A,A企业,500000,2019,4,12
2019-12-23,厦门市,A001,6,28014,GL冰箱,GL,冰箱,2200,4669,A,A企业,350200,2019,4,12
2019-12-23,长沙市,B001,7,29393,MD冰箱,MD,冰箱,2500,4199,B,B企业,430100,2019,4,12
2019-12-23,深圳市,A001,6,28014,GL冰箱,GL,冰箱,2200,4669,A,A企业,440300,2019,4,12
2019-12-23,长沙市,A002,6,19794,GL电视,GL,电视,1500,3299,A,A企业,430100,2019,4,12
2019-12-23,成都市,A001,4,18676,GL冰箱,GL,冰箱,2200,4669,A,A企业,510100,2019,4,12
2019-12-23,苏州市,B001,3,12597,MD冰箱,MD,冰箱,2500,4199,B,B企业,320500,2019,4,12
2019-12-23,成都市,B001,5,20995,MD冰箱,MD,冰箱,2500,4199,B,B企业,510100,2019,4,12
2019-12-23,苏州市,A002,4,13196,GL电视,GL,电视,1500,3299,A,A企业,320500,2019,4,12
2019-12-23,深圳市,A002,2,6598,GL电视,GL,电视,1500,3299,A,A企业,440300,2019,4,12
2019-12-23,金华市,A001,4,18676,GL冰箱,GL,冰箱,2200,4669,A,A企业,330700,2019,4,12
2019-12-23,厦门市,A002,4,13196,GL电视,GL,电视,1500,3299,A,A企业,350200,2019,4,12
2019-12-23,深圳市,B001,5,20995,MD冰箱,MD,冰箱,2500,4199,B,B企业,440300,2019,4,12
2019-12-23,厦门市,C001,3,10797,HE冰箱,HE,冰箱,1800,3599,C,C企业,350200,2019,4,12
2019-12-23,金华市,B001,2,8398,MD冰箱,MD,冰箱,2500,4199,B,B企业,330700,2019,4,12
2019-12-23,金华市,A002,2,6598,GL电视,GL,电视,1500,3299,A,A企业,330700,2019,4,12
2019-12-23,苏州市,A003,2,9338,GL洗衣机,GL,洗衣机,3200,4669,A,A企业,320500,2019,4,12
2019-12-23,厦门市,A003,2,9338,GL洗衣机,GL,洗衣机,3200,4669,A,A企业,350200,2019,4,12
2019-12-23,金华市,B002,8,28792,MD电视,MD,电视,2000,4299,B,B企业,330700,2019,4,12
2019-12-23,苏州市,B002,2,7198,MD电视,MD,电视,2000,4299,B,B企业,320500,2019,4,12
2019-12-23,重庆市,B002,8,28792,MD电视,MD,电视,2000,4299,B,B企业,500000,2019,4,12
2019-12-23,金华市,C001,5,17995,HE冰箱,HE,冰箱,1800,3599,C,C企业,330700,2019,4,12
2019-12-23,成都市,A003,2,9338,GL洗衣机,GL,洗衣机,3200,4669,A,A企业,510100,2019,4,12
2019-12-23,重庆市,A002,6,19794,GL电视,GL,电视,1500,3299,A,A企业,500000,2019,4,12
2019-12-23,厦门市,B001,4,16796,MD冰箱,MD,冰箱,2500,4199,B,B企业,350200,2019,4,12
2019-12-23,深圳市,C001,5,17995,HE冰箱,HE,冰箱,1800,3599,C,C企业,440300,2019,4,12
2019-12-23,金华市,B003,4,22796,MD洗衣机,MD,洗衣机,3100,5699,B,B企业,330700,2019,4,12
2019-12-23,成都市,C001,4,14396,HE冰箱,HE,冰箱,1800,3599,C,C企业,510100,2019,4,12
2019-12-23,厦门市,B002,2,7198,MD电视,MD,电视,2000,4299,B,B企业,350200,2019,4,12
2019-12-23,苏州市,A001,5,23345,GL冰箱,GL,冰箱,2200,4669,A,A企业,320500,2019,4,12
2019-12-23,重庆市,B001,6,25194,MD冰箱,MD,冰箱,2500,4199,B,B企业,500000,2019,4,12
2019-12-23,成都市,B002,6,21594,MD电视,MD,电视,2000,4299,B,B企业,510100,2019,4,12
2019-12-23,上海市,C001,7,25193,HE冰箱,HE,冰箱,1800,3599,C,C企业,310000,2019,4,12
2019-12-23,重庆市,C001,8,28792,HE冰箱,HE,冰箱,1800,3599,C,C企业,500000,2019,4,12
2019-12-23,长沙市,A001,2,9338,GL冰箱,GL,冰箱,2200,4669,A,A企业,430100,2019,4,12
2019-12-23,上海市,B002,7,25193,MD电视,MD,电视,2000,4299,B,B企业,310000,2019,4,12
2019-12-23,上海市,C003,4,18676,HE洗衣机,HE,洗衣机,2600,4699,C,C企业,310000,2019,4,12
2019-12-23,深圳市,B002,6,21594,MD电视,MD,电视,2000,4299,B,B企业,440300,2019,4,12
2019-12-23,上海市,B001,6,25194,MD冰箱,MD,冰箱,2500,4199,B,B企业,310000,2019,4,12
2019-12-23,上海市,A001,5,23345,GL冰箱,GL,冰箱,2200,4669,A,A企业,310000,2019,4,12
2019-12-24,成都市,A001,8,37352,GL冰箱,GL,冰箱,2200,4669,A,A企业,510100,2019,4,12
2019-12-24,上海市,A001,4,18676,GL冰箱,GL,冰箱,2200,4669,A,A企业,310000,2019,4,12
2019-12-24,苏州市,A001,4,18676,GL冰箱,GL,冰箱,2200,4669,A,A企业,320500,2019,4,12
2019-12-24,金华市,B001,8,33592,MD冰箱,MD,冰箱,2500,4199,B,B企业,330700,2019,4,12
2019-12-24,厦门市,A001,2,9338,GL冰箱,GL,冰箱,2200,4669,A,A企业,350200,2019,4,12
2019-12-24,成都市,B002,5,17995,MD电视,MD,电视,2000,4299,B,B企业,510100,2019,4,12
2019-12-24,重庆市,A001,3,14007,GL冰箱,GL,冰箱,2200,4669,A,A企业,500000,2019,4,12
2019-12-24,金华市,B002,4,14396,MD电视,MD,电视,2000,4299,B,B企业,330700,2019,4,12
2019-12-24,金华市,C001,7,25193,HE冰箱,HE,冰箱,1800,3599,C,C企业,330700,2019,4,12
2019-12-24,长沙市,B001,3,12597,MD冰箱,MD,冰箱,2500,4199,B,B企业,430100,2019,4,12
2019-12-24,上海市,B002,5,17995,MD电视,MD,电视,2000,4299,B,B企业,310000,2019,4,12
2019-12-24,金华市,A001,4,18676,GL冰箱,GL,冰箱,2200,4669,A,A企业,330700,2019,4,12
2019-12-24,厦门市,B001,3,12597,MD冰箱,MD,冰箱,2500,4199,B,B企业,350200,2019,4,12
2019-12-24,苏州市,B002,3,10797,MD电视,MD,电视,2000,4299,B,B企业,320500,2019,4,12
2019-12-24,深圳市,B002,2,7198,MD电视,MD,电视,2000,4299,B,B企业,440300,2019,4,12
2019-12-24,长沙市,A001,4,18676,GL冰箱,GL,冰箱,2200,4669,A,A企业,430100,2019,4,12
2019-12-24,深圳市,A001,8,37352,GL冰箱,GL,冰箱,2200,4669,A,A企业,440300,2019,4,12
2019-12-24,厦门市,B002,4,14396,MD电视,MD,电视,2000,4299,B,B企业,350200,2019,4,12
2019-12-24,苏州市,B001,3,12597,MD冰箱,MD,冰箱,2500,4199,B,B企业,320500,2019,4,12
2019-12-24,苏州市,C001,6,21594,HE冰箱,HE,冰箱,1800,3599,C,C企业,320500,2019,4,12
2019-12-24,金华市,A002,4,13196,GL电视,GL,电视,1500,3299,A,A企业,330700,2019,4,12
2019-12-24,重庆市,B001,4,16796,MD冰箱,MD,冰箱,2500,4199,B,B企业,500000,2019,4,12
2019-12-24,深圳市,C001,4,14396,HE冰箱,HE,冰箱,1800,3599,C,C企业,440300,2019,4,12
2019-12-24,成都市,B001,6,25194,MD冰箱,MD,冰箱,2500,4199,B,B企业,510100,2019,4,12
2019-12-24,厦门市,A002,6,19794,GL电视,GL,电视,1500,3299,A,A企业,350200,2019,4,12
2019-12-24,苏州市,B003,6,34194,MD洗衣机,MD,洗衣机,3100,5699,B,B企业,320500,2019,4,12
2019-12-24,重庆市,B003,5,28495,MD洗衣机,MD,洗衣机,3100,5699,B,B企业,500000,2019,4,12
2019-12-24,长沙市,B003,5,28495,MD洗衣机,MD,洗衣机,3100,5699,B,B企业,430100,2019,4,12
2019-12-24,深圳市,A002,8,26392,GL电视,GL,电视,1500,3299,A,A企业,440300,2019,4,12
2019-12-24,金华市,B003,6,34194,MD洗衣机,MD,洗衣机,3100,5699,B,B企业,330700,2019,4,12
2019-12-24,重庆市,C001,3,10797,HE冰箱,HE,冰箱,1800,3599,C,C企业,500000,2019,4,12
2019-12-24,成都市,C001,6,21594,HE冰箱,HE,冰箱,1800,3599,C,C企业,510100,2019,4,12
2019-12-24,成都市,B003,7,39893,MD洗衣机,MD,洗衣机,3100,5699,B,B企业,510100,2019,4,12
2019-12-24,苏州市,A002,5,16495,GL电视,GL,电视,1500,3299,A,A企业,320500,2019,4,12
2019-12-24,厦门市,A003,4,18676,GL洗衣机,GL,洗衣机,3200,4669,A,A企业,350200,2019,4,12
2019-12-24,成都市,A002,4,13196,GL电视,GL,电视,1500,3299,A,A企业,510100,2019,4,12
2019-12-24,金华市,A003,4,18676,GL洗衣机,GL,洗衣机,3200,4669,A,A企业,330700,2019,4,12
2019-12-24,苏州市,A003,4,18676,GL洗衣机,GL,洗衣机,3200,4669,A,A企业,320500,2019,4,12
2019-12-24,成都市,A003,3,14007,GL洗衣机,GL,洗衣机,3200,4669,A,A企业,510100,2019,4,12
2019-12-24,深圳市,B001,4,16796,MD冰箱,MD,冰箱,2500,4199,B,B企业,440300,2019,4,12
2019-12-24,重庆市,A002,7,23093,GL电视,GL,电视,1500,3299,A,A企业,500000,2019,4,12
2019-12-25,厦门市,C001,6,21594,HE冰箱,HE,冰箱,1800,3599,C,C企业,350200,2019,4,12
2019-12-25,厦门市,A001,6,28014,GL冰箱,GL,冰箱,2200,4669,A,A企业,350200,2019,4,12
2019-12-25,厦门市,B002,7,25193,MD电视,MD,电视,2000,4299,B,B企业,350200,2019,4,12
2019-12-25,金华市,C001,5,17995,HE冰箱,HE,冰箱,1800,3599,C,C企业,330700,2019,4,12
2019-12-25,成都市,B001,5,20995,MD冰箱,MD,冰箱,2500,4199,B,B企业,510100,2019,4,12
2019-12-25,金华市,B001,3,12597,MD冰箱,MD,冰箱,2500,4199,B,B企业,330700,2019,4,12
2019-12-25,重庆市,A001,8,37352,GL冰箱,GL,冰箱,2200,4669,A,A企业,500000,2019,4,12
2019-12-25,厦门市,C002,9,37791,HE电视,HE,电视,2200,4199,C,C企业,350200,2019,4,12
2019-12-25,厦门市,B001,6,25194,MD冰箱,MD,冰箱,2500,4199,B,B企业,350200,2019,4,12
2019-12-25,深圳市,C002,5,20995,HE电视,HE,电视,2200,4199,C,C企业,440300,2019,4,12
2019-12-25,深圳市,C001,6,21594,HE冰箱,HE,冰箱,1800,3599,C,C企业,440300,2019,4,12
2019-12-25,重庆市,B001,5,20995,MD冰箱,MD,冰箱,2500,4199,B,B企业,500000,2019,4,12
2019-12-25,深圳市,B002,3,10797,MD电视,MD,电视,2000,4299,B,B企业,440300,2019,4,12
2019-12-25,成都市,C001,5,17995,HE冰箱,HE,冰箱,1800,3599,C,C企业,510100,2019,4,12
2019-12-25,成都市,A001,6,28014,GL冰箱,GL,冰箱,2200,4669,A,A企业,510100,2019,4,12
2019-12-25,深圳市,A001,5,23345,GL冰箱,GL,冰箱,2200,4669,A,A企业,440300,2019,4,12
2019-12-25,重庆市,B002,3,10797,MD电视,MD,电视,2000,4299,B,B企业,500000,2019,4,12
2019-12-25,金华市,B002,2,7198,MD电视,MD,电视,2000,4299,B,B企业,330700,2019,4,12
2019-12-25,金华市,A001,2,9338,GL冰箱,GL,冰箱,2200,4669,A,A企业,330700,2019,4,12
2019-12-25,重庆市,C002,5,20995,HE电视,HE,电视,2200,4199,C,C企业,500000,2019,4,12
2019-12-25,苏州市,B002,6,21594,MD电视,MD,电视,2000,4299,B,B企业,320500,2019,4,12
2019-12-25,深圳市,B001,3,12597,MD冰箱,MD,冰箱,2500,4199,B,B企业,440300,2019,4,12
2019-12-25,苏州市,B001,5,20995,MD冰箱,MD,冰箱,2500,4199,B,B企业,320500,2019,4,12
2019-12-25,成都市,C002,9,37791,HE电视,HE,电视,2200,4199,C,C企业,510100,2019,4,12
2019-12-25,苏州市,A002,7,23093,GL电视,GL,电视,1500,3299,A,A企业,320500,2019,4,12
2019-12-25,长沙市,A001,3,14007,GL冰箱,GL,冰箱,2200,4669,A,A企业,430100,2019,4,12
2019-12-25,长沙市,B001,5,20995,MD冰箱,MD,冰箱,2500,4199,B,B企业,430100,2019,4,12
2019-12-25,厦门市,A002,2,6598,GL电视,GL,电视,1500,3299,A,A企业,350200,2019,4,12
2019-12-25,长沙市,C001,4,14396,HE冰箱,HE,冰箱,1800,3599,C,C企业,430100,2019,4,12
2019-12-25,上海市,B001,8,33592,MD冰箱,MD,冰箱,2500,4199,B,B企业,310000,2019,4,12
2019-12-25,重庆市,C001,5,17995,HE冰箱,HE,冰箱,1800,3599,C,C企业,500000,2019,4,12
2019-12-25,苏州市,A001,6,28014,GL冰箱,GL,冰箱,2200,4669,A,A企业,320500,2019,4,12
2019-12-25,深圳市,A002,3,9897,GL电视,GL,电视,1500,3299,A,A企业,440300,2019,4,12
2019-12-25,上海市,A001,6,28014,GL冰箱,GL,冰箱,2200,4669,A,A企业,310000,2019,4,12
2019-12-25,成都市,A002,3,9897,GL电视,GL,电视,1500,3299,A,A企业,510100,2019,4,12
2019-12-25,重庆市,A002,6,19794,GL电视,GL,电视,1500,3299,A,A企业,500000,2019,4,12
2019-12-25,长沙市,A003,2,9338,GL洗衣机,GL,洗衣机,3200,4669,A,A企业,430100,2019,4,12
2019-12-25,上海市,C002,2,8398,HE电视,HE,电视,2200,4199,C,C企业,310000,2019,4,12
2019-12-25,金华市,A003,6,28014,GL洗衣机,GL,洗衣机,3200,4669,A,A企业,330700,2019,4,12
2019-12-25,上海市,B003,6,34194,MD洗衣机,MD,洗衣机,3100,5699,B,B企业,310000,2019,4,12
2019-12-25,苏州市,C001,4,14396,HE冰箱,HE,冰箱,1800,3599,C,C企业,320500,2019,4,12
2019-12-25,长沙市,A002,4,13196,GL电视,GL,电视,1500,3299,A,A企业,430100,2019,4,12
2019-12-26,重庆市,A001,2,9338,GL冰箱,GL,冰箱,2200,4669,A,A企业,500000,2019,4,12
2019-12-26,上海市,A001,5,23345,GL冰箱,GL,冰箱,2200,4669,A,A企业,310000,2019,4,12
2019-12-26,长沙市,A001,5,23345,GL冰箱,GL,冰箱,2200,4669,A,A企业,430100,2019,4,12
2019-12-26,厦门市,C002,4,16796,HE电视,HE,电视,2200,4199,C,C企业,350200,2019,4,12
2019-12-26,金华市,A001,4,18676,GL冰箱,GL,冰箱,2200,4669,A,A企业,330700,2019,4,12
2019-12-26,上海市,B002,6,21594,MD电视,MD,电视,2000,4299,B,B企业,310000,2019,4,12
2019-12-26,深圳市,A001,6,28014,GL冰箱,GL,冰箱,2200,4669,A,A企业,440300,2019,4,12
2019-12-26,金华市,C001,4,14396,HE冰箱,HE,冰箱,1800,3599,C,C企业,330700,2019,4,12
2019-12-26,上海市,C002,7,29393,HE电视,HE,电视,2200,4199,C,C企业,310000,2019,4,12
2019-12-26,上海市,C001,5,17995,HE冰箱,HE,冰箱,1800,3599,C,C企业,310000,2019,4,12
2019-12-26,深圳市,C001,4,14396,HE冰箱,HE,冰箱,1800,3599,C,C企业,440300,2019,4,12
2019-12-26,金华市,B002,6,21594,MD电视,MD,电视,2000,4299,B,B企业,330700,2019,4,12
2019-12-26,成都市,A001,8,37352,GL冰箱,GL,冰箱,2200,4669,A,A企业,510100,2019,4,12
2019-12-26,金华市,C002,7,29393,HE电视,HE,电视,2200,4199,C,C企业,330700,2019,4,12
2019-12-26,厦门市,A001,5,23345,GL冰箱,GL,冰箱,2200,4669,A,A企业,350200,2019,4,12
2019-12-26,苏州市,C002,2,8398,HE电视,HE,电视,2200,4199,C,C企业,320500,2019,4,12
2019-12-26,重庆市,B003,4,22796,MD洗衣机,MD,洗衣机,3100,5699,B,B企业,500000,2019,4,12
2019-12-26,深圳市,B002,7,25193,MD电视,MD,电视,2000,4299,B,B企业,440300,2019,4,12
2019-12-26,金华市,B001,4,16796,MD冰箱,MD,冰箱,2500,4199,B,B企业,330700,2019,4,12
2019-12-26,厦门市,B002,3,10797,MD电视,MD,电视,2000,4299,B,B企业,350200,2019,4,12
2019-12-26,苏州市,A001,9,42021,GL冰箱,GL,冰箱,2200,4669,A,A企业,320500,2019,4,12
2019-12-26,深圳市,B003,6,34194,MD洗衣机,MD,洗衣机,3100,5699,B,B企业,440300,2019,4,12
2019-12-26,苏州市,B002,6,21594,MD电视,MD,电视,2000,4299,B,B企业,320500,2019,4,12
2019-12-26,重庆市,C002,5,20995,HE电视,HE,电视,2200,4199,C,C企业,500000,2019,4,12
2019-12-26,金华市,B003,4,22796,MD洗衣机,MD,洗衣机,3100,5699,B,B企业,330700,2019,4,12
2019-12-26,苏州市,B003,5,28495,MD洗衣机,MD,洗衣机,3100,5699,B,B企业,320500,2019,4,12
2019-12-26,苏州市,A003,5,23345,GL洗衣机,GL,洗衣机,3200,4669,A,A企业,320500,2019,4,12
2019-12-26,深圳市,A003,3,14007,GL洗衣机,GL,洗衣机,3200,4669,A,A企业,440300,2019,4,12
2019-12-26,金华市,A003,9,42021,GL洗衣机,GL,洗衣机,3200,4669,A,A企业,330700,2019,4,12
2019-12-26,重庆市,B002,8,28792,MD电视,MD,电视,2000,4299,B,B企业,500000,2019,4,12
2019-12-26,长沙市,B001,5,20995,MD冰箱,MD,冰箱,2500,4199,B,B企业,430100,2019,4,12
2019-12-26,成都市,C001,7,25193,HE冰箱,HE,冰箱,1800,3599,C,C企业,510100,2019,4,12
2019-12-26,厦门市,B001,2,8398,MD冰箱,MD,冰箱,2500,4199,B,B企业,350200,2019,4,12
2019-12-26,长沙市,C001,6,21594,HE冰箱,HE,冰箱,1800,3599,C,C企业,430100,2019,4,12
2019-12-26,重庆市,B001,2,8398,MD冰箱,MD,冰箱,2500,4199,B,B企业,500000,2019,4,12
2019-12-26,苏州市,A002,4,13196,GL电视,GL,电视,1500,3299,A,A企业,320500,2019,4,12
2019-12-26,深圳市,A002,5,16495,GL电视,GL,电视,1500,3299,A,A企业,440300,2019,4,12
2019-12-26,深圳市,B001,9,37791,MD冰箱,MD,冰箱,2500,4199,B,B企业,440300,2019,4,12
2019-12-26,重庆市,A003,8,37352,GL洗衣机,GL,洗衣机,3200,4669,A,A企业,500000,2019,4,12
2019-12-26,成都市,B001,8,33592,MD冰箱,MD,冰箱,2500,4199,B,B企业,510100,2019,4,12
2019-12-26,深圳市,C002,4,16796,HE电视,HE,电视,2200,4199,C,C企业,440300,2019,4,12
2019-12-26,重庆市,A002,2,6598,GL电视,GL,电视,1500,3299,A,A企业,500000,2019,4,12
2019-12-26,金华市,A002,5,16495,GL电视,GL,电视,1500,3299,A,A企业,330700,2019,4,12
2019-12-26,厦门市,A002,5,16495,GL电视,GL,电视,1500,3299,A,A企业,350200,2019,4,12
2019-12-26,苏州市,B001,8,33592,MD冰箱,MD,冰箱,2500,4199,B,B企业,320500,2019,4,12
2019-12-26,苏州市,C001,4,14396,HE冰箱,HE,冰箱,1800,3599,C,C企业,320500,2019,4,12
2019-12-26,长沙市,B002,4,14396,MD电视,MD,电视,2000,4299,B,B企业,430100,2019,4,12
2019-12-26,苏州市,C003,6,28014,HE洗衣机,HE,洗衣机,2600,4699,C,C企业,320500,2019,4,12
2019-12-26,厦门市,C001,5,17995,HE冰箱,HE,冰箱,1800,3599,C,C企业,350200,2019,4,12
2019-12-27,重庆市,A003,6,28014,GL洗衣机,GL,洗衣机,3200,4669,A,A企业,500000,2019,4,12
2019-12-27,成都市,A001,5,23345,GL冰箱,GL,冰箱,2200,4669,A,A企业,510100,2019,4,12
2019-12-27,重庆市,A001,4,18676,GL冰箱,GL,冰箱,2200,4669,A,A企业,500000,2019,4,12
2019-12-27,厦门市,A001,6,28014,GL冰箱,GL,冰箱,2200,4669,A,A企业,350200,2019,4,12
2019-12-27,重庆市,C001,5,17995,HE冰箱,HE,冰箱,1800,3599,C,C企业,500000,2019,4,12
2019-12-27,深圳市,B002,5,17995,MD电视,MD,电视,2000,4299,B,B企业,440300,2019,4,12
2019-12-27,成都市,C001,6,21594,HE冰箱,HE,冰箱,1800,3599,C,C企业,510100,2019,4,12
2019-12-27,苏州市,A001,4,18676,GL冰箱,GL,冰箱,2200,4669,A,A企业,320500,2019,4,12
2019-12-27,苏州市,C002,2,8398,HE电视,HE,电视,2200,4199,C,C企业,320500,2019,4,12
2019-12-27,苏州市,C001,9,32391,HE冰箱,HE,冰箱,1800,3599,C,C企业,320500,2019,4,12
2019-12-27,深圳市,B001,4,16796,MD冰箱,MD,冰箱,2500,4199,B,B企业,440300,2019,4,12
2019-12-27,成都市,B001,6,25194,MD冰箱,MD,冰箱,2500,4199,B,B企业,510100,2019,4,12
2019-12-27,金华市,C002,9,37791,HE电视,HE,电视,2200,4199,C,C企业,330700,2019,4,12
2019-12-27,苏州市,B002,5,17995,MD电视,MD,电视,2000,4299,B,B企业,320500,2019,4,12
2019-12-27,长沙市,B001,3,12597,MD冰箱,MD,冰箱,2500,4199,B,B企业,430100,2019,4,12
2019-12-27,金华市,A001,5,23345,GL冰箱,GL,冰箱,2200,4669,A,A企业,330700,2019,4,12
2019-12-27,厦门市,C002,4,16796,HE电视,HE,电视,2200,4199,C,C企业,350200,2019,4,12
2019-12-27,成都市,C002,4,16796,HE电视,HE,电视,2200,4199,C,C企业,510100,2019,4,12
2019-12-27,厦门市,B002,3,10797,MD电视,MD,电视,2000,4299,B,B企业,350200,2019,4,12
2019-12-27,金华市,B001,3,12597,MD冰箱,MD,冰箱,2500,4199,B,B企业,330700,2019,4,12
2019-12-27,重庆市,B001,5,20995,MD冰箱,MD,冰箱,2500,4199,B,B企业,500000,2019,4,12
2019-12-27,金华市,B002,5,17995,MD电视,MD,电视,2000,4299,B,B企业,330700,2019,4,12
2019-12-27,上海市,B002,6,21594,MD电视,MD,电视,2000,4299,B,B企业,310000,2019,4,12
2019-12-27,厦门市,B001,8,33592,MD冰箱,MD,冰箱,2500,4199,B,B企业,350200,2019,4,12
2019-12-27,金华市,A003,6,28014,GL洗衣机,GL,洗衣机,3200,4669,A,A企业,330700,2019,4,12
2019-12-27,重庆市,A002,5,16495,GL电视,GL,电视,1500,3299,A,A企业,500000,2019,4,12
2019-12-27,上海市,B001,7,29393,MD冰箱,MD,冰箱,2500,4199,B,B企业,310000,2019,4,12
2019-12-27,苏州市,A002,3,9897,GL电视,GL,电视,1500,3299,A,A企业,320500,2019,4,12
2019-12-27,上海市,C002,7,29393,HE电视,HE,电视,2200,4199,C,C企业,310000,2019,4,12
2019-12-27,金华市,A002,3,9897,GL电视,GL,电视,1500,3299,A,A企业,330700,2019,4,12
2019-12-27,上海市,A001,4,18676,GL冰箱,GL,冰箱,2200,4669,A,A企业,310000,2019,4,12
2019-12-27,深圳市,A002,3,9897,GL电视,GL,电视,1500,3299,A,A企业,440300,2019,4,12
2019-12-27,上海市,C001,5,17995,HE冰箱,HE,冰箱,1800,3599,C,C企业,310000,2019,4,12
2019-12-27,深圳市,A001,4,18676,GL冰箱,GL,冰箱,2200,4669,A,A企业,440300,2019,4,12
2019-12-27,上海市,A002,5,16495,GL电视,GL,电视,1500,3299,A,A企业,310000,2019,4,12
2019-12-27,金华市,C001,3,10797,HE冰箱,HE,冰箱,1800,3599,C,C企业,330700,2019,4,12
2019-12-27,苏州市,B001,2,8398,MD冰箱,MD,冰箱,2500,4199,B,B企业,320500,2019,4,12
2019-12-27,长沙市,C001,2,7198,HE冰箱,HE,冰箱,1800,3599,C,C企业,430100,2019,4,12
2019-12-27,长沙市,B002,3,10797,MD电视,MD,电视,2000,4299,B,B企业,430100,2019,4,12
2019-12-28,重庆市,A001,5,23345,GL冰箱,GL,冰箱,2200,4669,A,A企业,500000,2019,4,12
2019-12-28,重庆市,C002,2,8398,HE电视,HE,电视,2200,4199,C,C企业,500000,2019,4,12
2019-12-28,成都市,A001,3,14007,GL冰箱,GL,冰箱,2200,4669,A,A企业,510100,2019,4,12
2019-12-28,长沙市,C002,6,25194,HE电视,HE,电视,2200,4199,C,C企业,430100,2019,4,12
2019-12-28,重庆市,B001,6,25194,MD冰箱,MD,冰箱,2500,4199,B,B企业,500000,2019,4,12
2019-12-28,重庆市,B002,4,14396,MD电视,MD,电视,2000,4299,B,B企业,500000,2019,4,12
2019-12-28,成都市,C002,7,29393,HE电视,HE,电视,2200,4199,C,C企业,510100,2019,4,12
2019-12-28,苏州市,C002,5,20995,HE电视,HE,电视,2200,4199,C,C企业,320500,2019,4,12
2019-12-28,上海市,C002,3,12597,HE电视,HE,电视,2200,4199,C,C企业,310000,2019,4,12
2019-12-28,苏州市,B001,7,29393,MD冰箱,MD,冰箱,2500,4199,B,B企业,320500,2019,4,12
2019-12-28,上海市,A003,5,23345,GL洗衣机,GL,洗衣机,3200,4669,A,A企业,310000,2019,4,12
2019-12-28,上海市,B001,6,25194,MD冰箱,MD,冰箱,2500,4199,B,B企业,310000,2019,4,12
2019-12-28,金华市,B001,4,16796,MD冰箱,MD,冰箱,2500,4199,B,B企业,330700,2019,4,12
2019-12-28,长沙市,A001,4,18676,GL冰箱,GL,冰箱,2200,4669,A,A企业,430100,2019,4,12
2019-12-28,深圳市,C001,5,17995,HE冰箱,HE,冰箱,1800,3599,C,C企业,440300,2019,4,12
2019-12-28,金华市,A001,3,14007,GL冰箱,GL,冰箱,2200,4669,A,A企业,330700,2019,4,12
2019-12-28,厦门市,B001,5,20995,MD冰箱,MD,冰箱,2500,4199,B,B企业,350200,2019,4,12
2019-12-28,上海市,A001,9,42021,GL冰箱,GL,冰箱,2200,4669,A,A企业,310000,2019,4,12
2019-12-28,长沙市,B001,3,12597,MD冰箱,MD,冰箱,2500,4199,B,B企业,430100,2019,4,12
2019-12-28,苏州市,A001,2,9338,GL冰箱,GL,冰箱,2200,4669,A,A企业,320500,2019,4,12
2019-12-28,深圳市,B001,5,20995,MD冰箱,MD,冰箱,2500,4199,B,B企业,440300,2019,4,12
2019-12-28,成都市,B002,5,17995,MD电视,MD,电视,2000,4299,B,B企业,510100,2019,4,12
2019-12-28,厦门市,C001,5,17995,HE冰箱,HE,冰箱,1800,3599,C,C企业,350200,2019,4,12
2019-12-28,长沙市,A003,6,28014,GL洗衣机,GL,洗衣机,3200,4669,A,A企业,430100,2019,4,12
2019-12-28,上海市,C001,2,7198,HE冰箱,HE,冰箱,1800,3599,C,C企业,310000,2019,4,12
2019-12-28,厦门市,A001,3,14007,GL冰箱,GL,冰箱,2200,4669,A,A企业,350200,2019,4,12
2019-12-28,金华市,B002,4,14396,MD电视,MD,电视,2000,4299,B,B企业,330700,2019,4,12
2019-12-28,苏州市,C001,2,7198,HE冰箱,HE,冰箱,1800,3599,C,C企业,320500,2019,4,12
2019-12-28,上海市,B002,5,17995,MD电视,MD,电视,2000,4299,B,B企业,310000,2019,4,12
2019-12-28,厦门市,C002,5,20995,HE电视,HE,电视,2200,4199,C,C企业,350200,2019,4,12
2019-12-28,深圳市,A001,6,28014,GL冰箱,GL,冰箱,2200,4669,A,A企业,440300,2019,4,12
2019-12-28,重庆市,C001,5,17995,HE冰箱,HE,冰箱,1800,3599,C,C企业,500000,2019,4,12
2019-12-28,苏州市,B002,5,17995,MD电视,MD,电视,2000,4299,B,B企业,320500,2019,4,12
2019-12-28,成都市,B001,4,16796,MD冰箱,MD,冰箱,2500,4199,B,B企业,510100,2019,4,12
2019-12-28,金华市,C001,2,7198,HE冰箱,HE,冰箱,1800,3599,C,C企业,330700,2019,4,12
2019-12-28,厦门市,B003,3,17097,MD洗衣机,MD,洗衣机,3100,5699,B,B企业,350200,2019,4,12
2019-12-29,厦门市,B002,4,14396,MD电视,MD,电视,2000,4299,B,B企业,350200,2019,4,12
2019-12-29,深圳市,B001,7,29393,MD冰箱,MD,冰箱,2500,4199,B,B企业,440300,2019,4,12
2019-12-29,成都市,A001,3,14007,GL冰箱,GL,冰箱,2200,4669,A,A企业,510100,2019,4,12
2019-12-29,成都市,C002,6,25194,HE电视,HE,电视,2200,4199,C,C企业,510100,2019,4,12
2019-12-29,长沙市,A001,5,23345,GL冰箱,GL,冰箱,2200,4669,A,A企业,430100,2019,4,12
2019-12-29,上海市,A001,3,14007,GL冰箱,GL,冰箱,2200,4669,A,A企业,310000,2019,4,12
2019-12-29,金华市,A001,4,18676,GL冰箱,GL,冰箱,2200,4669,A,A企业,330700,2019,4,12
2019-12-29,长沙市,A002,4,13196,GL电视,GL,电视,1500,3299,A,A企业,430100,2019,4,12
2019-12-29,苏州市,A001,3,14007,GL冰箱,GL,冰箱,2200,4669,A,A企业,320500,2019,4,12
2019-12-29,重庆市,A001,2,9338,GL冰箱,GL,冰箱,2200,4669,A,A企业,500000,2019,4,12
2019-12-29,厦门市,A001,4,18676,GL冰箱,GL,冰箱,2200,4669,A,A企业,350200,2019,4,12
2019-12-29,厦门市,C001,2,7198,HE冰箱,HE,冰箱,1800,3599,C,C企业,350200,2019,4,12
2019-12-29,厦门市,C002,6,25194,HE电视,HE,电视,2200,4199,C,C企业,350200,2019,4,12
2019-12-29,苏州市,A002,2,6598,GL电视,GL,电视,1500,3299,A,A企业,320500,2019,4,12
2019-12-29,成都市,A002,3,9897,GL电视,GL,电视,1500,3299,A,A企业,510100,2019,4,12
2019-12-29,长沙市,C002,6,25194,HE电视,HE,电视,2200,4199,C,C企业,430100,2019,4,12
2019-12-29,重庆市,C002,3,12597,HE电视,HE,电视,2200,4199,C,C企业,500000,2019,4,12
2019-12-29,金华市,A002,5,16495,GL电视,GL,电视,1500,3299,A,A企业,330700,2019,4,12
2019-12-29,上海市,B001,5,20995,MD冰箱,MD,冰箱,2500,4199,B,B企业,310000,2019,4,12
2019-12-29,金华市,B001,8,33592,MD冰箱,MD,冰箱,2500,4199,B,B企业,330700,2019,4,12
2019-12-29,成都市,B001,6,25194,MD冰箱,MD,冰箱,2500,4199,B,B企业,510100,2019,4,12
2019-12-29,深圳市,C002,6,25194,HE电视,HE,电视,2200,4199,C,C企业,440300,2019,4,12
2019-12-29,苏州市,B001,5,20995,MD冰箱,MD,冰箱,2500,4199,B,B企业,320500,2019,4,12
2019-12-29,深圳市,A001,5,23345,GL冰箱,GL,冰箱,2200,4669,A,A企业,440300,2019,4,12
2019-12-29,金华市,C001,6,21594,HE冰箱,HE,冰箱,1800,3599,C,C企业,330700,2019,4,12
2019-12-29,重庆市,A002,5,16495,GL电视,GL,电视,1500,3299,A,A企业,500000,2019,4,12
2019-12-29,长沙市,B001,2,8398,MD冰箱,MD,冰箱,2500,4199,B,B企业,430100,2019,4,12
2019-12-29,苏州市,C003,4,18676,HE洗衣机,HE,洗衣机,2600,4699,C,C企业,320500,2019,4,12
2019-12-29,重庆市,B001,6,25194,MD冰箱,MD,冰箱,2500,4199,B,B企业,500000,2019,4,12
2019-12-29,上海市,C001,3,10797,HE冰箱,HE,冰箱,1800,3599,C,C企业,310000,2019,4,12
2019-12-29,上海市,C002,3,12597,HE电视,HE,电视,2200,4199,C,C企业,310000,2019,4,12
2019-12-29,长沙市,C001,6,21594,HE冰箱,HE,冰箱,1800,3599,C,C企业,430100,2019,4,12
2019-12-29,厦门市,B001,8,33592,MD冰箱,MD,冰箱,2500,4199,B,B企业,350200,2019,4,12
2019-12-29,苏州市,C001,8,28792,HE冰箱,HE,冰箱,1800,3599,C,C企业,320500,2019,4,12
2019-12-30,厦门市,C002,6,25194,HE电视,HE,电视,2200,4199,C,C企业,350200,2019,4,12
2019-12-30,苏州市,A002,6,19794,GL电视,GL,电视,1500,3299,A,A企业,320500,2019,4,12
2019-12-30,深圳市,A001,4,18676,GL冰箱,GL,冰箱,2200,4669,A,A企业,440300,2019,4,12
2019-12-30,上海市,A002,4,13196,GL电视,GL,电视,1500,3299,A,A企业,310000,2019,4,12
2019-12-30,上海市,A001,6,28014,GL冰箱,GL,冰箱,2200,4669,A,A企业,310000,2019,4,12
2019-12-30,金华市,A001,5,23345,GL冰箱,GL,冰箱,2200,4669,A,A企业,330700,2019,4,12
2019-12-30,深圳市,C001,3,10797,HE冰箱,HE,冰箱,1800,3599,C,C企业,440300,2019,4,12
2019-12-30,长沙市,A001,5,23345,GL冰箱,GL,冰箱,2200,4669,A,A企业,430100,2019,4,12
2019-12-30,苏州市,A001,2,9338,GL冰箱,GL,冰箱,2200,4669,A,A企业,320500,2019,4,12
2019-12-30,成都市,A001,3,14007,GL冰箱,GL,冰箱,2200,4669,A,A企业,510100,2019,4,12
2019-12-30,厦门市,A001,6,28014,GL冰箱,GL,冰箱,2200,4669,A,A企业,350200,2019,4,12
2019-12-30,金华市,C001,2,7198,HE冰箱,HE,冰箱,1800,3599,C,C企业,330700,2019,4,12
2019-12-30,长沙市,A002,2,6598,GL电视,GL,电视,1500,3299,A,A企业,430100,2019,4,12
2019-12-30,厦门市,A002,3,9897,GL电视,GL,电视,1500,3299,A,A企业,350200,2019,4,12
2019-12-30,苏州市,B002,3,10797,MD电视,MD,电视,2000,4299,B,B企业,320500,2019,4,12
2019-12-30,厦门市,A003,3,14007,GL洗衣机,GL,洗衣机,3200,4669,A,A企业,350200,2019,4,12
2019-12-30,苏州市,C002,4,16796,HE电视,HE,电视,2200,4199,C,C企业,320500,2019,4,12
2019-12-30,重庆市,A001,5,23345,GL冰箱,GL,冰箱,2200,4669,A,A企业,500000,2019,4,12
2019-12-30,成都市,B001,3,12597,MD冰箱,MD,冰箱,2500,4199,B,B企业,510100,2019,4,12
2019-12-30,深圳市,B002,3,10797,MD电视,MD,电视,2000,4299,B,B企业,440300,2019,4,12
2019-12-30,金华市,C002,2,8398,HE电视,HE,电视,2200,4199,C,C企业,330700,2019,4,12
2019-12-30,金华市,A002,7,23093,GL电视,GL,电视,1500,3299,A,A企业,330700,2019,4,12
2019-12-30,金华市,B001,2,8398,MD冰箱,MD,冰箱,2500,4199,B,B企业,330700,2019,4,12
2019-12-30,成都市,A002,5,16495,GL电视,GL,电视,1500,3299,A,A企业,510100,2019,4,12
2019-12-30,苏州市,C001,2,7198,HE冰箱,HE,冰箱,1800,3599,C,C企业,320500,2019,4,12
2019-12-30,金华市,B002,5,17995,MD电视,MD,电视,2000,4299,B,B企业,330700,2019,4,12
2019-12-30,苏州市,C003,3,14007,HE洗衣机,HE,洗衣机,2600,4699,C,C企业,320500,2019,4,12
2019-12-30,深圳市,B001,4,16796,MD冰箱,MD,冰箱,2500,4199,B,B企业,440300,2019,4,12
2019-12-30,重庆市,C001,6,21594,HE冰箱,HE,冰箱,1800,3599,C,C企业,500000,2019,4,12
2019-12-30,上海市,C002,4,16796,HE电视,HE,电视,2200,4199,C,C企业,310000,2019,4,12
2019-12-30,长沙市,B003,4,22796,MD洗衣机,MD,洗衣机,3100,5699,B,B企业,430100,2019,4,12
2019-12-30,苏州市,B003,4,22796,MD洗衣机,MD,洗衣机,3100,5699,B,B企业,320500,2019,4,12
2019-12-30,成都市,B002,6,21594,MD电视,MD,电视,2000,4299,B,B企业,510100,2019,4,12
2019-12-30,重庆市,B002,6,21594,MD电视,MD,电视,2000,4299,B,B企业,500000,2019,4,12
